state,market,crop,month,year,cost_per_quintal,price_per_quintal,season,profit,crop_avg_price,market_avg_price,season_avg_price,month_avg_price
Maharashtra,Bhusaval,Potato,10,2024,2500,2800,Kharif,300,2183.5218855218855,2348.8,3044.2994875080076,3462.48231511254
Maharashtra,Kamthi,Onion,3,2024,1500,2500,Rabi,1000,2678.6716114019778,3486.904761904762,2626.972396486826,1861.5330739299611
Maharashtra,Junnar(Otur),Potato,5,2025,500,1920,Zaid,1420,2183.5218855218855,2554.5283018867926,1915.1666666666667,1988.592672413793
Maharashtra,Shrirampur,Onion,6,2023,200,1450,Kharif,1250,2678.6716114019778,2334.11,3044.2994875080076,2308.1819620253164
Maharashtra,Phaltan,Wheat,6,2023,2350,3200,Kharif,850,2816.3259195893925,5066.785714285715,3044.2994875080076,2308.1819620253164
Maharashtra,Shirpur,Wheat,11,2023,2400,2800,Rabi,400,2816.3259195893925,2791.733333333333,2626.972396486826,3859.0679611650485
Maharashtra,Pune(Manjri),Onion,7,2024,2200,3000,Kharif,800,2678.6716114019778,2804.7619047619046,3044.2994875080076,3289.337912087912
Maharashtra,Solapur,Potato,8,2023,650,2300,Kharif,1650,2183.5218855218855,3247.752808988764,3044.2994875080076,3017.515397082658
Maharashtra,Malegaon,Wheat,9,2023,2000,2941,Kharif,941,2816.3259195893925,2828.2608695652175,3044.2994875080076,3127.0038240917784
Maharashtra,Bhusaval,Onion,1,2024,500,1200,Rabi,700,2678.6716114019778,2348.8,2626.972396486826,2202.0962441314555
Maharashtra,Rahuri(Vambori),Onion,10,2024,500,4700,Kharif,4200,2678.6716114019778,2812.3478260869565,3044.2994875080076,3462.48231511254
Maharashtra,Kalyan,Potato,7,2024,2800,3200,Kharif,400,2183.5218855218855,2589.4736842105262,3044.2994875080076,3289.337912087912
Maharashtra,Manmad,Onion,6,2023,110,1300,Kharif,1190,2678.6716114019778,2515.4166666666665,3044.2994875080076,2308.1819620253164
Maharashtra,Lasalgaon,Onion,5,2025,500,1699,Zaid,1199,2678.6716114019778,2867.190476190476,1915.1666666666667,1988.592672413793
Maharashtra,Raver,Wheat,9,2023,2220,2581,Kharif,361,2816.3259195893925,2602.769230769231,3044.2994875080076,3127.0038240917784
Maharashtra,Vai,Onion,7,2024,1500,3000,Kharif,1500,2678.6716114019778,3070.7865168539324,3044.2994875080076,3289.337912087912
Maharashtra,Rahuri(Vambori),Wheat,7,2023,2250,2300,Kharif,50,2816.3259195893925,2812.3478260869565,3044.2994875080076,3289.337912087912
Maharashtra,Gevrai,Wheat,1,2024,2200,3450,Rabi,1250,2816.3259195893925,2950.590909090909,2626.972396486826,2202.0962441314555
Maharashtra,Sakri,Onion,8,2024,1400,2700,Kharif,1300,2678.6716114019778,2829.8611111111113,3044.2994875080076,3017.515397082658
Maharashtra,Rahuri,Onion,10,2024,500,5100,Kharif,4600,2678.6716114019778,2826.0106382978724,3044.2994875080076,3462.48231511254
Maharashtra,Akola,Potato,5,2025,1000,2000,Zaid,1000,2183.5218855218855,2421.8840579710145,1915.1666666666667,1988.592672413793
Maharashtra,Vashi New Mumbai,Potato,9,2023,900,1400,Kharif,500,2183.5218855218855,2508.130081300813,3044.2994875080076,3127.0038240917784
Maharashtra,Akole,Onion,4,2024,200,1550,Zaid,1350,2678.6716114019778,2706.52,1915.1666666666667,1829.9925
Maharashtra,Nasik,Onion,2,2024,500,2000,Rabi,1500,2678.6716114019778,2656.4253731343283,2626.972396486826,2104.9403341288785
Maharashtra,Chandrapur(Ganjwad),Potato,5,2025,1700,1900,Zaid,200,2183.5218855218855,2858.8607594936707,1915.1666666666667,1988.592672413793
Maharashtra,Nampur,Onion,3,2025,300,1355,Rabi,1055,2678.6716114019778,2499.769230769231,2626.972396486826,1861.5330739299611
Maharashtra,Chandvad,Onion,8,2023,1400,2601,Kharif,1201,2678.6716114019778,3065.671875,3044.2994875080076,3017.515397082658
Maharashtra,Ahmednagar,Onion,3,2024,150,1500,Rabi,1350,2678.6716114019778,2678.2608695652175,2626.972396486826,1861.5330739299611
Maharashtra,Pune(Pimpri),Potato,2,2025,800,1500,Rabi,700,2183.5218855218855,2966.2162162162163,2626.972396486826,2104.9403341288785
Maharashtra,Karjat,Onion,3,2024,300,1400,Rabi,1100,2678.6716114019778,2275.0,2626.972396486826,1861.5330739299611
Maharashtra,Solapur,Potato,5,2024,900,2500,Zaid,1600,2183.5218855218855,3247.752808988764,1915.1666666666667,1988.592672413793
Maharashtra,Junnar(Narayangaon),Onion,12,2023,600,2130,Rabi,1530,2678.6716114019778,2861.8518518518517,2626.972396486826,2933.8104448742747
Maharashtra,Vashi New Mumbai,Potato,10,2023,800,1200,Kharif,400,2183.5218855218855,2508.130081300813,3044.2994875080076,3462.48231511254
Maharashtra,Solapur,Onion,10,2024,500,5500,Kharif,5000,2678.6716114019778,3247.752808988764,3044.2994875080076,3462.48231511254
Maharashtra,Baramati,Onion,1,2024,500,2501,Rabi,2001,2678.6716114019778,2769.054054054054,2626.972396486826,2202.0962441314555
Maharashtra,Amrawati(Frui & Veg. Market),Potato,6,2024,1800,2400,Kharif,600,2183.5218855218855,2546.923076923077,3044.2994875080076,2308.1819620253164
Maharashtra,Junnar(Narayangaon),Onion,12,2023,500,3000,Rabi,2500,2678.6716114019778,2861.8518518518517,2626.972396486826,2933.8104448742747
Maharashtra,Nasik,Potato,6,2024,2200,2550,Kharif,350,2183.5218855218855,2656.4253731343283,3044.2994875080076,2308.1819620253164
Maharashtra,Devala,Onion,4,2025,100,1355,Zaid,1255,2678.6716114019778,2586.3793103448274,1915.1666666666667,1829.9925
Maharashtra,Mankamneshwar Farmar Producer CoLtd Sanchalit Mank,Onion,6,2023,102,865,Kharif,763,2678.6716114019778,2072.0666666666666,3044.2994875080076,2308.1819620253164
Maharashtra,Vai,Onion,3,2024,800,1600,Rabi,800,2678.6716114019778,3070.7865168539324,2626.972396486826,1861.5330739299611
Maharashtra,Amrawati(Frui & Veg. Market),Onion,3,2025,600,2000,Rabi,1400,2678.6716114019778,2546.923076923077,2626.972396486826,1861.5330739299611
Maharashtra,Lonand,Onion,10,2024,1000,3800,Kharif,2800,2678.6716114019778,2603.235294117647,3044.2994875080076,3462.48231511254
Maharashtra,Ramtek,Potato,4,2025,1000,1500,Zaid,500,2183.5218855218855,3246.0169491525426,1915.1666666666667,1829.9925
Maharashtra,Bhusaval,Onion,1,2024,800,1200,Rabi,400,2678.6716114019778,2348.8,2626.972396486826,2202.0962441314555
Maharashtra,Wardha,Wheat,12,2023,2420,2460,Rabi,40,2816.3259195893925,2226.3333333333335,2626.972396486826,2933.8104448742747
Maharashtra,Shrirampur(Belapur),Wheat,6,2023,1800,2200,Kharif,400,2816.3259195893925,2212.5,3044.2994875080076,2308.1819620253164
Maharashtra,Satara,Potato,6,2024,2300,2600,Kharif,300,2183.5218855218855,2750.0,3044.2994875080076,2308.1819620253164
Maharashtra,Kalvan,Onion,7,2023,300,1700,Kharif,1400,2678.6716114019778,2726.1132075471696,3044.2994875080076,3289.337912087912
Maharashtra,Mumbai,Wheat,8,2023,2600,6000,Kharif,3400,2816.3259195893925,6127.272727272727,3044.2994875080076,3017.515397082658
Maharashtra,Hingna,Onion,5,2024,1500,2000,Zaid,500,2678.6716114019778,2675.875,1915.1666666666667,1988.592672413793
Maharashtra,Junnar,Onion,1,2024,1000,2100,Rabi,1100,2678.6716114019778,2172.0833333333335,2626.972396486826,2202.0962441314555
Maharashtra,"Sangli(Phale, Bhajipura Market)",Onion,4,2025,600,1500,Zaid,900,2678.6716114019778,2561.711711711712,1915.1666666666667,1829.9925
Maharashtra,Rahata,Potato,10,2024,2500,3100,Kharif,600,2183.5218855218855,2600.863309352518,3044.2994875080076,3462.48231511254
Maharashtra,Rahuri,Potato,10,2024,2500,3500,Kharif,1000,2183.5218855218855,2826.0106382978724,3044.2994875080076,3462.48231511254
Maharashtra,Akole,Onion,10,2023,200,2651,Kharif,2451,2678.6716114019778,2706.52,3044.2994875080076,3462.48231511254
Maharashtra,Dindori,Onion,7,2023,975,1405,Kharif,430,2678.6716114019778,1774.4666666666667,3044.2994875080076,3289.337912087912
Maharashtra,Yeola,Onion,7,2024,800,2769,Kharif,1969,2678.6716114019778,2692.5254237288136,3044.2994875080076,3289.337912087912
Maharashtra,Kopargaon,Onion,1,2024,500,1801,Rabi,1301,2678.6716114019778,2558.2608695652175,2626.972396486826,2202.0962441314555
Maharashtra,Hinganghat,Wheat,1,2024,2460,2500,Rabi,40,2816.3259195893925,2467.7272727272725,2626.972396486826,2202.0962441314555
Maharashtra,Pimpalgaon,Onion,10,2023,2000,4580,Kharif,2580,2678.6716114019778,3416.065934065934,3044.2994875080076,3462.48231511254
Maharashtra,Kalyan,Onion,6,2025,800,1000,Kharif,200,2678.6716114019778,2589.4736842105262,3044.2994875080076,2308.1819620253164
Maharashtra,"Sangli(Phale, Bhajipura Market)",Potato,2,2025,1300,2100,Rabi,800,2183.5218855218855,2561.711711711712,2626.972396486826,2104.9403341288785
Maharashtra,Manchar,Onion,12,2023,1300,2600,Rabi,1300,2678.6716114019778,2335.757575757576,2626.972396486826,2933.8104448742747
Maharashtra,Akluj,Onion,10,2024,500,4300,Kharif,3800,2678.6716114019778,2208.2716049382716,3044.2994875080076,3462.48231511254
Maharashtra,Akola,Potato,1,2024,1000,1600,Rabi,600,2183.5218855218855,2421.8840579710145,2626.972396486826,2202.0962441314555
Maharashtra,Devala,Onion,5,2024,400,2100,Zaid,1700,2678.6716114019778,2586.3793103448274,1915.1666666666667,1988.592672413793
Maharashtra,Pimpalgaon,Onion,2,2024,400,1573,Rabi,1173,2678.6716114019778,3416.065934065934,2626.972396486826,2104.9403341288785
Maharashtra,Junnar(Narayangaon),Onion,12,2023,700,1800,Rabi,1100,2678.6716114019778,2861.8518518518517,2626.972396486826,2933.8104448742747
Maharashtra,Pimpalgaon Baswant(Saykheda),Onion,9,2023,600,2401,Kharif,1801,2678.6716114019778,2602.5479452054797,3044.2994875080076,3127.0038240917784
Maharashtra,Sindi(Selu),Wheat,7,2023,2100,2300,Kharif,200,2816.3259195893925,2372.222222222222,3044.2994875080076,3289.337912087912
Maharashtra,Pune(Manjri),Potato,6,2023,1400,1600,Kharif,200,2183.5218855218855,2804.7619047619046,3044.2994875080076,2308.1819620253164
Maharashtra,Nandgaon,Wheat,10,2023,2653,2950,Kharif,297,2816.3259195893925,2752.116666666667,3044.2994875080076,3462.48231511254
Maharashtra,Vai,Onion,8,2023,1000,2700,Kharif,1700,2678.6716114019778,3070.7865168539324,3044.2994875080076,3017.515397082658
Maharashtra,Nasik,Onion,7,2023,400,1401,Kharif,1001,2678.6716114019778,2656.4253731343283,3044.2994875080076,3289.337912087912
Maharashtra,Pune(Manjri),Potato,10,2024,2200,2800,Kharif,600,2183.5218855218855,2804.7619047619046,3044.2994875080076,3462.48231511254
Maharashtra,Baramati,Wheat,8,2023,1600,2400,Kharif,800,2816.3259195893925,2769.054054054054,3044.2994875080076,3017.515397082658
Maharashtra,Pune,Potato,3,2024,1200,2200,Rabi,1000,2183.5218855218855,3186.013986013986,2626.972396486826,1861.5330739299611
Maharashtra,Jalgaon,Onion,5,2025,425,1102,Zaid,677,2678.6716114019778,2410.159420289855,1915.1666666666667,1988.592672413793
Maharashtra,Umrane,Onion,2,2024,751,1499,Rabi,748,2678.6716114019778,2608.282608695652,2626.972396486826,2104.9403341288785
Maharashtra,Malegaon,Wheat,7,2023,2212,2542,Kharif,330,2816.3259195893925,2828.2608695652175,3044.2994875080076,3289.337912087912
Maharashtra,Shirpur,Onion,9,2024,2800,6700,Kharif,3900,2678.6716114019778,2791.733333333333,3044.2994875080076,3127.0038240917784
Maharashtra,Shahada,Wheat,8,2023,2376,2681,Kharif,305,2816.3259195893925,2744.6111111111113,3044.2994875080076,3017.515397082658
Maharashtra,Junnar(Narayangaon),Tomato,7,2023,5000,10500,Kharif,5500,6168.357446808511,2861.8518518518517,3044.2994875080076,3289.337912087912
Maharashtra,Akola,Onion,12,2023,1000,2500,Rabi,1500,2678.6716114019778,2421.8840579710145,2626.972396486826,2933.8104448742747
Maharashtra,Pimpalgaon,Onion,10,2024,2000,5351,Kharif,3351,2678.6716114019778,3416.065934065934,3044.2994875080076,3462.48231511254
Maharashtra,Junnar(Narayangaon),Tomato,6,2023,500,1500,Kharif,1000,6168.357446808511,2861.8518518518517,3044.2994875080076,2308.1819620253164
Maharashtra,Savner,Wheat,6,2023,2075,2330,Kharif,255,2816.3259195893925,2425.5,3044.2994875080076,2308.1819620253164
Maharashtra,Lasalgaon(Niphad),Onion,10,2024,2600,4851,Kharif,2251,2678.6716114019778,2520.8804347826085,3044.2994875080076,3462.48231511254
Maharashtra,Bhusaval,Potato,2,2024,1000,1500,Rabi,500,2183.5218855218855,2348.8,2626.972396486826,2104.9403341288785
Maharashtra,Nampur,Onion,12,2024,500,3955,Rabi,3455,2678.6716114019778,2499.769230769231,2626.972396486826,2933.8104448742747
Maharashtra,Manchar,Potato,11,2023,1000,1650,Rabi,650,2183.5218855218855,2335.757575757576,2626.972396486826,3859.0679611650485
Maharashtra,Amrawati(Frui & Veg. Market),Potato,4,2024,800,2400,Zaid,1600,2183.5218855218855,2546.923076923077,1915.1666666666667,1829.9925
Maharashtra,Devala,Onion,2,2025,900,2465,Rabi,1565,2678.6716114019778,2586.3793103448274,2626.972396486826,2104.9403341288785
Maharashtra,Akluj,Potato,9,2023,1500,1600,Kharif,100,2183.5218855218855,2208.2716049382716,3044.2994875080076,3127.0038240917784
Maharashtra,Kalyan,Onion,3,2025,2400,2600,Rabi,200,2678.6716114019778,2589.4736842105262,2626.972396486826,1861.5330739299611
Maharashtra,Kopargaon,Wheat,11,2023,2671,3051,Rabi,380,2816.3259195893925,2558.2608695652175,2626.972396486826,3859.0679611650485
Maharashtra,Sinner,Onion,7,2024,500,2831,Kharif,2331,2678.6716114019778,2542.6071428571427,3044.2994875080076,3289.337912087912
Maharashtra,Junnar(Otur),Potato,1,2025,500,1800,Rabi,1300,2183.5218855218855,2554.5283018867926,2626.972396486826,2202.0962441314555
Maharashtra,Amrawati(Frui & Veg. Market),Potato,7,2024,2200,2400,Kharif,200,2183.5218855218855,2546.923076923077,3044.2994875080076,3289.337912087912
Maharashtra,Yawal,Wheat,7,2023,2350,2900,Kharif,550,2816.3259195893925,1866.578947368421,3044.2994875080076,3289.337912087912
Maharashtra,Pimpalgaon,Onion,10,2024,1000,5501,Kharif,4501,2678.6716114019778,3416.065934065934,3044.2994875080076,3462.48231511254
Maharashtra,Akluj,Potato,12,2023,1500,1700,Rabi,200,2183.5218855218855,2208.2716049382716,2626.972396486826,2933.8104448742747
Maharashtra,Chandvad,Onion,2,2025,1000,2818,Rabi,1818,2678.6716114019778,3065.671875,2626.972396486826,2104.9403341288785
Maharashtra,Nagpur,Wheat,7,2023,3000,3200,Kharif,200,2816.3259195893925,2756.266666666667,3044.2994875080076,3289.337912087912
Maharashtra,Nandgaon,Onion,6,2023,100,1711,Kharif,1611,2678.6716114019778,2752.116666666667,3044.2994875080076,2308.1819620253164
Maharashtra,Dhule,Onion,2,2025,300,2310,Rabi,2010,2678.6716114019778,2516.8552631578946,2626.972396486826,2104.9403341288785
Maharashtra,Manchar,Onion,9,2024,3200,4300,Kharif,1100,2678.6716114019778,2335.757575757576,3044.2994875080076,3127.0038240917784
Maharashtra,Nasik,Onion,3,2024,700,1650,Rabi,950,2678.6716114019778,2656.4253731343283,2626.972396486826,1861.5330739299611
Maharashtra,Chandrapur(Ganjwad),Potato,7,2023,1200,1500,Kharif,300,2183.5218855218855,2858.8607594936707,3044.2994875080076,3289.337912087912
Maharashtra,Karad,Onion,5,2024,500,2000,Zaid,1500,2678.6716114019778,2862.31884057971,1915.1666666666667,1988.592672413793
Maharashtra,Nasik,Potato,12,2023,1150,1600,Rabi,450,2183.5218855218855,2656.4253731343283,2626.972396486826,2933.8104448742747
Maharashtra,Ratnagiri (Nachane),Tomato,6,2023,3500,4000,Kharif,500,6168.357446808511,7375.0,3044.2994875080076,2308.1819620253164
Maharashtra,Rahuri,Potato,7,2023,1500,2100,Kharif,600,2183.5218855218855,2826.0106382978724,3044.2994875080076,3289.337912087912
Maharashtra,Rahata,Potato,11,2024,2400,2800,Rabi,400,2183.5218855218855,2600.863309352518,2626.972396486826,3859.0679611650485
Maharashtra,Junnar(Otur),Onion,10,2023,2000,4310,Kharif,2310,2678.6716114019778,2554.5283018867926,3044.2994875080076,3462.48231511254
Maharashtra,Vashi New Mumbai,Onion,10,2024,2500,4900,Kharif,2400,2678.6716114019778,2508.130081300813,3044.2994875080076,3462.48231511254
Maharashtra,Vashi New Mumbai,Potato,4,2025,1100,1800,Zaid,700,2183.5218855218855,2508.130081300813,1915.1666666666667,1829.9925
Maharashtra,Nagpur,Potato,2,2025,1000,1600,Rabi,600,2183.5218855218855,2756.266666666667,2626.972396486826,2104.9403341288785
Maharashtra,Karad,Onion,4,2025,500,1400,Zaid,900,2678.6716114019778,2862.31884057971,1915.1666666666667,1829.9925
Maharashtra,Sinner,Onion,3,2024,300,1315,Rabi,1015,2678.6716114019778,2542.6071428571427,2626.972396486826,1861.5330739299611
Maharashtra,Hingoli,Wheat,8,2023,1850,3100,Kharif,1250,2816.3259195893925,3146.6153846153848,3044.2994875080076,3017.515397082658
Maharashtra,Shivsiddha Govind Producer Company Limited Sanchal,Onion,7,2024,2700,3190,Kharif,490,2678.6716114019778,3288.75,3044.2994875080076,3289.337912087912
Maharashtra,Pimpalgaon,Onion,5,2024,500,2425,Zaid,1925,2678.6716114019778,3416.065934065934,1915.1666666666667,1988.592672413793
Maharashtra,Rahuri(Vambori),Wheat,10,2023,2366,2366,Kharif,0,2816.3259195893925,2812.3478260869565,3044.2994875080076,3462.48231511254
Maharashtra,Navapur,Wheat,6,2023,2000,2125,Kharif,125,2816.3259195893925,2945.5882352941176,3044.2994875080076,2308.1819620253164
Maharashtra,"Sangli(Phale, Bhajipura Market)",Potato,11,2024,1000,3200,Rabi,2200,2183.5218855218855,2561.711711711712,2626.972396486826,3859.0679611650485
Maharashtra,Malharshree Farmers Producer Co Ltd,Onion,10,2024,2145,4287,Kharif,2142,2678.6716114019778,3063.2,3044.2994875080076,3462.48231511254
Maharashtra,Pune,Potato,2,2025,1400,2000,Rabi,600,2183.5218855218855,3186.013986013986,2626.972396486826,2104.9403341288785
Maharashtra,Khed(Chakan),Potato,8,2024,2300,3000,Kharif,700,2183.5218855218855,2519.4174757281553,3044.2994875080076,3017.515397082658
Maharashtra,Shrirampur,Potato,3,2025,800,1500,Rabi,700,2183.5218855218855,2334.11,2626.972396486826,1861.5330739299611
Maharashtra,Murud,Rice,5,2025,2500,2700,Zaid,200,4928.92,2700.0,1915.1666666666667,1988.592672413793
Maharashtra,Akola,Onion,7,2024,2000,3200,Kharif,1200,2678.6716114019778,2421.8840579710145,3044.2994875080076,3289.337912087912
Maharashtra,Navapur,Tomato,7,2023,700,1500,Kharif,800,6168.357446808511,2945.5882352941176,3044.2994875080076,3289.337912087912
Maharashtra,Kamthi,Potato,6,2025,1500,2500,Kharif,1000,2183.5218855218855,3486.904761904762,3044.2994875080076,2308.1819620253164
Maharashtra,Ulhasnagar,Wheat,7,2023,3000,4000,Kharif,1000,2816.3259195893925,3895.8333333333335,3044.2994875080076,3289.337912087912
Maharashtra,Mangal Wedha,Onion,8,2024,2710,2710,Kharif,0,2678.6716114019778,2928.322033898305,3044.2994875080076,3017.515397082658
Maharashtra,Om Chaitanya Multistate Agro Purpose CoOp Society,Onion,3,2025,300,1800,Rabi,1500,2678.6716114019778,2918.3333333333335,2626.972396486826,1861.5330739299611
Maharashtra,Kamthi,Potato,10,2024,3000,4000,Kharif,1000,2183.5218855218855,3486.904761904762,3044.2994875080076,3462.48231511254
Maharashtra,Achalpur,Wheat,12,2023,2500,2650,Rabi,150,2816.3259195893925,2534.4444444444443,2626.972396486826,2933.8104448742747
Maharashtra,Vashi New Mumbai,Onion,7,2023,1000,1700,Kharif,700,2678.6716114019778,2508.130081300813,3044.2994875080076,3289.337912087912
Maharashtra,Junnar(Otur),Potato,2,2025,500,2200,Rabi,1700,2183.5218855218855,2554.5283018867926,2626.972396486826,2104.9403341288785
Maharashtra,Satara,Onion,7,2024,2000,3200,Kharif,1200,2678.6716114019778,2750.0,3044.2994875080076,3289.337912087912
Maharashtra,Loha,Wheat,8,2023,2011,2900,Kharif,889,2816.3259195893925,2960.2,3044.2994875080076,3017.515397082658
Maharashtra,Pune(Moshi),Onion,4,2024,500,1300,Zaid,800,2678.6716114019778,2277.6119402985073,1915.1666666666667,1829.9925
Maharashtra,Lasalgaon,Onion,3,2025,1000,2541,Rabi,1541,2678.6716114019778,2867.190476190476,2626.972396486826,1861.5330739299611
Maharashtra,Wardha,Wheat,9,2023,2525,2635,Kharif,110,2816.3259195893925,2226.3333333333335,3044.2994875080076,3127.0038240917784
Maharashtra,Sakri,Onion,11,2023,2260,5100,Rabi,2840,2678.6716114019778,2829.8611111111113,2626.972396486826,3859.0679611650485
Maharashtra,Pune(Pimpri),Onion,7,2024,2400,3000,Kharif,600,2678.6716114019778,2966.2162162162163,3044.2994875080076,3289.337912087912
Maharashtra,Rahuri,Onion,8,2023,200,2500,Kharif,2300,2678.6716114019778,2826.0106382978724,3044.2994875080076,3017.515397082658
Maharashtra,Ghoti,Tomato,6,2023,900,1000,Kharif,100,6168.357446808511,1000.0,3044.2994875080076,2308.1819620253164
Maharashtra,Satana,Onion,1,2024,500,2080,Rabi,1580,2678.6716114019778,2894.45,2626.972396486826,2202.0962441314555
Maharashtra,Amrawati(Frui & Veg. Market),Onion,7,2024,2800,3600,Kharif,800,2678.6716114019778,2546.923076923077,3044.2994875080076,3289.337912087912
Maharashtra,Sangli,Wheat,1,2024,3000,4000,Rabi,1000,2816.3259195893925,4790.625,2626.972396486826,2202.0962441314555
Maharashtra,Pune(Moshi),Potato,5,2025,1000,1600,Zaid,600,2183.5218855218855,2277.6119402985073,1915.1666666666667,1988.592672413793
Maharashtra,Pune(Pimpri),Tomato,6,2023,3000,3000,Kharif,0,6168.357446808511,2966.2162162162163,3044.2994875080076,2308.1819620253164
Maharashtra,Lasalgaon(Niphad),Wheat,12,2023,2470,2871,Rabi,401,2816.3259195893925,2520.8804347826085,2626.972396486826,2933.8104448742747
Maharashtra,Sinner,Onion,5,2024,500,2031,Zaid,1531,2678.6716114019778,2542.6071428571427,1915.1666666666667,1988.592672413793
Maharashtra,Malegaon,Wheat,2,2024,2013,2901,Rabi,888,2816.3259195893925,2828.2608695652175,2626.972396486826,2104.9403341288785
Maharashtra,Dhule,Wheat,6,2023,2055,2615,Kharif,560,2816.3259195893925,2516.8552631578946,3044.2994875080076,2308.1819620253164
Maharashtra,Kalyan,Onion,3,2025,1200,1500,Rabi,300,2678.6716114019778,2589.4736842105262,2626.972396486826,1861.5330739299611
Maharashtra,Nagpur,Onion,8,2023,1200,1600,Kharif,400,2678.6716114019778,2756.266666666667,3044.2994875080076,3017.515397082658
Maharashtra,Khed(Chakan),Potato,4,2025,1300,2000,Zaid,700,2183.5218855218855,2519.4174757281553,1915.1666666666667,1829.9925
Maharashtra,Vashi New Mumbai,Onion,8,2024,2500,3100,Kharif,600,2678.6716114019778,2508.130081300813,3044.2994875080076,3017.515397082658
Maharashtra,Hingna,Potato,3,2024,1500,1500,Rabi,0,2183.5218855218855,2675.875,2626.972396486826,1861.5330739299611
Maharashtra,Lasalgaon(Vinchur),Onion,3,2024,900,1812,Rabi,912,2678.6716114019778,2574.311320754717,2626.972396486826,1861.5330739299611
Maharashtra,Lasalgaon(Vinchur),Onion,11,2023,2000,4701,Rabi,2701,2678.6716114019778,2574.311320754717,2626.972396486826,3859.0679611650485
Maharashtra,Nagpur,Onion,6,2023,1500,2000,Kharif,500,2678.6716114019778,2756.266666666667,3044.2994875080076,2308.1819620253164
Maharashtra,Solapur,Potato,7,2024,1000,2200,Kharif,1200,2183.5218855218855,3247.752808988764,3044.2994875080076,3289.337912087912
Maharashtra,"Sangli(Phale, Bhajipura Market)",Potato,1,2024,1000,2000,Rabi,1000,2183.5218855218855,2561.711711711712,2626.972396486826,2202.0962441314555
Maharashtra,Dhule,Wheat,10,2023,2705,3200,Kharif,495,2816.3259195893925,2516.8552631578946,3044.2994875080076,3462.48231511254
Maharashtra,Hingna,Onion,3,2024,1600,2000,Rabi,400,2678.6716114019778,2675.875,2626.972396486826,1861.5330739299611
Maharashtra,Achalpur,Wheat,9,2023,2300,2500,Kharif,200,2816.3259195893925,2534.4444444444443,3044.2994875080076,3127.0038240917784
Maharashtra,Murud,Rice,4,2025,2500,2700,Zaid,200,4928.92,2700.0,1915.1666666666667,1829.9925
Maharashtra,Jalgaon,Potato,7,2023,800,1400,Kharif,600,2183.5218855218855,2410.159420289855,3044.2994875080076,3289.337912087912
Maharashtra,Pimpalgaon Baswant(Saykheda),Onion,2,2025,1000,2476,Rabi,1476,2678.6716114019778,2602.5479452054797,2626.972396486826,2104.9403341288785
Maharashtra,Amrawati(Frui & Veg. Market),Onion,6,2023,1000,2400,Kharif,1400,2678.6716114019778,2546.923076923077,3044.2994875080076,2308.1819620253164
Maharashtra,Vai,Onion,4,2024,700,1500,Zaid,800,2678.6716114019778,3070.7865168539324,1915.1666666666667,1829.9925
Maharashtra,Pune(Pimpri),Onion,8,2024,2000,2800,Kharif,800,2678.6716114019778,2966.2162162162163,3044.2994875080076,3017.515397082658
Maharashtra,Vai,Onion,9,2023,1000,2500,Kharif,1500,2678.6716114019778,3070.7865168539324,3044.2994875080076,3127.0038240917784
Maharashtra,Gangakhed,Wheat,8,2023,2200,3000,Kharif,800,2816.3259195893925,2716.6666666666665,3044.2994875080076,3017.515397082658
Maharashtra,Nandgaon,Onion,2,2024,150,1299,Rabi,1149,2678.6716114019778,2752.116666666667,2626.972396486826,2104.9403341288785
Maharashtra,Purna,Wheat,7,2023,2100,2100,Kharif,0,2816.3259195893925,2450.0,3044.2994875080076,3289.337912087912
Maharashtra,Chandrapur(Ganjwad),Tomato,7,2023,4000,7200,Kharif,3200,6168.357446808511,2858.8607594936707,3044.2994875080076,3289.337912087912
Maharashtra,Akola,Onion,11,2024,1500,4000,Rabi,2500,2678.6716114019778,2421.8840579710145,2626.972396486826,3859.0679611650485
Maharashtra,Hingna,Potato,5,2024,1800,2000,Zaid,200,2183.5218855218855,2675.875,1915.1666666666667,1988.592672413793
Maharashtra,Karjat(Raigad),Onion,7,2023,200,1500,Kharif,1300,2678.6716114019778,2770.2380952380954,3044.2994875080076,3289.337912087912
Maharashtra,Kaij,Wheat,7,2023,2242,2560,Kharif,318,2816.3259195893925,2718.0,3044.2994875080076,3289.337912087912
Maharashtra,Pune(Manjri),Tomato,8,2023,6800,9100,Kharif,2300,6168.357446808511,2804.7619047619046,3044.2994875080076,3017.515397082658
Maharashtra,"Sangli(Phale, Bhajipura Market)",Onion,4,2024,400,1800,Zaid,1400,2678.6716114019778,2561.711711711712,1915.1666666666667,1829.9925
Maharashtra,Pune,Onion,11,2024,2500,6000,Rabi,3500,2678.6716114019778,3186.013986013986,2626.972396486826,3859.0679611650485
Maharashtra,Pimpalgaon,Onion,8,2024,1900,4057,Kharif,2157,2678.6716114019778,3416.065934065934,3044.2994875080076,3017.515397082658
Maharashtra,Vita,Potato,3,2025,1800,2100,Rabi,300,2183.5218855218855,2686.9565217391305,2626.972396486826,1861.5330739299611
Maharashtra,Jalgaon,Potato,6,2023,800,1300,Kharif,500,2183.5218855218855,2410.159420289855,3044.2994875080076,2308.1819620253164
Maharashtra,Solapur,Tomato,8,2023,1000,10000,Kharif,9000,6168.357446808511,3247.752808988764,3044.2994875080076,3017.515397082658
Maharashtra,Solapur,Wheat,1,2024,2515,4090,Rabi,1575,2816.3259195893925,3247.752808988764,2626.972396486826,2202.0962441314555
Maharashtra,Katol,Wheat,9,2023,2531,2531,Kharif,0,2816.3259195893925,2448.962962962963,3044.2994875080076,3127.0038240917784
Maharashtra,Satara,Potato,3,2025,1000,2000,Rabi,1000,2183.5218855218855,2750.0,2626.972396486826,1861.5330739299611
Maharashtra,Pune(Khadiki),Potato,10,2023,1200,1600,Kharif,400,2183.5218855218855,2011.926605504587,3044.2994875080076,3462.48231511254
Maharashtra,Lasalgaon(Vinchur),Wheat,10,2023,2490,2775,Kharif,285,2816.3259195893925,2574.311320754717,3044.2994875080076,3462.48231511254
Maharashtra,Tasgaon,Wheat,7,2023,2370,2610,Kharif,240,2816.3259195893925,2896.875,3044.2994875080076,3289.337912087912
Maharashtra,Sangamner,Onion,5,2024,200,1951,Zaid,1751,2678.6716114019778,3329.057142857143,1915.1666666666667,1988.592672413793
Maharashtra,Pimpalgaon,Onion,12,2023,2000,4570,Rabi,2570,2678.6716114019778,3416.065934065934,2626.972396486826,2933.8104448742747
Maharashtra,Malharshree Farmers Producer Co Ltd,Onion,7,2023,280,1477,Kharif,1197,2678.6716114019778,3063.2,3044.2994875080076,3289.337912087912
Maharashtra,Vashi New Mumbai,Potato,8,2023,1000,1400,Kharif,400,2183.5218855218855,2508.130081300813,3044.2994875080076,3017.515397082658
Maharashtra,Mangal Wedha,Onion,5,2024,100,1800,Zaid,1700,2678.6716114019778,2928.322033898305,1915.1666666666667,1988.592672413793
Maharashtra,Karjat(Raigad),Wheat,7,2023,2200,2600,Kharif,400,2816.3259195893925,2770.2380952380954,3044.2994875080076,3289.337912087912
Maharashtra,Vai,Potato,8,2024,3000,3300,Kharif,300,2183.5218855218855,3070.7865168539324,3044.2994875080076,3017.515397082658
Maharashtra,Pune(Pimpri),Onion,8,2024,3400,3800,Kharif,400,2678.6716114019778,2966.2162162162163,3044.2994875080076,3017.515397082658
Maharashtra,Pune(Manjri),Onion,2,2024,1300,1700,Rabi,400,2678.6716114019778,2804.7619047619046,2626.972396486826,2104.9403341288785
Maharashtra,Vashi New Mumbai,Onion,9,2024,4200,5200,Kharif,1000,2678.6716114019778,2508.130081300813,3044.2994875080076,3127.0038240917784
Maharashtra,Akluj,Potato,2,2024,1500,1800,Rabi,300,2183.5218855218855,2208.2716049382716,2626.972396486826,2104.9403341288785
Maharashtra,Kamthi,Onion,10,2023,2000,3000,Kharif,1000,2678.6716114019778,3486.904761904762,3044.2994875080076,3462.48231511254
Maharashtra,Nandurbar,Onion,3,2024,1085,1245,Rabi,160,2678.6716114019778,2220.733333333333,2626.972396486826,1861.5330739299611
Maharashtra,Lasalgaon(Vinchur),Onion,1,2024,800,2000,Rabi,1200,2678.6716114019778,2574.311320754717,2626.972396486826,2202.0962441314555
Maharashtra,Kolhapur,Onion,2,2024,400,2000,Rabi,1600,2678.6716114019778,3576.785714285714,2626.972396486826,2104.9403341288785
Maharashtra,Satara,Onion,7,2023,300,1700,Kharif,1400,2678.6716114019778,2750.0,3044.2994875080076,3289.337912087912
Maharashtra,Amarawati,Wheat,1,2024,2450,2600,Rabi,150,2816.3259195893925,2544.848484848485,2626.972396486826,2202.0962441314555
Maharashtra,Dhule,Wheat,10,2023,2741,3150,Kharif,409,2816.3259195893925,2516.8552631578946,3044.2994875080076,3462.48231511254
Maharashtra,Pathardi,Wheat,12,2023,2500,3200,Rabi,700,2816.3259195893925,2397.093023255814,2626.972396486826,2933.8104448742747
Maharashtra,Pune(Khadiki),Onion,3,2024,1000,1300,Rabi,300,2678.6716114019778,2011.926605504587,2626.972396486826,1861.5330739299611
Maharashtra,Chandrapur(Ganjwad),Potato,10,2024,2400,3000,Kharif,600,2183.5218855218855,2858.8607594936707,3044.2994875080076,3462.48231511254
Maharashtra,Junnar(Otur),Potato,6,2025,500,1500,Kharif,1000,2183.5218855218855,2554.5283018867926,3044.2994875080076,2308.1819620253164
Maharashtra,Ahmednagar,Onion,7,2023,150,1800,Kharif,1650,2678.6716114019778,2678.2608695652175,3044.2994875080076,3289.337912087912
Maharashtra,Chandvad,Onion,6,2025,426,2002,Kharif,1576,2678.6716114019778,3065.671875,3044.2994875080076,2308.1819620253164
Maharashtra,Pune(Khadiki),Onion,6,2023,500,900,Kharif,400,2678.6716114019778,2011.926605504587,3044.2994875080076,2308.1819620253164
Maharashtra,Karad,Onion,7,2023,500,1500,Kharif,1000,2678.6716114019778,2862.31884057971,3044.2994875080076,3289.337912087912
Maharashtra,Pune,Onion,10,2024,2500,4200,Kharif,1700,2678.6716114019778,3186.013986013986,3044.2994875080076,3462.48231511254
Maharashtra,Akluj,Onion,9,2023,700,2410,Kharif,1710,2678.6716114019778,2208.2716049382716,3044.2994875080076,3127.0038240917784
Maharashtra,Kurdwadi(Modnimb),Wheat,8,2023,2390,2901,Kharif,511,2816.3259195893925,2242.88,3044.2994875080076,3017.515397082658
Maharashtra,Nagpur,Onion,8,2023,2400,3200,Kharif,800,2678.6716114019778,2756.266666666667,3044.2994875080076,3017.515397082658
Maharashtra,Nasik,Onion,4,2024,700,1500,Zaid,800,2678.6716114019778,2656.4253731343283,1915.1666666666667,1829.9925
Maharashtra,Akola,Potato,8,2023,1000,1400,Kharif,400,2183.5218855218855,2421.8840579710145,3044.2994875080076,3017.515397082658
Maharashtra,Shrigonda,Onion,3,2024,300,1700,Rabi,1400,2678.6716114019778,2012.5,2626.972396486826,1861.5330739299611
Maharashtra,Palghar,Wheat,1,2024,3170,3170,Rabi,0,2816.3259195893925,3742.5384615384614,2626.972396486826,2202.0962441314555
Maharashtra,Pune,Onion,10,2024,1600,4800,Kharif,3200,2678.6716114019778,3186.013986013986,3044.2994875080076,3462.48231511254
Maharashtra,Nanded,Wheat,9,2023,2280,2395,Kharif,115,2816.3259195893925,2512.3076923076924,3044.2994875080076,3127.0038240917784
Maharashtra,Vasai,Wheat,8,2023,2860,3860,Kharif,1000,2816.3259195893925,4115.555555555556,3044.2994875080076,3017.515397082658
Maharashtra,Lasalgaon(Niphad),Onion,7,2024,1400,3041,Kharif,1641,2678.6716114019778,2520.8804347826085,3044.2994875080076,3289.337912087912
Maharashtra,Junnar(Otur),Potato,6,2024,1000,2000,Kharif,1000,2183.5218855218855,2554.5283018867926,3044.2994875080076,2308.1819620253164
Maharashtra,Pune(Manjri),Potato,5,2025,1600,2600,Zaid,1000,2183.5218855218855,2804.7619047619046,1915.1666666666667,1988.592672413793
Maharashtra,Lasalgaon,Onion,10,2024,2001,3140,Kharif,1139,2678.6716114019778,2867.190476190476,3044.2994875080076,3462.48231511254
Maharashtra,Dhule,Onion,10,2023,700,2560,Kharif,1860,2678.6716114019778,2516.8552631578946,3044.2994875080076,3462.48231511254
Maharashtra,Solapur,Onion,5,2025,100,2000,Zaid,1900,2678.6716114019778,3247.752808988764,1915.1666666666667,1988.592672413793
Maharashtra,Devala,Onion,4,2025,200,1425,Zaid,1225,2678.6716114019778,2586.3793103448274,1915.1666666666667,1829.9925
Maharashtra,Pune(Manjri),Potato,1,2024,1200,1800,Rabi,600,2183.5218855218855,2804.7619047619046,2626.972396486826,2202.0962441314555
Maharashtra,Mangaon,Rice,5,2025,1900,4800,Zaid,2900,4928.92,4800.0,1915.1666666666667,1988.592672413793
Maharashtra,Shree Rameshwar Krushi Market,Onion,12,2024,752,5212,Rabi,4460,2678.6716114019778,3118.64,2626.972396486826,2933.8104448742747
Maharashtra,Manmad,Onion,7,2024,555,2885,Kharif,2330,2678.6716114019778,2515.4166666666665,3044.2994875080076,3289.337912087912
Maharashtra,Junnar(Otur),Potato,10,2024,1000,3110,Kharif,2110,2183.5218855218855,2554.5283018867926,3044.2994875080076,3462.48231511254
Maharashtra,Dhule,Onion,8,2024,900,3260,Kharif,2360,2678.6716114019778,2516.8552631578946,3044.2994875080076,3017.515397082658
Maharashtra,Satara,Onion,10,2023,1500,2700,Kharif,1200,2678.6716114019778,2750.0,3044.2994875080076,3462.48231511254
Maharashtra,Amrawati(Frui & Veg. Market),Onion,1,2024,600,2000,Rabi,1400,2678.6716114019778,2546.923076923077,2626.972396486826,2202.0962441314555
Maharashtra,Vashi New Mumbai,Potato,1,2025,1400,2100,Rabi,700,2183.5218855218855,2508.130081300813,2626.972396486826,2202.0962441314555
Maharashtra,Lasalgaon(Vinchur),Onion,5,2025,500,1490,Zaid,990,2678.6716114019778,2574.311320754717,1915.1666666666667,1988.592672413793
Maharashtra,Jamkhed,Onion,9,2023,200,2300,Kharif,2100,2678.6716114019778,2610.4651162790697,3044.2994875080076,3127.0038240917784
Maharashtra,Akola,Onion,10,2023,1500,2500,Kharif,1000,2678.6716114019778,2421.8840579710145,3044.2994875080076,3462.48231511254
Maharashtra,Ramtek,Potato,3,2025,1400,1600,Rabi,200,2183.5218855218855,3246.0169491525426,2626.972396486826,1861.5330739299611
Maharashtra,Lasalgaon(Niphad),Wheat,6,2023,2252,2370,Kharif,118,2816.3259195893925,2520.8804347826085,3044.2994875080076,2308.1819620253164
Maharashtra,Pathardi,Onion,8,2023,200,1700,Kharif,1500,2678.6716114019778,2397.093023255814,3044.2994875080076,3017.515397082658
Maharashtra,Junnar(Otur),Onion,11,2024,2000,6510,Rabi,4510,2678.6716114019778,2554.5283018867926,2626.972396486826,3859.0679611650485
Maharashtra,Pune(Manjri),Potato,1,2024,1600,1800,Rabi,200,2183.5218855218855,2804.7619047619046,2626.972396486826,2202.0962441314555
Maharashtra,Nandgaon,Wheat,12,2023,2553,3575,Rabi,1022,2816.3259195893925,2752.116666666667,2626.972396486826,2933.8104448742747
Maharashtra,Pune(Moshi),Onion,9,2024,2000,4500,Kharif,2500,2678.6716114019778,2277.6119402985073,3044.2994875080076,3127.0038240917784
Maharashtra,Bhusaval,Onion,12,2023,2000,3000,Rabi,1000,2678.6716114019778,2348.8,2626.972396486826,2933.8104448742747
Maharashtra,Mangal Wedha,Onion,4,2024,200,1610,Zaid,1410,2678.6716114019778,2928.322033898305,1915.1666666666667,1829.9925
Maharashtra,Mangal Wedha,Onion,7,2024,500,3500,Kharif,3000,2678.6716114019778,2928.322033898305,3044.2994875080076,3289.337912087912
Maharashtra,Khed(Chakan),Potato,9,2023,1200,2000,Kharif,800,2183.5218855218855,2519.4174757281553,3044.2994875080076,3127.0038240917784
Maharashtra,Nandurbar,Wheat,12,2023,2300,2701,Rabi,401,2816.3259195893925,2220.733333333333,2626.972396486826,2933.8104448742747
Maharashtra,Parola,Wheat,12,2023,3160,3160,Rabi,0,2816.3259195893925,2530.3333333333335,2626.972396486826,2933.8104448742747
Maharashtra,Shrirampur,Onion,9,2024,2470,4560,Kharif,2090,2678.6716114019778,2334.11,3044.2994875080076,3127.0038240917784
Maharashtra,Sangamner,Tomato,7,2023,1000,7500,Kharif,6500,6168.357446808511,3329.057142857143,3044.2994875080076,3289.337912087912
Maharashtra,Ramtek,Onion,5,2025,1000,1400,Zaid,400,2678.6716114019778,3246.0169491525426,1915.1666666666667,1988.592672413793
Maharashtra,Nasik,Potato,5,2024,2200,2600,Zaid,400,2183.5218855218855,2656.4253731343283,1915.1666666666667,1988.592672413793
Maharashtra,Kolhapur,Onion,12,2023,500,3300,Rabi,2800,2678.6716114019778,3576.785714285714,2626.972396486826,2933.8104448742747
Maharashtra,Akola,Onion,1,2024,1200,1700,Rabi,500,2678.6716114019778,2421.8840579710145,2626.972396486826,2202.0962441314555
Maharashtra,Solapur,Wheat,1,2024,2525,4065,Rabi,1540,2816.3259195893925,3247.752808988764,2626.972396486826,2202.0962441314555
Maharashtra,Sinner,Onion,10,2024,1000,4300,Kharif,3300,2678.6716114019778,2542.6071428571427,3044.2994875080076,3462.48231511254
Maharashtra,Chopada,Wheat,1,2024,2200,2511,Rabi,311,2816.3259195893925,2651.222222222222,2626.972396486826,2202.0962441314555
Maharashtra,Jalgaon,Wheat,10,2023,2400,2400,Kharif,0,2816.3259195893925,2410.159420289855,3044.2994875080076,3462.48231511254
Maharashtra,Pune,Onion,12,2023,2000,4800,Rabi,2800,2678.6716114019778,3186.013986013986,2626.972396486826,2933.8104448742747
Maharashtra,Solapur,Onion,1,2024,100,3200,Rabi,3100,2678.6716114019778,3247.752808988764,2626.972396486826,2202.0962441314555
Maharashtra,Umrane,Onion,4,2025,500,1401,Zaid,901,2678.6716114019778,2608.282608695652,1915.1666666666667,1829.9925
Maharashtra,Kamthi,Onion,6,2025,1100,1500,Kharif,400,2678.6716114019778,3486.904761904762,3044.2994875080076,2308.1819620253164
Maharashtra,Junnar(Narayangaon),Tomato,8,2023,2500,11000,Kharif,8500,6168.357446808511,2861.8518518518517,3044.2994875080076,3017.515397082658
Maharashtra,Islampur,Potato,4,2025,2000,2500,Zaid,500,2183.5218855218855,2422.7272727272725,1915.1666666666667,1829.9925
Maharashtra,Akola,Potato,7,2023,1000,1300,Kharif,300,2183.5218855218855,2421.8840579710145,3044.2994875080076,3289.337912087912
Maharashtra,Vashi New Mumbai,Onion,10,2024,2500,4700,Kharif,2200,2678.6716114019778,2508.130081300813,3044.2994875080076,3462.48231511254
Maharashtra,Junnar(Narayangaon),Onion,9,2024,500,4000,Kharif,3500,2678.6716114019778,2861.8518518518517,3044.2994875080076,3127.0038240917784
Maharashtra,Parner,Onion,1,2024,100,1700,Rabi,1600,2678.6716114019778,2909.6153846153848,2626.972396486826,2202.0962441314555
Maharashtra,Shrirampur,Potato,8,2024,2500,3000,Kharif,500,2183.5218855218855,2334.11,3044.2994875080076,3017.515397082658
Maharashtra,Loha,Wheat,9,2023,2300,2650,Kharif,350,2816.3259195893925,2960.2,3044.2994875080076,3127.0038240917784
Maharashtra,Pimpalgaon Baswant(Saykheda),Onion,11,2023,1500,3525,Rabi,2025,2678.6716114019778,2602.5479452054797,2626.972396486826,3859.0679611650485
Maharashtra,Islampur,Potato,10,2023,1500,2000,Kharif,500,2183.5218855218855,2422.7272727272725,3044.2994875080076,3462.48231511254
Maharashtra,Pune(Manjri),Potato,7,2024,2400,3000,Kharif,600,2183.5218855218855,2804.7619047619046,3044.2994875080076,3289.337912087912
Maharashtra,Kopargaon,Onion,8,2023,300,2000,Kharif,1700,2678.6716114019778,2558.2608695652175,3044.2994875080076,3017.515397082658
Maharashtra,Jalgaon,Potato,9,2024,2000,2800,Kharif,800,2183.5218855218855,2410.159420289855,3044.2994875080076,3127.0038240917784
Maharashtra,Akola,Onion,6,2023,500,1100,Kharif,600,2678.6716114019778,2421.8840579710145,3044.2994875080076,2308.1819620253164
Maharashtra,Rahata,Tomato,6,2023,3000,5000,Kharif,2000,6168.357446808511,2600.863309352518,3044.2994875080076,2308.1819620253164
Maharashtra,Lasalgaon(Vinchur),Wheat,11,2023,2500,2962,Rabi,462,2816.3259195893925,2574.311320754717,2626.972396486826,3859.0679611650485
Maharashtra,Hingoli,Wheat,1,2024,2300,3155,Rabi,855,2816.3259195893925,3146.6153846153848,2626.972396486826,2202.0962441314555
Maharashtra,Dindori(Vani),Onion,7,2024,2631,3051,Kharif,420,2678.6716114019778,2426.6388888888887,3044.2994875080076,3289.337912087912
Maharashtra,Nandgaon,Onion,7,2024,400,2800,Kharif,2400,2678.6716114019778,2752.116666666667,3044.2994875080076,3289.337912087912
Maharashtra,Amarawati,Wheat,8,2023,2450,2565,Kharif,115,2816.3259195893925,2544.848484848485,3044.2994875080076,3017.515397082658
Maharashtra,Karjat(Raigad),Wheat,8,2023,2100,2600,Kharif,500,2816.3259195893925,2770.2380952380954,3044.2994875080076,3017.515397082658
Maharashtra,Dound,Wheat,6,2023,2000,2500,Kharif,500,2816.3259195893925,2757.5714285714284,3044.2994875080076,2308.1819620253164
Maharashtra,Vai,Potato,5,2024,2500,2900,Zaid,400,2183.5218855218855,3070.7865168539324,1915.1666666666667,1988.592672413793
Maharashtra,Jamkhed,Onion,1,2024,200,2300,Rabi,2100,2678.6716114019778,2610.4651162790697,2626.972396486826,2202.0962441314555
Maharashtra,Pune(Pimpri),Onion,9,2023,1000,2000,Kharif,1000,2678.6716114019778,2966.2162162162163,3044.2994875080076,3127.0038240917784
Maharashtra,Vai,Onion,6,2025,800,1800,Kharif,1000,2678.6716114019778,3070.7865168539324,3044.2994875080076,2308.1819620253164
Maharashtra,Solapur,Onion,7,2024,300,3150,Kharif,2850,2678.6716114019778,3247.752808988764,3044.2994875080076,3289.337912087912
Maharashtra,Pune(Moshi),Potato,12,2024,1500,3000,Rabi,1500,2183.5218855218855,2277.6119402985073,2626.972396486826,2933.8104448742747
Maharashtra,Sangamner,Onion,7,2023,200,2301,Kharif,2101,2678.6716114019778,3329.057142857143,3044.2994875080076,3289.337912087912
Maharashtra,Satana,Onion,6,2024,500,2500,Kharif,2000,2678.6716114019778,2894.45,3044.2994875080076,2308.1819620253164
Maharashtra,Kamthi,Potato,7,2023,1400,1800,Kharif,400,2183.5218855218855,3486.904761904762,3044.2994875080076,3289.337912087912
Maharashtra,Jalgaon,Onion,10,2024,1000,3500,Kharif,2500,2678.6716114019778,2410.159420289855,3044.2994875080076,3462.48231511254
Maharashtra,Chandrapur(Ganjwad),Potato,5,2024,2300,2500,Zaid,200,2183.5218855218855,2858.8607594936707,1915.1666666666667,1988.592672413793
Maharashtra,Pandharpur,Tomato,7,2023,750,11000,Kharif,10250,6168.357446808511,3293.846153846154,3044.2994875080076,3289.337912087912
Maharashtra,Pandharpur,Onion,10,2023,300,2600,Kharif,2300,2678.6716114019778,3293.846153846154,3044.2994875080076,3462.48231511254
Maharashtra,"Sangli(Phale, Bhajipura Market)",Potato,1,2025,1600,3200,Rabi,1600,2183.5218855218855,2561.711711711712,2626.972396486826,2202.0962441314555
Maharashtra,Amrawati(Frui & Veg. Market),Onion,11,2024,1000,3500,Rabi,2500,2678.6716114019778,2546.923076923077,2626.972396486826,3859.0679611650485
Maharashtra,Amarawati,Wheat,9,2023,2400,2525,Kharif,125,2816.3259195893925,2544.848484848485,3044.2994875080076,3127.0038240917784
Maharashtra,Loha,Wheat,6,2023,1925,3300,Kharif,1375,2816.3259195893925,2960.2,3044.2994875080076,2308.1819620253164
Maharashtra,Gevrai,Wheat,8,2023,2200,2600,Kharif,400,2816.3259195893925,2950.590909090909,3044.2994875080076,3017.515397082658
Maharashtra,Lasalgaon(Vinchur),Onion,4,2025,800,1361,Zaid,561,2678.6716114019778,2574.311320754717,1915.1666666666667,1829.9925
Maharashtra,Nampur,Onion,7,2023,100,1720,Kharif,1620,2678.6716114019778,2499.769230769231,3044.2994875080076,3289.337912087912
Maharashtra,Rahuri(Vambori),Onion,10,2024,500,4500,Kharif,4000,2678.6716114019778,2812.3478260869565,3044.2994875080076,3462.48231511254
Maharashtra,Hingna,Potato,5,2024,2000,2000,Zaid,0,2183.5218855218855,2675.875,1915.1666666666667,1988.592672413793
Maharashtra,Rahata,Potato,5,2024,2200,2700,Zaid,500,2183.5218855218855,2600.863309352518,1915.1666666666667,1988.592672413793
Maharashtra,Amarawati,Wheat,8,2023,2450,2600,Kharif,150,2816.3259195893925,2544.848484848485,3044.2994875080076,3017.515397082658
Maharashtra,Khed(Chakan),Onion,10,2024,2000,4500,Kharif,2500,2678.6716114019778,2519.4174757281553,3044.2994875080076,3462.48231511254
Maharashtra,Manchar,Potato,5,2025,700,1600,Zaid,900,2183.5218855218855,2335.757575757576,1915.1666666666667,1988.592672413793
Maharashtra,Pimpalgaon Baswant(Saykheda),Onion,12,2024,1000,3701,Rabi,2701,2678.6716114019778,2602.5479452054797,2626.972396486826,2933.8104448742747
Maharashtra,"Sangli(Phale, Bhajipura Market)",Potato,8,2023,1200,1700,Kharif,500,2183.5218855218855,2561.711711711712,3044.2994875080076,3017.515397082658
Maharashtra,Shrirampur,Tomato,7,2023,2000,3000,Kharif,1000,6168.357446808511,2334.11,3044.2994875080076,3289.337912087912
Maharashtra,Pune(Khadiki),Onion,10,2023,1400,2000,Kharif,600,2678.6716114019778,2011.926605504587,3044.2994875080076,3462.48231511254
Maharashtra,"Sangli(Phale, Bhajipura Market)",Potato,3,2024,1600,2500,Rabi,900,2183.5218855218855,2561.711711711712,2626.972396486826,1861.5330739299611
Maharashtra,Rahata,Onion,2,2024,300,2400,Rabi,2100,2678.6716114019778,2600.863309352518,2626.972396486826,2104.9403341288785
Maharashtra,Savner,Wheat,10,2023,2260,2445,Kharif,185,2816.3259195893925,2425.5,3044.2994875080076,3462.48231511254
Maharashtra,Khed(Chakan),Potato,12,2023,1100,1500,Rabi,400,2183.5218855218855,2519.4174757281553,2626.972396486826,2933.8104448742747
Maharashtra,Alibagh,Rice,5,2025,2500,2700,Zaid,200,4928.92,2700.0,1915.1666666666667,1988.592672413793
Maharashtra,Tumsar,Wheat,8,2023,2021,2021,Kharif,0,2816.3259195893925,2576.0833333333335,3044.2994875080076,3017.515397082658
Maharashtra,Shree Rameshwar Krushi Market,Onion,7,2024,702,3212,Kharif,2510,2678.6716114019778,3118.64,3044.2994875080076,3289.337912087912
Maharashtra,Satana,Onion,11,2024,345,4951,Rabi,4606,2678.6716114019778,2894.45,2626.972396486826,3859.0679611650485
Maharashtra,Nagpur,Onion,4,2025,600,1300,Zaid,700,2678.6716114019778,2756.266666666667,1915.1666666666667,1829.9925
Maharashtra,Pune(Khadiki),Potato,7,2024,2000,2400,Kharif,400,2183.5218855218855,2011.926605504587,3044.2994875080076,3289.337912087912
Maharashtra,Nasik,Onion,8,2024,1200,3251,Kharif,2051,2678.6716114019778,2656.4253731343283,3044.2994875080076,3017.515397082658
Maharashtra,Pune,Onion,3,2024,500,1700,Rabi,1200,2678.6716114019778,3186.013986013986,2626.972396486826,1861.5330739299611
Maharashtra,Junnar(Narayangaon),Onion,6,2024,500,2600,Kharif,2100,2678.6716114019778,2861.8518518518517,3044.2994875080076,2308.1819620253164
Maharashtra,Vai,Potato,8,2023,1500,2300,Kharif,800,2183.5218855218855,3070.7865168539324,3044.2994875080076,3017.515397082658
Maharashtra,Akola,Onion,5,2024,800,1600,Zaid,800,2678.6716114019778,2421.8840579710145,1915.1666666666667,1988.592672413793
Maharashtra,Hinganghat,Wheat,12,2023,2430,2545,Rabi,115,2816.3259195893925,2467.7272727272725,2626.972396486826,2933.8104448742747
Maharashtra,Nagpur,Wheat,7,2023,2194,2368,Kharif,174,2816.3259195893925,2756.266666666667,3044.2994875080076,3289.337912087912
Maharashtra,Nasik,Onion,5,2024,700,1851,Zaid,1151,2678.6716114019778,2656.4253731343283,1915.1666666666667,1988.592672413793
Maharashtra,"Sangli(Phale, Bhajipura Market)",Potato,11,2023,800,1600,Rabi,800,2183.5218855218855,2561.711711711712,2626.972396486826,3859.0679611650485
Maharashtra,Baramati,Wheat,8,2023,2250,2800,Kharif,550,2816.3259195893925,2769.054054054054,3044.2994875080076,3017.515397082658
Maharashtra,Vai,Potato,8,2024,2800,3300,Kharif,500,2183.5218855218855,3070.7865168539324,3044.2994875080076,3017.515397082658
Maharashtra,Jalgaon,Onion,7,2023,350,1315,Kharif,965,2678.6716114019778,2410.159420289855,3044.2994875080076,3289.337912087912
Maharashtra,Solapur,Onion,12,2023,100,4900,Rabi,4800,2678.6716114019778,3247.752808988764,2626.972396486826,2933.8104448742747
Maharashtra,Pune(Moshi),Onion,9,2023,1000,2500,Kharif,1500,2678.6716114019778,2277.6119402985073,3044.2994875080076,3127.0038240917784
Maharashtra,Lasalgaon,Onion,8,2024,1200,3435,Kharif,2235,2678.6716114019778,2867.190476190476,3044.2994875080076,3017.515397082658
Maharashtra,Lasalgaon(Niphad),Onion,11,2023,2100,3700,Rabi,1600,2678.6716114019778,2520.8804347826085,2626.972396486826,3859.0679611650485
Maharashtra,Rahata,Wheat,7,2023,2200,2351,Kharif,151,2816.3259195893925,2600.863309352518,3044.2994875080076,3289.337912087912
Maharashtra,Satana,Onion,5,2025,250,1550,Zaid,1300,2678.6716114019778,2894.45,1915.1666666666667,1988.592672413793
Maharashtra,Gevrai,Wheat,10,2023,2450,2850,Kharif,400,2816.3259195893925,2950.590909090909,3044.2994875080076,3462.48231511254
Maharashtra,Pune(Manjri),Onion,6,2023,500,800,Kharif,300,2678.6716114019778,2804.7619047619046,3044.2994875080076,2308.1819620253164
Maharashtra,Nagpur,Wheat,11,2023,3000,3500,Rabi,500,2816.3259195893925,2756.266666666667,2626.972396486826,3859.0679611650485
Maharashtra,Pune(Moshi),Onion,3,2024,700,1200,Rabi,500,2678.6716114019778,2277.6119402985073,2626.972396486826,1861.5330739299611
Maharashtra,Vai,Onion,11,2023,2000,5000,Rabi,3000,2678.6716114019778,3070.7865168539324,2626.972396486826,3859.0679611650485
Maharashtra,Vashi New Mumbai,Onion,4,2024,1100,1600,Zaid,500,2678.6716114019778,2508.130081300813,1915.1666666666667,1829.9925
Maharashtra,Mankamneshwar Farmar Producer CoLtd Sanchalit Mank,Onion,5,2024,1000,1901,Zaid,901,2678.6716114019778,2072.0666666666666,1915.1666666666667,1988.592672413793
Maharashtra,Hingna,Onion,9,2024,3200,4000,Kharif,800,2678.6716114019778,2675.875,3044.2994875080076,3127.0038240917784
Maharashtra,Bhusaval,Potato,5,2024,1400,2200,Zaid,800,2183.5218855218855,2348.8,1915.1666666666667,1988.592672413793
Maharashtra,Pune(Khadiki),Potato,2,2025,700,1300,Rabi,600,2183.5218855218855,2011.926605504587,2626.972396486826,2104.9403341288785
Maharashtra,Karad,Onion,9,2024,3000,4000,Kharif,1000,2678.6716114019778,2862.31884057971,3044.2994875080076,3127.0038240917784
Maharashtra,Kamthi,Potato,5,2024,2000,3000,Zaid,1000,2183.5218855218855,3486.904761904762,1915.1666666666667,1988.592672413793
Maharashtra,Rahata,Potato,6,2024,2500,2900,Kharif,400,2183.5218855218855,2600.863309352518,3044.2994875080076,2308.1819620253164
Maharashtra,Vashi New Mumbai,Onion,7,2024,2400,2900,Kharif,500,2678.6716114019778,2508.130081300813,3044.2994875080076,3289.337912087912
Maharashtra,Parner,Onion,5,2025,200,2000,Zaid,1800,2678.6716114019778,2909.6153846153848,1915.1666666666667,1988.592672413793
Maharashtra,Pune(Manjri),Onion,6,2024,1300,1700,Kharif,400,2678.6716114019778,2804.7619047619046,3044.2994875080076,2308.1819620253164
Maharashtra,Kalvan,Onion,12,2023,1200,4675,Rabi,3475,2678.6716114019778,2726.1132075471696,2626.972396486826,2933.8104448742747
Maharashtra,Nasik,Potato,10,2023,1050,1500,Kharif,450,2183.5218855218855,2656.4253731343283,3044.2994875080076,3462.48231511254
Maharashtra,Om Chaitanya Multistate Agro Purpose CoOp Society,Onion,8,2024,500,3000,Kharif,2500,2678.6716114019778,2918.3333333333335,3044.2994875080076,3017.515397082658
Maharashtra,Navapur,Wheat,12,2023,2100,2100,Rabi,0,2816.3259195893925,2945.5882352941176,2626.972396486826,2933.8104448742747
Maharashtra,Karad,Onion,4,2025,800,1400,Zaid,600,2678.6716114019778,2862.31884057971,1915.1666666666667,1829.9925
Maharashtra,Yawal,Onion,1,2024,460,750,Rabi,290,2678.6716114019778,1866.578947368421,2626.972396486826,2202.0962441314555
Maharashtra,Amrawati(Frui & Veg. Market),Potato,10,2024,1400,2800,Kharif,1400,2183.5218855218855,2546.923076923077,3044.2994875080076,3462.48231511254
Maharashtra,Pimpalgaon,Onion,7,2023,350,2111,Kharif,1761,2678.6716114019778,3416.065934065934,3044.2994875080076,3289.337912087912
Maharashtra,Akluj,Potato,3,2025,1700,2000,Rabi,300,2183.5218855218855,2208.2716049382716,2626.972396486826,1861.5330739299611
Maharashtra,Pune(Moshi),Potato,12,2024,500,1600,Rabi,1100,2183.5218855218855,2277.6119402985073,2626.972396486826,2933.8104448742747
Maharashtra,Rahuri,Onion,8,2024,200,3100,Kharif,2900,2678.6716114019778,2826.0106382978724,3044.2994875080076,3017.515397082658
Maharashtra,Pune(Khadiki),Potato,8,2023,1400,1600,Kharif,200,2183.5218855218855,2011.926605504587,3044.2994875080076,3017.515397082658
Maharashtra,Pune(Khadiki),Onion,9,2023,1500,2200,Kharif,700,2678.6716114019778,2011.926605504587,3044.2994875080076,3127.0038240917784
Maharashtra,Satara,Potato,12,2024,2500,3000,Rabi,500,2183.5218855218855,2750.0,2626.972396486826,2933.8104448742747
Maharashtra,Ahmednagar,Tomato,10,2023,200,800,Kharif,600,6168.357446808511,2678.2608695652175,3044.2994875080076,3462.48231511254
Maharashtra,Pachora,Wheat,11,2023,2440,2681,Rabi,241,2816.3259195893925,2541.85,2626.972396486826,3859.0679611650485
Maharashtra,Umrane,Onion,3,2025,1000,2370,Rabi,1370,2678.6716114019778,2608.282608695652,2626.972396486826,1861.5330739299611
Maharashtra,Pachora,Wheat,7,2023,2160,2350,Kharif,190,2816.3259195893925,2541.85,3044.2994875080076,3289.337912087912
Maharashtra,Satara,Onion,3,2025,500,1600,Rabi,1100,2678.6716114019778,2750.0,2626.972396486826,1861.5330739299611
Maharashtra,Kalyan,Onion,3,2024,1500,1700,Rabi,200,2678.6716114019778,2589.4736842105262,2626.972396486826,1861.5330739299611
Maharashtra,Umrane,Onion,11,2023,1001,4000,Rabi,2999,2678.6716114019778,2608.282608695652,2626.972396486826,3859.0679611650485
Maharashtra,Pune(Moshi),Onion,9,2023,600,2000,Kharif,1400,2678.6716114019778,2277.6119402985073,3044.2994875080076,3127.0038240917784
Maharashtra,Ramtek,Onion,10,2024,4000,5000,Kharif,1000,2678.6716114019778,3246.0169491525426,3044.2994875080076,3462.48231511254
Maharashtra,Amrawati(Frui & Veg. Market),Potato,10,2023,1000,1600,Kharif,600,2183.5218855218855,2546.923076923077,3044.2994875080076,3462.48231511254
Maharashtra,Pimpalgaon,Onion,3,2024,1500,1991,Rabi,491,2678.6716114019778,3416.065934065934,2626.972396486826,1861.5330739299611
Maharashtra,Umrane,Onion,12,2023,551,1500,Rabi,949,2678.6716114019778,2608.282608695652,2626.972396486826,2933.8104448742747
Maharashtra,Pune(Moshi),Potato,7,2023,800,1700,Kharif,900,2183.5218855218855,2277.6119402985073,3044.2994875080076,3289.337912087912
Maharashtra,Amrawati(Frui & Veg. Market),Onion,9,2024,2200,4800,Kharif,2600,2678.6716114019778,2546.923076923077,3044.2994875080076,3127.0038240917784
Maharashtra,Rahuri,Tomato,6,2023,1000,2800,Kharif,1800,6168.357446808511,2826.0106382978724,3044.2994875080076,2308.1819620253164
Maharashtra,Kolhapur,Onion,7,2024,1000,3300,Kharif,2300,2678.6716114019778,3576.785714285714,3044.2994875080076,3289.337912087912
Maharashtra,Shree Sairaj Krushi Market,Onion,8,2024,1900,3800,Kharif,1900,2678.6716114019778,3469.375,3044.2994875080076,3017.515397082658
Maharashtra,Solapur,Potato,12,2023,700,1500,Rabi,800,2183.5218855218855,3247.752808988764,2626.972396486826,2933.8104448742747
Maharashtra,Pune(Manjri),Onion,7,2023,1300,1600,Kharif,300,2678.6716114019778,2804.7619047619046,3044.2994875080076,3289.337912087912
Maharashtra,Mumbai,Wheat,10,2023,2800,6000,Kharif,3200,2816.3259195893925,6127.272727272727,3044.2994875080076,3462.48231511254
Maharashtra,Pune,Onion,5,2024,600,1800,Zaid,1200,2678.6716114019778,3186.013986013986,1915.1666666666667,1988.592672413793
Maharashtra,Karjat(Raigad),Onion,12,2023,400,1800,Rabi,1400,2678.6716114019778,2770.2380952380954,2626.972396486826,2933.8104448742747
Maharashtra,Yeola,Wheat,1,2024,2370,3200,Rabi,830,2816.3259195893925,2692.5254237288136,2626.972396486826,2202.0962441314555
Maharashtra,Shahada,Wheat,10,2023,2547,2780,Kharif,233,2816.3259195893925,2744.6111111111113,3044.2994875080076,3462.48231511254
Maharashtra,Chandrapur(Ganjwad),Onion,6,2023,1500,2500,Kharif,1000,2678.6716114019778,2858.8607594936707,3044.2994875080076,2308.1819620253164
Maharashtra,Akluj,Onion,3,2024,300,2000,Rabi,1700,2678.6716114019778,2208.2716049382716,2626.972396486826,1861.5330739299611
Maharashtra,Lasalgaon,Onion,10,2024,2001,3791,Kharif,1790,2678.6716114019778,2867.190476190476,3044.2994875080076,3462.48231511254
Maharashtra,Lasalgaon,Onion,12,2023,600,2252,Rabi,1652,2678.6716114019778,2867.190476190476,2626.972396486826,2933.8104448742747
Maharashtra,Parner,Onion,8,2024,1500,3600,Kharif,2100,2678.6716114019778,2909.6153846153848,3044.2994875080076,3017.515397082658
Maharashtra,Manchar,Onion,3,2024,1200,1800,Rabi,600,2678.6716114019778,2335.757575757576,2626.972396486826,1861.5330739299611
Maharashtra,Vashi New Mumbai,Onion,12,2023,1300,2700,Rabi,1400,2678.6716114019778,2508.130081300813,2626.972396486826,2933.8104448742747
Maharashtra,Shree Rameshwar Krushi Market,Onion,7,2024,1000,3135,Kharif,2135,2678.6716114019778,3118.64,3044.2994875080076,3289.337912087912
Maharashtra,Nasik,Potato,9,2024,2000,2900,Kharif,900,2183.5218855218855,2656.4253731343283,3044.2994875080076,3127.0038240917784
Maharashtra,Pune(Manjri),Tomato,6,2023,1400,2700,Kharif,1300,6168.357446808511,2804.7619047619046,3044.2994875080076,2308.1819620253164
Maharashtra,Lasalgaon(Vinchur),Onion,8,2023,900,2511,Kharif,1611,2678.6716114019778,2574.311320754717,3044.2994875080076,3017.515397082658
Maharashtra,Chandvad,Onion,9,2023,600,2223,Kharif,1623,2678.6716114019778,3065.671875,3044.2994875080076,3127.0038240917784
Maharashtra,Lasalgaon(Niphad),Onion,9,2023,1000,2236,Kharif,1236,2678.6716114019778,2520.8804347826085,3044.2994875080076,3127.0038240917784
Maharashtra,Chandrapur(Ganjwad),Onion,8,2023,1600,3000,Kharif,1400,2678.6716114019778,2858.8607594936707,3044.2994875080076,3017.515397082658
Maharashtra,Vai,Onion,5,2024,1000,2200,Zaid,1200,2678.6716114019778,3070.7865168539324,1915.1666666666667,1988.592672413793
Maharashtra,Dindori,Onion,8,2023,990,1551,Kharif,561,2678.6716114019778,1774.4666666666667,3044.2994875080076,3017.515397082658
Maharashtra,Jalgaon,Potato,2,2024,800,1500,Rabi,700,2183.5218855218855,2410.159420289855,2626.972396486826,2104.9403341288785
Maharashtra,Kalyan,Onion,3,2025,2700,2800,Rabi,100,2678.6716114019778,2589.4736842105262,2626.972396486826,1861.5330739299611
Maharashtra,Amalner,Wheat,11,2023,2600,2875,Rabi,275,2816.3259195893925,2787.5714285714284,2626.972396486826,3859.0679611650485
Maharashtra,Nanded,Wheat,6,2023,2250,2250,Kharif,0,2816.3259195893925,2512.3076923076924,3044.2994875080076,2308.1819620253164
Maharashtra,Junnar,Potato,10,2023,1300,1800,Kharif,500,2183.5218855218855,2172.0833333333335,3044.2994875080076,3462.48231511254
Maharashtra,Kamthi,Potato,3,2024,1000,2000,Rabi,1000,2183.5218855218855,3486.904761904762,2626.972396486826,1861.5330739299611
Maharashtra,Jalgaon,Tomato,7,2023,3500,7500,Kharif,4000,6168.357446808511,2410.159420289855,3044.2994875080076,3289.337912087912
Maharashtra,Junnar(Alephata),Onion,8,2024,2300,4300,Kharif,2000,2678.6716114019778,3320.3846153846152,3044.2994875080076,3017.515397082658
Maharashtra,Nagpur,Onion,5,2024,1100,1600,Zaid,500,2678.6716114019778,2756.266666666667,1915.1666666666667,1988.592672413793
Maharashtra,Katol,Wheat,9,2023,2415,2420,Kharif,5,2816.3259195893925,2448.962962962963,3044.2994875080076,3127.0038240917784
Maharashtra,Pune(Khadiki),Onion,1,2024,1000,1600,Rabi,600,2678.6716114019778,2011.926605504587,2626.972396486826,2202.0962441314555
Maharashtra,Rahuri,Potato,4,2025,600,2200,Zaid,1600,2183.5218855218855,2826.0106382978724,1915.1666666666667,1829.9925
Maharashtra,Pimpalgaon,Onion,9,2024,2000,4851,Kharif,2851,2678.6716114019778,3416.065934065934,3044.2994875080076,3127.0038240917784
Maharashtra,Shirur,Onion,10,2024,500,5100,Kharif,4600,2678.6716114019778,5250.0,3044.2994875080076,3462.48231511254
Maharashtra,Nagpur,Potato,5,2025,1000,1800,Zaid,800,2183.5218855218855,2756.266666666667,1915.1666666666667,1988.592672413793
Maharashtra,Sangamner,Onion,1,2024,200,1800,Rabi,1600,2678.6716114019778,3329.057142857143,2626.972396486826,2202.0962441314555
Maharashtra,Vai,Potato,6,2025,2000,2500,Kharif,500,2183.5218855218855,3070.7865168539324,3044.2994875080076,2308.1819620253164
Maharashtra,Lasalgaon(Vinchur),Onion,3,2025,1200,1715,Rabi,515,2678.6716114019778,2574.311320754717,2626.972396486826,1861.5330739299611
Maharashtra,Jamkhed,Onion,3,2025,150,2000,Rabi,1850,2678.6716114019778,2610.4651162790697,2626.972396486826,1861.5330739299611
Maharashtra,Kamthi,Potato,4,2025,1500,2500,Zaid,1000,2183.5218855218855,3486.904761904762,1915.1666666666667,1829.9925
Maharashtra,Lasalgaon,Onion,6,2023,400,1381,Kharif,981,2678.6716114019778,2867.190476190476,3044.2994875080076,2308.1819620253164
Maharashtra,Nagpur,Wheat,9,2023,2350,2572,Kharif,222,2816.3259195893925,2756.266666666667,3044.2994875080076,3127.0038240917784
Maharashtra,Akola,Potato,9,2023,1000,1400,Kharif,400,2183.5218855218855,2421.8840579710145,3044.2994875080076,3127.0038240917784
Maharashtra,Pune,Onion,2,2025,1500,3000,Rabi,1500,2678.6716114019778,3186.013986013986,2626.972396486826,2104.9403341288785
Maharashtra,Hingna,Onion,5,2024,1600,2000,Zaid,400,2678.6716114019778,2675.875,1915.1666666666667,1988.592672413793
Maharashtra,Shevgaon,Onion,9,2024,4000,5500,Kharif,1500,2678.6716114019778,2106.75,3044.2994875080076,3127.0038240917784
Maharashtra,Nasik,Potato,5,2025,1400,1950,Zaid,550,2183.5218855218855,2656.4253731343283,1915.1666666666667,1988.592672413793
Maharashtra,Manmad,Onion,3,2024,400,1671,Rabi,1271,2678.6716114019778,2515.4166666666665,2626.972396486826,1861.5330739299611
Maharashtra,Chopada,Wheat,11,2023,2500,2817,Rabi,317,2816.3259195893925,2651.222222222222,2626.972396486826,3859.0679611650485
Maharashtra,Sangamner,Onion,6,2023,200,1500,Kharif,1300,2678.6716114019778,3329.057142857143,3044.2994875080076,2308.1819620253164
Maharashtra,Solapur,Potato,5,2025,1350,1800,Zaid,450,2183.5218855218855,3247.752808988764,1915.1666666666667,1988.592672413793
Maharashtra,Pimpalgaon Baswant(Saykheda),Onion,8,2024,2400,3801,Kharif,1401,2678.6716114019778,2602.5479452054797,3044.2994875080076,3017.515397082658
Maharashtra,Nagpur,Wheat,12,2023,2500,2728,Rabi,228,2816.3259195893925,2756.266666666667,2626.972396486826,2933.8104448742747
Maharashtra,Amrawati(Frui & Veg. Market),Potato,3,2024,600,1800,Rabi,1200,2183.5218855218855,2546.923076923077,2626.972396486826,1861.5330739299611
Maharashtra,Shree Rameshwar Krushi Market,Onion,6,2024,300,2655,Kharif,2355,2678.6716114019778,3118.64,3044.2994875080076,2308.1819620253164
Maharashtra,Pune(Pimpri),Onion,4,2025,800,1600,Zaid,800,2678.6716114019778,2966.2162162162163,1915.1666666666667,1829.9925
Maharashtra,Rahata,Wheat,12,2023,2350,2816,Rabi,466,2816.3259195893925,2600.863309352518,2626.972396486826,2933.8104448742747
Maharashtra,Manmad,Onion,2,2024,200,1260,Rabi,1060,2678.6716114019778,2515.4166666666665,2626.972396486826,2104.9403341288785
Maharashtra,Solapur,Potato,2,2025,1400,2050,Rabi,650,2183.5218855218855,3247.752808988764,2626.972396486826,2104.9403341288785
Maharashtra,Nagpur,Wheat,2,2024,2625,2886,Rabi,261,2816.3259195893925,2756.266666666667,2626.972396486826,2104.9403341288785
Maharashtra,Karad,Onion,8,2024,3000,3400,Kharif,400,2678.6716114019778,2862.31884057971,3044.2994875080076,3017.515397082658
Maharashtra,Rahata,Potato,9,2024,2000,2500,Kharif,500,2183.5218855218855,2600.863309352518,3044.2994875080076,3127.0038240917784
Maharashtra,Solapur,Potato,8,2024,1600,2900,Kharif,1300,2183.5218855218855,3247.752808988764,3044.2994875080076,3017.515397082658
Maharashtra,Satana,Onion,10,2024,1205,5025,Kharif,3820,2678.6716114019778,2894.45,3044.2994875080076,3462.48231511254
Maharashtra,Akola,Potato,12,2023,1200,1500,Rabi,300,2183.5218855218855,2421.8840579710145,2626.972396486826,2933.8104448742747
Maharashtra,Kopargaon,Onion,8,2023,300,2411,Kharif,2111,2678.6716114019778,2558.2608695652175,3044.2994875080076,3017.515397082658
Maharashtra,Rahata,Onion,9,2024,1750,4700,Kharif,2950,2678.6716114019778,2600.863309352518,3044.2994875080076,3127.0038240917784
Maharashtra,Kalvan,Onion,8,2024,1800,4195,Kharif,2395,2678.6716114019778,2726.1132075471696,3044.2994875080076,3017.515397082658
Maharashtra,Devala,Onion,10,2024,1400,4350,Kharif,2950,2678.6716114019778,2586.3793103448274,3044.2994875080076,3462.48231511254
Maharashtra,Lasalgaon(Niphad),Onion,5,2025,600,1700,Zaid,1100,2678.6716114019778,2520.8804347826085,1915.1666666666667,1988.592672413793
Maharashtra,Amarawati,Wheat,8,2023,2450,2550,Kharif,100,2816.3259195893925,2544.848484848485,3044.2994875080076,3017.515397082658
Maharashtra,Khed(Chakan),Onion,2,2024,800,1500,Rabi,700,2678.6716114019778,2519.4174757281553,2626.972396486826,2104.9403341288785
Maharashtra,Barshi,Wheat,6,2023,2400,3000,Kharif,600,2816.3259195893925,3191.6666666666665,3044.2994875080076,2308.1819620253164
Maharashtra,Lasalgaon,Onion,10,2024,1951,3690,Kharif,1739,2678.6716114019778,2867.190476190476,3044.2994875080076,3462.48231511254
Maharashtra,Bhokar,Wheat,10,2023,2081,2201,Kharif,120,2816.3259195893925,2335.125,3044.2994875080076,3462.48231511254
Maharashtra,Shree Salasar Krushi Bazar,Wheat,7,2023,2000,2000,Kharif,0,2816.3259195893925,2000.0,3044.2994875080076,3289.337912087912
Maharashtra,Shevgaon,Onion,2,2024,900,1475,Rabi,575,2678.6716114019778,2106.75,2626.972396486826,2104.9403341288785
Maharashtra,Pimpalgaon Baswant(Saykheda),Onion,9,2023,800,2151,Kharif,1351,2678.6716114019778,2602.5479452054797,3044.2994875080076,3127.0038240917784
Maharashtra,Shree Rameshwar Krushi Market,Onion,7,2023,200,1851,Kharif,1651,2678.6716114019778,3118.64,3044.2994875080076,3289.337912087912
Maharashtra,Akola,Onion,10,2024,1000,3000,Kharif,2000,2678.6716114019778,2421.8840579710145,3044.2994875080076,3462.48231511254
Maharashtra,Satara,Onion,4,2024,1000,1500,Zaid,500,2678.6716114019778,2750.0,1915.1666666666667,1829.9925
Maharashtra,Pachora,Wheat,7,2023,2100,2310,Kharif,210,2816.3259195893925,2541.85,3044.2994875080076,3289.337912087912
Maharashtra,Solapur,Tomato,6,2023,600,3200,Kharif,2600,6168.357446808511,3247.752808988764,3044.2994875080076,2308.1819620253164
Maharashtra,Ramtek,Onion,7,2024,4000,4200,Kharif,200,2678.6716114019778,3246.0169491525426,3044.2994875080076,3289.337912087912
Maharashtra,Hingna,Potato,5,2025,2000,2200,Zaid,200,2183.5218855218855,2675.875,1915.1666666666667,1988.592672413793
Maharashtra,Pune(Khadiki),Potato,9,2024,2000,2400,Kharif,400,2183.5218855218855,2011.926605504587,3044.2994875080076,3127.0038240917784
Maharashtra,Mankamneshwar Farmar Producer CoLtd Sanchalit Mank,Onion,11,2024,3000,5725,Rabi,2725,2678.6716114019778,2072.0666666666666,2626.972396486826,3859.0679611650485
Maharashtra,Pune(Pimpri),Onion,12,2023,3000,5000,Rabi,2000,2678.6716114019778,2966.2162162162163,2626.972396486826,2933.8104448742747
Maharashtra,Dindori(Vani),Onion,3,2025,1300,1551,Rabi,251,2678.6716114019778,2426.6388888888887,2626.972396486826,1861.5330739299611
Maharashtra,Sangamner,Onion,7,2024,300,3100,Kharif,2800,2678.6716114019778,3329.057142857143,3044.2994875080076,3289.337912087912
Maharashtra,Pune(Khadiki),Onion,8,2023,900,1300,Kharif,400,2678.6716114019778,2011.926605504587,3044.2994875080076,3017.515397082658
Maharashtra,Vai,Tomato,6,2023,1000,2000,Kharif,1000,6168.357446808511,3070.7865168539324,3044.2994875080076,2308.1819620253164
Maharashtra,Nagpur,Onion,6,2023,1600,1800,Kharif,200,2678.6716114019778,2756.266666666667,3044.2994875080076,2308.1819620253164
Maharashtra,Bhusaval,Onion,2,2025,2000,2500,Rabi,500,2678.6716114019778,2348.8,2626.972396486826,2104.9403341288785
Maharashtra,Jalgaon,Potato,11,2024,1500,2700,Rabi,1200,2183.5218855218855,2410.159420289855,2626.972396486826,3859.0679611650485
Maharashtra,Satara,Tomato,7,2023,5000,8000,Kharif,3000,6168.357446808511,2750.0,3044.2994875080076,3289.337912087912
Maharashtra,Shevgaon,Wheat,8,2023,2100,2511,Kharif,411,2816.3259195893925,2106.75,3044.2994875080076,3017.515397082658
Maharashtra,Lasalgaon,Onion,10,2024,3500,4485,Kharif,985,2678.6716114019778,2867.190476190476,3044.2994875080076,3462.48231511254
Maharashtra,Nampur,Onion,1,2024,100,1195,Rabi,1095,2678.6716114019778,2499.769230769231,2626.972396486826,2202.0962441314555
Maharashtra,Manmad,Onion,2,2024,305,1520,Rabi,1215,2678.6716114019778,2515.4166666666665,2626.972396486826,2104.9403341288785
Maharashtra,Pune(Moshi),Potato,12,2024,800,2500,Rabi,1700,2183.5218855218855,2277.6119402985073,2626.972396486826,2933.8104448742747
Maharashtra,Shree Rameshwar Krushi Market,Onion,10,2023,500,11111,Kharif,10611,2678.6716114019778,3118.64,3044.2994875080076,3462.48231511254
Maharashtra,Manchar,Onion,12,2024,500,600,Rabi,100,2678.6716114019778,2335.757575757576,2626.972396486826,2933.8104448742747
Maharashtra,Hingna,Onion,7,2024,1700,2800,Kharif,1100,2678.6716114019778,2675.875,3044.2994875080076,3289.337912087912
Maharashtra,Pune(Manjri),Onion,8,2024,1700,3500,Kharif,1800,2678.6716114019778,2804.7619047619046,3044.2994875080076,3017.515397082658
Maharashtra,Karad,Onion,5,2025,500,1300,Zaid,800,2678.6716114019778,2862.31884057971,1915.1666666666667,1988.592672413793
Maharashtra,Majalgaon,Wheat,1,2024,2300,2512,Rabi,212,2816.3259195893925,3154.5384615384614,2626.972396486826,2202.0962441314555
Maharashtra,Karad,Onion,5,2025,500,1400,Zaid,900,2678.6716114019778,2862.31884057971,1915.1666666666667,1988.592672413793
Maharashtra,Lasalgaon(Vinchur),Onion,2,2025,1055,2702,Rabi,1647,2678.6716114019778,2574.311320754717,2626.972396486826,2104.9403341288785
Maharashtra,Vashi New Mumbai,Onion,8,2024,3300,4000,Kharif,700,2678.6716114019778,2508.130081300813,3044.2994875080076,3017.515397082658
Maharashtra,Newasa(Ghodegaon),Onion,8,2024,1000,2900,Kharif,1900,2678.6716114019778,2765.151515151515,3044.2994875080076,3017.515397082658
Maharashtra,Jamkhed,Onion,11,2023,500,5500,Rabi,5000,2678.6716114019778,2610.4651162790697,2626.972396486826,3859.0679611650485
Maharashtra,Pathardi,Onion,1,2024,200,1600,Rabi,1400,2678.6716114019778,2397.093023255814,2626.972396486826,2202.0962441314555
Maharashtra,Khed(Chakan),Potato,12,2024,1300,2000,Rabi,700,2183.5218855218855,2519.4174757281553,2626.972396486826,2933.8104448742747
Maharashtra,Tumsar,Wheat,6,2023,2000,2180,Kharif,180,2816.3259195893925,2576.0833333333335,3044.2994875080076,2308.1819620253164
Maharashtra,Beed,Wheat,1,2024,2450,3350,Rabi,900,2816.3259195893925,3114.3636363636365,2626.972396486826,2202.0962441314555
Maharashtra,Kalmeshwar,Tomato,7,2023,9065,9500,Kharif,435,6168.357446808511,6000.0,3044.2994875080076,3289.337912087912
Maharashtra,Akola,Potato,5,2025,1000,1800,Zaid,800,2183.5218855218855,2421.8840579710145,1915.1666666666667,1988.592672413793
Maharashtra,Hingna,Potato,3,2024,1700,1700,Rabi,0,2183.5218855218855,2675.875,2626.972396486826,1861.5330739299611
Maharashtra,Dound,Wheat,6,2023,2000,2751,Kharif,751,2816.3259195893925,2757.5714285714284,3044.2994875080076,2308.1819620253164
Maharashtra,Bhusaval,Potato,8,2023,1400,1600,Kharif,200,2183.5218855218855,2348.8,3044.2994875080076,3017.515397082658
Maharashtra,Junnar(Narayangaon),Onion,9,2024,1510,5000,Kharif,3490,2678.6716114019778,2861.8518518518517,3044.2994875080076,3127.0038240917784
Maharashtra,Ahmednagar,Onion,3,2025,400,2400,Rabi,2000,2678.6716114019778,2678.2608695652175,2626.972396486826,1861.5330739299611
Maharashtra,Pune(Khadiki),Potato,9,2023,1200,1600,Kharif,400,2183.5218855218855,2011.926605504587,3044.2994875080076,3127.0038240917784
Maharashtra,Kamthi,Potato,3,2025,1500,2500,Rabi,1000,2183.5218855218855,3486.904761904762,2626.972396486826,1861.5330739299611
Maharashtra,Akola,Potato,3,2024,1000,1700,Rabi,700,2183.5218855218855,2421.8840579710145,2626.972396486826,1861.5330739299611
Maharashtra,Jalgaon,Onion,11,2023,1502,4000,Rabi,2498,2678.6716114019778,2410.159420289855,2626.972396486826,3859.0679611650485
Maharashtra,Ulhasnagar,Wheat,9,2023,3200,3600,Kharif,400,2816.3259195893925,3895.8333333333335,3044.2994875080076,3127.0038240917784
Maharashtra,Pune,Potato,1,2025,1500,2200,Rabi,700,2183.5218855218855,3186.013986013986,2626.972396486826,2202.0962441314555
Maharashtra,Karad,Onion,2,2025,1000,1600,Rabi,600,2678.6716114019778,2862.31884057971,2626.972396486826,2104.9403341288785
Maharashtra,Parner,Onion,11,2023,1000,4600,Rabi,3600,2678.6716114019778,2909.6153846153848,2626.972396486826,3859.0679611650485
Maharashtra,Shrirampur,Potato,9,2024,2500,3000,Kharif,500,2183.5218855218855,2334.11,3044.2994875080076,3127.0038240917784
Maharashtra,Shrigonda,Wheat,9,2023,2150,2400,Kharif,250,2816.3259195893925,2012.5,3044.2994875080076,3127.0038240917784
Maharashtra,Pune,Onion,8,2024,2500,4000,Kharif,1500,2678.6716114019778,3186.013986013986,3044.2994875080076,3017.515397082658
Maharashtra,Chandvad,Onion,5,2025,500,1550,Zaid,1050,2678.6716114019778,3065.671875,1915.1666666666667,1988.592672413793
Maharashtra,Kalvan,Onion,4,2025,400,1641,Zaid,1241,2678.6716114019778,2726.1132075471696,1915.1666666666667,1829.9925
Maharashtra,Pune(Khadiki),Onion,9,2023,1000,2000,Kharif,1000,2678.6716114019778,2011.926605504587,3044.2994875080076,3127.0038240917784
Maharashtra,Pune,Onion,10,2023,800,2400,Kharif,1600,2678.6716114019778,3186.013986013986,3044.2994875080076,3462.48231511254
Maharashtra,Bhusaval,Onion,6,2023,600,600,Kharif,0,2678.6716114019778,2348.8,3044.2994875080076,2308.1819620253164
Maharashtra,Shevgaon,Onion,7,2023,1200,1600,Kharif,400,2678.6716114019778,2106.75,3044.2994875080076,3289.337912087912
Maharashtra,Dondaicha,Wheat,1,2024,1875,2900,Rabi,1025,2816.3259195893925,2795.7727272727275,2626.972396486826,2202.0962441314555
Maharashtra,Savner,Wheat,12,2023,2380,3049,Rabi,669,2816.3259195893925,2425.5,2626.972396486826,2933.8104448742747
Maharashtra,Kamthi,Tomato,7,2023,11000,13000,Kharif,2000,6168.357446808511,3486.904761904762,3044.2994875080076,3289.337912087912
Maharashtra,Malegaon,Wheat,8,2023,2240,2876,Kharif,636,2816.3259195893925,2828.2608695652175,3044.2994875080076,3017.515397082658
Maharashtra,Shrigonda,Onion,5,2024,500,1600,Zaid,1100,2678.6716114019778,2012.5,1915.1666666666667,1988.592672413793
Maharashtra,Rahata,Onion,10,2024,1200,4800,Kharif,3600,2678.6716114019778,2600.863309352518,3044.2994875080076,3462.48231511254
Maharashtra,"Sangli(Phale, Bhajipura Market)",Potato,10,2023,1300,1500,Kharif,200,2183.5218855218855,2561.711711711712,3044.2994875080076,3462.48231511254
Maharashtra,Pimpalgaon Baswant(Saykheda),Onion,11,2023,1000,4200,Rabi,3200,2678.6716114019778,2602.5479452054797,2626.972396486826,3859.0679611650485
Maharashtra,Sangamner,Onion,5,2025,300,1452,Zaid,1152,2678.6716114019778,3329.057142857143,1915.1666666666667,1988.592672413793
Maharashtra,Dhule,Onion,2,2025,400,3010,Rabi,2610,2678.6716114019778,2516.8552631578946,2626.972396486826,2104.9403341288785
Maharashtra,Kopargaon,Onion,10,2023,1000,3671,Kharif,2671,2678.6716114019778,2558.2608695652175,3044.2994875080076,3462.48231511254
Maharashtra,Akola,Onion,7,2023,1000,2000,Kharif,1000,2678.6716114019778,2421.8840579710145,3044.2994875080076,3289.337912087912
Maharashtra,Bhusaval,Potato,9,2023,1400,1600,Kharif,200,2183.5218855218855,2348.8,3044.2994875080076,3127.0038240917784
Maharashtra,Ulhasnagar,Wheat,8,2023,3200,3600,Kharif,400,2816.3259195893925,3895.8333333333335,3044.2994875080076,3017.515397082658
Maharashtra,Solapur,Onion,10,2023,100,5100,Kharif,5000,2678.6716114019778,3247.752808988764,3044.2994875080076,3462.48231511254
Maharashtra,Kamthi,Onion,8,2024,3500,4500,Kharif,1000,2678.6716114019778,3486.904761904762,3044.2994875080076,3017.515397082658
Maharashtra,Ahmednagar,Potato,1,2025,500,2600,Rabi,2100,2183.5218855218855,2678.2608695652175,2626.972396486826,2202.0962441314555
Maharashtra,Vashi New Mumbai,Onion,9,2023,1000,2400,Kharif,1400,2678.6716114019778,2508.130081300813,3044.2994875080076,3127.0038240917784
Maharashtra,Akluj,Onion,6,2025,200,1500,Kharif,1300,2678.6716114019778,2208.2716049382716,3044.2994875080076,2308.1819620253164
Maharashtra,Nasik,Onion,7,2024,750,2951,Kharif,2201,2678.6716114019778,2656.4253731343283,3044.2994875080076,3289.337912087912
Maharashtra,Vai,Tomato,6,2023,1000,2200,Kharif,1200,6168.357446808511,3070.7865168539324,3044.2994875080076,2308.1819620253164
Maharashtra,Pandharpur,Wheat,6,2023,2380,2420,Kharif,40,2816.3259195893925,3293.846153846154,3044.2994875080076,2308.1819620253164
Maharashtra,Nandgaon,Onion,7,2023,100,1486,Kharif,1386,2678.6716114019778,2752.116666666667,3044.2994875080076,3289.337912087912
Maharashtra,Karjat(Raigad),Wheat,7,2023,1900,2600,Kharif,700,2816.3259195893925,2770.2380952380954,3044.2994875080076,3289.337912087912
Maharashtra,Mangal Wedha,Onion,3,2024,100,1450,Rabi,1350,2678.6716114019778,2928.322033898305,2626.972396486826,1861.5330739299611
Maharashtra,Ulhasnagar,Wheat,9,2023,3200,3800,Kharif,600,2816.3259195893925,3895.8333333333335,3044.2994875080076,3127.0038240917784
Maharashtra,Shevgaon,Wheat,10,2023,2300,2600,Kharif,300,2816.3259195893925,2106.75,3044.2994875080076,3462.48231511254
Maharashtra,Islampur,Onion,8,2024,2000,3000,Kharif,1000,2678.6716114019778,2422.7272727272725,3044.2994875080076,3017.515397082658
Maharashtra,Rahata,Potato,11,2023,1600,1700,Rabi,100,2183.5218855218855,2600.863309352518,2626.972396486826,3859.0679611650485
Maharashtra,Pune(Khadiki),Onion,11,2023,2000,4500,Rabi,2500,2678.6716114019778,2011.926605504587,2626.972396486826,3859.0679611650485
Maharashtra,Selu,Wheat,11,2023,2500,2500,Rabi,0,2816.3259195893925,2517.5,2626.972396486826,3859.0679611650485
Maharashtra,Rahata,Tomato,7,2023,3000,7200,Kharif,4200,6168.357446808511,2600.863309352518,3044.2994875080076,3289.337912087912
Maharashtra,Kalyan,Onion,8,2024,2200,3000,Kharif,800,2678.6716114019778,2589.4736842105262,3044.2994875080076,3017.515397082658
Maharashtra,Nampur,Onion,3,2025,300,1605,Rabi,1305,2678.6716114019778,2499.769230769231,2626.972396486826,1861.5330739299611
Maharashtra,Phaltan,Tomato,7,2023,300,9500,Kharif,9200,6168.357446808511,5066.785714285715,3044.2994875080076,3289.337912087912
Maharashtra,Yeola,Wheat,12,2023,2501,3044,Rabi,543,2816.3259195893925,2692.5254237288136,2626.972396486826,2933.8104448742747
Maharashtra,Khed(Chakan),Potato,9,2024,2200,3000,Kharif,800,2183.5218855218855,2519.4174757281553,3044.2994875080076,3127.0038240917784
Maharashtra,Om Chaitanya Multistate Agro Purpose CoOp Society,Onion,2,2025,500,3000,Rabi,2500,2678.6716114019778,2918.3333333333335,2626.972396486826,2104.9403341288785
Maharashtra,Pen,Onion,3,2024,2000,2200,Rabi,200,2678.6716114019778,2790.909090909091,2626.972396486826,1861.5330739299611
Maharashtra,Karjat(Raigad),Wheat,10,2023,2000,2600,Kharif,600,2816.3259195893925,2770.2380952380954,3044.2994875080076,3462.48231511254
Maharashtra,Pune,Potato,1,2024,800,1600,Rabi,800,2183.5218855218855,3186.013986013986,2626.972396486826,2202.0962441314555
Maharashtra,Pen,Potato,2,2024,2000,2200,Rabi,200,2183.5218855218855,2790.909090909091,2626.972396486826,2104.9403341288785
Maharashtra,Hingna,Onion,7,2024,1900,1900,Kharif,0,2678.6716114019778,2675.875,3044.2994875080076,3289.337912087912
Maharashtra,Kopargaon,Onion,10,2023,500,2800,Kharif,2300,2678.6716114019778,2558.2608695652175,3044.2994875080076,3462.48231511254
Maharashtra,Pune(Pimpri),Onion,8,2023,1200,2600,Kharif,1400,2678.6716114019778,2966.2162162162163,3044.2994875080076,3017.515397082658
Maharashtra,Ramtek,Onion,9,2024,3900,4500,Kharif,600,2678.6716114019778,3246.0169491525426,3044.2994875080076,3127.0038240917784
Maharashtra,Manmad,Onion,2,2025,400,2400,Rabi,2000,2678.6716114019778,2515.4166666666665,2626.972396486826,2104.9403341288785
Maharashtra,Chandrapur(Ganjwad),Onion,11,2023,3200,5000,Rabi,1800,2678.6716114019778,2858.8607594936707,2626.972396486826,3859.0679611650485
Maharashtra,Satana,Onion,11,2023,1000,4270,Rabi,3270,2678.6716114019778,2894.45,2626.972396486826,3859.0679611650485
Maharashtra,Akluj,Potato,3,2025,1500,1900,Rabi,400,2183.5218855218855,2208.2716049382716,2626.972396486826,1861.5330739299611
Maharashtra,Pune(Pimpri),Onion,5,2025,1200,1200,Zaid,0,2678.6716114019778,2966.2162162162163,1915.1666666666667,1988.592672413793
Maharashtra,Shrigonda,Onion,1,2024,500,2200,Rabi,1700,2678.6716114019778,2012.5,2626.972396486826,2202.0962441314555
Maharashtra,Varud(Rajura Bazar),Wheat,1,2024,2350,2700,Rabi,350,2816.3259195893925,2700.0,2626.972396486826,2202.0962441314555
Maharashtra,Sangamner,Onion,12,2023,500,3000,Rabi,2500,2678.6716114019778,3329.057142857143,2626.972396486826,2933.8104448742747
Maharashtra,Nasik,Onion,3,2024,700,1950,Rabi,1250,2678.6716114019778,2656.4253731343283,2626.972396486826,1861.5330739299611
Maharashtra,Pimpalgaon Baswant(Saykheda),Onion,9,2024,2900,4799,Kharif,1899,2678.6716114019778,2602.5479452054797,3044.2994875080076,3127.0038240917784
Maharashtra,Pimpalgaon Baswant(Saykheda),Onion,5,2024,500,1701,Zaid,1201,2678.6716114019778,2602.5479452054797,1915.1666666666667,1988.592672413793
Maharashtra,Baramati,Onion,9,2023,400,2200,Kharif,1800,2678.6716114019778,2769.054054054054,3044.2994875080076,3127.0038240917784
Maharashtra,Manchar,Potato,10,2023,1000,1500,Kharif,500,2183.5218855218855,2335.757575757576,3044.2994875080076,3462.48231511254
Maharashtra,Amrawati(Frui & Veg. Market),Potato,8,2023,1000,1600,Kharif,600,2183.5218855218855,2546.923076923077,3044.2994875080076,3017.515397082658
Maharashtra,Kopargaon,Onion,10,2024,1000,3115,Kharif,2115,2678.6716114019778,2558.2608695652175,3044.2994875080076,3462.48231511254
Maharashtra,Sinner,Onion,7,2023,100,1400,Kharif,1300,2678.6716114019778,2542.6071428571427,3044.2994875080076,3289.337912087912
Maharashtra,Sindi(Selu),Wheat,9,2023,2100,2375,Kharif,275,2816.3259195893925,2372.222222222222,3044.2994875080076,3127.0038240917784
Maharashtra,Barshi,Wheat,11,2023,2800,4000,Rabi,1200,2816.3259195893925,3191.6666666666665,2626.972396486826,3859.0679611650485
Maharashtra,Pune(Manjri),Potato,8,2023,1400,1800,Kharif,400,2183.5218855218855,2804.7619047619046,3044.2994875080076,3017.515397082658
Maharashtra,Ramtek,Potato,5,2024,2000,2400,Zaid,400,2183.5218855218855,3246.0169491525426,1915.1666666666667,1988.592672413793
Maharashtra,Dindori,Onion,6,2023,500,1170,Kharif,670,2678.6716114019778,1774.4666666666667,3044.2994875080076,2308.1819620253164
Maharashtra,Vashi New Mumbai,Onion,4,2025,800,1500,Zaid,700,2678.6716114019778,2508.130081300813,1915.1666666666667,1829.9925
Maharashtra,Lasalgaon,Onion,10,2023,1000,2901,Kharif,1901,2678.6716114019778,2867.190476190476,3044.2994875080076,3462.48231511254
Maharashtra,Nandurbar,Onion,5,2024,1270,1515,Zaid,245,2678.6716114019778,2220.733333333333,1915.1666666666667,1988.592672413793
Maharashtra,Shree Rameshwar Krushi Market,Onion,2,2025,352,2900,Rabi,2548,2678.6716114019778,3118.64,2626.972396486826,2104.9403341288785
Maharashtra,Gevrai,Wheat,6,2023,2150,2700,Kharif,550,2816.3259195893925,2950.590909090909,3044.2994875080076,2308.1819620253164
Maharashtra,Manmad,Onion,10,2023,1700,4700,Kharif,3000,2678.6716114019778,2515.4166666666665,3044.2994875080076,3462.48231511254
Maharashtra,Kopargaon,Wheat,1,2024,2501,2780,Rabi,279,2816.3259195893925,2558.2608695652175,2626.972396486826,2202.0962441314555
Maharashtra,"Sangli(Phale, Bhajipura Market)",Onion,8,2024,1500,4300,Kharif,2800,2678.6716114019778,2561.711711711712,3044.2994875080076,3017.515397082658
Maharashtra,Nasik,Potato,5,2024,2100,2500,Zaid,400,2183.5218855218855,2656.4253731343283,1915.1666666666667,1988.592672413793
Maharashtra,Karjat,Onion,11,2024,500,3500,Rabi,3000,2678.6716114019778,2275.0,2626.972396486826,3859.0679611650485
Maharashtra,Lasalgaon(Vinchur),Onion,8,2024,1500,3712,Kharif,2212,2678.6716114019778,2574.311320754717,3044.2994875080076,3017.515397082658
Maharashtra,Pimpalgaon Baswant(Saykheda),Onion,4,2024,751,1351,Zaid,600,2678.6716114019778,2602.5479452054797,1915.1666666666667,1829.9925
Maharashtra,Junnar(Otur),Potato,9,2024,1000,2510,Kharif,1510,2183.5218855218855,2554.5283018867926,3044.2994875080076,3127.0038240917784
Maharashtra,Junnar(Otur),Onion,12,2023,1000,2500,Rabi,1500,2678.6716114019778,2554.5283018867926,2626.972396486826,2933.8104448742747
Maharashtra,Hingna,Onion,4,2024,1600,1700,Zaid,100,2678.6716114019778,2675.875,1915.1666666666667,1829.9925
Maharashtra,Junnar(Narayangaon),Potato,9,2024,3000,3000,Kharif,0,2183.5218855218855,2861.8518518518517,3044.2994875080076,3127.0038240917784
Maharashtra,Lasalgaon,Wheat,6,2023,2201,2667,Kharif,466,2816.3259195893925,2867.190476190476,3044.2994875080076,2308.1819620253164
Maharashtra,Pune,Potato,7,2023,1400,2100,Kharif,700,2183.5218855218855,3186.013986013986,3044.2994875080076,3289.337912087912
Maharashtra,Solapur,Wheat,7,2023,2300,3465,Kharif,1165,2816.3259195893925,3247.752808988764,3044.2994875080076,3289.337912087912
Maharashtra,"Sangli(Phale, Bhajipura Market)",Potato,10,2024,2500,3100,Kharif,600,2183.5218855218855,2561.711711711712,3044.2994875080076,3462.48231511254
Maharashtra,Nagpur,Potato,6,2024,2000,2600,Kharif,600,2183.5218855218855,2756.266666666667,3044.2994875080076,2308.1819620253164
Maharashtra,Karad,Onion,9,2023,1500,2300,Kharif,800,2678.6716114019778,2862.31884057971,3044.2994875080076,3127.0038240917784
Maharashtra,Khed(Chakan),Onion,7,2024,2000,3000,Kharif,1000,2678.6716114019778,2519.4174757281553,3044.2994875080076,3289.337912087912
Maharashtra,Chandvad,Onion,3,2025,1370,1551,Rabi,181,2678.6716114019778,3065.671875,2626.972396486826,1861.5330739299611
Maharashtra,Nagpur,Potato,6,2024,1800,2200,Kharif,400,2183.5218855218855,2756.266666666667,3044.2994875080076,2308.1819620253164
Maharashtra,Newasa(Ghodegaon),Onion,4,2024,200,1600,Zaid,1400,2678.6716114019778,2765.151515151515,1915.1666666666667,1829.9925
Maharashtra,Solapur,Onion,5,2024,100,3100,Zaid,3000,2678.6716114019778,3247.752808988764,1915.1666666666667,1988.592672413793
Maharashtra,Lasalgaon,Onion,5,2024,501,2001,Zaid,1500,2678.6716114019778,2867.190476190476,1915.1666666666667,1988.592672413793
Maharashtra,Sangamner,Onion,7,2024,500,3100,Kharif,2600,2678.6716114019778,3329.057142857143,3044.2994875080076,3289.337912087912
Maharashtra,Gevrai,Wheat,2,2024,2400,3200,Rabi,800,2816.3259195893925,2950.590909090909,2626.972396486826,2104.9403341288785
Maharashtra,Khed(Chakan),Onion,9,2023,1000,2200,Kharif,1200,2678.6716114019778,2519.4174757281553,3044.2994875080076,3127.0038240917784
Maharashtra,Shevgaon,Onion,2,2024,500,800,Rabi,300,2678.6716114019778,2106.75,2626.972396486826,2104.9403341288785
Maharashtra,Lasalgaon(Vinchur),Onion,7,2024,1000,2920,Kharif,1920,2678.6716114019778,2574.311320754717,3044.2994875080076,3289.337912087912
Maharashtra,Nagpur,Potato,8,2023,1300,1600,Kharif,300,2183.5218855218855,2756.266666666667,3044.2994875080076,3017.515397082658
Maharashtra,Karjat(Raigad),Rice,5,2025,4200,5800,Zaid,1600,4928.92,2770.2380952380954,1915.1666666666667,1988.592672413793
Maharashtra,Nagpur,Onion,12,2023,1500,2200,Rabi,700,2678.6716114019778,2756.266666666667,2626.972396486826,2933.8104448742747
Maharashtra,Pune(Moshi),Onion,7,2024,1600,3000,Kharif,1400,2678.6716114019778,2277.6119402985073,3044.2994875080076,3289.337912087912
Maharashtra,Junnar(Otur),Potato,2,2024,500,1700,Rabi,1200,2183.5218855218855,2554.5283018867926,2626.972396486826,2104.9403341288785
Maharashtra,Kalyan,Potato,6,2025,1800,1900,Kharif,100,2183.5218855218855,2589.4736842105262,3044.2994875080076,2308.1819620253164
Maharashtra,Umrane,Onion,11,2023,901,3500,Rabi,2599,2678.6716114019778,2608.282608695652,2626.972396486826,3859.0679611650485
Maharashtra,Loha,Wheat,7,2023,2100,2151,Kharif,51,2816.3259195893925,2960.2,3044.2994875080076,3289.337912087912
Maharashtra,Katol,Wheat,8,2023,2380,2400,Kharif,20,2816.3259195893925,2448.962962962963,3044.2994875080076,3017.515397082658
Maharashtra,Manmad,Onion,3,2025,1000,1790,Rabi,790,2678.6716114019778,2515.4166666666665,2626.972396486826,1861.5330739299611
Maharashtra,Akola,Potato,12,2023,1100,1500,Rabi,400,2183.5218855218855,2421.8840579710145,2626.972396486826,2933.8104448742747
Maharashtra,Chandrapur(Ganjwad),Onion,4,2025,1100,1500,Zaid,400,2678.6716114019778,2858.8607594936707,1915.1666666666667,1829.9925
Maharashtra,Nagpur,Onion,12,2023,2000,2200,Rabi,200,2678.6716114019778,2756.266666666667,2626.972396486826,2933.8104448742747
Maharashtra,Dindori(Vani),Onion,7,2023,1000,1811,Kharif,811,2678.6716114019778,2426.6388888888887,3044.2994875080076,3289.337912087912
Maharashtra,Kada,Wheat,9,2023,3000,3200,Kharif,200,2816.3259195893925,2177.2727272727275,3044.2994875080076,3127.0038240917784
Maharashtra,Rahata,Wheat,11,2023,2631,2996,Rabi,365,2816.3259195893925,2600.863309352518,2626.972396486826,3859.0679611650485
Maharashtra,Dindori(Vani),Onion,7,2023,1100,1951,Kharif,851,2678.6716114019778,2426.6388888888887,3044.2994875080076,3289.337912087912
Maharashtra,Pune,Wheat,6,2023,4000,5000,Kharif,1000,2816.3259195893925,3186.013986013986,3044.2994875080076,2308.1819620253164
Maharashtra,Yeola,Onion,11,2024,500,4050,Rabi,3550,2678.6716114019778,2692.5254237288136,2626.972396486826,3859.0679611650485
Maharashtra,Yawal,Onion,3,2024,670,1020,Rabi,350,2678.6716114019778,1866.578947368421,2626.972396486826,1861.5330739299611
Maharashtra,Chandvad,Onion,5,2025,301,1391,Zaid,1090,2678.6716114019778,3065.671875,1915.1666666666667,1988.592672413793
Maharashtra,Pune,Potato,1,2025,1400,2200,Rabi,800,2183.5218855218855,3186.013986013986,2626.972396486826,2202.0962441314555
Maharashtra,Kopargaon,Onion,8,2023,300,2401,Kharif,2101,2678.6716114019778,2558.2608695652175,3044.2994875080076,3017.515397082658
Maharashtra,Pune,Onion,7,2024,1000,3000,Kharif,2000,2678.6716114019778,3186.013986013986,3044.2994875080076,3289.337912087912
Maharashtra,Om Chaitanya Multistate Agro Purpose CoOp Society,Onion,3,2025,300,1600,Rabi,1300,2678.6716114019778,2918.3333333333335,2626.972396486826,1861.5330739299611
Maharashtra,Tumsar,Wheat,6,2023,2200,2200,Kharif,0,2816.3259195893925,2576.0833333333335,3044.2994875080076,2308.1819620253164
Maharashtra,Balapur,Wheat,8,2023,2300,2400,Kharif,100,2816.3259195893925,2450.0,3044.2994875080076,3017.515397082658
Maharashtra,Pune,Onion,12,2023,800,3000,Rabi,2200,2678.6716114019778,3186.013986013986,2626.972396486826,2933.8104448742747
Maharashtra,Dhule,Wheat,11,2023,2500,3130,Rabi,630,2816.3259195893925,2516.8552631578946,2626.972396486826,3859.0679611650485
Maharashtra,Hingoli,Wheat,12,2023,2200,3400,Rabi,1200,2816.3259195893925,3146.6153846153848,2626.972396486826,2933.8104448742747
Maharashtra,Nagpur,Onion,6,2023,500,1000,Kharif,500,2678.6716114019778,2756.266666666667,3044.2994875080076,2308.1819620253164
Maharashtra,"Sangli(Phale, Bhajipura Market)",Onion,8,2023,500,1850,Kharif,1350,2678.6716114019778,2561.711711711712,3044.2994875080076,3017.515397082658
Maharashtra,Selu,Wheat,10,2023,2300,2550,Kharif,250,2816.3259195893925,2517.5,3044.2994875080076,3462.48231511254
Maharashtra,Pune(Pimpri),Onion,3,2024,1000,1600,Rabi,600,2678.6716114019778,2966.2162162162163,2626.972396486826,1861.5330739299611
Maharashtra,Solapur,Potato,2,2024,750,1700,Rabi,950,2183.5218855218855,3247.752808988764,2626.972396486826,2104.9403341288785
Maharashtra,Shrirampur,Potato,11,2024,2500,3000,Rabi,500,2183.5218855218855,2334.11,2626.972396486826,3859.0679611650485
Maharashtra,Pune(Moshi),Potato,1,2025,600,1800,Rabi,1200,2183.5218855218855,2277.6119402985073,2626.972396486826,2202.0962441314555
Maharashtra,Pimpalgaon Baswant(Saykheda),Onion,6,2023,250,1100,Kharif,850,2678.6716114019778,2602.5479452054797,3044.2994875080076,2308.1819620253164
Maharashtra,Nandurbar,Wheat,10,2023,2542,2840,Kharif,298,2816.3259195893925,2220.733333333333,3044.2994875080076,3462.48231511254
Maharashtra,Satara,Potato,8,2023,1500,1800,Kharif,300,2183.5218855218855,2750.0,3044.2994875080076,3017.515397082658
Maharashtra,"Sangli(Phale, Bhajipura Market)",Potato,5,2024,1600,2600,Zaid,1000,2183.5218855218855,2561.711711711712,1915.1666666666667,1988.592672413793
Maharashtra,"Sangli(Phale, Bhajipura Market)",Potato,4,2024,1600,2600,Zaid,1000,2183.5218855218855,2561.711711711712,1915.1666666666667,1829.9925
Maharashtra,Baramati,Onion,8,2024,700,4500,Kharif,3800,2678.6716114019778,2769.054054054054,3044.2994875080076,3017.515397082658
Maharashtra,Pathardi,Onion,4,2025,300,1500,Zaid,1200,2678.6716114019778,2397.093023255814,1915.1666666666667,1829.9925
Maharashtra,Rahata,Potato,9,2024,2500,2800,Kharif,300,2183.5218855218855,2600.863309352518,3044.2994875080076,3127.0038240917784
Maharashtra,Ausa,Wheat,7,2023,2200,3200,Kharif,1000,2816.3259195893925,3000.6,3044.2994875080076,3289.337912087912
Maharashtra,Kopargaon,Onion,10,2023,1000,4555,Kharif,3555,2678.6716114019778,2558.2608695652175,3044.2994875080076,3462.48231511254
Maharashtra,Navapur,Tomato,7,2023,4000,10000,Kharif,6000,6168.357446808511,2945.5882352941176,3044.2994875080076,3289.337912087912
Maharashtra,Newasa(Ghodegaon),Onion,3,2025,1000,2500,Rabi,1500,2678.6716114019778,2765.151515151515,2626.972396486826,1861.5330739299611
Maharashtra,Kalvan,Onion,9,2023,500,2805,Kharif,2305,2678.6716114019778,2726.1132075471696,3044.2994875080076,3127.0038240917784
Maharashtra,Amarawati,Wheat,12,2023,2350,2500,Rabi,150,2816.3259195893925,2544.848484848485,2626.972396486826,2933.8104448742747
Maharashtra,Vashi New Mumbai,Onion,9,2024,3400,4200,Kharif,800,2678.6716114019778,2508.130081300813,3044.2994875080076,3127.0038240917784
Maharashtra,Kalvan,Onion,1,2024,500,2251,Rabi,1751,2678.6716114019778,2726.1132075471696,2626.972396486826,2202.0962441314555
Maharashtra,Pune(Pimpri),Onion,11,2024,3300,6000,Rabi,2700,2678.6716114019778,2966.2162162162163,2626.972396486826,3859.0679611650485
Maharashtra,Kolhapur,Tomato,6,2023,1000,2700,Kharif,1700,6168.357446808511,3576.785714285714,3044.2994875080076,2308.1819620253164
Maharashtra,Nagpur,Wheat,11,2023,2562,2760,Rabi,198,2816.3259195893925,2756.266666666667,2626.972396486826,3859.0679611650485
Maharashtra,Rahuri,Potato,6,2023,1300,2000,Kharif,700,2183.5218855218855,2826.0106382978724,3044.2994875080076,2308.1819620253164
Maharashtra,Kaij,Wheat,8,2023,2500,3000,Kharif,500,2816.3259195893925,2718.0,3044.2994875080076,3017.515397082658
Maharashtra,Kamthi,Onion,6,2023,1200,1600,Kharif,400,2678.6716114019778,3486.904761904762,3044.2994875080076,2308.1819620253164
Maharashtra,Rahuri,Potato,3,2024,700,2100,Rabi,1400,2183.5218855218855,2826.0106382978724,2626.972396486826,1861.5330739299611
Maharashtra,Lasalgaon(Niphad),Onion,10,2024,2400,4351,Kharif,1951,2678.6716114019778,2520.8804347826085,3044.2994875080076,3462.48231511254
Maharashtra,Amrawati(Frui & Veg. Market),Potato,3,2024,600,1700,Rabi,1100,2183.5218855218855,2546.923076923077,2626.972396486826,1861.5330739299611
Maharashtra,"Sangli(Phale, Bhajipura Market)",Onion,8,2023,500,2000,Kharif,1500,2678.6716114019778,2561.711711711712,3044.2994875080076,3017.515397082658
Maharashtra,Kopargaon,Wheat,12,2023,2500,2890,Rabi,390,2816.3259195893925,2558.2608695652175,2626.972396486826,2933.8104448742747
Maharashtra,Nagpur,Onion,9,2024,3500,4500,Kharif,1000,2678.6716114019778,2756.266666666667,3044.2994875080076,3127.0038240917784
Maharashtra,Vadgaonpeth,Onion,6,2025,1000,1400,Kharif,400,2678.6716114019778,2767.5675675675675,3044.2994875080076,2308.1819620253164
Maharashtra,Shevgaon,Onion,7,2023,200,700,Kharif,500,2678.6716114019778,2106.75,3044.2994875080076,3289.337912087912
Maharashtra,Jalgaon,Onion,4,2024,500,1325,Zaid,825,2678.6716114019778,2410.159420289855,1915.1666666666667,1829.9925
Maharashtra,Khed(Chakan),Potato,10,2024,2000,3400,Kharif,1400,2183.5218855218855,2519.4174757281553,3044.2994875080076,3462.48231511254
Maharashtra,Lasalgaon(Vinchur),Onion,2,2024,550,1375,Rabi,825,2678.6716114019778,2574.311320754717,2626.972396486826,2104.9403341288785
Maharashtra,Sinner,Onion,10,2023,700,4600,Kharif,3900,2678.6716114019778,2542.6071428571427,3044.2994875080076,3462.48231511254
Maharashtra,Nanded,Wheat,8,2023,2250,2250,Kharif,0,2816.3259195893925,2512.3076923076924,3044.2994875080076,3017.515397082658
Maharashtra,Vashi New Mumbai,Onion,10,2023,1700,3800,Kharif,2100,2678.6716114019778,2508.130081300813,3044.2994875080076,3462.48231511254
Maharashtra,Jalgaon,Onion,8,2024,752,4195,Kharif,3443,2678.6716114019778,2410.159420289855,3044.2994875080076,3017.515397082658
Maharashtra,Pune(Khadiki),Potato,8,2023,1300,1500,Kharif,200,2183.5218855218855,2011.926605504587,3044.2994875080076,3017.515397082658
Maharashtra,Laxmi Sopan Agriculture Produce Marketing Co Ltd,Onion,12,2024,500,6500,Rabi,6000,2678.6716114019778,2508.3928571428573,2626.972396486826,2933.8104448742747
Maharashtra,Pune,Onion,4,2024,600,1600,Zaid,1000,2678.6716114019778,3186.013986013986,1915.1666666666667,1829.9925
Maharashtra,Shirpur,Onion,12,2023,300,3025,Rabi,2725,2678.6716114019778,2791.733333333333,2626.972396486826,2933.8104448742747
Maharashtra,Jalgaon,Onion,8,2023,500,2100,Kharif,1600,2678.6716114019778,2410.159420289855,3044.2994875080076,3017.515397082658
Maharashtra,Rahata,Potato,9,2023,1500,1700,Kharif,200,2183.5218855218855,2600.863309352518,3044.2994875080076,3127.0038240917784
Maharashtra,Jalgaon,Onion,2,2025,650,2850,Rabi,2200,2678.6716114019778,2410.159420289855,2626.972396486826,2104.9403341288785
Maharashtra,Devala,Onion,10,2023,450,3325,Kharif,2875,2678.6716114019778,2586.3793103448274,3044.2994875080076,3462.48231511254
Maharashtra,Yeola,Onion,12,2023,600,1951,Rabi,1351,2678.6716114019778,2692.5254237288136,2626.972396486826,2933.8104448742747
Maharashtra,Ahmednagar,Potato,11,2023,1000,1600,Rabi,600,2183.5218855218855,2678.2608695652175,2626.972396486826,3859.0679611650485
Maharashtra,Sangamner,Tomato,6,2023,500,3750,Kharif,3250,6168.357446808511,3329.057142857143,3044.2994875080076,2308.1819620253164
Maharashtra,Dhule,Onion,6,2023,170,840,Kharif,670,2678.6716114019778,2516.8552631578946,3044.2994875080076,2308.1819620253164
Maharashtra,Pune(Khadiki),Potato,3,2024,1300,1600,Rabi,300,2183.5218855218855,2011.926605504587,2626.972396486826,1861.5330739299611
Maharashtra,Jalgaon,Tomato,6,2023,500,1500,Kharif,1000,6168.357446808511,2410.159420289855,3044.2994875080076,2308.1819620253164
Maharashtra,Pachora,Wheat,7,2023,2212,2451,Kharif,239,2816.3259195893925,2541.85,3044.2994875080076,3289.337912087912
Maharashtra,Pune(Manjri),Potato,5,2024,2000,2500,Zaid,500,2183.5218855218855,2804.7619047619046,1915.1666666666667,1988.592672413793
Maharashtra,Satana,Onion,8,2024,1000,3900,Kharif,2900,2678.6716114019778,2894.45,3044.2994875080076,3017.515397082658
Maharashtra,Bhusaval,Potato,2,2024,1300,1800,Rabi,500,2183.5218855218855,2348.8,2626.972396486826,2104.9403341288785
Maharashtra,Baramati,Wheat,1,2024,1800,2400,Rabi,600,2816.3259195893925,2769.054054054054,2626.972396486826,2202.0962441314555
Maharashtra,Kopargaon,Wheat,6,2023,2225,2324,Kharif,99,2816.3259195893925,2558.2608695652175,3044.2994875080076,2308.1819620253164
Maharashtra,Nagpur,Wheat,9,2023,2380,2518,Kharif,138,2816.3259195893925,2756.266666666667,3044.2994875080076,3127.0038240917784
Maharashtra,Pune,Wheat,11,2023,4500,6000,Rabi,1500,2816.3259195893925,3186.013986013986,2626.972396486826,3859.0679611650485
Maharashtra,Pimpalgaon,Onion,3,2025,600,1851,Rabi,1251,2678.6716114019778,3416.065934065934,2626.972396486826,1861.5330739299611
Maharashtra,Nasik,Potato,11,2024,2300,3000,Rabi,700,2183.5218855218855,2656.4253731343283,2626.972396486826,3859.0679611650485
Maharashtra,Yeola,Onion,8,2023,300,1550,Kharif,1250,2678.6716114019778,2692.5254237288136,3044.2994875080076,3017.515397082658
Maharashtra,"Sangli(Phale, Bhajipura Market)",Potato,4,2024,1600,2500,Zaid,900,2183.5218855218855,2561.711711711712,1915.1666666666667,1829.9925
Maharashtra,Satana,Onion,11,2024,1550,6295,Rabi,4745,2678.6716114019778,2894.45,2626.972396486826,3859.0679611650485
Maharashtra,Pune(Pimpri),Onion,10,2023,3500,6200,Kharif,2700,2678.6716114019778,2966.2162162162163,3044.2994875080076,3462.48231511254
Maharashtra,"Sangli(Phale, Bhajipura Market)",Potato,7,2024,1500,3500,Kharif,2000,2183.5218855218855,2561.711711711712,3044.2994875080076,3289.337912087912
Maharashtra,Hinganghat,Wheat,10,2023,2455,2490,Kharif,35,2816.3259195893925,2467.7272727272725,3044.2994875080076,3462.48231511254
Maharashtra,Pathardi,Onion,6,2025,300,1500,Kharif,1200,2678.6716114019778,2397.093023255814,3044.2994875080076,2308.1819620253164
Maharashtra,Pune(Manjri),Potato,9,2024,2000,3000,Kharif,1000,2183.5218855218855,2804.7619047619046,3044.2994875080076,3127.0038240917784
Maharashtra,Pune(Moshi),Potato,12,2024,700,1800,Rabi,1100,2183.5218855218855,2277.6119402985073,2626.972396486826,2933.8104448742747
Maharashtra,Sangamner,Onion,2,2024,150,1511,Rabi,1361,2678.6716114019778,3329.057142857143,2626.972396486826,2104.9403341288785
Maharashtra,Shevgaon(Bodhegaon),Wheat,10,2023,2500,2600,Kharif,100,2816.3259195893925,2473.684210526316,3044.2994875080076,3462.48231511254
Maharashtra,Kopargaon,Wheat,12,2023,2621,2851,Rabi,230,2816.3259195893925,2558.2608695652175,2626.972396486826,2933.8104448742747
Maharashtra,Shirpur,Wheat,7,2023,1900,2482,Kharif,582,2816.3259195893925,2791.733333333333,3044.2994875080076,3289.337912087912
Maharashtra,Mumbai,Wheat,11,2023,2800,6000,Rabi,3200,2816.3259195893925,6127.272727272727,2626.972396486826,3859.0679611650485
Maharashtra,Kalyan,Onion,7,2024,2800,3100,Kharif,300,2678.6716114019778,2589.4736842105262,3044.2994875080076,3289.337912087912
Maharashtra,Pune(Manjri),Potato,9,2023,1200,1800,Kharif,600,2183.5218855218855,2804.7619047619046,3044.2994875080076,3127.0038240917784
Maharashtra,Shivsiddha Govind Producer Company Limited Sanchal,Onion,8,2023,900,2510,Kharif,1610,2678.6716114019778,3288.75,3044.2994875080076,3017.515397082658
Maharashtra,Pimpalgaon Baswant(Saykheda),Onion,3,2024,400,1381,Rabi,981,2678.6716114019778,2602.5479452054797,2626.972396486826,1861.5330739299611
Maharashtra,Solapur,Onion,12,2024,500,7500,Rabi,7000,2678.6716114019778,3247.752808988764,2626.972396486826,2933.8104448742747
Maharashtra,Nagpur,Onion,11,2023,4000,5000,Rabi,1000,2678.6716114019778,2756.266666666667,2626.972396486826,3859.0679611650485
Maharashtra,Solapur,Onion,6,2023,100,1700,Kharif,1600,2678.6716114019778,3247.752808988764,3044.2994875080076,2308.1819620253164
Maharashtra,Malharshree Farmers Producer Co Ltd,Onion,7,2023,317,1460,Kharif,1143,2678.6716114019778,3063.2,3044.2994875080076,3289.337912087912
Maharashtra,Kalyan,Onion,2,2025,2200,2700,Rabi,500,2678.6716114019778,2589.4736842105262,2626.972396486826,2104.9403341288785
Maharashtra,Pune(Khadiki),Onion,3,2024,1000,1500,Rabi,500,2678.6716114019778,2011.926605504587,2626.972396486826,1861.5330739299611
Maharashtra,Manchar,Potato,10,2023,1000,1300,Kharif,300,2183.5218855218855,2335.757575757576,3044.2994875080076,3462.48231511254
Maharashtra,Ahmednagar,Onion,11,2024,2000,6200,Rabi,4200,2678.6716114019778,2678.2608695652175,2626.972396486826,3859.0679611650485
Maharashtra,Achalpur,Wheat,11,2023,2400,2500,Rabi,100,2816.3259195893925,2534.4444444444443,2626.972396486826,3859.0679611650485
Maharashtra,"Sangli(Phale, Bhajipura Market)",Onion,4,2024,400,1700,Zaid,1300,2678.6716114019778,2561.711711711712,1915.1666666666667,1829.9925
Maharashtra,Amrawati(Frui & Veg. Market),Onion,9,2024,4000,5000,Kharif,1000,2678.6716114019778,2546.923076923077,3044.2994875080076,3127.0038240917784
Maharashtra,Pune(Manjri),Potato,10,2024,2000,2800,Kharif,800,2183.5218855218855,2804.7619047619046,3044.2994875080076,3462.48231511254
Maharashtra,Vadgaonpeth,Onion,3,2025,2000,3500,Rabi,1500,2678.6716114019778,2767.5675675675675,2626.972396486826,1861.5330739299611
Maharashtra,Chandrapur(Ganjwad),Potato,12,2024,2400,2800,Rabi,400,2183.5218855218855,2858.8607594936707,2626.972396486826,2933.8104448742747
Maharashtra,Solapur,Potato,1,2024,750,2000,Rabi,1250,2183.5218855218855,3247.752808988764,2626.972396486826,2202.0962441314555
Maharashtra,Pathardi,Onion,1,2024,300,1500,Rabi,1200,2678.6716114019778,2397.093023255814,2626.972396486826,2202.0962441314555
Maharashtra,Sakri,Onion,9,2023,900,2500,Kharif,1600,2678.6716114019778,2829.8611111111113,3044.2994875080076,3127.0038240917784
Maharashtra,Shivsiddha Govind Producer Company Limited Sanchal,Onion,5,2024,1600,2000,Zaid,400,2678.6716114019778,3288.75,1915.1666666666667,1988.592672413793
Maharashtra,Kalyan,Potato,4,2025,1600,1800,Zaid,200,2183.5218855218855,2589.4736842105262,1915.1666666666667,1829.9925
Maharashtra,Nasik,Potato,12,2024,1500,2850,Rabi,1350,2183.5218855218855,2656.4253731343283,2626.972396486826,2933.8104448742747
Maharashtra,Kolhapur,Onion,10,2023,1000,2700,Kharif,1700,2678.6716114019778,3576.785714285714,3044.2994875080076,3462.48231511254
Maharashtra,Jalgaon,Onion,3,2025,500,2185,Rabi,1685,2678.6716114019778,2410.159420289855,2626.972396486826,1861.5330739299611
Maharashtra,Shrirampur,Wheat,9,2023,2000,2461,Kharif,461,2816.3259195893925,2334.11,3044.2994875080076,3127.0038240917784
Maharashtra,Kurdwadi(Modnimb),Onion,6,2023,225,1051,Kharif,826,2678.6716114019778,2242.88,3044.2994875080076,2308.1819620253164
Maharashtra,Pen,Potato,1,2024,2400,2600,Rabi,200,2183.5218855218855,2790.909090909091,2626.972396486826,2202.0962441314555
Maharashtra,Pune(Moshi),Tomato,7,2023,4000,8000,Kharif,4000,6168.357446808511,2277.6119402985073,3044.2994875080076,3289.337912087912
Maharashtra,Shrirampur,Potato,1,2024,1200,1400,Rabi,200,2183.5218855218855,2334.11,2626.972396486826,2202.0962441314555
Maharashtra,Kopargaon,Onion,12,2023,300,1051,Rabi,751,2678.6716114019778,2558.2608695652175,2626.972396486826,2933.8104448742747
Maharashtra,Islampur,Potato,2,2024,1800,2300,Rabi,500,2183.5218855218855,2422.7272727272725,2626.972396486826,2104.9403341288785
Maharashtra,Akola,Potato,9,2024,2200,2800,Kharif,600,2183.5218855218855,2421.8840579710145,3044.2994875080076,3127.0038240917784
Maharashtra,Vashi New Mumbai,Potato,12,2024,1600,2500,Rabi,900,2183.5218855218855,2508.130081300813,2626.972396486826,2933.8104448742747
Maharashtra,Khed(Chakan),Onion,1,2024,1000,2200,Rabi,1200,2678.6716114019778,2519.4174757281553,2626.972396486826,2202.0962441314555
Maharashtra,Hingoli,Wheat,7,2023,1900,2855,Kharif,955,2816.3259195893925,3146.6153846153848,3044.2994875080076,3289.337912087912
Maharashtra,Rahata,Wheat,7,2023,2200,2300,Kharif,100,2816.3259195893925,2600.863309352518,3044.2994875080076,3289.337912087912
Maharashtra,Karad,Onion,4,2025,1000,1800,Zaid,800,2678.6716114019778,2862.31884057971,1915.1666666666667,1829.9925
Maharashtra,Satana,Onion,7,2023,200,1710,Kharif,1510,2678.6716114019778,2894.45,3044.2994875080076,3289.337912087912
Maharashtra,Hinganghat,Wheat,6,2023,2195,2260,Kharif,65,2816.3259195893925,2467.7272727272725,3044.2994875080076,2308.1819620253164
Maharashtra,Bhusaval,Potato,7,2023,1500,1600,Kharif,100,2183.5218855218855,2348.8,3044.2994875080076,3289.337912087912
Maharashtra,Shrirampur,Onion,10,2023,700,6100,Kharif,5400,2678.6716114019778,2334.11,3044.2994875080076,3462.48231511254
Maharashtra,Sangamner,Tomato,6,2023,500,4500,Kharif,4000,6168.357446808511,3329.057142857143,3044.2994875080076,2308.1819620253164
Maharashtra,Parali Vaijyanath,Wheat,10,2023,2211,2300,Kharif,89,2816.3259195893925,2300.0,3044.2994875080076,3462.48231511254
Maharashtra,Pune(Moshi),Onion,3,2024,500,1200,Rabi,700,2678.6716114019778,2277.6119402985073,2626.972396486826,1861.5330739299611
Maharashtra,Jamkhed,Onion,6,2025,100,1600,Kharif,1500,2678.6716114019778,2610.4651162790697,3044.2994875080076,2308.1819620253164
Maharashtra,Vashi New Mumbai,Potato,3,2025,900,1600,Rabi,700,2183.5218855218855,2508.130081300813,2626.972396486826,1861.5330739299611
Maharashtra,Dondaicha,Wheat,10,2023,2000,2925,Kharif,925,2816.3259195893925,2795.7727272727275,3044.2994875080076,3462.48231511254
Maharashtra,Ramtek,Potato,2,2025,1800,2000,Rabi,200,2183.5218855218855,3246.0169491525426,2626.972396486826,2104.9403341288785
Maharashtra,Khed(Chakan),Onion,3,2025,1800,2400,Rabi,600,2678.6716114019778,2519.4174757281553,2626.972396486826,1861.5330739299611
Maharashtra,Kopargaon,Wheat,1,2024,2241,2881,Rabi,640,2816.3259195893925,2558.2608695652175,2626.972396486826,2202.0962441314555
Maharashtra,Rahata,Potato,10,2023,1500,1700,Kharif,200,2183.5218855218855,2600.863309352518,3044.2994875080076,3462.48231511254
Maharashtra,Shrigonda,Wheat,8,2023,2200,2500,Kharif,300,2816.3259195893925,2012.5,3044.2994875080076,3017.515397082658
Maharashtra,Rahata,Onion,8,2024,500,3100,Kharif,2600,2678.6716114019778,2600.863309352518,3044.2994875080076,3017.515397082658
Maharashtra,Vashi New Mumbai,Potato,10,2024,2000,3200,Kharif,1200,2183.5218855218855,2508.130081300813,3044.2994875080076,3462.48231511254
Maharashtra,Pune,Potato,9,2024,2200,3000,Kharif,800,2183.5218855218855,3186.013986013986,3044.2994875080076,3127.0038240917784
Maharashtra,Pune(Manjri),Onion,4,2024,1100,1700,Zaid,600,2678.6716114019778,2804.7619047619046,1915.1666666666667,1829.9925
Maharashtra,Pathardi,Onion,4,2024,200,1450,Zaid,1250,2678.6716114019778,2397.093023255814,1915.1666666666667,1829.9925
Maharashtra,Patan,Tomato,6,2023,2500,3500,Kharif,1000,6168.357446808511,4500.0,3044.2994875080076,2308.1819620253164
Maharashtra,Bhusaval,Potato,12,2023,1300,1600,Rabi,300,2183.5218855218855,2348.8,2626.972396486826,2933.8104448742747
Maharashtra,Pune(Khadiki),Potato,11,2023,1400,1600,Rabi,200,2183.5218855218855,2011.926605504587,2626.972396486826,3859.0679611650485
Maharashtra,Sangamner,Onion,3,2024,200,2061,Rabi,1861,2678.6716114019778,3329.057142857143,2626.972396486826,1861.5330739299611
Maharashtra,Pune,Onion,5,2024,700,2300,Zaid,1600,2678.6716114019778,3186.013986013986,1915.1666666666667,1988.592672413793
Maharashtra,Vai,Onion,1,2024,500,1500,Rabi,1000,2678.6716114019778,3070.7865168539324,2626.972396486826,2202.0962441314555
Maharashtra,Junnar(Narayangaon),Onion,3,2025,1400,1800,Rabi,400,2678.6716114019778,2861.8518518518517,2626.972396486826,1861.5330739299611
Maharashtra,Katol,Wheat,8,2023,2315,2375,Kharif,60,2816.3259195893925,2448.962962962963,3044.2994875080076,3017.515397082658
Maharashtra,Kamthi,Potato,1,2025,2000,3000,Rabi,1000,2183.5218855218855,3486.904761904762,2626.972396486826,2202.0962441314555
Maharashtra,Manmad,Onion,10,2024,1769,3240,Kharif,1471,2678.6716114019778,2515.4166666666665,3044.2994875080076,3462.48231511254
Maharashtra,Pimpalgaon,Onion,10,2023,2500,5856,Kharif,3356,2678.6716114019778,3416.065934065934,3044.2994875080076,3462.48231511254
Maharashtra,Nasik,Onion,10,2024,2200,4200,Kharif,2000,2678.6716114019778,2656.4253731343283,3044.2994875080076,3462.48231511254
Maharashtra,Lasalgaon(Vinchur),Onion,6,2025,500,1900,Kharif,1400,2678.6716114019778,2574.311320754717,3044.2994875080076,2308.1819620253164
Maharashtra,Junnar(Narayangaon),Potato,2,2025,700,1400,Rabi,700,2183.5218855218855,2861.8518518518517,2626.972396486826,2104.9403341288785
Maharashtra,Solapur,Potato,6,2024,900,2800,Kharif,1900,2183.5218855218855,3247.752808988764,3044.2994875080076,2308.1819620253164
Maharashtra,Junnar(Narayangaon),Onion,10,2023,1000,5700,Kharif,4700,2678.6716114019778,2861.8518518518517,3044.2994875080076,3462.48231511254
Maharashtra,Solapur,Potato,1,2025,1450,2200,Rabi,750,2183.5218855218855,3247.752808988764,2626.972396486826,2202.0962441314555
Maharashtra,Solapur,Potato,3,2024,750,1800,Rabi,1050,2183.5218855218855,3247.752808988764,2626.972396486826,1861.5330739299611
Maharashtra,Pune,Potato,1,2024,1200,1700,Rabi,500,2183.5218855218855,3186.013986013986,2626.972396486826,2202.0962441314555
Maharashtra,Shrirampur,Potato,12,2024,1500,2500,Rabi,1000,2183.5218855218855,2334.11,2626.972396486826,2933.8104448742747
Maharashtra,Pune,Onion,5,2025,400,1500,Zaid,1100,2678.6716114019778,3186.013986013986,1915.1666666666667,1988.592672413793
Maharashtra,Junnar(Alephata),Onion,7,2024,1100,3410,Kharif,2310,2678.6716114019778,3320.3846153846152,3044.2994875080076,3289.337912087912
Maharashtra,Parbhani,Wheat,11,2023,2500,2850,Rabi,350,2816.3259195893925,2860.0,2626.972396486826,3859.0679611650485
Maharashtra,Amarawati,Wheat,6,2023,2400,2600,Kharif,200,2816.3259195893925,2544.848484848485,3044.2994875080076,2308.1819620253164
Maharashtra,Ulhasnagar,Rice,4,2025,4000,5000,Zaid,1000,4928.92,3895.8333333333335,1915.1666666666667,1829.9925
Maharashtra,Khed(Chakan),Tomato,7,2023,6000,9000,Kharif,3000,6168.357446808511,2519.4174757281553,3044.2994875080076,3289.337912087912
Maharashtra,Ahmednagar,Wheat,11,2023,2000,2900,Rabi,900,2816.3259195893925,2678.2608695652175,2626.972396486826,3859.0679611650485
Maharashtra,Rahuri,Wheat,6,2023,2100,2300,Kharif,200,2816.3259195893925,2826.0106382978724,3044.2994875080076,2308.1819620253164
Maharashtra,Dindori(Vani),Onion,7,2023,1000,1740,Kharif,740,2678.6716114019778,2426.6388888888887,3044.2994875080076,3289.337912087912
Maharashtra,Ramtek,Onion,4,2024,1400,1600,Zaid,200,2678.6716114019778,3246.0169491525426,1915.1666666666667,1829.9925
Maharashtra,Kalvan,Wheat,7,2023,2301,2301,Kharif,0,2816.3259195893925,2726.1132075471696,3044.2994875080076,3289.337912087912
Maharashtra,Kolhapur,Onion,12,2023,1500,4800,Rabi,3300,2678.6716114019778,3576.785714285714,2626.972396486826,2933.8104448742747
Maharashtra,Pune(Khadiki),Onion,9,2023,1000,1800,Kharif,800,2678.6716114019778,2011.926605504587,3044.2994875080076,3127.0038240917784
Maharashtra,Vai,Onion,6,2024,1000,2800,Kharif,1800,2678.6716114019778,3070.7865168539324,3044.2994875080076,2308.1819620253164
Maharashtra,Pune(Manjri),Onion,1,2024,1200,2500,Rabi,1300,2678.6716114019778,2804.7619047619046,2626.972396486826,2202.0962441314555
Maharashtra,Akluj,Onion,8,2024,1500,5300,Kharif,3800,2678.6716114019778,2208.2716049382716,3044.2994875080076,3017.515397082658
Maharashtra,Shrirampur(Belapur),Wheat,7,2023,2200,2200,Kharif,0,2816.3259195893925,2212.5,3044.2994875080076,3289.337912087912
Maharashtra,"Sangli(Phale, Bhajipura Market)",Onion,11,2024,1000,6500,Rabi,5500,2678.6716114019778,2561.711711711712,2626.972396486826,3859.0679611650485
Maharashtra,Akluj,Potato,6,2023,1300,1500,Kharif,200,2183.5218855218855,2208.2716049382716,3044.2994875080076,2308.1819620253164
Maharashtra,Pune,Onion,3,2024,500,1800,Rabi,1300,2678.6716114019778,3186.013986013986,2626.972396486826,1861.5330739299611
Maharashtra,Dhule,Onion,3,2025,310,1650,Rabi,1340,2678.6716114019778,2516.8552631578946,2626.972396486826,1861.5330739299611
Maharashtra,Satana,Onion,1,2024,600,1975,Rabi,1375,2678.6716114019778,2894.45,2626.972396486826,2202.0962441314555
Maharashtra,Rahuri(Vambori),Wheat,12,2023,2475,2900,Rabi,425,2816.3259195893925,2812.3478260869565,2626.972396486826,2933.8104448742747
Maharashtra,Sangamner,Onion,6,2023,200,2400,Kharif,2200,2678.6716114019778,3329.057142857143,3044.2994875080076,2308.1819620253164
Maharashtra,"Sangli(Phale, Bhajipura Market)",Onion,6,2025,450,1450,Kharif,1000,2678.6716114019778,2561.711711711712,3044.2994875080076,2308.1819620253164
Maharashtra,Parner,Onion,11,2024,2500,6100,Rabi,3600,2678.6716114019778,2909.6153846153848,2626.972396486826,3859.0679611650485
Maharashtra,Barshi(Vairag),Wheat,6,2023,1700,2200,Kharif,500,2816.3259195893925,2469.0,3044.2994875080076,2308.1819620253164
Maharashtra,Hingna,Onion,8,2024,2800,4000,Kharif,1200,2678.6716114019778,2675.875,3044.2994875080076,3017.515397082658
Maharashtra,Chandrapur(Ganjwad),Potato,3,2025,1500,2000,Rabi,500,2183.5218855218855,2858.8607594936707,2626.972396486826,1861.5330739299611
Maharashtra,Achalpur,Wheat,11,2023,2400,2650,Rabi,250,2816.3259195893925,2534.4444444444443,2626.972396486826,3859.0679611650485
Maharashtra,Junnar(Otur),Potato,2,2024,500,1500,Rabi,1000,2183.5218855218855,2554.5283018867926,2626.972396486826,2104.9403341288785
Maharashtra,Vashi New Mumbai,Potato,8,2023,1000,1600,Kharif,600,2183.5218855218855,2508.130081300813,3044.2994875080076,3017.515397082658
Maharashtra,Dindori(Vani),Onion,4,2025,1201,1700,Zaid,499,2678.6716114019778,2426.6388888888887,1915.1666666666667,1829.9925
Maharashtra,Sinner,Onion,9,2024,2500,4505,Kharif,2005,2678.6716114019778,2542.6071428571427,3044.2994875080076,3127.0038240917784
Maharashtra,Palghar,Rice,5,2025,4605,4605,Zaid,0,4928.92,3742.5384615384614,1915.1666666666667,1988.592672413793
Maharashtra,Lasalgaon,Onion,11,2024,3000,6000,Rabi,3000,2678.6716114019778,2867.190476190476,2626.972396486826,3859.0679611650485
Maharashtra,Achalpur,Wheat,8,2023,2125,2520,Kharif,395,2816.3259195893925,2534.4444444444443,3044.2994875080076,3017.515397082658
Maharashtra,Manwat,Wheat,7,2023,7350,7900,Kharif,550,2816.3259195893925,4434.0,3044.2994875080076,3289.337912087912
Maharashtra,Lasalgaon,Onion,12,2023,1500,3300,Rabi,1800,2678.6716114019778,2867.190476190476,2626.972396486826,2933.8104448742747
Maharashtra,Kamthi,Onion,11,2024,3500,4500,Rabi,1000,2678.6716114019778,3486.904761904762,2626.972396486826,3859.0679611650485
Maharashtra,Pune(Khadiki),Potato,4,2025,1000,1400,Zaid,400,2183.5218855218855,2011.926605504587,1915.1666666666667,1829.9925
Maharashtra,Nagpur,Onion,4,2024,1000,1500,Zaid,500,2678.6716114019778,2756.266666666667,1915.1666666666667,1829.9925
Maharashtra,Yeola,Onion,5,2025,100,1316,Zaid,1216,2678.6716114019778,2692.5254237288136,1915.1666666666667,1988.592672413793
Maharashtra,Dhule,Onion,11,2024,100,5020,Rabi,4920,2678.6716114019778,2516.8552631578946,2626.972396486826,3859.0679611650485
Maharashtra,"Sangli(Phale, Bhajipura Market)",Onion,9,2024,1800,5300,Kharif,3500,2678.6716114019778,2561.711711711712,3044.2994875080076,3127.0038240917784
Maharashtra,Akola,Wheat,9,2023,1800,2600,Kharif,800,2816.3259195893925,2421.8840579710145,3044.2994875080076,3127.0038240917784
Maharashtra,Manmad,Onion,4,2025,521,861,Zaid,340,2678.6716114019778,2515.4166666666665,1915.1666666666667,1829.9925
Maharashtra,Hinganghat,Wheat,8,2023,2400,2500,Kharif,100,2816.3259195893925,2467.7272727272725,3044.2994875080076,3017.515397082658
Maharashtra,Pune(Moshi),Onion,6,2025,800,1200,Kharif,400,2678.6716114019778,2277.6119402985073,3044.2994875080076,2308.1819620253164
Maharashtra,"Sangli(Phale, Bhajipura Market)",Potato,7,2023,900,1800,Kharif,900,2183.5218855218855,2561.711711711712,3044.2994875080076,3289.337912087912
Maharashtra,Rahuri(Vambori),Onion,11,2023,300,4000,Rabi,3700,2678.6716114019778,2812.3478260869565,2626.972396486826,3859.0679611650485
Maharashtra,Satana,Onion,11,2023,1000,4640,Rabi,3640,2678.6716114019778,2894.45,2626.972396486826,3859.0679611650485
Maharashtra,Laxmi Sopan Agriculture Produce Marketing Co Ltd,Onion,11,2024,700,4000,Rabi,3300,2678.6716114019778,2508.3928571428573,2626.972396486826,3859.0679611650485
Maharashtra,Parner,Onion,4,2025,300,1425,Zaid,1125,2678.6716114019778,2909.6153846153848,1915.1666666666667,1829.9925
Maharashtra,Khed(Chakan),Potato,2,2024,1000,1600,Rabi,600,2183.5218855218855,2519.4174757281553,2626.972396486826,2104.9403341288785
Maharashtra,Islampur,Potato,11,2024,2800,3200,Rabi,400,2183.5218855218855,2422.7272727272725,2626.972396486826,3859.0679611650485
Maharashtra,Jamkhed,Onion,3,2025,200,2000,Rabi,1800,2678.6716114019778,2610.4651162790697,2626.972396486826,1861.5330739299611
Maharashtra,Nagpur,Potato,11,2024,2000,2600,Rabi,600,2183.5218855218855,2756.266666666667,2626.972396486826,3859.0679611650485
Maharashtra,Hingna,Onion,5,2025,800,2000,Zaid,1200,2678.6716114019778,2675.875,1915.1666666666667,1988.592672413793
Maharashtra,Lasalgaon(Vinchur),Onion,7,2024,1000,2905,Kharif,1905,2678.6716114019778,2574.311320754717,3044.2994875080076,3289.337912087912
Maharashtra,Pune(Khadiki),Onion,9,2024,1600,4000,Kharif,2400,2678.6716114019778,2011.926605504587,3044.2994875080076,3127.0038240917784
Maharashtra,"Sangli(Phale, Bhajipura Market)",Potato,3,2024,1000,1800,Rabi,800,2183.5218855218855,2561.711711711712,2626.972396486826,1861.5330739299611
Maharashtra,Nasik,Onion,7,2024,900,2951,Kharif,2051,2678.6716114019778,2656.4253731343283,3044.2994875080076,3289.337912087912
Maharashtra,Manmad,Onion,3,2024,400,1718,Rabi,1318,2678.6716114019778,2515.4166666666665,2626.972396486826,1861.5330739299611
Maharashtra,Vashi New Mumbai,Potato,3,2024,1000,1600,Rabi,600,2183.5218855218855,2508.130081300813,2626.972396486826,1861.5330739299611
Maharashtra,Shevgaon,Wheat,9,2023,2500,2600,Kharif,100,2816.3259195893925,2106.75,3044.2994875080076,3127.0038240917784
Maharashtra,Shrirampur,Potato,6,2023,1000,1500,Kharif,500,2183.5218855218855,2334.11,3044.2994875080076,2308.1819620253164
Maharashtra,Satara,Onion,9,2023,1000,2300,Kharif,1300,2678.6716114019778,2750.0,3044.2994875080076,3127.0038240917784
Maharashtra,Dindori(Vani),Onion,2,2024,1500,2336,Rabi,836,2678.6716114019778,2426.6388888888887,2626.972396486826,2104.9403341288785
Maharashtra,Vai,Onion,11,2024,3000,6500,Rabi,3500,2678.6716114019778,3070.7865168539324,2626.972396486826,3859.0679611650485
Maharashtra,Lasalgaon,Onion,11,2023,1600,3571,Rabi,1971,2678.6716114019778,2867.190476190476,2626.972396486826,3859.0679611650485
Maharashtra,Ahmednagar,Onion,4,2025,300,1550,Zaid,1250,2678.6716114019778,2678.2608695652175,1915.1666666666667,1829.9925
Maharashtra,Lasalgaon(Niphad),Onion,3,2024,900,1691,Rabi,791,2678.6716114019778,2520.8804347826085,2626.972396486826,1861.5330739299611
Maharashtra,Jalgaon,Potato,5,2024,1500,2300,Zaid,800,2183.5218855218855,2410.159420289855,1915.1666666666667,1988.592672413793
Maharashtra,Kalvan,Onion,2,2024,600,1620,Rabi,1020,2678.6716114019778,2726.1132075471696,2626.972396486826,2104.9403341288785
Maharashtra,Achalpur,Wheat,11,2023,2500,2550,Rabi,50,2816.3259195893925,2534.4444444444443,2626.972396486826,3859.0679611650485
Maharashtra,Kopargaon,Onion,11,2024,1000,6300,Rabi,5300,2678.6716114019778,2558.2608695652175,2626.972396486826,3859.0679611650485
Maharashtra,Solapur,Onion,7,2024,300,3200,Kharif,2900,2678.6716114019778,3247.752808988764,3044.2994875080076,3289.337912087912
Maharashtra,Pathardi,Onion,3,2024,300,1400,Rabi,1100,2678.6716114019778,2397.093023255814,2626.972396486826,1861.5330739299611
Maharashtra,Ramtek,Tomato,7,2023,8000,10000,Kharif,2000,6168.357446808511,3246.0169491525426,3044.2994875080076,3289.337912087912
Maharashtra,Malegaon,Wheat,9,2023,2201,2725,Kharif,524,2816.3259195893925,2828.2608695652175,3044.2994875080076,3127.0038240917784
Maharashtra,Sangamner,Onion,9,2024,1500,5200,Kharif,3700,2678.6716114019778,3329.057142857143,3044.2994875080076,3127.0038240917784
Maharashtra,Kalyan,Onion,5,2025,1200,1400,Zaid,200,2678.6716114019778,2589.4736842105262,1915.1666666666667,1988.592672413793
Maharashtra,Kamthi,Onion,9,2024,3500,4500,Kharif,1000,2678.6716114019778,3486.904761904762,3044.2994875080076,3127.0038240917784
Maharashtra,Navapur,Onion,12,2023,800,1500,Rabi,700,2678.6716114019778,2945.5882352941176,2626.972396486826,2933.8104448742747
Maharashtra,Vai,Onion,5,2025,600,1500,Zaid,900,2678.6716114019778,3070.7865168539324,1915.1666666666667,1988.592672413793
Maharashtra,Amarawati,Wheat,12,2023,2350,2525,Rabi,175,2816.3259195893925,2544.848484848485,2626.972396486826,2933.8104448742747
Maharashtra,Junnar(Alephata),Onion,4,2024,1000,1810,Zaid,810,2678.6716114019778,3320.3846153846152,1915.1666666666667,1829.9925
Maharashtra,Karjat,Onion,3,2025,300,1600,Rabi,1300,2678.6716114019778,2275.0,2626.972396486826,1861.5330739299611
Maharashtra,Solapur,Onion,11,2024,300,7000,Rabi,6700,2678.6716114019778,3247.752808988764,2626.972396486826,3859.0679611650485
Maharashtra,Om Chaitanya Multistate Agro Purpose CoOp Society,Onion,11,2024,1000,6000,Rabi,5000,2678.6716114019778,2918.3333333333335,2626.972396486826,3859.0679611650485
Maharashtra,Kamthi,Onion,4,2024,1500,2500,Zaid,1000,2678.6716114019778,3486.904761904762,1915.1666666666667,1829.9925
Maharashtra,Laxmi Sopan Agriculture Produce Marketing Co Ltd,Onion,9,2024,700,4000,Kharif,3300,2678.6716114019778,2508.3928571428573,3044.2994875080076,3127.0038240917784
Maharashtra,Karjat(Raigad),Onion,2,2024,300,1400,Rabi,1100,2678.6716114019778,2770.2380952380954,2626.972396486826,2104.9403341288785
Maharashtra,Baramati,Onion,7,2023,300,1500,Kharif,1200,2678.6716114019778,2769.054054054054,3044.2994875080076,3289.337912087912
Maharashtra,Rahuri,Potato,1,2025,1800,2200,Rabi,400,2183.5218855218855,2826.0106382978724,2626.972396486826,2202.0962441314555
Maharashtra,Raver,Wheat,10,2023,2630,2810,Kharif,180,2816.3259195893925,2602.769230769231,3044.2994875080076,3462.48231511254
Maharashtra,Chandvad,Onion,5,2024,1180,2321,Zaid,1141,2678.6716114019778,3065.671875,1915.1666666666667,1988.592672413793
Maharashtra,Bhusaval,Potato,8,2024,2000,2700,Kharif,700,2183.5218855218855,2348.8,3044.2994875080076,3017.515397082658
Maharashtra,Shree Rameshwar Krushi Market,Onion,7,2023,200,1800,Kharif,1600,2678.6716114019778,3118.64,3044.2994875080076,3289.337912087912
Maharashtra,Om Chaitanya Multistate Agro Purpose CoOp Society,Onion,8,2023,300,2200,Kharif,1900,2678.6716114019778,2918.3333333333335,3044.2994875080076,3017.515397082658
Maharashtra,Yeola,Onion,9,2024,1500,4999,Kharif,3499,2678.6716114019778,2692.5254237288136,3044.2994875080076,3127.0038240917784
Maharashtra,Rahuri,Onion,11,2024,500,6000,Rabi,5500,2678.6716114019778,2826.0106382978724,2626.972396486826,3859.0679611650485
Maharashtra,Parner,Onion,5,2024,500,2700,Zaid,2200,2678.6716114019778,2909.6153846153848,1915.1666666666667,1988.592672413793
Maharashtra,Bhusaval,Onion,4,2024,1100,1500,Zaid,400,2678.6716114019778,2348.8,1915.1666666666667,1829.9925
Maharashtra,Karmala,Wheat,9,2023,2400,2611,Kharif,211,2816.3259195893925,2593.1666666666665,3044.2994875080076,3127.0038240917784
Maharashtra,Junnar(Narayangaon),Onion,8,2024,1510,3800,Kharif,2290,2678.6716114019778,2861.8518518518517,3044.2994875080076,3017.515397082658
Maharashtra,Baramati,Onion,9,2023,700,2600,Kharif,1900,2678.6716114019778,2769.054054054054,3044.2994875080076,3127.0038240917784
Maharashtra,Shirpur,Onion,5,2025,150,1200,Zaid,1050,2678.6716114019778,2791.733333333333,1915.1666666666667,1988.592672413793
Maharashtra,Chandvad,Onion,8,2024,1652,3411,Kharif,1759,2678.6716114019778,3065.671875,3044.2994875080076,3017.515397082658
Maharashtra,Achalpur,Wheat,6,2023,2200,2300,Kharif,100,2816.3259195893925,2534.4444444444443,3044.2994875080076,2308.1819620253164
Maharashtra,"Sangli(Phale, Bhajipura Market)",Onion,1,2024,500,2500,Rabi,2000,2678.6716114019778,2561.711711711712,2626.972396486826,2202.0962441314555
Maharashtra,Vai,Potato,7,2023,1500,2200,Kharif,700,2183.5218855218855,3070.7865168539324,3044.2994875080076,3289.337912087912
Maharashtra,Lasalgaon(Vinchur),Wheat,10,2023,2481,2903,Kharif,422,2816.3259195893925,2574.311320754717,3044.2994875080076,3462.48231511254
Maharashtra,Ahmednagar,Potato,4,2025,500,2500,Zaid,2000,2183.5218855218855,2678.2608695652175,1915.1666666666667,1829.9925
Maharashtra,Pune(Khadiki),Potato,1,2024,1000,1400,Rabi,400,2183.5218855218855,2011.926605504587,2626.972396486826,2202.0962441314555
Maharashtra,Satara,Potato,11,2024,2700,3000,Rabi,300,2183.5218855218855,2750.0,2626.972396486826,3859.0679611650485
Maharashtra,Kalyan,Potato,4,2024,1900,2300,Zaid,400,2183.5218855218855,2589.4736842105262,1915.1666666666667,1829.9925
Maharashtra,Lasalgaon(Vinchur),Onion,5,2024,800,2090,Zaid,1290,2678.6716114019778,2574.311320754717,1915.1666666666667,1988.592672413793
Maharashtra,Satara,Onion,2,2025,1500,2800,Rabi,1300,2678.6716114019778,2750.0,2626.972396486826,2104.9403341288785
Maharashtra,Khed(Chakan),Onion,11,2024,3000,6000,Rabi,3000,2678.6716114019778,2519.4174757281553,2626.972396486826,3859.0679611650485
Maharashtra,Sangamner,Onion,11,2024,1500,5600,Rabi,4100,2678.6716114019778,3329.057142857143,2626.972396486826,3859.0679611650485
Maharashtra,Junnar(Narayangaon),Onion,4,2025,300,1500,Zaid,1200,2678.6716114019778,2861.8518518518517,1915.1666666666667,1829.9925
Maharashtra,Nandgaon,Onion,3,2025,451,1505,Rabi,1054,2678.6716114019778,2752.116666666667,2626.972396486826,1861.5330739299611
Maharashtra,Ahmednagar,Potato,8,2023,1400,1900,Kharif,500,2183.5218855218855,2678.2608695652175,3044.2994875080076,3017.515397082658
Maharashtra,Nasik,Onion,12,2023,1100,2400,Rabi,1300,2678.6716114019778,2656.4253731343283,2626.972396486826,2933.8104448742747
Maharashtra,Solapur,Potato,1,2024,650,1900,Rabi,1250,2183.5218855218855,3247.752808988764,2626.972396486826,2202.0962441314555
Maharashtra,Lasalgaon,Wheat,6,2023,2000,2870,Kharif,870,2816.3259195893925,2867.190476190476,3044.2994875080076,2308.1819620253164
Maharashtra,Lasalgaon,Onion,5,2024,500,1921,Zaid,1421,2678.6716114019778,2867.190476190476,1915.1666666666667,1988.592672413793
Maharashtra,Rahata,Onion,1,2024,200,2000,Rabi,1800,2678.6716114019778,2600.863309352518,2626.972396486826,2202.0962441314555
Maharashtra,Nagpur,Wheat,8,2023,2350,2538,Kharif,188,2816.3259195893925,2756.266666666667,3044.2994875080076,3017.515397082658
Maharashtra,Pimpalgaon Baswant(Saykheda),Onion,10,2024,2000,4575,Kharif,2575,2678.6716114019778,2602.5479452054797,3044.2994875080076,3462.48231511254
Maharashtra,Pune(Khadiki),Onion,11,2024,2100,4500,Rabi,2400,2678.6716114019778,2011.926605504587,2626.972396486826,3859.0679611650485
Maharashtra,Ulhasnagar,Wheat,9,2023,3000,3500,Kharif,500,2816.3259195893925,3895.8333333333335,3044.2994875080076,3127.0038240917784
Maharashtra,"Sangli(Phale, Bhajipura Market)",Potato,12,2023,1000,1800,Rabi,800,2183.5218855218855,2561.711711711712,2626.972396486826,2933.8104448742747
Maharashtra,Solapur,Onion,2,2024,100,2000,Rabi,1900,2678.6716114019778,3247.752808988764,2626.972396486826,2104.9403341288785
Maharashtra,Pune(Moshi),Onion,1,2024,300,1200,Rabi,900,2678.6716114019778,2277.6119402985073,2626.972396486826,2202.0962441314555
Maharashtra,Ashti(Karanja),Wheat,6,2023,2050,2200,Kharif,150,2816.3259195893925,2250.0,3044.2994875080076,2308.1819620253164
Maharashtra,Shahada,Wheat,10,2023,2666,3051,Kharif,385,2816.3259195893925,2744.6111111111113,3044.2994875080076,3462.48231511254
Maharashtra,Bhusaval,Onion,5,2024,1300,1800,Zaid,500,2678.6716114019778,2348.8,1915.1666666666667,1988.592672413793
Maharashtra,Vai,Onion,8,2023,700,1800,Kharif,1100,2678.6716114019778,3070.7865168539324,3044.2994875080076,3017.515397082658
Maharashtra,Newasa(Ghodegaon),Onion,1,2024,800,2300,Rabi,1500,2678.6716114019778,2765.151515151515,2626.972396486826,2202.0962441314555
Maharashtra,Kalvan,Onion,5,2025,500,1925,Zaid,1425,2678.6716114019778,2726.1132075471696,1915.1666666666667,1988.592672413793
Maharashtra,Satana,Onion,3,2024,200,1590,Rabi,1390,2678.6716114019778,2894.45,2626.972396486826,1861.5330739299611
Maharashtra,Vai,Potato,9,2023,1800,2200,Kharif,400,2183.5218855218855,3070.7865168539324,3044.2994875080076,3127.0038240917784
Maharashtra,Wardha,Wheat,7,2023,2175,2300,Kharif,125,2816.3259195893925,2226.3333333333335,3044.2994875080076,3289.337912087912
Maharashtra,Khed(Chakan),Onion,8,2024,3000,4000,Kharif,1000,2678.6716114019778,2519.4174757281553,3044.2994875080076,3017.515397082658
Maharashtra,Junnar(Narayangaon),Potato,5,2025,1900,2300,Zaid,400,2183.5218855218855,2861.8518518518517,1915.1666666666667,1988.592672413793
Maharashtra,Chandrapur(Ganjwad),Onion,9,2023,2400,4500,Kharif,2100,2678.6716114019778,2858.8607594936707,3044.2994875080076,3127.0038240917784
Maharashtra,Mankamneshwar Farmar Producer CoLtd Sanchalit Mank,Onion,6,2023,560,1151,Kharif,591,2678.6716114019778,2072.0666666666666,3044.2994875080076,2308.1819620253164
Maharashtra,Pune(Moshi),Onion,2,2025,1000,3000,Rabi,2000,2678.6716114019778,2277.6119402985073,2626.972396486826,2104.9403341288785
Maharashtra,Pune(Manjri),Potato,6,2023,1200,1600,Kharif,400,2183.5218855218855,2804.7619047619046,3044.2994875080076,2308.1819620253164
Maharashtra,Solapur,Onion,2,2025,200,3000,Rabi,2800,2678.6716114019778,3247.752808988764,2626.972396486826,2104.9403341288785
Maharashtra,Solapur,Potato,4,2024,1100,2500,Zaid,1400,2183.5218855218855,3247.752808988764,1915.1666666666667,1829.9925
Maharashtra,Junnar(Otur),Potato,5,2025,500,2000,Zaid,1500,2183.5218855218855,2554.5283018867926,1915.1666666666667,1988.592672413793
Maharashtra,Chandrapur(Ganjwad),Onion,11,2024,2500,5000,Rabi,2500,2678.6716114019778,2858.8607594936707,2626.972396486826,3859.0679611650485
Maharashtra,Rahata,Potato,8,2023,1500,1600,Kharif,100,2183.5218855218855,2600.863309352518,3044.2994875080076,3017.515397082658
Maharashtra,Chandur Bazar,Wheat,7,2023,2150,2350,Kharif,200,2816.3259195893925,2503.3333333333335,3044.2994875080076,3289.337912087912
Maharashtra,Pune(Moshi),Onion,7,2024,1800,2600,Kharif,800,2678.6716114019778,2277.6119402985073,3044.2994875080076,3289.337912087912
Maharashtra,Junnar(Otur),Onion,8,2023,800,2210,Kharif,1410,2678.6716114019778,2554.5283018867926,3044.2994875080076,3017.515397082658
Maharashtra,"Sangli(Phale, Bhajipura Market)",Potato,8,2023,1000,1500,Kharif,500,2183.5218855218855,2561.711711711712,3044.2994875080076,3017.515397082658
Maharashtra,Pune(Khadiki),Potato,12,2024,1600,2000,Rabi,400,2183.5218855218855,2011.926605504587,2626.972396486826,2933.8104448742747
Maharashtra,Chandrapur(Ganjwad),Onion,11,2023,2500,3500,Rabi,1000,2678.6716114019778,2858.8607594936707,2626.972396486826,3859.0679611650485
Maharashtra,Lasalgaon,Onion,7,2024,1000,2990,Kharif,1990,2678.6716114019778,2867.190476190476,3044.2994875080076,3289.337912087912
Maharashtra,Pimpalgaon Baswant(Saykheda),Onion,11,2024,2300,5200,Rabi,2900,2678.6716114019778,2602.5479452054797,2626.972396486826,3859.0679611650485
Maharashtra,Chandur Bazar,Wheat,10,2023,2100,2600,Kharif,500,2816.3259195893925,2503.3333333333335,3044.2994875080076,3462.48231511254
Maharashtra,Pune(Pimpri),Onion,11,2024,2200,4400,Rabi,2200,2678.6716114019778,2966.2162162162163,2626.972396486826,3859.0679611650485
Maharashtra,Parner,Onion,1,2024,200,1800,Rabi,1600,2678.6716114019778,2909.6153846153848,2626.972396486826,2202.0962441314555
Maharashtra,Dondaicha,Wheat,7,2023,2061,2500,Kharif,439,2816.3259195893925,2795.7727272727275,3044.2994875080076,3289.337912087912
Maharashtra,Kalvan,Onion,11,2023,1400,4150,Rabi,2750,2678.6716114019778,2726.1132075471696,2626.972396486826,3859.0679611650485
Maharashtra,Dhule,Onion,1,2024,100,1000,Rabi,900,2678.6716114019778,2516.8552631578946,2626.972396486826,2202.0962441314555
Maharashtra,Solapur,Onion,3,2024,100,2200,Rabi,2100,2678.6716114019778,3247.752808988764,2626.972396486826,1861.5330739299611
Maharashtra,Ulhasnagar,Rice,5,2025,4000,5000,Zaid,1000,4928.92,3895.8333333333335,1915.1666666666667,1988.592672413793
Maharashtra,Bhusaval,Potato,11,2023,1300,1600,Rabi,300,2183.5218855218855,2348.8,2626.972396486826,3859.0679611650485
Maharashtra,Nagpur,Wheat,7,2023,2150,2394,Kharif,244,2816.3259195893925,2756.266666666667,3044.2994875080076,3289.337912087912
Maharashtra,Nagpur,Wheat,6,2023,2230,2322,Kharif,92,2816.3259195893925,2756.266666666667,3044.2994875080076,2308.1819620253164
Maharashtra,Khed(Chakan),Onion,10,2023,1200,2300,Kharif,1100,2678.6716114019778,2519.4174757281553,3044.2994875080076,3462.48231511254
Maharashtra,Pandharpur,Onion,7,2023,350,1800,Kharif,1450,2678.6716114019778,3293.846153846154,3044.2994875080076,3289.337912087912
Maharashtra,Pandharpur,Onion,12,2023,200,2500,Rabi,2300,2678.6716114019778,3293.846153846154,2626.972396486826,2933.8104448742747
Maharashtra,Pathardi,Onion,7,2023,200,1700,Kharif,1500,2678.6716114019778,2397.093023255814,3044.2994875080076,3289.337912087912
Maharashtra,Hingna,Onion,9,2024,3800,3800,Kharif,0,2678.6716114019778,2675.875,3044.2994875080076,3127.0038240917784
Maharashtra,Akola,Wheat,12,2023,2360,3000,Rabi,640,2816.3259195893925,2421.8840579710145,2626.972396486826,2933.8104448742747
Maharashtra,Amarawati,Wheat,8,2023,2350,2500,Kharif,150,2816.3259195893925,2544.848484848485,3044.2994875080076,3017.515397082658
Maharashtra,Jalgaon,Wheat,9,2023,2400,2400,Kharif,0,2816.3259195893925,2410.159420289855,3044.2994875080076,3127.0038240917784
Maharashtra,Pune(Moshi),Tomato,6,2023,3000,4000,Kharif,1000,6168.357446808511,2277.6119402985073,3044.2994875080076,2308.1819620253164
Maharashtra,Lasalgaon(Niphad),Onion,3,2025,1000,1675,Rabi,675,2678.6716114019778,2520.8804347826085,2626.972396486826,1861.5330739299611
Maharashtra,Satara,Onion,10,2024,2000,4200,Kharif,2200,2678.6716114019778,2750.0,3044.2994875080076,3462.48231511254
Maharashtra,Lonand,Onion,7,2023,500,1465,Kharif,965,2678.6716114019778,2603.235294117647,3044.2994875080076,3289.337912087912
Maharashtra,"Sangli(Phale, Bhajipura Market)",Potato,5,2025,1400,2100,Zaid,700,2183.5218855218855,2561.711711711712,1915.1666666666667,1988.592672413793
Maharashtra,Kada,Wheat,9,2023,2900,3200,Kharif,300,2816.3259195893925,2177.2727272727275,3044.2994875080076,3127.0038240917784
Maharashtra,Amalner,Wheat,12,2023,2500,3100,Rabi,600,2816.3259195893925,2787.5714285714284,2626.972396486826,2933.8104448742747
Maharashtra,Parner,Onion,7,2023,200,1800,Kharif,1600,2678.6716114019778,2909.6153846153848,3044.2994875080076,3289.337912087912
Maharashtra,Vashi New Mumbai,Potato,1,2025,1300,2200,Rabi,900,2183.5218855218855,2508.130081300813,2626.972396486826,2202.0962441314555
Maharashtra,Akole,Onion,8,2023,250,2500,Kharif,2250,2678.6716114019778,2706.52,3044.2994875080076,3017.515397082658
Maharashtra,Pune(Manjri),Potato,7,2024,2200,3000,Kharif,800,2183.5218855218855,2804.7619047619046,3044.2994875080076,3289.337912087912
Maharashtra,Akole,Onion,7,2023,111,1600,Kharif,1489,2678.6716114019778,2706.52,3044.2994875080076,3289.337912087912
Maharashtra,Junnar(Otur),Potato,2,2024,500,1810,Rabi,1310,2183.5218855218855,2554.5283018867926,2626.972396486826,2104.9403341288785
Maharashtra,Kamthi,Potato,9,2023,1600,2000,Kharif,400,2183.5218855218855,3486.904761904762,3044.2994875080076,3127.0038240917784
Maharashtra,"Sangli(Phale, Bhajipura Market)",Potato,2,2024,1200,2000,Rabi,800,2183.5218855218855,2561.711711711712,2626.972396486826,2104.9403341288785
Maharashtra,Satara,Potato,1,2024,1500,2000,Rabi,500,2183.5218855218855,2750.0,2626.972396486826,2202.0962441314555
Maharashtra,Achalpur,Wheat,11,2023,2300,2500,Rabi,200,2816.3259195893925,2534.4444444444443,2626.972396486826,3859.0679611650485
Maharashtra,Manchar,Onion,8,2023,1300,2700,Kharif,1400,2678.6716114019778,2335.757575757576,3044.2994875080076,3017.515397082658
Maharashtra,Nasik,Onion,10,2024,1050,3600,Kharif,2550,2678.6716114019778,2656.4253731343283,3044.2994875080076,3462.48231511254
Maharashtra,Achalpur,Wheat,1,2024,2400,2850,Rabi,450,2816.3259195893925,2534.4444444444443,2626.972396486826,2202.0962441314555
Maharashtra,Jalgaon,Potato,7,2023,750,1300,Kharif,550,2183.5218855218855,2410.159420289855,3044.2994875080076,3289.337912087912
Maharashtra,Jalgaon,Onion,7,2024,887,3000,Kharif,2113,2678.6716114019778,2410.159420289855,3044.2994875080076,3289.337912087912
Maharashtra,Dhule,Wheat,8,2023,2485,2772,Kharif,287,2816.3259195893925,2516.8552631578946,3044.2994875080076,3017.515397082658
Maharashtra,Nanded,Wheat,6,2023,2150,2450,Kharif,300,2816.3259195893925,2512.3076923076924,3044.2994875080076,2308.1819620253164
Maharashtra,Khed(Chakan),Potato,8,2023,1300,2000,Kharif,700,2183.5218855218855,2519.4174757281553,3044.2994875080076,3017.515397082658
Maharashtra,Vita,Onion,2,2025,2500,3200,Rabi,700,2678.6716114019778,2686.9565217391305,2626.972396486826,2104.9403341288785
Maharashtra,Junnar(Narayangaon),Onion,11,2023,1000,4700,Rabi,3700,2678.6716114019778,2861.8518518518517,2626.972396486826,3859.0679611650485
Maharashtra,Morshi,Wheat,8,2023,2350,2450,Kharif,100,2816.3259195893925,2524.375,3044.2994875080076,3017.515397082658
Maharashtra,Nasik,Tomato,6,2023,250,3250,Kharif,3000,6168.357446808511,2656.4253731343283,3044.2994875080076,2308.1819620253164
Maharashtra,Jamkhed,Wheat,8,2023,2000,2500,Kharif,500,2816.3259195893925,2610.4651162790697,3044.2994875080076,3017.515397082658
Maharashtra,Umrane,Onion,10,2024,1000,4675,Kharif,3675,2678.6716114019778,2608.282608695652,3044.2994875080076,3462.48231511254
Maharashtra,Solapur,Wheat,6,2023,2295,3545,Kharif,1250,2816.3259195893925,3247.752808988764,3044.2994875080076,2308.1819620253164
Maharashtra,Junnar,Onion,9,2023,1000,2800,Kharif,1800,2678.6716114019778,2172.0833333333335,3044.2994875080076,3127.0038240917784
Maharashtra,Satana,Onion,11,2023,1000,4375,Rabi,3375,2678.6716114019778,2894.45,2626.972396486826,3859.0679611650485
Maharashtra,Devala,Onion,2,2024,205,1500,Rabi,1295,2678.6716114019778,2586.3793103448274,2626.972396486826,2104.9403341288785
Maharashtra,Dondaicha,Wheat,6,2023,2050,2531,Kharif,481,2816.3259195893925,2795.7727272727275,3044.2994875080076,2308.1819620253164
Maharashtra,Amrawati(Frui & Veg. Market),Onion,10,2023,800,5000,Kharif,4200,2678.6716114019778,2546.923076923077,3044.2994875080076,3462.48231511254
Maharashtra,Jamkhed,Onion,2,2025,300,2800,Rabi,2500,2678.6716114019778,2610.4651162790697,2626.972396486826,2104.9403341288785
Maharashtra,Bhokar,Wheat,6,2023,2159,2159,Kharif,0,2816.3259195893925,2335.125,3044.2994875080076,2308.1819620253164
Maharashtra,Lasalgaon,Onion,10,2024,2000,3031,Kharif,1031,2678.6716114019778,2867.190476190476,3044.2994875080076,3462.48231511254
Maharashtra,Kaij,Wheat,6,2023,2300,2812,Kharif,512,2816.3259195893925,2718.0,3044.2994875080076,2308.1819620253164
Maharashtra,Vashi New Mumbai,Onion,4,2025,1000,1800,Zaid,800,2678.6716114019778,2508.130081300813,1915.1666666666667,1829.9925
Maharashtra,Devala,Onion,8,2024,1500,4000,Kharif,2500,2678.6716114019778,2586.3793103448274,3044.2994875080076,3017.515397082658
Maharashtra,Kopargaon,Onion,3,2024,500,1850,Rabi,1350,2678.6716114019778,2558.2608695652175,2626.972396486826,1861.5330739299611
Maharashtra,Amrawati(Frui & Veg. Market),Onion,5,2025,600,1200,Zaid,600,2678.6716114019778,2546.923076923077,1915.1666666666667,1988.592672413793
Maharashtra,Nagpur,Onion,9,2024,3800,5000,Kharif,1200,2678.6716114019778,2756.266666666667,3044.2994875080076,3127.0038240917784
Maharashtra,Shrirampur,Potato,7,2023,950,1150,Kharif,200,2183.5218855218855,2334.11,3044.2994875080076,3289.337912087912
Maharashtra,Pune,Onion,3,2025,700,1700,Rabi,1000,2678.6716114019778,3186.013986013986,2626.972396486826,1861.5330739299611
Maharashtra,Nagpur,Onion,12,2023,2500,4000,Rabi,1500,2678.6716114019778,2756.266666666667,2626.972396486826,2933.8104448742747
Maharashtra,Indapur,Wheat,12,2023,2851,3211,Rabi,360,2816.3259195893925,2276.8333333333335,2626.972396486826,2933.8104448742747
Maharashtra,Lasalgaon(Vinchur),Wheat,10,2023,2401,2704,Kharif,303,2816.3259195893925,2574.311320754717,3044.2994875080076,3462.48231511254
Maharashtra,Shrirampur,Potato,5,2025,1500,2000,Zaid,500,2183.5218855218855,2334.11,1915.1666666666667,1988.592672413793
Maharashtra,Amrawati(Frui & Veg. Market),Onion,2,2024,500,1900,Rabi,1400,2678.6716114019778,2546.923076923077,2626.972396486826,2104.9403341288785
Maharashtra,Karjat(Raigad),Rice,4,2025,4200,5800,Zaid,1600,4928.92,2770.2380952380954,1915.1666666666667,1829.9925
Maharashtra,Ramtek,Wheat,7,2023,2325,2374,Kharif,49,2816.3259195893925,3246.0169491525426,3044.2994875080076,3289.337912087912
Maharashtra,Hingoli,Wheat,10,2023,1935,3400,Kharif,1465,2816.3259195893925,3146.6153846153848,3044.2994875080076,3462.48231511254
Maharashtra,Kalyan,Onion,11,2024,6000,6500,Rabi,500,2678.6716114019778,2589.4736842105262,2626.972396486826,3859.0679611650485
Maharashtra,Vai,Potato,7,2024,2800,3400,Kharif,600,2183.5218855218855,3070.7865168539324,3044.2994875080076,3289.337912087912
Maharashtra,Pune(Khadiki),Potato,6,2023,1200,1400,Kharif,200,2183.5218855218855,2011.926605504587,3044.2994875080076,2308.1819620253164
Maharashtra,Manchar,Potato,9,2023,1000,1300,Kharif,300,2183.5218855218855,2335.757575757576,3044.2994875080076,3127.0038240917784
Maharashtra,Shivsiddha Govind Producer Company Limited Sanchal,Onion,7,2024,2700,3000,Kharif,300,2678.6716114019778,3288.75,3044.2994875080076,3289.337912087912
Maharashtra,Pune,Potato,9,2023,1100,1800,Kharif,700,2183.5218855218855,3186.013986013986,3044.2994875080076,3127.0038240917784
Maharashtra,Kurdwadi(Modnimb),Wheat,8,2023,3011,3100,Kharif,89,2816.3259195893925,2242.88,3044.2994875080076,3017.515397082658
Maharashtra,Ahmednagar,Potato,4,2025,300,2500,Zaid,2200,2183.5218855218855,2678.2608695652175,1915.1666666666667,1829.9925
Maharashtra,Chandrapur(Ganjwad),Potato,9,2024,2800,3000,Kharif,200,2183.5218855218855,2858.8607594936707,3044.2994875080076,3127.0038240917784
Maharashtra,Laxmi Sopan Agriculture Produce Marketing Co Ltd,Onion,9,2024,500,3500,Kharif,3000,2678.6716114019778,2508.3928571428573,3044.2994875080076,3127.0038240917784
Maharashtra,Sangli,Wheat,10,2023,3100,3800,Kharif,700,2816.3259195893925,4790.625,3044.2994875080076,3462.48231511254
Maharashtra,Pune,Onion,11,2024,1800,5100,Rabi,3300,2678.6716114019778,3186.013986013986,2626.972396486826,3859.0679611650485
Maharashtra,Bhusaval,Onion,8,2023,600,1000,Kharif,400,2678.6716114019778,2348.8,3044.2994875080076,3017.515397082658
Maharashtra,Lasalgaon,Onion,4,2025,700,1471,Zaid,771,2678.6716114019778,2867.190476190476,1915.1666666666667,1829.9925
Maharashtra,Lasalgaon(Niphad),Wheat,6,2023,2270,2298,Kharif,28,2816.3259195893925,2520.8804347826085,3044.2994875080076,2308.1819620253164
Maharashtra,Lasalgaon,Onion,11,2023,2011,4545,Rabi,2534,2678.6716114019778,2867.190476190476,2626.972396486826,3859.0679611650485
Maharashtra,Jalgaon,Potato,10,2023,900,1300,Kharif,400,2183.5218855218855,2410.159420289855,3044.2994875080076,3462.48231511254
Maharashtra,Mangal Wedha,Onion,7,2024,900,3020,Kharif,2120,2678.6716114019778,2928.322033898305,3044.2994875080076,3289.337912087912
Maharashtra,Chandrapur(Ganjwad),Onion,8,2023,1500,3200,Kharif,1700,2678.6716114019778,2858.8607594936707,3044.2994875080076,3017.515397082658
Maharashtra,Kalvan,Wheat,7,2023,2201,2201,Kharif,0,2816.3259195893925,2726.1132075471696,3044.2994875080076,3289.337912087912
Maharashtra,Mangaon,Rice,5,2025,2000,4800,Zaid,2800,4928.92,4800.0,1915.1666666666667,1988.592672413793
Maharashtra,Parbhani,Wheat,6,2023,2000,2800,Kharif,800,2816.3259195893925,2860.0,3044.2994875080076,2308.1819620253164
Maharashtra,Nasik,Onion,11,2024,1600,4650,Rabi,3050,2678.6716114019778,2656.4253731343283,2626.972396486826,3859.0679611650485
Maharashtra,Vashi New Mumbai,Potato,4,2025,1000,1900,Zaid,900,2183.5218855218855,2508.130081300813,1915.1666666666667,1829.9925
Maharashtra,Chandrapur(Ganjwad),Onion,4,2024,1300,2000,Zaid,700,2678.6716114019778,2858.8607594936707,1915.1666666666667,1829.9925
Maharashtra,Nagpur,Onion,3,2024,1100,1500,Rabi,400,2678.6716114019778,2756.266666666667,2626.972396486826,1861.5330739299611
Maharashtra,Satara,Potato,2,2025,1000,2000,Rabi,1000,2183.5218855218855,2750.0,2626.972396486826,2104.9403341288785
Maharashtra,Pune(Manjri),Onion,2,2025,2200,2600,Rabi,400,2678.6716114019778,2804.7619047619046,2626.972396486826,2104.9403341288785
Maharashtra,Satara,Onion,8,2023,1500,2400,Kharif,900,2678.6716114019778,2750.0,3044.2994875080076,3017.515397082658
Maharashtra,Manchar,Potato,2,2024,1000,1800,Rabi,800,2183.5218855218855,2335.757575757576,2626.972396486826,2104.9403341288785
Maharashtra,Nagpur,Onion,7,2023,1500,1600,Kharif,100,2678.6716114019778,2756.266666666667,3044.2994875080076,3289.337912087912
Maharashtra,Pune,Potato,7,2024,2500,3100,Kharif,600,2183.5218855218855,3186.013986013986,3044.2994875080076,3289.337912087912
Maharashtra,Satara,Onion,10,2024,1000,5000,Kharif,4000,2678.6716114019778,2750.0,3044.2994875080076,3462.48231511254
Maharashtra,Junnar(Narayangaon),Potato,1,2024,300,1500,Rabi,1200,2183.5218855218855,2861.8518518518517,2626.972396486826,2202.0962441314555
Maharashtra,Vai,Onion,3,2024,700,1600,Rabi,900,2678.6716114019778,3070.7865168539324,2626.972396486826,1861.5330739299611
Maharashtra,Manmad,Onion,8,2023,200,1599,Kharif,1399,2678.6716114019778,2515.4166666666665,3044.2994875080076,3017.515397082658
Maharashtra,Shrirampur,Onion,5,2025,200,1300,Zaid,1100,2678.6716114019778,2334.11,1915.1666666666667,1988.592672413793
Maharashtra,Kamthi,Onion,5,2024,1500,2500,Zaid,1000,2678.6716114019778,3486.904761904762,1915.1666666666667,1988.592672413793
Maharashtra,Nagpur,Onion,9,2023,2500,3500,Kharif,1000,2678.6716114019778,2756.266666666667,3044.2994875080076,3127.0038240917784
Maharashtra,Kamthi,Potato,1,2024,1200,1600,Rabi,400,2183.5218855218855,3486.904761904762,2626.972396486826,2202.0962441314555
Maharashtra,Akola,Wheat,11,2023,2590,2915,Rabi,325,2816.3259195893925,2421.8840579710145,2626.972396486826,3859.0679611650485
Maharashtra,Kopargaon,Onion,5,2024,500,2098,Zaid,1598,2678.6716114019778,2558.2608695652175,1915.1666666666667,1988.592672413793
Maharashtra,Nasik,Onion,3,2024,600,1900,Rabi,1300,2678.6716114019778,2656.4253731343283,2626.972396486826,1861.5330739299611
Maharashtra,Hingna,Potato,2,2025,2000,2000,Rabi,0,2183.5218855218855,2675.875,2626.972396486826,2104.9403341288785
Maharashtra,Jalgaon,Onion,11,2024,525,2250,Rabi,1725,2678.6716114019778,2410.159420289855,2626.972396486826,3859.0679611650485
Maharashtra,Karjat(Raigad),Wheat,12,2023,2200,2700,Rabi,500,2816.3259195893925,2770.2380952380954,2626.972396486826,2933.8104448742747
Maharashtra,Kolhapur,Onion,10,2023,1000,4000,Kharif,3000,2678.6716114019778,3576.785714285714,3044.2994875080076,3462.48231511254
Maharashtra,Jamkhed,Onion,7,2024,500,3100,Kharif,2600,2678.6716114019778,2610.4651162790697,3044.2994875080076,3289.337912087912
Maharashtra,Lasalgaon,Wheat,9,2023,2490,2951,Kharif,461,2816.3259195893925,2867.190476190476,3044.2994875080076,3127.0038240917784
Maharashtra,Amrawati(Frui & Veg. Market),Onion,3,2024,700,1800,Rabi,1100,2678.6716114019778,2546.923076923077,2626.972396486826,1861.5330739299611
Maharashtra,Ramtek,Potato,11,2023,1400,1600,Rabi,200,2183.5218855218855,3246.0169491525426,2626.972396486826,3859.0679611650485
Maharashtra,Amrawati(Frui & Veg. Market),Onion,11,2023,1500,5000,Rabi,3500,2678.6716114019778,2546.923076923077,2626.972396486826,3859.0679611650485
Maharashtra,Solapur,Onion,4,2025,100,1300,Zaid,1200,2678.6716114019778,3247.752808988764,1915.1666666666667,1829.9925
Maharashtra,Akluj,Potato,1,2024,1500,2000,Rabi,500,2183.5218855218855,2208.2716049382716,2626.972396486826,2202.0962441314555
Maharashtra,Nasik,Onion,2,2025,1400,3500,Rabi,2100,2678.6716114019778,2656.4253731343283,2626.972396486826,2104.9403341288785
Maharashtra,Kopargaon,Onion,4,2025,700,1300,Zaid,600,2678.6716114019778,2558.2608695652175,1915.1666666666667,1829.9925
Maharashtra,Pune,Potato,6,2024,2400,3000,Kharif,600,2183.5218855218855,3186.013986013986,3044.2994875080076,2308.1819620253164
Maharashtra,Akola,Potato,5,2025,1000,1700,Zaid,700,2183.5218855218855,2421.8840579710145,1915.1666666666667,1988.592672413793
Maharashtra,Dhule,Wheat,1,2024,2485,3180,Rabi,695,2816.3259195893925,2516.8552631578946,2626.972396486826,2202.0962441314555
Maharashtra,Shrirampur,Potato,3,2024,1500,1800,Rabi,300,2183.5218855218855,2334.11,2626.972396486826,1861.5330739299611
Maharashtra,Solapur,Potato,8,2023,500,2250,Kharif,1750,2183.5218855218855,3247.752808988764,3044.2994875080076,3017.515397082658
Maharashtra,Nasik,Onion,12,2023,1400,2100,Rabi,700,2678.6716114019778,2656.4253731343283,2626.972396486826,2933.8104448742747
Maharashtra,Jalgaon,Onion,7,2023,387,1187,Kharif,800,2678.6716114019778,2410.159420289855,3044.2994875080076,3289.337912087912
Maharashtra,Akole,Onion,8,2024,1100,4001,Kharif,2901,2678.6716114019778,2706.52,3044.2994875080076,3017.515397082658
Maharashtra,Amrawati(Frui & Veg. Market),Onion,6,2023,500,2000,Kharif,1500,2678.6716114019778,2546.923076923077,3044.2994875080076,2308.1819620253164
Maharashtra,Devala,Onion,11,2024,1300,4295,Rabi,2995,2678.6716114019778,2586.3793103448274,2626.972396486826,3859.0679611650485
Maharashtra,Yawal,Onion,3,2025,1280,1600,Rabi,320,2678.6716114019778,1866.578947368421,2626.972396486826,1861.5330739299611
Maharashtra,Mankamneshwar Farmar Producer CoLtd Sanchalit Mank,Onion,5,2025,952,1341,Zaid,389,2678.6716114019778,2072.0666666666666,1915.1666666666667,1988.592672413793
Maharashtra,Nasik,Potato,9,2023,1000,1400,Kharif,400,2183.5218855218855,2656.4253731343283,3044.2994875080076,3127.0038240917784
Maharashtra,Rahata,Wheat,9,2023,2450,2516,Kharif,66,2816.3259195893925,2600.863309352518,3044.2994875080076,3127.0038240917784
Maharashtra,Kamthi,Onion,1,2024,2000,3000,Rabi,1000,2678.6716114019778,3486.904761904762,2626.972396486826,2202.0962441314555
Maharashtra,Kamthi,Onion,7,2023,1400,1800,Kharif,400,2678.6716114019778,3486.904761904762,3044.2994875080076,3289.337912087912
Maharashtra,Parbhani,Wheat,7,2023,2500,2850,Kharif,350,2816.3259195893925,2860.0,3044.2994875080076,3289.337912087912
Maharashtra,Shrirampur,Wheat,7,2023,1900,2350,Kharif,450,2816.3259195893925,2334.11,3044.2994875080076,3289.337912087912
Maharashtra,Akole,Onion,12,2023,800,3150,Rabi,2350,2678.6716114019778,2706.52,2626.972396486826,2933.8104448742747
Maharashtra,Akola,Potato,11,2023,1200,1400,Rabi,200,2183.5218855218855,2421.8840579710145,2626.972396486826,3859.0679611650485
Maharashtra,Chandvad,Onion,9,2024,1100,4021,Kharif,2921,2678.6716114019778,3065.671875,3044.2994875080076,3127.0038240917784
Maharashtra,Jamkhed,Onion,4,2025,200,1400,Zaid,1200,2678.6716114019778,2610.4651162790697,1915.1666666666667,1829.9925
Maharashtra,Nagpur,Wheat,6,2023,3000,3200,Kharif,200,2816.3259195893925,2756.266666666667,3044.2994875080076,2308.1819620253164
Maharashtra,Jalgaon,Onion,7,2024,900,2627,Kharif,1727,2678.6716114019778,2410.159420289855,3044.2994875080076,3289.337912087912
Maharashtra,Pimpalgaon Baswant(Saykheda),Onion,3,2024,801,1704,Rabi,903,2678.6716114019778,2602.5479452054797,2626.972396486826,1861.5330739299611
Maharashtra,Rahata,Potato,11,2024,2500,2800,Rabi,300,2183.5218855218855,2600.863309352518,2626.972396486826,3859.0679611650485
Maharashtra,Nagpur,Onion,11,2023,3200,4200,Rabi,1000,2678.6716114019778,2756.266666666667,2626.972396486826,3859.0679611650485
Maharashtra,Junnar(Otur),Potato,10,2023,500,1600,Kharif,1100,2183.5218855218855,2554.5283018867926,3044.2994875080076,3462.48231511254
Maharashtra,Chandvad,Onion,7,2023,452,1729,Kharif,1277,2678.6716114019778,3065.671875,3044.2994875080076,3289.337912087912
Maharashtra,Shrirampur,Potato,7,2024,2500,3500,Kharif,1000,2183.5218855218855,2334.11,3044.2994875080076,3289.337912087912
Maharashtra,Rahuri,Onion,8,2024,200,4100,Kharif,3900,2678.6716114019778,2826.0106382978724,3044.2994875080076,3017.515397082658
Maharashtra,Manchar,Potato,2,2024,800,1600,Rabi,800,2183.5218855218855,2335.757575757576,2626.972396486826,2104.9403341288785
Maharashtra,Amarawati,Wheat,9,2023,2350,2500,Kharif,150,2816.3259195893925,2544.848484848485,3044.2994875080076,3127.0038240917784
Maharashtra,Sangamner,Wheat,1,2024,2571,2700,Rabi,129,2816.3259195893925,3329.057142857143,2626.972396486826,2202.0962441314555
Maharashtra,Sangli,Rice,5,2025,4500,9000,Zaid,4500,4928.92,4790.625,1915.1666666666667,1988.592672413793
Maharashtra,Nagpur,Onion,4,2025,800,1400,Zaid,600,2678.6716114019778,2756.266666666667,1915.1666666666667,1829.9925
Maharashtra,Pune(Manjri),Tomato,7,2023,7700,10900,Kharif,3200,6168.357446808511,2804.7619047619046,3044.2994875080076,3289.337912087912
Maharashtra,Amrawati(Frui & Veg. Market),Onion,2,2024,400,1900,Rabi,1500,2678.6716114019778,2546.923076923077,2626.972396486826,2104.9403341288785
Maharashtra,"Sangli(Phale, Bhajipura Market)",Onion,12,2024,2000,6000,Rabi,4000,2678.6716114019778,2561.711711711712,2626.972396486826,2933.8104448742747
Maharashtra,Satara,Onion,6,2023,1000,1300,Kharif,300,2678.6716114019778,2750.0,3044.2994875080076,2308.1819620253164
Maharashtra,Pune(Pimpri),Onion,11,2024,4000,4500,Rabi,500,2678.6716114019778,2966.2162162162163,2626.972396486826,3859.0679611650485
Maharashtra,Sangamner,Onion,3,2024,200,2000,Rabi,1800,2678.6716114019778,3329.057142857143,2626.972396486826,1861.5330739299611
Maharashtra,Hinganghat,Wheat,1,2024,2355,2475,Rabi,120,2816.3259195893925,2467.7272727272725,2626.972396486826,2202.0962441314555
Maharashtra,Satana,Onion,9,2023,500,2550,Kharif,2050,2678.6716114019778,2894.45,3044.2994875080076,3127.0038240917784
Maharashtra,Shrirampur,Potato,7,2024,2500,3100,Kharif,600,2183.5218855218855,2334.11,3044.2994875080076,3289.337912087912
Maharashtra,Junnar(Alephata),Onion,9,2024,2100,4310,Kharif,2210,2678.6716114019778,3320.3846153846152,3044.2994875080076,3127.0038240917784
Maharashtra,Junnar(Otur),Potato,12,2023,500,1200,Rabi,700,2183.5218855218855,2554.5283018867926,2626.972396486826,2933.8104448742747
Maharashtra,Shirpur,Onion,4,2024,200,1625,Zaid,1425,2678.6716114019778,2791.733333333333,1915.1666666666667,1829.9925
Maharashtra,Pune(Manjri),Potato,2,2024,1600,2000,Rabi,400,2183.5218855218855,2804.7619047619046,2626.972396486826,2104.9403341288785
Maharashtra,Nagpur,Potato,9,2024,2200,2800,Kharif,600,2183.5218855218855,2756.266666666667,3044.2994875080076,3127.0038240917784
Maharashtra,Hingna,Onion,3,2024,1600,1600,Rabi,0,2678.6716114019778,2675.875,2626.972396486826,1861.5330739299611
Maharashtra,Vashi New Mumbai,Onion,3,2024,1200,1700,Rabi,500,2678.6716114019778,2508.130081300813,2626.972396486826,1861.5330739299611
Maharashtra,Savner,Wheat,12,2023,1890,2435,Rabi,545,2816.3259195893925,2425.5,2626.972396486826,2933.8104448742747
Maharashtra,Katol,Wheat,12,2023,2600,2631,Rabi,31,2816.3259195893925,2448.962962962963,2626.972396486826,2933.8104448742747
Maharashtra,Shrirampur,Wheat,10,2023,2000,2700,Kharif,700,2816.3259195893925,2334.11,3044.2994875080076,3462.48231511254
Maharashtra,Bhusaval,Onion,2,2024,600,1000,Rabi,400,2678.6716114019778,2348.8,2626.972396486826,2104.9403341288785
Maharashtra,Pimpalgaon,Onion,5,2024,500,2130,Zaid,1630,2678.6716114019778,3416.065934065934,1915.1666666666667,1988.592672413793
Maharashtra,Pune(Pimpri),Onion,8,2023,1100,2400,Kharif,1300,2678.6716114019778,2966.2162162162163,3044.2994875080076,3017.515397082658
Maharashtra,Pune,Tomato,8,2023,4000,11000,Kharif,7000,6168.357446808511,3186.013986013986,3044.2994875080076,3017.515397082658
Maharashtra,Pune(Pimpri),Onion,7,2024,2800,3000,Kharif,200,2678.6716114019778,2966.2162162162163,3044.2994875080076,3289.337912087912
Maharashtra,Nanded,Wheat,7,2023,2205,2300,Kharif,95,2816.3259195893925,2512.3076923076924,3044.2994875080076,3289.337912087912
Maharashtra,Rahata,Potato,5,2024,2500,2700,Zaid,200,2183.5218855218855,2600.863309352518,1915.1666666666667,1988.592672413793
Maharashtra,Lasalgaon(Vinchur),Onion,12,2023,1000,2760,Rabi,1760,2678.6716114019778,2574.311320754717,2626.972396486826,2933.8104448742747
Maharashtra,Bhandara,Wheat,6,2023,1900,2100,Kharif,200,2816.3259195893925,3256.25,3044.2994875080076,2308.1819620253164
Maharashtra,Hingna,Potato,6,2025,1400,2200,Kharif,800,2183.5218855218855,2675.875,3044.2994875080076,2308.1819620253164
Maharashtra,Pune(Pimpri),Onion,7,2023,900,1500,Kharif,600,2678.6716114019778,2966.2162162162163,3044.2994875080076,3289.337912087912
Maharashtra,Vai,Potato,12,2024,2000,4000,Rabi,2000,2183.5218855218855,3070.7865168539324,2626.972396486826,2933.8104448742747
Maharashtra,Vashi New Mumbai,Potato,8,2024,1900,2800,Kharif,900,2183.5218855218855,2508.130081300813,3044.2994875080076,3017.515397082658
Maharashtra,Pune,Wheat,7,2023,4200,5000,Kharif,800,2816.3259195893925,3186.013986013986,3044.2994875080076,3289.337912087912
Maharashtra,Kalvan,Onion,7,2023,200,1775,Kharif,1575,2678.6716114019778,2726.1132075471696,3044.2994875080076,3289.337912087912
Maharashtra,Nandgaon Khandeshwar,Wheat,9,2023,2150,2325,Kharif,175,2816.3259195893925,2336.6666666666665,3044.2994875080076,3127.0038240917784
Maharashtra,Devala,Onion,8,2024,1200,3415,Kharif,2215,2678.6716114019778,2586.3793103448274,3044.2994875080076,3017.515397082658
Maharashtra,Vashi New Mumbai,Onion,9,2024,3600,4500,Kharif,900,2678.6716114019778,2508.130081300813,3044.2994875080076,3127.0038240917784
Maharashtra,Shirpur,Wheat,12,2023,2250,2800,Rabi,550,2816.3259195893925,2791.733333333333,2626.972396486826,2933.8104448742747
Maharashtra,Bhusaval,Onion,3,2025,1000,1500,Rabi,500,2678.6716114019778,2348.8,2626.972396486826,1861.5330739299611
Maharashtra,Mangal Wedha,Onion,7,2023,600,1610,Kharif,1010,2678.6716114019778,2928.322033898305,3044.2994875080076,3289.337912087912
Maharashtra,Barshi,Wheat,6,2023,2100,3100,Kharif,1000,2816.3259195893925,3191.6666666666665,3044.2994875080076,2308.1819620253164
Maharashtra,Solapur,Potato,2,2025,1300,1700,Rabi,400,2183.5218855218855,3247.752808988764,2626.972396486826,2104.9403341288785
Maharashtra,Hingna,Potato,5,2025,1600,2000,Zaid,400,2183.5218855218855,2675.875,1915.1666666666667,1988.592672413793
Maharashtra,Shrirampur,Onion,11,2023,1505,3500,Rabi,1995,2678.6716114019778,2334.11,2626.972396486826,3859.0679611650485
Maharashtra,Pimpalgaon Baswant(Saykheda),Onion,1,2024,500,1801,Rabi,1301,2678.6716114019778,2602.5479452054797,2626.972396486826,2202.0962441314555
Maharashtra,Amrawati(Frui & Veg. Market),Potato,2,2024,600,1400,Rabi,800,2183.5218855218855,2546.923076923077,2626.972396486826,2104.9403341288785
Maharashtra,Yeola,Onion,11,2024,700,4026,Rabi,3326,2678.6716114019778,2692.5254237288136,2626.972396486826,3859.0679611650485
Maharashtra,Rahata,Wheat,7,2023,2236,2275,Kharif,39,2816.3259195893925,2600.863309352518,3044.2994875080076,3289.337912087912
Maharashtra,"Sangli(Phale, Bhajipura Market)",Potato,3,2025,1300,2100,Rabi,800,2183.5218855218855,2561.711711711712,2626.972396486826,1861.5330739299611
Maharashtra,Gangakhed,Wheat,2,2024,2500,2800,Rabi,300,2816.3259195893925,2716.6666666666665,2626.972396486826,2104.9403341288785
Maharashtra,Kopargaon,Onion,10,2023,500,2503,Kharif,2003,2678.6716114019778,2558.2608695652175,3044.2994875080076,3462.48231511254
Maharashtra,Solapur,Potato,8,2024,1400,2900,Kharif,1500,2183.5218855218855,3247.752808988764,3044.2994875080076,3017.515397082658
Maharashtra,Shevgaon,Onion,5,2025,200,400,Zaid,200,2678.6716114019778,2106.75,1915.1666666666667,1988.592672413793
Maharashtra,Pune(Pimpri),Onion,4,2025,1600,2000,Zaid,400,2678.6716114019778,2966.2162162162163,1915.1666666666667,1829.9925
Maharashtra,Manchar,Onion,8,2023,1200,2550,Kharif,1350,2678.6716114019778,2335.757575757576,3044.2994875080076,3017.515397082658
Maharashtra,Manmad,Onion,3,2025,1000,1603,Rabi,603,2678.6716114019778,2515.4166666666665,2626.972396486826,1861.5330739299611
Maharashtra,Om Chaitanya Multistate Agro Purpose CoOp Society,Wheat,7,2023,2000,2200,Kharif,200,2816.3259195893925,2918.3333333333335,3044.2994875080076,3289.337912087912
Maharashtra,Pune(Pimpri),Onion,6,2024,1400,2200,Kharif,800,2678.6716114019778,2966.2162162162163,3044.2994875080076,2308.1819620253164
Maharashtra,Lasalgaon(Vinchur),Wheat,2,2024,2300,2840,Rabi,540,2816.3259195893925,2574.311320754717,2626.972396486826,2104.9403341288785
Maharashtra,Karad,Onion,4,2025,200,1600,Zaid,1400,2678.6716114019778,2862.31884057971,1915.1666666666667,1829.9925
Maharashtra,Amrawati(Frui & Veg. Market),Potato,12,2024,800,2800,Rabi,2000,2183.5218855218855,2546.923076923077,2626.972396486826,2933.8104448742747
Maharashtra,Sangamner,Onion,10,2024,1500,5000,Kharif,3500,2678.6716114019778,3329.057142857143,3044.2994875080076,3462.48231511254
Maharashtra,Rahata,Onion,9,2023,600,2600,Kharif,2000,2678.6716114019778,2600.863309352518,3044.2994875080076,3127.0038240917784
Maharashtra,Nandgaon,Onion,6,2023,120,1313,Kharif,1193,2678.6716114019778,2752.116666666667,3044.2994875080076,2308.1819620253164
Maharashtra,Karmala,Wheat,9,2023,2511,2511,Kharif,0,2816.3259195893925,2593.1666666666665,3044.2994875080076,3127.0038240917784
Maharashtra,Nasik,Potato,5,2024,2150,2450,Zaid,300,2183.5218855218855,2656.4253731343283,1915.1666666666667,1988.592672413793
Maharashtra,Pune(Pimpri),Onion,10,2024,2500,4300,Kharif,1800,2678.6716114019778,2966.2162162162163,3044.2994875080076,3462.48231511254
Maharashtra,Pune(Manjri),Onion,5,2024,1100,2000,Zaid,900,2678.6716114019778,2804.7619047619046,1915.1666666666667,1988.592672413793
Maharashtra,Amrawati(Frui & Veg. Market),Onion,12,2023,500,2300,Rabi,1800,2678.6716114019778,2546.923076923077,2626.972396486826,2933.8104448742747
Maharashtra,Satara,Onion,9,2024,4000,4500,Kharif,500,2678.6716114019778,2750.0,3044.2994875080076,3127.0038240917784
Maharashtra,Junnar(Narayangaon),Onion,7,2024,600,3000,Kharif,2400,2678.6716114019778,2861.8518518518517,3044.2994875080076,3289.337912087912
Maharashtra,Junnar(Otur),Onion,8,2023,1000,2300,Kharif,1300,2678.6716114019778,2554.5283018867926,3044.2994875080076,3017.515397082658
Maharashtra,Dondaicha,Wheat,1,2024,2300,3050,Rabi,750,2816.3259195893925,2795.7727272727275,2626.972396486826,2202.0962441314555
Maharashtra,Dhule,Wheat,8,2023,2430,2673,Kharif,243,2816.3259195893925,2516.8552631578946,3044.2994875080076,3017.515397082658
Maharashtra,Pune(Moshi),Onion,11,2023,1500,4000,Rabi,2500,2678.6716114019778,2277.6119402985073,2626.972396486826,3859.0679611650485
Maharashtra,Lonand,Onion,5,2024,900,2400,Zaid,1500,2678.6716114019778,2603.235294117647,1915.1666666666667,1988.592672413793
Maharashtra,Dhule,Onion,7,2024,600,2700,Kharif,2100,2678.6716114019778,2516.8552631578946,3044.2994875080076,3289.337912087912
Maharashtra,Jalgaon,Potato,12,2023,800,1300,Rabi,500,2183.5218855218855,2410.159420289855,2626.972396486826,2933.8104448742747
Maharashtra,Rahata,Potato,7,2024,2800,3000,Kharif,200,2183.5218855218855,2600.863309352518,3044.2994875080076,3289.337912087912
Maharashtra,Vai,Onion,8,2024,2000,4500,Kharif,2500,2678.6716114019778,3070.7865168539324,3044.2994875080076,3017.515397082658
Maharashtra,Vashi New Mumbai,Onion,10,2024,2500,4800,Kharif,2300,2678.6716114019778,2508.130081300813,3044.2994875080076,3462.48231511254
Maharashtra,Junnar(Narayangaon),Onion,3,2024,300,1600,Rabi,1300,2678.6716114019778,2861.8518518518517,2626.972396486826,1861.5330739299611
Maharashtra,Dindori(Vani),Onion,11,2024,4200,5400,Rabi,1200,2678.6716114019778,2426.6388888888887,2626.972396486826,3859.0679611650485
Maharashtra,Vai,Tomato,7,2023,4000,11000,Kharif,7000,6168.357446808511,3070.7865168539324,3044.2994875080076,3289.337912087912
Maharashtra,Vai,Onion,3,2025,1500,2600,Rabi,1100,2678.6716114019778,3070.7865168539324,2626.972396486826,1861.5330739299611
Maharashtra,Rahata,Wheat,11,2023,2545,2876,Rabi,331,2816.3259195893925,2600.863309352518,2626.972396486826,3859.0679611650485
Maharashtra,Satara,Potato,7,2024,2600,3000,Kharif,400,2183.5218855218855,2750.0,3044.2994875080076,3289.337912087912
Maharashtra,Tumsar,Wheat,6,2023,2168,2351,Kharif,183,2816.3259195893925,2576.0833333333335,3044.2994875080076,2308.1819620253164
Maharashtra,Chandvad,Onion,7,2024,1200,2854,Kharif,1654,2678.6716114019778,3065.671875,3044.2994875080076,3289.337912087912
Maharashtra,Lasalgaon(Niphad),Onion,3,2024,700,1550,Rabi,850,2678.6716114019778,2520.8804347826085,2626.972396486826,1861.5330739299611
Maharashtra,Malegaon,Wheat,8,2023,2300,2712,Kharif,412,2816.3259195893925,2828.2608695652175,3044.2994875080076,3017.515397082658
Maharashtra,Hingna,Onion,3,2024,1800,1800,Rabi,0,2678.6716114019778,2675.875,2626.972396486826,1861.5330739299611
Maharashtra,Vai,Potato,6,2024,2500,2900,Kharif,400,2183.5218855218855,3070.7865168539324,3044.2994875080076,2308.1819620253164
Maharashtra,Junnar(Otur),Potato,3,2025,500,2200,Rabi,1700,2183.5218855218855,2554.5283018867926,2626.972396486826,1861.5330739299611
Maharashtra,Khed(Chakan),Potato,11,2023,1100,2000,Rabi,900,2183.5218855218855,2519.4174757281553,2626.972396486826,3859.0679611650485
Maharashtra,Nasik,Onion,10,2024,3400,4551,Kharif,1151,2678.6716114019778,2656.4253731343283,3044.2994875080076,3462.48231511254
Maharashtra,Pune(Moshi),Potato,6,2024,1600,2400,Kharif,800,2183.5218855218855,2277.6119402985073,3044.2994875080076,2308.1819620253164
Maharashtra,Ahmednagar,Onion,3,2025,300,2100,Rabi,1800,2678.6716114019778,2678.2608695652175,2626.972396486826,1861.5330739299611
Maharashtra,Lasalgaon(Vinchur),Onion,2,2025,1200,2830,Rabi,1630,2678.6716114019778,2574.311320754717,2626.972396486826,2104.9403341288785
Maharashtra,Satara,Potato,1,2024,1700,2100,Rabi,400,2183.5218855218855,2750.0,2626.972396486826,2202.0962441314555
Maharashtra,Rahata,Potato,12,2023,1300,1600,Rabi,300,2183.5218855218855,2600.863309352518,2626.972396486826,2933.8104448742747
Maharashtra,Laxmi Sopan Agriculture Produce Marketing Co Ltd,Onion,5,2025,600,1750,Zaid,1150,2678.6716114019778,2508.3928571428573,1915.1666666666667,1988.592672413793
Maharashtra,Amrawati(Frui & Veg. Market),Potato,3,2025,800,1800,Rabi,1000,2183.5218855218855,2546.923076923077,2626.972396486826,1861.5330739299611
Maharashtra,Pathari,Wheat,6,2023,2000,2300,Kharif,300,2816.3259195893925,2668.5,3044.2994875080076,2308.1819620253164
Maharashtra,Vashi New Mumbai,Potato,11,2023,900,1400,Rabi,500,2183.5218855218855,2508.130081300813,2626.972396486826,3859.0679611650485
Maharashtra,Karad,Onion,5,2025,500,2000,Zaid,1500,2678.6716114019778,2862.31884057971,1915.1666666666667,1988.592672413793
Maharashtra,Nanded,Wheat,6,2023,2165,2600,Kharif,435,2816.3259195893925,2512.3076923076924,3044.2994875080076,2308.1819620253164
Maharashtra,Rahata,Tomato,6,2023,2000,3000,Kharif,1000,6168.357446808511,2600.863309352518,3044.2994875080076,2308.1819620253164
Maharashtra,Rahata,Wheat,11,2023,2650,2895,Rabi,245,2816.3259195893925,2600.863309352518,2626.972396486826,3859.0679611650485
Maharashtra,Rahuri(Vambori),Onion,9,2024,500,4300,Kharif,3800,2678.6716114019778,2812.3478260869565,3044.2994875080076,3127.0038240917784
Maharashtra,Amarawati,Wheat,11,2023,2400,2525,Rabi,125,2816.3259195893925,2544.848484848485,2626.972396486826,3859.0679611650485
Maharashtra,Pune(Khadiki),Onion,10,2023,3000,5200,Kharif,2200,2678.6716114019778,2011.926605504587,3044.2994875080076,3462.48231511254
Maharashtra,Solapur,Onion,7,2023,100,2300,Kharif,2200,2678.6716114019778,3247.752808988764,3044.2994875080076,3289.337912087912
Maharashtra,Junnar,Potato,1,2024,1000,1500,Rabi,500,2183.5218855218855,2172.0833333333335,2626.972396486826,2202.0962441314555
Maharashtra,Pune(Manjri),Potato,12,2023,1600,1800,Rabi,200,2183.5218855218855,2804.7619047619046,2626.972396486826,2933.8104448742747
Maharashtra,Islampur,Potato,6,2023,1500,2000,Kharif,500,2183.5218855218855,2422.7272727272725,3044.2994875080076,2308.1819620253164
Maharashtra,Baramati,Onion,2,2024,300,1500,Rabi,1200,2678.6716114019778,2769.054054054054,2626.972396486826,2104.9403341288785
Maharashtra,Akola,Potato,10,2024,2000,2900,Kharif,900,2183.5218855218855,2421.8840579710145,3044.2994875080076,3462.48231511254
Maharashtra,Beed,Wheat,1,2024,2370,2900,Rabi,530,2816.3259195893925,3114.3636363636365,2626.972396486826,2202.0962441314555
Maharashtra,Akola,Potato,12,2024,2200,2600,Rabi,400,2183.5218855218855,2421.8840579710145,2626.972396486826,2933.8104448742747
Maharashtra,Indapur,Onion,5,2025,200,2200,Zaid,2000,2678.6716114019778,2276.8333333333335,1915.1666666666667,1988.592672413793
Maharashtra,Amarawati,Wheat,12,2023,2450,2650,Rabi,200,2816.3259195893925,2544.848484848485,2626.972396486826,2933.8104448742747
Maharashtra,Pune(Manjri),Potato,2,2024,1500,2000,Rabi,500,2183.5218855218855,2804.7619047619046,2626.972396486826,2104.9403341288785
Maharashtra,Kurdwadi(Modnimb),Onion,10,2023,1200,4500,Kharif,3300,2678.6716114019778,2242.88,3044.2994875080076,3462.48231511254
Maharashtra,Junnar(Alephata),Onion,3,2025,900,2700,Rabi,1800,2678.6716114019778,3320.3846153846152,2626.972396486826,1861.5330739299611
Maharashtra,Manmad,Wheat,8,2023,2361,2467,Kharif,106,2816.3259195893925,2515.4166666666665,3044.2994875080076,3017.515397082658
Maharashtra,Rahuri(Vambori),Onion,10,2023,500,5000,Kharif,4500,2678.6716114019778,2812.3478260869565,3044.2994875080076,3462.48231511254
Maharashtra,Majalgaon,Wheat,12,2023,2000,3775,Rabi,1775,2816.3259195893925,3154.5384615384614,2626.972396486826,2933.8104448742747
Maharashtra,Pune,Onion,5,2024,600,2000,Zaid,1400,2678.6716114019778,3186.013986013986,1915.1666666666667,1988.592672413793
Maharashtra,Karad,Onion,3,2025,1500,2000,Rabi,500,2678.6716114019778,2862.31884057971,2626.972396486826,1861.5330739299611
Maharashtra,Amrawati(Frui & Veg. Market),Onion,6,2025,500,2000,Kharif,1500,2678.6716114019778,2546.923076923077,3044.2994875080076,2308.1819620253164
Maharashtra,Sakri,Onion,10,2023,900,2700,Kharif,1800,2678.6716114019778,2829.8611111111113,3044.2994875080076,3462.48231511254
Maharashtra,Karad,Onion,11,2023,2000,3800,Rabi,1800,2678.6716114019778,2862.31884057971,2626.972396486826,3859.0679611650485
Maharashtra,Pen,Potato,3,2024,2200,2400,Rabi,200,2183.5218855218855,2790.909090909091,2626.972396486826,1861.5330739299611
Maharashtra,Lasalgaon,Onion,2,2025,1301,2372,Rabi,1071,2678.6716114019778,2867.190476190476,2626.972396486826,2104.9403341288785
Maharashtra,Chandvad,Onion,3,2024,516,1450,Rabi,934,2678.6716114019778,3065.671875,2626.972396486826,1861.5330739299611
Maharashtra,Junnar(Narayangaon),Potato,1,2024,200,1400,Rabi,1200,2183.5218855218855,2861.8518518518517,2626.972396486826,2202.0962441314555
Maharashtra,Akluj,Potato,7,2024,2700,3200,Kharif,500,2183.5218855218855,2208.2716049382716,3044.2994875080076,3289.337912087912
Maharashtra,Pune(Khadiki),Onion,4,2025,1000,1700,Zaid,700,2678.6716114019778,2011.926605504587,1915.1666666666667,1829.9925
Maharashtra,Pune,Potato,11,2024,2200,4200,Rabi,2000,2183.5218855218855,3186.013986013986,2626.972396486826,3859.0679611650485
Maharashtra,Pimpalgaon Baswant(Saykheda),Onion,10,2023,1700,3482,Kharif,1782,2678.6716114019778,2602.5479452054797,3044.2994875080076,3462.48231511254
Maharashtra,Karad,Onion,8,2023,1200,2000,Kharif,800,2678.6716114019778,2862.31884057971,3044.2994875080076,3017.515397082658
Maharashtra,Nampur,Onion,9,2024,2000,4535,Kharif,2535,2678.6716114019778,2499.769230769231,3044.2994875080076,3127.0038240917784
Maharashtra,Jalgaon,Onion,9,2023,500,2077,Kharif,1577,2678.6716114019778,2410.159420289855,3044.2994875080076,3127.0038240917784
Maharashtra,Pune,Onion,4,2025,700,1500,Zaid,800,2678.6716114019778,3186.013986013986,1915.1666666666667,1829.9925
Maharashtra,Nasik,Onion,9,2024,2900,4200,Kharif,1300,2678.6716114019778,2656.4253731343283,3044.2994875080076,3127.0038240917784
Maharashtra,Pathardi,Onion,10,2024,800,5100,Kharif,4300,2678.6716114019778,2397.093023255814,3044.2994875080076,3462.48231511254
Maharashtra,Nampur,Onion,1,2024,100,1280,Rabi,1180,2678.6716114019778,2499.769230769231,2626.972396486826,2202.0962441314555
Maharashtra,Akluj,Potato,7,2024,3000,3100,Kharif,100,2183.5218855218855,2208.2716049382716,3044.2994875080076,3289.337912087912
Maharashtra,Amrawati(Frui & Veg. Market),Potato,2,2025,800,1700,Rabi,900,2183.5218855218855,2546.923076923077,2626.972396486826,2104.9403341288785
Maharashtra,Hingna,Onion,3,2025,2200,2500,Rabi,300,2678.6716114019778,2675.875,2626.972396486826,1861.5330739299611
Maharashtra,Kalvan,Onion,5,2025,400,1800,Zaid,1400,2678.6716114019778,2726.1132075471696,1915.1666666666667,1988.592672413793
Maharashtra,Shrirampur,Wheat,8,2023,2100,2400,Kharif,300,2816.3259195893925,2334.11,3044.2994875080076,3017.515397082658
Maharashtra,Ramtek,Potato,8,2023,1800,2000,Kharif,200,2183.5218855218855,3246.0169491525426,3044.2994875080076,3017.515397082658
Maharashtra,"Sangli(Phale, Bhajipura Market)",Potato,5,2025,1200,2000,Zaid,800,2183.5218855218855,2561.711711711712,1915.1666666666667,1988.592672413793
Maharashtra,Satara,Potato,4,2025,1000,1200,Zaid,200,2183.5218855218855,2750.0,1915.1666666666667,1829.9925
Maharashtra,Vashi New Mumbai,Onion,10,2024,1800,4800,Kharif,3000,2678.6716114019778,2508.130081300813,3044.2994875080076,3462.48231511254
Maharashtra,Khed(Chakan),Potato,9,2024,2000,2800,Kharif,800,2183.5218855218855,2519.4174757281553,3044.2994875080076,3127.0038240917784
Maharashtra,Yeola,Onion,11,2023,1800,4699,Rabi,2899,2678.6716114019778,2692.5254237288136,2626.972396486826,3859.0679611650485
Maharashtra,Raver,Wheat,11,2023,2500,2880,Rabi,380,2816.3259195893925,2602.769230769231,2626.972396486826,3859.0679611650485
Maharashtra,Shrirampur,Wheat,6,2023,2000,2300,Kharif,300,2816.3259195893925,2334.11,3044.2994875080076,2308.1819620253164
Maharashtra,Chalisgaon,Wheat,8,2023,2200,2650,Kharif,450,2816.3259195893925,2719.05,3044.2994875080076,3017.515397082658
Maharashtra,Rahuri(Vambori),Wheat,12,2023,2276,2850,Rabi,574,2816.3259195893925,2812.3478260869565,2626.972396486826,2933.8104448742747
Maharashtra,Karjat(Raigad),Onion,6,2023,200,1300,Kharif,1100,2678.6716114019778,2770.2380952380954,3044.2994875080076,2308.1819620253164
Maharashtra,Junnar(Otur),Potato,1,2024,500,1400,Rabi,900,2183.5218855218855,2554.5283018867926,2626.972396486826,2202.0962441314555
Maharashtra,Sinner,Onion,12,2024,500,3821,Rabi,3321,2678.6716114019778,2542.6071428571427,2626.972396486826,2933.8104448742747
Maharashtra,Pune(Moshi),Onion,5,2025,400,1100,Zaid,700,2678.6716114019778,2277.6119402985073,1915.1666666666667,1988.592672413793
Maharashtra,Chandrapur(Ganjwad),Onion,8,2023,1500,3000,Kharif,1500,2678.6716114019778,2858.8607594936707,3044.2994875080076,3017.515397082658
Maharashtra,Malegaon,Wheat,6,2023,2152,2531,Kharif,379,2816.3259195893925,2828.2608695652175,3044.2994875080076,2308.1819620253164
Maharashtra,Rahuri,Onion,7,2024,200,3000,Kharif,2800,2678.6716114019778,2826.0106382978724,3044.2994875080076,3289.337912087912
Maharashtra,Sinner,Onion,7,2024,1500,2750,Kharif,1250,2678.6716114019778,2542.6071428571427,3044.2994875080076,3289.337912087912
Maharashtra,Nanded,Wheat,8,2023,2315,2315,Kharif,0,2816.3259195893925,2512.3076923076924,3044.2994875080076,3017.515397082658
Maharashtra,Ahmednagar,Potato,9,2024,1800,3200,Kharif,1400,2183.5218855218855,2678.2608695652175,3044.2994875080076,3127.0038240917784
Maharashtra,Pune(Moshi),Potato,6,2024,1800,2000,Kharif,200,2183.5218855218855,2277.6119402985073,3044.2994875080076,2308.1819620253164
Maharashtra,Ahmednagar,Onion,5,2024,200,2100,Zaid,1900,2678.6716114019778,2678.2608695652175,1915.1666666666667,1988.592672413793
Maharashtra,Chandvad,Onion,5,2024,812,2151,Zaid,1339,2678.6716114019778,3065.671875,1915.1666666666667,1988.592672413793
Maharashtra,Amalner,Wheat,11,2023,2400,2615,Rabi,215,2816.3259195893925,2787.5714285714284,2626.972396486826,3859.0679611650485
Maharashtra,Dondaicha,Wheat,1,2024,2350,2944,Rabi,594,2816.3259195893925,2795.7727272727275,2626.972396486826,2202.0962441314555
Maharashtra,Junnar(Narayangaon),Potato,9,2023,1000,1800,Kharif,800,2183.5218855218855,2861.8518518518517,3044.2994875080076,3127.0038240917784
Maharashtra,Jamkhed,Onion,2,2025,200,2800,Rabi,2600,2678.6716114019778,2610.4651162790697,2626.972396486826,2104.9403341288785
Maharashtra,Tasgaon,Wheat,10,2023,2570,2830,Kharif,260,2816.3259195893925,2896.875,3044.2994875080076,3462.48231511254
Maharashtra,Pune,Potato,12,2023,1000,2200,Rabi,1200,2183.5218855218855,3186.013986013986,2626.972396486826,2933.8104448742747
Maharashtra,Dondaicha,Wheat,11,2023,2400,2999,Rabi,599,2816.3259195893925,2795.7727272727275,2626.972396486826,3859.0679611650485
Maharashtra,Bhusaval,Potato,9,2024,2200,3000,Kharif,800,2183.5218855218855,2348.8,3044.2994875080076,3127.0038240917784
Maharashtra,Pune(Pimpri),Onion,11,2024,4000,6800,Rabi,2800,2678.6716114019778,2966.2162162162163,2626.972396486826,3859.0679611650485
Maharashtra,Pune,Wheat,7,2023,4000,5000,Kharif,1000,2816.3259195893925,3186.013986013986,3044.2994875080076,3289.337912087912
Maharashtra,Vashi New Mumbai,Potato,11,2023,800,1200,Rabi,400,2183.5218855218855,2508.130081300813,2626.972396486826,3859.0679611650485
Maharashtra,Hingna,Onion,3,2025,3000,3000,Rabi,0,2678.6716114019778,2675.875,2626.972396486826,1861.5330739299611
Maharashtra,Satara,Potato,5,2024,2300,2400,Zaid,100,2183.5218855218855,2750.0,1915.1666666666667,1988.592672413793
Maharashtra,Karad,Onion,5,2025,1200,1500,Zaid,300,2678.6716114019778,2862.31884057971,1915.1666666666667,1988.592672413793
Maharashtra,Kamthi,Onion,5,2024,1000,2000,Zaid,1000,2678.6716114019778,3486.904761904762,1915.1666666666667,1988.592672413793
Maharashtra,Shrirampur,Potato,10,2023,950,1250,Kharif,300,2183.5218855218855,2334.11,3044.2994875080076,3462.48231511254
Maharashtra,Manchar,Potato,1,2025,1000,2000,Rabi,1000,2183.5218855218855,2335.757575757576,2626.972396486826,2202.0962441314555
Maharashtra,Ramtek,Potato,6,2024,2000,2400,Kharif,400,2183.5218855218855,3246.0169491525426,3044.2994875080076,2308.1819620253164
Maharashtra,Pune,Potato,11,2024,2300,4000,Rabi,1700,2183.5218855218855,3186.013986013986,2626.972396486826,3859.0679611650485
Maharashtra,Pune(Khadiki),Potato,2,2024,1000,1500,Rabi,500,2183.5218855218855,2011.926605504587,2626.972396486826,2104.9403341288785
Maharashtra,Kalvan,Onion,9,2024,2200,5201,Kharif,3001,2678.6716114019778,2726.1132075471696,3044.2994875080076,3127.0038240917784
Maharashtra,Sakri,Onion,8,2024,2100,3650,Kharif,1550,2678.6716114019778,2829.8611111111113,3044.2994875080076,3017.515397082658
Maharashtra,Amalner,Wheat,12,2023,2400,2911,Rabi,511,2816.3259195893925,2787.5714285714284,2626.972396486826,2933.8104448742747
Maharashtra,Indapur,Onion,6,2025,200,1800,Kharif,1600,2678.6716114019778,2276.8333333333335,3044.2994875080076,2308.1819620253164
Maharashtra,Pune(Moshi),Potato,6,2024,2000,2400,Kharif,400,2183.5218855218855,2277.6119402985073,3044.2994875080076,2308.1819620253164
Maharashtra,Nagpur,Onion,5,2025,600,1200,Zaid,600,2678.6716114019778,2756.266666666667,1915.1666666666667,1988.592672413793
Maharashtra,Akola,Potato,1,2024,1200,1800,Rabi,600,2183.5218855218855,2421.8840579710145,2626.972396486826,2202.0962441314555
Maharashtra,Nagpur,Potato,12,2024,1600,2200,Rabi,600,2183.5218855218855,2756.266666666667,2626.972396486826,2933.8104448742747
Maharashtra,Junnar(Narayangaon),Potato,7,2023,1200,1900,Kharif,700,2183.5218855218855,2861.8518518518517,3044.2994875080076,3289.337912087912
Maharashtra,Pimpalgaon Baswant(Saykheda),Onion,8,2023,400,1626,Kharif,1226,2678.6716114019778,2602.5479452054797,3044.2994875080076,3017.515397082658
Maharashtra,Pune(Manjri),Potato,6,2024,2000,2600,Kharif,600,2183.5218855218855,2804.7619047619046,3044.2994875080076,2308.1819620253164
Maharashtra,Pune(Manjri),Potato,8,2024,2600,2800,Kharif,200,2183.5218855218855,2804.7619047619046,3044.2994875080076,3017.515397082658
Maharashtra,"Sangli(Phale, Bhajipura Market)",Potato,6,2023,1200,1600,Kharif,400,2183.5218855218855,2561.711711711712,3044.2994875080076,2308.1819620253164
Maharashtra,Pune(Moshi),Onion,10,2024,1500,3500,Kharif,2000,2678.6716114019778,2277.6119402985073,3044.2994875080076,3462.48231511254
Maharashtra,Bhusaval,Potato,1,2024,1500,2000,Rabi,500,2183.5218855218855,2348.8,2626.972396486826,2202.0962441314555
Maharashtra,Sinner,Onion,3,2025,500,1651,Rabi,1151,2678.6716114019778,2542.6071428571427,2626.972396486826,1861.5330739299611
Maharashtra,Rahuri,Onion,10,2023,200,4100,Kharif,3900,2678.6716114019778,2826.0106382978724,3044.2994875080076,3462.48231511254
Maharashtra,Lasalgaon,Onion,10,2024,3052,4500,Kharif,1448,2678.6716114019778,2867.190476190476,3044.2994875080076,3462.48231511254
Maharashtra,Rahuri,Potato,8,2023,1500,2000,Kharif,500,2183.5218855218855,2826.0106382978724,3044.2994875080076,3017.515397082658
Maharashtra,Vai,Potato,10,2023,1000,2200,Kharif,1200,2183.5218855218855,3070.7865168539324,3044.2994875080076,3462.48231511254
Maharashtra,Kolhapur,Onion,5,2025,500,1700,Zaid,1200,2678.6716114019778,3576.785714285714,1915.1666666666667,1988.592672413793
Maharashtra,Sinner,Onion,10,2024,1500,4519,Kharif,3019,2678.6716114019778,2542.6071428571427,3044.2994875080076,3462.48231511254
Maharashtra,Satara,Potato,11,2023,1300,1600,Rabi,300,2183.5218855218855,2750.0,2626.972396486826,3859.0679611650485
Maharashtra,Pune(Khadiki),Onion,6,2023,900,1600,Kharif,700,2678.6716114019778,2011.926605504587,3044.2994875080076,2308.1819620253164
Maharashtra,"Sangli(Phale, Bhajipura Market)",Potato,4,2025,1200,2200,Zaid,1000,2183.5218855218855,2561.711711711712,1915.1666666666667,1829.9925
Maharashtra,Shrirampur(Belapur),Wheat,12,2023,2300,2300,Rabi,0,2816.3259195893925,2212.5,2626.972396486826,2933.8104448742747
Maharashtra,Lasalgaon,Wheat,10,2023,2580,3180,Kharif,600,2816.3259195893925,2867.190476190476,3044.2994875080076,3462.48231511254
Maharashtra,Lasalgaon(Vinchur),Onion,4,2025,600,2001,Zaid,1401,2678.6716114019778,2574.311320754717,1915.1666666666667,1829.9925
Maharashtra,Palus,Tomato,7,2023,4000,5000,Kharif,1000,6168.357446808511,6000.0,3044.2994875080076,3289.337912087912
Maharashtra,Jalgaon,Potato,8,2024,1700,3000,Kharif,1300,2183.5218855218855,2410.159420289855,3044.2994875080076,3017.515397082658
Maharashtra,Khed(Chakan),Potato,2,2024,1400,1900,Rabi,500,2183.5218855218855,2519.4174757281553,2626.972396486826,2104.9403341288785
Maharashtra,Kalvan,Onion,2,2024,400,1465,Rabi,1065,2678.6716114019778,2726.1132075471696,2626.972396486826,2104.9403341288785
Maharashtra,Karad,Tomato,7,2023,5000,6500,Kharif,1500,6168.357446808511,2862.31884057971,3044.2994875080076,3289.337912087912
Maharashtra,Vashi New Mumbai,Potato,9,2024,2000,2600,Kharif,600,2183.5218855218855,2508.130081300813,3044.2994875080076,3127.0038240917784
Maharashtra,Khed(Chakan),Potato,8,2024,2200,3000,Kharif,800,2183.5218855218855,2519.4174757281553,3044.2994875080076,3017.515397082658
Maharashtra,Rahuri(Songaon),Potato,12,2024,2000,3000,Rabi,1000,2183.5218855218855,2550.0,2626.972396486826,2933.8104448742747
Maharashtra,Baramati,Onion,1,2024,1000,2865,Rabi,1865,2678.6716114019778,2769.054054054054,2626.972396486826,2202.0962441314555
Maharashtra,Bhusaval,Onion,11,2023,3500,4200,Rabi,700,2678.6716114019778,2348.8,2626.972396486826,3859.0679611650485
Maharashtra,Kamthi,Potato,12,2023,1300,1700,Rabi,400,2183.5218855218855,3486.904761904762,2626.972396486826,2933.8104448742747
Maharashtra,Khed(Chakan),Onion,12,2024,2000,4000,Rabi,2000,2678.6716114019778,2519.4174757281553,2626.972396486826,2933.8104448742747
Maharashtra,Bhusaval,Potato,8,2023,1500,1600,Kharif,100,2183.5218855218855,2348.8,3044.2994875080076,3017.515397082658
Maharashtra,Gevrai,Wheat,7,2023,2100,2500,Kharif,400,2816.3259195893925,2950.590909090909,3044.2994875080076,3289.337912087912
Maharashtra,Hingna,Onion,5,2025,1600,2000,Zaid,400,2678.6716114019778,2675.875,1915.1666666666667,1988.592672413793
Maharashtra,Lasalgaon,Onion,2,2025,1700,2700,Rabi,1000,2678.6716114019778,2867.190476190476,2626.972396486826,2104.9403341288785
Maharashtra,Amrawati(Frui & Veg. Market),Onion,9,2023,800,3400,Kharif,2600,2678.6716114019778,2546.923076923077,3044.2994875080076,3127.0038240917784
Maharashtra,Pune(Moshi),Potato,6,2025,1000,1500,Kharif,500,2183.5218855218855,2277.6119402985073,3044.2994875080076,2308.1819620253164
Maharashtra,Kopargaon,Onion,12,2024,2450,3701,Rabi,1251,2678.6716114019778,2558.2608695652175,2626.972396486826,2933.8104448742747
Maharashtra,Khed(Chakan),Potato,6,2024,2500,3000,Kharif,500,2183.5218855218855,2519.4174757281553,3044.2994875080076,2308.1819620253164
Maharashtra,Nasik,Onion,9,2024,3300,4200,Kharif,900,2678.6716114019778,2656.4253731343283,3044.2994875080076,3127.0038240917784
Maharashtra,Parner,Onion,7,2023,200,2200,Kharif,2000,2678.6716114019778,2909.6153846153848,3044.2994875080076,3289.337912087912
Maharashtra,Baramati,Wheat,1,2024,2400,3101,Rabi,701,2816.3259195893925,2769.054054054054,2626.972396486826,2202.0962441314555
Maharashtra,Satara,Onion,10,2024,2000,5000,Kharif,3000,2678.6716114019778,2750.0,3044.2994875080076,3462.48231511254
Maharashtra,Jalgaon,Potato,2,2024,700,1500,Rabi,800,2183.5218855218855,2410.159420289855,2626.972396486826,2104.9403341288785
Maharashtra,Pachora,Wheat,11,2023,2451,2610,Rabi,159,2816.3259195893925,2541.85,2626.972396486826,3859.0679611650485
Maharashtra,Palghar,Wheat,10,2023,3320,3320,Kharif,0,2816.3259195893925,3742.5384615384614,3044.2994875080076,3462.48231511254
Maharashtra,Lasalgaon(Vinchur),Onion,7,2024,1000,2802,Kharif,1802,2678.6716114019778,2574.311320754717,3044.2994875080076,3289.337912087912
Maharashtra,Dindori(Vani),Onion,6,2023,500,1501,Kharif,1001,2678.6716114019778,2426.6388888888887,3044.2994875080076,2308.1819620253164
Maharashtra,Junnar(Otur),Potato,2,2025,500,2000,Rabi,1500,2183.5218855218855,2554.5283018867926,2626.972396486826,2104.9403341288785
Maharashtra,Ahmednagar,Potato,8,2023,1400,2000,Kharif,600,2183.5218855218855,2678.2608695652175,3044.2994875080076,3017.515397082658
Maharashtra,Kolhapur,Tomato,7,2023,3000,10000,Kharif,7000,6168.357446808511,3576.785714285714,3044.2994875080076,3289.337912087912
Maharashtra,Sakri,Onion,11,2023,1700,3715,Rabi,2015,2678.6716114019778,2829.8611111111113,2626.972396486826,3859.0679611650485
Maharashtra,Shrirampur(Belapur),Wheat,10,2023,2300,2300,Kharif,0,2816.3259195893925,2212.5,3044.2994875080076,3462.48231511254
Maharashtra,Jamkhed,Onion,3,2025,200,1850,Rabi,1650,2678.6716114019778,2610.4651162790697,2626.972396486826,1861.5330739299611
Maharashtra,Kopargaon,Wheat,12,2023,2536,2785,Rabi,249,2816.3259195893925,2558.2608695652175,2626.972396486826,2933.8104448742747
Maharashtra,Karad,Onion,6,2024,1500,2000,Kharif,500,2678.6716114019778,2862.31884057971,3044.2994875080076,2308.1819620253164
Maharashtra,Pune(Manjri),Onion,10,2024,1500,4000,Kharif,2500,2678.6716114019778,2804.7619047619046,3044.2994875080076,3462.48231511254
Maharashtra,Nasik,Tomato,8,2023,1500,12000,Kharif,10500,6168.357446808511,2656.4253731343283,3044.2994875080076,3017.515397082658
Maharashtra,Pune(Khadiki),Potato,4,2025,1000,1300,Zaid,300,2183.5218855218855,2011.926605504587,1915.1666666666667,1829.9925
Maharashtra,Nagpur,Potato,5,2024,1500,2200,Zaid,700,2183.5218855218855,2756.266666666667,1915.1666666666667,1988.592672413793
Maharashtra,Katol,Wheat,7,2023,2231,2240,Kharif,9,2816.3259195893925,2448.962962962963,3044.2994875080076,3289.337912087912
Maharashtra,Akluj,Potato,9,2023,1400,1600,Kharif,200,2183.5218855218855,2208.2716049382716,3044.2994875080076,3127.0038240917784
Maharashtra,Jalgaon,Potato,10,2023,1000,1300,Kharif,300,2183.5218855218855,2410.159420289855,3044.2994875080076,3462.48231511254
Maharashtra,Bhusaval,Onion,5,2025,1000,1300,Zaid,300,2678.6716114019778,2348.8,1915.1666666666667,1988.592672413793
Maharashtra,Sakri,Onion,8,2023,1000,2270,Kharif,1270,2678.6716114019778,2829.8611111111113,3044.2994875080076,3017.515397082658
Maharashtra,Jalgaon,Onion,3,2025,527,1285,Rabi,758,2678.6716114019778,2410.159420289855,2626.972396486826,1861.5330739299611
Maharashtra,Kopargaon,Wheat,6,2023,2200,2411,Kharif,211,2816.3259195893925,2558.2608695652175,3044.2994875080076,2308.1819620253164
Maharashtra,Jalgaon,Onion,6,2023,375,1200,Kharif,825,2678.6716114019778,2410.159420289855,3044.2994875080076,2308.1819620253164
Maharashtra,Junnar(Narayangaon),Onion,8,2023,500,2250,Kharif,1750,2678.6716114019778,2861.8518518518517,3044.2994875080076,3017.515397082658
Maharashtra,Karad,Onion,4,2024,1000,1200,Zaid,200,2678.6716114019778,2862.31884057971,1915.1666666666667,1829.9925
Maharashtra,Ahmedpur,Wheat,6,2023,2000,3200,Kharif,1200,2816.3259195893925,3063.3333333333335,3044.2994875080076,2308.1819620253164
Maharashtra,Shrirampur,Potato,11,2023,1000,1200,Rabi,200,2183.5218855218855,2334.11,2626.972396486826,3859.0679611650485
Maharashtra,Pachora,Wheat,7,2023,2185,2527,Kharif,342,2816.3259195893925,2541.85,3044.2994875080076,3289.337912087912
Maharashtra,Satara,Onion,2,2024,1000,1600,Rabi,600,2678.6716114019778,2750.0,2626.972396486826,2104.9403341288785
Maharashtra,Rahuri(Vambori),Onion,7,2024,300,3100,Kharif,2800,2678.6716114019778,2812.3478260869565,3044.2994875080076,3289.337912087912
Maharashtra,Sangamner,Onion,9,2024,1000,4500,Kharif,3500,2678.6716114019778,3329.057142857143,3044.2994875080076,3127.0038240917784
Maharashtra,Shevgaon,Onion,6,2024,200,1000,Kharif,800,2678.6716114019778,2106.75,3044.2994875080076,2308.1819620253164
Maharashtra,Bhusaval,Onion,11,2023,3000,4000,Rabi,1000,2678.6716114019778,2348.8,2626.972396486826,3859.0679611650485
Maharashtra,Rahuri,Onion,3,2025,100,1725,Rabi,1625,2678.6716114019778,2826.0106382978724,2626.972396486826,1861.5330739299611
Maharashtra,Pune(Moshi),Onion,11,2023,1500,3500,Rabi,2000,2678.6716114019778,2277.6119402985073,2626.972396486826,3859.0679611650485
Maharashtra,Manmad,Onion,3,2025,862,1501,Rabi,639,2678.6716114019778,2515.4166666666665,2626.972396486826,1861.5330739299611
Maharashtra,Sangamner,Onion,3,2024,200,1701,Rabi,1501,2678.6716114019778,3329.057142857143,2626.972396486826,1861.5330739299611
Maharashtra,Akole,Onion,11,2023,500,3800,Rabi,3300,2678.6716114019778,2706.52,2626.972396486826,3859.0679611650485
Maharashtra,Pune,Potato,12,2024,1800,4000,Rabi,2200,2183.5218855218855,3186.013986013986,2626.972396486826,2933.8104448742747
Maharashtra,Nandgaon,Onion,2,2025,300,2552,Rabi,2252,2678.6716114019778,2752.116666666667,2626.972396486826,2104.9403341288785
Maharashtra,Solapur,Potato,1,2025,1400,2000,Rabi,600,2183.5218855218855,3247.752808988764,2626.972396486826,2202.0962441314555
Maharashtra,Bhusaval,Tomato,10,2023,600,1000,Kharif,400,6168.357446808511,2348.8,3044.2994875080076,3462.48231511254
Maharashtra,Junnar,Onion,10,2023,1000,3000,Kharif,2000,2678.6716114019778,2172.0833333333335,3044.2994875080076,3462.48231511254
Maharashtra,Navapur,Tomato,7,2023,5000,11000,Kharif,6000,6168.357446808511,2945.5882352941176,3044.2994875080076,3289.337912087912
Maharashtra,Mangal Wedha,Onion,4,2025,100,1300,Zaid,1200,2678.6716114019778,2928.322033898305,1915.1666666666667,1829.9925
Maharashtra,Patur,Wheat,9,2023,2000,2700,Kharif,700,2816.3259195893925,2700.0,3044.2994875080076,3127.0038240917784
Maharashtra,Murtizapur,Wheat,7,2023,2025,2280,Kharif,255,2816.3259195893925,2505.0,3044.2994875080076,3289.337912087912
Maharashtra,Solapur,Potato,9,2024,1550,2700,Kharif,1150,2183.5218855218855,3247.752808988764,3044.2994875080076,3127.0038240917784
Maharashtra,Bhusaval,Onion,9,2023,1500,2000,Kharif,500,2678.6716114019778,2348.8,3044.2994875080076,3127.0038240917784
Maharashtra,Savner,Wheat,7,2023,2200,2207,Kharif,7,2816.3259195893925,2425.5,3044.2994875080076,3289.337912087912
Maharashtra,"Sangli(Phale, Bhajipura Market)",Onion,8,2023,400,2500,Kharif,2100,2678.6716114019778,2561.711711711712,3044.2994875080076,3017.515397082658
Maharashtra,Dindori(Vani),Onion,3,2025,1401,2175,Rabi,774,2678.6716114019778,2426.6388888888887,2626.972396486826,1861.5330739299611
Maharashtra,Jalgaon,Potato,11,2023,900,1300,Rabi,400,2183.5218855218855,2410.159420289855,2626.972396486826,3859.0679611650485
Maharashtra,Hingoli,Wheat,1,2024,2150,3510,Rabi,1360,2816.3259195893925,3146.6153846153848,2626.972396486826,2202.0962441314555
Maharashtra,Ahmednagar,Potato,12,2024,800,3000,Rabi,2200,2183.5218855218855,2678.2608695652175,2626.972396486826,2933.8104448742747
Maharashtra,Pimpalgaon Baswant(Saykheda),Onion,10,2024,2411,4500,Kharif,2089,2678.6716114019778,2602.5479452054797,3044.2994875080076,3462.48231511254
Maharashtra,Chandur Bazar,Wheat,10,2023,2100,2400,Kharif,300,2816.3259195893925,2503.3333333333335,3044.2994875080076,3462.48231511254
Maharashtra,Loha,Wheat,8,2023,2100,2860,Kharif,760,2816.3259195893925,2960.2,3044.2994875080076,3017.515397082658
Maharashtra,Lasalgaon,Onion,1,2024,600,1490,Rabi,890,2678.6716114019778,2867.190476190476,2626.972396486826,2202.0962441314555
Maharashtra,Khed(Chakan),Onion,5,2025,800,1200,Zaid,400,2678.6716114019778,2519.4174757281553,1915.1666666666667,1988.592672413793
Maharashtra,Newasa(Ghodegaon),Onion,11,2024,1000,5000,Rabi,4000,2678.6716114019778,2765.151515151515,2626.972396486826,3859.0679611650485
Maharashtra,"Sangli(Phale, Bhajipura Market)",Potato,3,2025,1100,2100,Rabi,1000,2183.5218855218855,2561.711711711712,2626.972396486826,1861.5330739299611
Maharashtra,Rahata,Potato,12,2023,1700,1700,Rabi,0,2183.5218855218855,2600.863309352518,2626.972396486826,2933.8104448742747
Maharashtra,Hinganghat,Wheat,9,2023,2430,2475,Kharif,45,2816.3259195893925,2467.7272727272725,3044.2994875080076,3127.0038240917784
Maharashtra,Kalyan,Potato,1,2025,1800,2000,Rabi,200,2183.5218855218855,2589.4736842105262,2626.972396486826,2202.0962441314555
Maharashtra,Mangal Wedha,Onion,2,2024,200,1600,Rabi,1400,2678.6716114019778,2928.322033898305,2626.972396486826,2104.9403341288785
Maharashtra,Pune(Manjri),Tomato,7,2023,4500,10000,Kharif,5500,6168.357446808511,2804.7619047619046,3044.2994875080076,3289.337912087912
Maharashtra,Lasalgaon,Onion,2,2024,1281,1792,Rabi,511,2678.6716114019778,2867.190476190476,2626.972396486826,2104.9403341288785
Maharashtra,Pune(Khadiki),Onion,5,2025,700,1400,Zaid,700,2678.6716114019778,2011.926605504587,1915.1666666666667,1988.592672413793
Maharashtra,Solapur,Onion,10,2023,200,4200,Kharif,4000,2678.6716114019778,3247.752808988764,3044.2994875080076,3462.48231511254
Maharashtra,Pune(Manjri),Onion,4,2024,1100,1300,Zaid,200,2678.6716114019778,2804.7619047619046,1915.1666666666667,1829.9925
Maharashtra,Dondaicha,Wheat,9,2023,2400,2881,Kharif,481,2816.3259195893925,2795.7727272727275,3044.2994875080076,3127.0038240917784
Maharashtra,Nandgaon,Onion,7,2024,300,3200,Kharif,2900,2678.6716114019778,2752.116666666667,3044.2994875080076,3289.337912087912
Maharashtra,Bhusaval,Onion,1,2024,700,1200,Rabi,500,2678.6716114019778,2348.8,2626.972396486826,2202.0962441314555
Maharashtra,Kopargaon,Onion,3,2024,500,1751,Rabi,1251,2678.6716114019778,2558.2608695652175,2626.972396486826,1861.5330739299611
Maharashtra,Pune(Manjri),Potato,1,2024,1400,1800,Rabi,400,2183.5218855218855,2804.7619047619046,2626.972396486826,2202.0962441314555
Maharashtra,Dindori(Vani),Onion,10,2024,4000,5152,Kharif,1152,2678.6716114019778,2426.6388888888887,3044.2994875080076,3462.48231511254
Maharashtra,Jalgaon,Potato,5,2025,1400,1600,Zaid,200,2183.5218855218855,2410.159420289855,1915.1666666666667,1988.592672413793
Maharashtra,Manchar,Potato,1,2024,700,1300,Rabi,600,2183.5218855218855,2335.757575757576,2626.972396486826,2202.0962441314555
Maharashtra,Shree Rameshwar Krushi Market,Onion,7,2024,300,3051,Kharif,2751,2678.6716114019778,3118.64,3044.2994875080076,3289.337912087912
Maharashtra,Dhule,Onion,10,2023,1500,5100,Kharif,3600,2678.6716114019778,2516.8552631578946,3044.2994875080076,3462.48231511254
Maharashtra,Lasalgaon,Onion,11,2023,1500,4596,Rabi,3096,2678.6716114019778,2867.190476190476,2626.972396486826,3859.0679611650485
Maharashtra,Lasalgaon(Vinchur),Onion,5,2025,500,1626,Zaid,1126,2678.6716114019778,2574.311320754717,1915.1666666666667,1988.592672413793
Maharashtra,Akola,Potato,4,2025,1000,2000,Zaid,1000,2183.5218855218855,2421.8840579710145,1915.1666666666667,1829.9925
Maharashtra,"Sangli(Phale, Bhajipura Market)",Potato,4,2024,1600,2700,Zaid,1100,2183.5218855218855,2561.711711711712,1915.1666666666667,1829.9925
Maharashtra,Chandrapur(Ganjwad),Potato,1,2025,2000,2300,Rabi,300,2183.5218855218855,2858.8607594936707,2626.972396486826,2202.0962441314555
Maharashtra,Rahata,Wheat,11,2023,2600,3000,Rabi,400,2816.3259195893925,2600.863309352518,2626.972396486826,3859.0679611650485
Maharashtra,Shevgaon,Onion,9,2023,300,1000,Kharif,700,2678.6716114019778,2106.75,3044.2994875080076,3127.0038240917784
Maharashtra,Khed(Chakan),Onion,5,2024,1000,1400,Zaid,400,2678.6716114019778,2519.4174757281553,1915.1666666666667,1988.592672413793
Maharashtra,Karjat(Raigad),Rice,5,2025,4100,5800,Zaid,1700,4928.92,2770.2380952380954,1915.1666666666667,1988.592672413793
Maharashtra,Dindori(Vani),Onion,5,2025,610,1756,Zaid,1146,2678.6716114019778,2426.6388888888887,1915.1666666666667,1988.592672413793
Maharashtra,Khed(Chakan),Onion,2,2024,700,1400,Rabi,700,2678.6716114019778,2519.4174757281553,2626.972396486826,2104.9403341288785
Maharashtra,Junnar(Narayangaon),Potato,5,2024,600,2700,Zaid,2100,2183.5218855218855,2861.8518518518517,1915.1666666666667,1988.592672413793
Maharashtra,Umrane,Onion,3,2024,701,1800,Rabi,1099,2678.6716114019778,2608.282608695652,2626.972396486826,1861.5330739299611
Maharashtra,Lasalgaon(Niphad),Onion,12,2023,1801,3870,Rabi,2069,2678.6716114019778,2520.8804347826085,2626.972396486826,2933.8104448742747
Maharashtra,Lasalgaon(Vinchur),Onion,9,2024,2500,4800,Kharif,2300,2678.6716114019778,2574.311320754717,3044.2994875080076,3127.0038240917784
Maharashtra,Rahata,Tomato,6,2023,1000,2500,Kharif,1500,6168.357446808511,2600.863309352518,3044.2994875080076,2308.1819620253164
Maharashtra,Chopada,Wheat,6,2023,2502,2502,Kharif,0,2816.3259195893925,2651.222222222222,3044.2994875080076,2308.1819620253164
Maharashtra,Amalner,Wheat,10,2023,2500,2700,Kharif,200,2816.3259195893925,2787.5714285714284,3044.2994875080076,3462.48231511254
Maharashtra,Bhandara,Wheat,10,2023,2500,2500,Kharif,0,2816.3259195893925,3256.25,3044.2994875080076,3462.48231511254
Maharashtra,Shevgaon,Onion,5,2025,100,450,Zaid,350,2678.6716114019778,2106.75,1915.1666666666667,1988.592672413793
Maharashtra,Vashi New Mumbai,Onion,5,2024,1500,2100,Zaid,600,2678.6716114019778,2508.130081300813,1915.1666666666667,1988.592672413793
Maharashtra,Shivsiddha Govind Producer Company Limited Sanchal,Onion,9,2023,1000,2600,Kharif,1600,2678.6716114019778,3288.75,3044.2994875080076,3127.0038240917784
Maharashtra,Pune(Pimpri),Onion,7,2024,2000,3000,Kharif,1000,2678.6716114019778,2966.2162162162163,3044.2994875080076,3289.337912087912
Maharashtra,Akluj,Potato,6,2024,2500,2700,Kharif,200,2183.5218855218855,2208.2716049382716,3044.2994875080076,2308.1819620253164
Maharashtra,Sinner,Onion,10,2023,500,3600,Kharif,3100,2678.6716114019778,2542.6071428571427,3044.2994875080076,3462.48231511254
Maharashtra,Solapur,Onion,3,2025,300,2500,Rabi,2200,2678.6716114019778,3247.752808988764,2626.972396486826,1861.5330739299611
Maharashtra,Pune(Moshi),Onion,7,2023,600,1200,Kharif,600,2678.6716114019778,2277.6119402985073,3044.2994875080076,3289.337912087912
Maharashtra,"Sangli(Phale, Bhajipura Market)",Onion,2,2024,400,2300,Rabi,1900,2678.6716114019778,2561.711711711712,2626.972396486826,2104.9403341288785
Maharashtra,Rahata,Potato,9,2023,1700,1700,Kharif,0,2183.5218855218855,2600.863309352518,3044.2994875080076,3127.0038240917784
Maharashtra,Manmad,Onion,7,2024,1421,2980,Kharif,1559,2678.6716114019778,2515.4166666666665,3044.2994875080076,3289.337912087912
Maharashtra,Amrawati(Frui & Veg. Market),Onion,1,2024,600,1800,Rabi,1200,2678.6716114019778,2546.923076923077,2626.972396486826,2202.0962441314555
Maharashtra,Karad,Tomato,6,2023,3000,3500,Kharif,500,6168.357446808511,2862.31884057971,3044.2994875080076,2308.1819620253164
Maharashtra,Devala,Onion,6,2025,100,1680,Kharif,1580,2678.6716114019778,2586.3793103448274,3044.2994875080076,2308.1819620253164
Maharashtra,Bhusaval,Onion,3,2025,1000,1600,Rabi,600,2678.6716114019778,2348.8,2626.972396486826,1861.5330739299611
Maharashtra,Ulhasnagar,Rice,6,2025,4000,5000,Kharif,1000,4928.92,3895.8333333333335,3044.2994875080076,2308.1819620253164
Maharashtra,Pune(Pimpri),Tomato,6,2023,1500,3000,Kharif,1500,6168.357446808511,2966.2162162162163,3044.2994875080076,2308.1819620253164
Maharashtra,Chandrapur(Ganjwad),Potato,6,2023,1250,1500,Kharif,250,2183.5218855218855,2858.8607594936707,3044.2994875080076,2308.1819620253164
Maharashtra,Nagpur,Potato,3,2025,1000,1600,Rabi,600,2183.5218855218855,2756.266666666667,2626.972396486826,1861.5330739299611
Maharashtra,Vashi New Mumbai,Onion,7,2024,2300,2900,Kharif,600,2678.6716114019778,2508.130081300813,3044.2994875080076,3289.337912087912
Maharashtra,Ulhasnagar,Wheat,10,2023,3000,3500,Kharif,500,2816.3259195893925,3895.8333333333335,3044.2994875080076,3462.48231511254
Maharashtra,Rahata,Potato,1,2025,1000,2000,Rabi,1000,2183.5218855218855,2600.863309352518,2626.972396486826,2202.0962441314555
Maharashtra,Ulhasnagar,Wheat,7,2023,3000,3500,Kharif,500,2816.3259195893925,3895.8333333333335,3044.2994875080076,3289.337912087912
Maharashtra,Pune(Khadiki),Potato,10,2024,2000,2300,Kharif,300,2183.5218855218855,2011.926605504587,3044.2994875080076,3462.48231511254
Maharashtra,Pimpalgaon,Onion,5,2025,550,2211,Zaid,1661,2678.6716114019778,3416.065934065934,1915.1666666666667,1988.592672413793
Maharashtra,Pune(Manjri),Onion,6,2025,600,1300,Kharif,700,2678.6716114019778,2804.7619047619046,3044.2994875080076,2308.1819620253164
Maharashtra,Chandvad,Onion,11,2024,1661,5301,Rabi,3640,2678.6716114019778,3065.671875,2626.972396486826,3859.0679611650485
Maharashtra,Jalgaon,Potato,3,2024,1000,1500,Rabi,500,2183.5218855218855,2410.159420289855,2626.972396486826,1861.5330739299611
Maharashtra,Dondaicha,Wheat,10,2023,2400,2900,Kharif,500,2816.3259195893925,2795.7727272727275,3044.2994875080076,3462.48231511254
Maharashtra,Amrawati(Frui & Veg. Market),Potato,2,2025,500,1600,Rabi,1100,2183.5218855218855,2546.923076923077,2626.972396486826,2104.9403341288785
Maharashtra,Amarawati,Wheat,12,2023,2450,2600,Rabi,150,2816.3259195893925,2544.848484848485,2626.972396486826,2933.8104448742747
Maharashtra,Malegaon,Wheat,1,2024,2716,2935,Rabi,219,2816.3259195893925,2828.2608695652175,2626.972396486826,2202.0962441314555
Maharashtra,Nasik,Onion,10,2024,3500,4601,Kharif,1101,2678.6716114019778,2656.4253731343283,3044.2994875080076,3462.48231511254
Maharashtra,Devala,Onion,5,2024,500,2000,Zaid,1500,2678.6716114019778,2586.3793103448274,1915.1666666666667,1988.592672413793
Maharashtra,Akola,Potato,3,2025,700,1500,Rabi,800,2183.5218855218855,2421.8840579710145,2626.972396486826,1861.5330739299611
Maharashtra,Devala,Onion,9,2024,1200,4085,Kharif,2885,2678.6716114019778,2586.3793103448274,3044.2994875080076,3127.0038240917784
Maharashtra,Solapur,Onion,4,2025,200,1700,Zaid,1500,2678.6716114019778,3247.752808988764,1915.1666666666667,1829.9925
Maharashtra,Sangamner,Onion,5,2025,200,1800,Zaid,1600,2678.6716114019778,3329.057142857143,1915.1666666666667,1988.592672413793
Maharashtra,Manmad,Onion,7,2023,200,1600,Kharif,1400,2678.6716114019778,2515.4166666666665,3044.2994875080076,3289.337912087912
Maharashtra,Pimpalgaon,Onion,4,2025,650,1201,Zaid,551,2678.6716114019778,3416.065934065934,1915.1666666666667,1829.9925
Maharashtra,Jalgaon,Onion,11,2024,750,3375,Rabi,2625,2678.6716114019778,2410.159420289855,2626.972396486826,3859.0679611650485
Maharashtra,Amarawati,Wheat,10,2023,2450,2600,Kharif,150,2816.3259195893925,2544.848484848485,3044.2994875080076,3462.48231511254
Maharashtra,Sinner,Onion,6,2025,100,1490,Kharif,1390,2678.6716114019778,2542.6071428571427,3044.2994875080076,2308.1819620253164
Maharashtra,Pune(Khadiki),Potato,12,2024,1800,2000,Rabi,200,2183.5218855218855,2011.926605504587,2626.972396486826,2933.8104448742747
Maharashtra,Karjat(Raigad),Wheat,10,2023,2400,2700,Kharif,300,2816.3259195893925,2770.2380952380954,3044.2994875080076,3462.48231511254
Maharashtra,Ramtek,Tomato,7,2023,10000,14000,Kharif,4000,6168.357446808511,3246.0169491525426,3044.2994875080076,3289.337912087912
Maharashtra,Manmad,Wheat,1,2024,2110,2550,Rabi,440,2816.3259195893925,2515.4166666666665,2626.972396486826,2202.0962441314555
Maharashtra,Pune(Khadiki),Onion,9,2024,1600,3400,Kharif,1800,2678.6716114019778,2011.926605504587,3044.2994875080076,3127.0038240917784
Maharashtra,Kolhapur,Onion,7,2023,600,1900,Kharif,1300,2678.6716114019778,3576.785714285714,3044.2994875080076,3289.337912087912
Maharashtra,Amrawati(Frui & Veg. Market),Potato,4,2025,700,1600,Zaid,900,2183.5218855218855,2546.923076923077,1915.1666666666667,1829.9925
Maharashtra,Akluj,Potato,5,2024,2400,2500,Zaid,100,2183.5218855218855,2208.2716049382716,1915.1666666666667,1988.592672413793
Maharashtra,Dindori(Vani),Onion,7,2024,2550,3100,Kharif,550,2678.6716114019778,2426.6388888888887,3044.2994875080076,3289.337912087912
Maharashtra,Sangamner,Onion,7,2023,200,1800,Kharif,1600,2678.6716114019778,3329.057142857143,3044.2994875080076,3289.337912087912
Maharashtra,Jalgaon,Potato,9,2023,700,1300,Kharif,600,2183.5218855218855,2410.159420289855,3044.2994875080076,3127.0038240917784
Maharashtra,Katol,Wheat,1,2024,2400,2450,Rabi,50,2816.3259195893925,2448.962962962963,2626.972396486826,2202.0962441314555
Maharashtra,Tasgaon,Wheat,6,2023,2380,2650,Kharif,270,2816.3259195893925,2896.875,3044.2994875080076,2308.1819620253164
Maharashtra,Solapur,Potato,2,2024,800,2000,Rabi,1200,2183.5218855218855,3247.752808988764,2626.972396486826,2104.9403341288785
Maharashtra,Karad,Onion,9,2024,1500,4000,Kharif,2500,2678.6716114019778,2862.31884057971,3044.2994875080076,3127.0038240917784
Maharashtra,Nandgaon,Onion,12,2024,100,4475,Rabi,4375,2678.6716114019778,2752.116666666667,2626.972396486826,2933.8104448742747
Maharashtra,Junnar,Onion,8,2023,1100,2250,Kharif,1150,2678.6716114019778,2172.0833333333335,3044.2994875080076,3017.515397082658
Maharashtra,Pimpalgaon Baswant(Saykheda),Onion,5,2024,500,1681,Zaid,1181,2678.6716114019778,2602.5479452054797,1915.1666666666667,1988.592672413793
Maharashtra,Amrawati(Frui & Veg. Market),Potato,5,2025,1200,2200,Zaid,1000,2183.5218855218855,2546.923076923077,1915.1666666666667,1988.592672413793
Maharashtra,Lasalgaon,Onion,10,2024,901,3716,Kharif,2815,2678.6716114019778,2867.190476190476,3044.2994875080076,3462.48231511254
Maharashtra,Pune(Pimpri),Onion,3,2024,1300,1600,Rabi,300,2678.6716114019778,2966.2162162162163,2626.972396486826,1861.5330739299611
Maharashtra,Chandrapur(Ganjwad),Onion,11,2023,2750,4000,Rabi,1250,2678.6716114019778,2858.8607594936707,2626.972396486826,3859.0679611650485
Maharashtra,Majalgaon,Wheat,2,2024,2100,3300,Rabi,1200,2816.3259195893925,3154.5384615384614,2626.972396486826,2104.9403341288785
Maharashtra,Dindori(Vani),Onion,11,2024,3100,4150,Rabi,1050,2678.6716114019778,2426.6388888888887,2626.972396486826,3859.0679611650485
Maharashtra,Pandharpur,Onion,6,2023,200,1500,Kharif,1300,2678.6716114019778,3293.846153846154,3044.2994875080076,2308.1819620253164
Maharashtra,Pathari,Wheat,8,2023,2400,2850,Kharif,450,2816.3259195893925,2668.5,3044.2994875080076,3017.515397082658
Maharashtra,Parola,Wheat,6,2023,2279,2279,Kharif,0,2816.3259195893925,2530.3333333333335,3044.2994875080076,2308.1819620253164
Maharashtra,Akola,Potato,4,2024,1500,2200,Zaid,700,2183.5218855218855,2421.8840579710145,1915.1666666666667,1829.9925
Maharashtra,Nasik,Onion,11,2023,2400,4150,Rabi,1750,2678.6716114019778,2656.4253731343283,2626.972396486826,3859.0679611650485
Maharashtra,Parner,Onion,3,2025,300,2000,Rabi,1700,2678.6716114019778,2909.6153846153848,2626.972396486826,1861.5330739299611
Maharashtra,Umrane,Onion,3,2024,600,1525,Rabi,925,2678.6716114019778,2608.282608695652,2626.972396486826,1861.5330739299611
Maharashtra,Akluj,Onion,3,2024,300,1700,Rabi,1400,2678.6716114019778,2208.2716049382716,2626.972396486826,1861.5330739299611
Maharashtra,Kopargaon,Onion,5,2024,500,2100,Zaid,1600,2678.6716114019778,2558.2608695652175,1915.1666666666667,1988.592672413793
Maharashtra,"Sangli(Phale, Bhajipura Market)",Potato,6,2025,1200,2000,Kharif,800,2183.5218855218855,2561.711711711712,3044.2994875080076,2308.1819620253164
Maharashtra,Palghar,Rice,5,2025,4500,4500,Zaid,0,4928.92,3742.5384615384614,1915.1666666666667,1988.592672413793
Maharashtra,Rahuri(Vambori),Wheat,8,2023,2200,2390,Kharif,190,2816.3259195893925,2812.3478260869565,3044.2994875080076,3017.515397082658
Maharashtra,Indapur,Onion,5,2025,150,1450,Zaid,1300,2678.6716114019778,2276.8333333333335,1915.1666666666667,1988.592672413793
Maharashtra,Devala,Onion,3,2024,800,1500,Rabi,700,2678.6716114019778,2586.3793103448274,2626.972396486826,1861.5330739299611
Maharashtra,Shree Rameshwar Krushi Market,Onion,8,2024,800,3814,Kharif,3014,2678.6716114019778,3118.64,3044.2994875080076,3017.515397082658
Maharashtra,Nandgaon,Onion,10,2023,425,3421,Kharif,2996,2678.6716114019778,2752.116666666667,3044.2994875080076,3462.48231511254
Maharashtra,Nandgaon,Onion,1,2024,200,1813,Rabi,1613,2678.6716114019778,2752.116666666667,2626.972396486826,2202.0962441314555
Maharashtra,Baramati,Onion,4,2024,300,1500,Zaid,1200,2678.6716114019778,2769.054054054054,1915.1666666666667,1829.9925
Maharashtra,Lasalgaon,Onion,9,2024,2000,4180,Kharif,2180,2678.6716114019778,2867.190476190476,3044.2994875080076,3127.0038240917784
Maharashtra,Akola,Potato,2,2024,1000,1600,Rabi,600,2183.5218855218855,2421.8840579710145,2626.972396486826,2104.9403341288785
Maharashtra,Shrirampur,Potato,7,2024,2500,3000,Kharif,500,2183.5218855218855,2334.11,3044.2994875080076,3289.337912087912
Maharashtra,Ahmednagar,Wheat,12,2023,2000,3500,Rabi,1500,2816.3259195893925,2678.2608695652175,2626.972396486826,2933.8104448742747
Maharashtra,Pune,Potato,8,2024,2500,3100,Kharif,600,2183.5218855218855,3186.013986013986,3044.2994875080076,3017.515397082658
Maharashtra,Pimpalgaon,Onion,11,2024,2200,5601,Rabi,3401,2678.6716114019778,3416.065934065934,2626.972396486826,3859.0679611650485
Maharashtra,Telhara,Wheat,8,2023,2200,2380,Kharif,180,2816.3259195893925,2441.0,3044.2994875080076,3017.515397082658
Maharashtra,Lasalgaon,Wheat,12,2023,2501,3300,Rabi,799,2816.3259195893925,2867.190476190476,2626.972396486826,2933.8104448742747
Maharashtra,Kamthi,Potato,1,2025,2500,3500,Rabi,1000,2183.5218855218855,3486.904761904762,2626.972396486826,2202.0962441314555
Maharashtra,Amrawati(Frui & Veg. Market),Potato,1,2025,1000,2600,Rabi,1600,2183.5218855218855,2546.923076923077,2626.972396486826,2202.0962441314555
Maharashtra,Vashi New Mumbai,Potato,2,2024,900,1500,Rabi,600,2183.5218855218855,2508.130081300813,2626.972396486826,2104.9403341288785
Maharashtra,Shrirampur,Onion,12,2023,500,3200,Rabi,2700,2678.6716114019778,2334.11,2626.972396486826,2933.8104448742747
Maharashtra,Parola,Wheat,8,2023,2500,2552,Kharif,52,2816.3259195893925,2530.3333333333335,3044.2994875080076,3017.515397082658
Maharashtra,Vashi New Mumbai,Potato,5,2025,1200,1900,Zaid,700,2183.5218855218855,2508.130081300813,1915.1666666666667,1988.592672413793
Maharashtra,Mangal Wedha,Onion,2,2024,200,1700,Rabi,1500,2678.6716114019778,2928.322033898305,2626.972396486826,2104.9403341288785
Maharashtra,Laxmi Sopan Agriculture Produce Marketing Co Ltd,Onion,7,2023,215,1300,Kharif,1085,2678.6716114019778,2508.3928571428573,3044.2994875080076,3289.337912087912
Maharashtra,Pune,Potato,5,2024,2000,2600,Zaid,600,2183.5218855218855,3186.013986013986,1915.1666666666667,1988.592672413793
Maharashtra,Kalyan,Onion,8,2024,3000,3500,Kharif,500,2678.6716114019778,2589.4736842105262,3044.2994875080076,3017.515397082658
Maharashtra,Satara,Onion,3,2025,800,1800,Rabi,1000,2678.6716114019778,2750.0,2626.972396486826,1861.5330739299611
Maharashtra,Beed,Wheat,11,2023,3011,3251,Rabi,240,2816.3259195893925,3114.3636363636365,2626.972396486826,3859.0679611650485
Maharashtra,Murtizapur,Wheat,12,2023,2325,2665,Rabi,340,2816.3259195893925,2505.0,2626.972396486826,2933.8104448742747
Maharashtra,Pathardi,Onion,2,2024,300,2000,Rabi,1700,2678.6716114019778,2397.093023255814,2626.972396486826,2104.9403341288785
Maharashtra,Sangli,Rice,5,2025,4500,8500,Zaid,4000,4928.92,4790.625,1915.1666666666667,1988.592672413793
Maharashtra,Pune(Khadiki),Onion,2,2024,800,1300,Rabi,500,2678.6716114019778,2011.926605504587,2626.972396486826,2104.9403341288785
Maharashtra,Ramtek,Wheat,11,2023,2621,2790,Rabi,169,2816.3259195893925,3246.0169491525426,2626.972396486826,3859.0679611650485
Maharashtra,Manmad,Onion,3,2024,400,1801,Rabi,1401,2678.6716114019778,2515.4166666666665,2626.972396486826,1861.5330739299611
Maharashtra,Junnar(Narayangaon),Tomato,7,2023,3000,11000,Kharif,8000,6168.357446808511,2861.8518518518517,3044.2994875080076,3289.337912087912
Maharashtra,Dhule,Onion,6,2023,100,880,Kharif,780,2678.6716114019778,2516.8552631578946,3044.2994875080076,2308.1819620253164
Maharashtra,Satara,Onion,11,2024,1000,5000,Rabi,4000,2678.6716114019778,2750.0,2626.972396486826,3859.0679611650485
Maharashtra,Nagpur,Onion,3,2024,1500,2000,Rabi,500,2678.6716114019778,2756.266666666667,2626.972396486826,1861.5330739299611
Maharashtra,Mangal Wedha,Onion,3,2024,500,1400,Rabi,900,2678.6716114019778,2928.322033898305,2626.972396486826,1861.5330739299611
Maharashtra,Wardha,Onion,6,2023,500,1000,Kharif,500,2678.6716114019778,2226.3333333333335,3044.2994875080076,2308.1819620253164
Maharashtra,Akola,Wheat,1,2024,2400,2795,Rabi,395,2816.3259195893925,2421.8840579710145,2626.972396486826,2202.0962441314555
Maharashtra,Akluj,Onion,7,2023,400,1500,Kharif,1100,2678.6716114019778,2208.2716049382716,3044.2994875080076,3289.337912087912
Maharashtra,Mangal Wedha,Onion,5,2025,350,700,Zaid,350,2678.6716114019778,2928.322033898305,1915.1666666666667,1988.592672413793
Maharashtra,Sangamner,Onion,10,2023,200,2601,Kharif,2401,2678.6716114019778,3329.057142857143,3044.2994875080076,3462.48231511254
Maharashtra,Rahuri,Onion,2,2024,100,2300,Rabi,2200,2678.6716114019778,2826.0106382978724,2626.972396486826,2104.9403341288785
Maharashtra,Latur,Wheat,7,2023,2250,3500,Kharif,1250,2816.3259195893925,3500.0,3044.2994875080076,3289.337912087912
Maharashtra,Solapur,Wheat,1,2024,2505,4095,Rabi,1590,2816.3259195893925,3247.752808988764,2626.972396486826,2202.0962441314555
Maharashtra,Nanded,Wheat,12,2023,2770,3050,Rabi,280,2816.3259195893925,2512.3076923076924,2626.972396486826,2933.8104448742747
Maharashtra,Lasalgaon,Onion,3,2024,700,1415,Rabi,715,2678.6716114019778,2867.190476190476,2626.972396486826,1861.5330739299611
Maharashtra,Akole,Onion,11,2024,1001,5701,Rabi,4700,2678.6716114019778,2706.52,2626.972396486826,3859.0679611650485
Maharashtra,Nandgaon,Onion,5,2025,100,1300,Zaid,1200,2678.6716114019778,2752.116666666667,1915.1666666666667,1988.592672413793
Maharashtra,Ahmednagar,Onion,9,2024,1500,4200,Kharif,2700,2678.6716114019778,2678.2608695652175,3044.2994875080076,3127.0038240917784
Maharashtra,Shivsiddha Govind Producer Company Limited Sanchal,Onion,4,2025,1100,1550,Zaid,450,2678.6716114019778,3288.75,1915.1666666666667,1829.9925
Maharashtra,Khed(Chakan),Onion,8,2024,2000,3350,Kharif,1350,2678.6716114019778,2519.4174757281553,3044.2994875080076,3017.515397082658
Maharashtra,Pimpalgaon,Tomato,7,2023,500,9025,Kharif,8525,6168.357446808511,3416.065934065934,3044.2994875080076,3289.337912087912
Maharashtra,Pimpalgaon,Onion,3,2025,550,1380,Rabi,830,2678.6716114019778,3416.065934065934,2626.972396486826,1861.5330739299611
Maharashtra,Nasik,Onion,4,2024,650,1450,Zaid,800,2678.6716114019778,2656.4253731343283,1915.1666666666667,1829.9925
Maharashtra,Junnar(Narayangaon),Potato,1,2025,200,1800,Rabi,1600,2183.5218855218855,2861.8518518518517,2626.972396486826,2202.0962441314555
Maharashtra,Pune(Manjri),Onion,9,2023,1100,1700,Kharif,600,2678.6716114019778,2804.7619047619046,3044.2994875080076,3127.0038240917784
Maharashtra,Sinner,Onion,4,2024,500,1350,Zaid,850,2678.6716114019778,2542.6071428571427,1915.1666666666667,1829.9925
Maharashtra,Kamthi,Onion,7,2024,2500,3500,Kharif,1000,2678.6716114019778,3486.904761904762,3044.2994875080076,3289.337912087912
Maharashtra,Khed(Chakan),Potato,1,2024,1200,1700,Rabi,500,2183.5218855218855,2519.4174757281553,2626.972396486826,2202.0962441314555
Maharashtra,"Sangli(Phale, Bhajipura Market)",Onion,7,2023,400,1900,Kharif,1500,2678.6716114019778,2561.711711711712,3044.2994875080076,3289.337912087912
Maharashtra,Jamkhed,Onion,7,2024,1500,2750,Kharif,1250,2678.6716114019778,2610.4651162790697,3044.2994875080076,3289.337912087912
Maharashtra,Pune(Manjri),Potato,12,2024,2000,3400,Rabi,1400,2183.5218855218855,2804.7619047619046,2626.972396486826,2933.8104448742747
Maharashtra,Manmad,Onion,3,2025,450,1511,Rabi,1061,2678.6716114019778,2515.4166666666665,2626.972396486826,1861.5330739299611
Maharashtra,Akola,Onion,1,2024,1400,2000,Rabi,600,2678.6716114019778,2421.8840579710145,2626.972396486826,2202.0962441314555
Maharashtra,Dondaicha,Wheat,8,2023,2150,2660,Kharif,510,2816.3259195893925,2795.7727272727275,3044.2994875080076,3017.515397082658
Maharashtra,Palghar,Wheat,10,2023,3025,3025,Kharif,0,2816.3259195893925,3742.5384615384614,3044.2994875080076,3462.48231511254
Maharashtra,Pimpalgaon,Onion,2,2024,300,1952,Rabi,1652,2678.6716114019778,3416.065934065934,2626.972396486826,2104.9403341288785
Maharashtra,Kolhapur,Onion,3,2024,700,2100,Rabi,1400,2678.6716114019778,3576.785714285714,2626.972396486826,1861.5330739299611
Maharashtra,Shahada,Wheat,7,2023,2341,2501,Kharif,160,2816.3259195893925,2744.6111111111113,3044.2994875080076,3289.337912087912
Maharashtra,Amarawati,Wheat,8,2023,2300,2500,Kharif,200,2816.3259195893925,2544.848484848485,3044.2994875080076,3017.515397082658
Maharashtra,Lasalgaon(Niphad),Wheat,11,2023,2651,2871,Rabi,220,2816.3259195893925,2520.8804347826085,2626.972396486826,3859.0679611650485
Maharashtra,Akola,Wheat,11,2023,2450,2925,Rabi,475,2816.3259195893925,2421.8840579710145,2626.972396486826,3859.0679611650485
Maharashtra,Jalgaon,Onion,11,2024,700,4292,Rabi,3592,2678.6716114019778,2410.159420289855,2626.972396486826,3859.0679611650485
Maharashtra,Dindori(Vani),Onion,12,2023,1311,2151,Rabi,840,2678.6716114019778,2426.6388888888887,2626.972396486826,2933.8104448742747
Maharashtra,Pune(Khadiki),Potato,6,2025,1000,1600,Kharif,600,2183.5218855218855,2011.926605504587,3044.2994875080076,2308.1819620253164
Maharashtra,Jalgaon,Onion,9,2023,550,2100,Kharif,1550,2678.6716114019778,2410.159420289855,3044.2994875080076,3127.0038240917784
Maharashtra,Pune(Manjri),Potato,10,2024,2500,3500,Kharif,1000,2183.5218855218855,2804.7619047619046,3044.2994875080076,3462.48231511254
Maharashtra,Manmad,Onion,4,2025,300,1326,Zaid,1026,2678.6716114019778,2515.4166666666665,1915.1666666666667,1829.9925
Maharashtra,Lasalgaon(Vinchur),Onion,12,2023,1500,3890,Rabi,2390,2678.6716114019778,2574.311320754717,2626.972396486826,2933.8104448742747
Maharashtra,Nagpur,Wheat,1,2024,3100,3500,Rabi,400,2816.3259195893925,2756.266666666667,2626.972396486826,2202.0962441314555
Maharashtra,Kille Dharur,Wheat,6,2023,2021,2990,Kharif,969,2816.3259195893925,3609.0,3044.2994875080076,2308.1819620253164
Maharashtra,Vai,Onion,5,2024,1000,2000,Zaid,1000,2678.6716114019778,3070.7865168539324,1915.1666666666667,1988.592672413793
Maharashtra,Vashi New Mumbai,Onion,8,2024,2600,3200,Kharif,600,2678.6716114019778,2508.130081300813,3044.2994875080076,3017.515397082658
Maharashtra,Pune,Onion,2,2024,800,2400,Rabi,1600,2678.6716114019778,3186.013986013986,2626.972396486826,2104.9403341288785
Maharashtra,Lasalgaon,Onion,5,2025,500,1601,Zaid,1101,2678.6716114019778,2867.190476190476,1915.1666666666667,1988.592672413793
Maharashtra,Satana,Onion,12,2023,600,4280,Rabi,3680,2678.6716114019778,2894.45,2626.972396486826,2933.8104448742747
Maharashtra,Jamkhed,Wheat,12,2023,2200,3000,Rabi,800,2816.3259195893925,2610.4651162790697,2626.972396486826,2933.8104448742747
Maharashtra,Pune,Potato,11,2023,1200,2200,Rabi,1000,2183.5218855218855,3186.013986013986,2626.972396486826,3859.0679611650485
Maharashtra,Kopargaon,Onion,1,2024,200,1701,Rabi,1501,2678.6716114019778,2558.2608695652175,2626.972396486826,2202.0962441314555
Maharashtra,Nasik,Potato,1,2025,1000,1900,Rabi,900,2183.5218855218855,2656.4253731343283,2626.972396486826,2202.0962441314555
Maharashtra,Jalgaon,Onion,9,2023,1000,2000,Kharif,1000,2678.6716114019778,2410.159420289855,3044.2994875080076,3127.0038240917784
Maharashtra,Manmad,Onion,12,2023,1000,3050,Rabi,2050,2678.6716114019778,2515.4166666666665,2626.972396486826,2933.8104448742747
Maharashtra,Amarawati,Wheat,7,2023,2450,2600,Kharif,150,2816.3259195893925,2544.848484848485,3044.2994875080076,3289.337912087912
Maharashtra,Junnar(Otur),Onion,10,2023,2000,6000,Kharif,4000,2678.6716114019778,2554.5283018867926,3044.2994875080076,3462.48231511254
Maharashtra,Ramtek,Onion,5,2024,1800,2000,Zaid,200,2678.6716114019778,3246.0169491525426,1915.1666666666667,1988.592672413793
Maharashtra,Solapur,Onion,6,2025,100,2300,Kharif,2200,2678.6716114019778,3247.752808988764,3044.2994875080076,2308.1819620253164
Maharashtra,Mangal Wedha,Onion,9,2024,3040,4620,Kharif,1580,2678.6716114019778,2928.322033898305,3044.2994875080076,3127.0038240917784
Maharashtra,Jalgaon,Onion,9,2023,500,2065,Kharif,1565,2678.6716114019778,2410.159420289855,3044.2994875080076,3127.0038240917784
Maharashtra,Pimpalgaon Baswant(Saykheda),Onion,9,2024,2000,4500,Kharif,2500,2678.6716114019778,2602.5479452054797,3044.2994875080076,3127.0038240917784
Maharashtra,Nasik,Potato,12,2024,1200,2500,Rabi,1300,2183.5218855218855,2656.4253731343283,2626.972396486826,2933.8104448742747
Maharashtra,Solapur,Potato,9,2024,1700,3000,Kharif,1300,2183.5218855218855,3247.752808988764,3044.2994875080076,3127.0038240917784
Maharashtra,Shrirampur,Potato,8,2023,950,1200,Kharif,250,2183.5218855218855,2334.11,3044.2994875080076,3017.515397082658
Maharashtra,Ahmednagar,Onion,9,2023,300,2600,Kharif,2300,2678.6716114019778,2678.2608695652175,3044.2994875080076,3127.0038240917784
Maharashtra,Solapur,Onion,9,2024,500,4600,Kharif,4100,2678.6716114019778,3247.752808988764,3044.2994875080076,3127.0038240917784
Maharashtra,Islampur,Potato,6,2024,3000,3500,Kharif,500,2183.5218855218855,2422.7272727272725,3044.2994875080076,2308.1819620253164
Maharashtra,Chopada,Wheat,11,2023,2500,2551,Rabi,51,2816.3259195893925,2651.222222222222,2626.972396486826,3859.0679611650485
Maharashtra,Chandvad,Onion,9,2024,2201,4175,Kharif,1974,2678.6716114019778,3065.671875,3044.2994875080076,3127.0038240917784
Maharashtra,Pune(Manjri),Onion,5,2025,700,1100,Zaid,400,2678.6716114019778,2804.7619047619046,1915.1666666666667,1988.592672413793
Maharashtra,Satara,Onion,3,2024,1400,1800,Rabi,400,2678.6716114019778,2750.0,2626.972396486826,1861.5330739299611
Maharashtra,Nandgaon,Onion,5,2025,100,1150,Zaid,1050,2678.6716114019778,2752.116666666667,1915.1666666666667,1988.592672413793
Maharashtra,Hingna,Potato,3,2024,1300,1800,Rabi,500,2183.5218855218855,2675.875,2626.972396486826,1861.5330739299611
Maharashtra,Pune(Manjri),Tomato,6,2023,1000,2000,Kharif,1000,6168.357446808511,2804.7619047619046,3044.2994875080076,2308.1819620253164
Maharashtra,Jalgaon,Potato,5,2024,1600,2300,Zaid,700,2183.5218855218855,2410.159420289855,1915.1666666666667,1988.592672413793
Maharashtra,Satana,Wheat,2,2024,2000,2711,Rabi,711,2816.3259195893925,2894.45,2626.972396486826,2104.9403341288785
Maharashtra,Jamkhed,Onion,2,2025,300,2600,Rabi,2300,2678.6716114019778,2610.4651162790697,2626.972396486826,2104.9403341288785
Maharashtra,Pimpalgaon,Onion,11,2023,1500,4501,Rabi,3001,2678.6716114019778,3416.065934065934,2626.972396486826,3859.0679611650485
Maharashtra,Yawal,Onion,4,2025,750,1100,Zaid,350,2678.6716114019778,1866.578947368421,1915.1666666666667,1829.9925
Maharashtra,Akluj,Potato,3,2024,1500,1800,Rabi,300,2183.5218855218855,2208.2716049382716,2626.972396486826,1861.5330739299611
Maharashtra,Satara,Potato,5,2025,1500,2000,Zaid,500,2183.5218855218855,2750.0,1915.1666666666667,1988.592672413793
Maharashtra,Jalgaon,Potato,5,2025,1400,1700,Zaid,300,2183.5218855218855,2410.159420289855,1915.1666666666667,1988.592672413793
Maharashtra,Solapur,Onion,3,2024,200,2000,Rabi,1800,2678.6716114019778,3247.752808988764,2626.972396486826,1861.5330739299611
Maharashtra,Rahuri,Potato,11,2024,2700,3200,Rabi,500,2183.5218855218855,2826.0106382978724,2626.972396486826,3859.0679611650485
Maharashtra,Nasik,Onion,2,2024,500,1650,Rabi,1150,2678.6716114019778,2656.4253731343283,2626.972396486826,2104.9403341288785
Maharashtra,Pune(Moshi),Onion,10,2023,1000,2000,Kharif,1000,2678.6716114019778,2277.6119402985073,3044.2994875080076,3462.48231511254
Maharashtra,Chandrapur(Ganjwad),Onion,8,2024,3000,4750,Kharif,1750,2678.6716114019778,2858.8607594936707,3044.2994875080076,3017.515397082658
Maharashtra,Jalgaon,Onion,8,2023,525,2087,Kharif,1562,2678.6716114019778,2410.159420289855,3044.2994875080076,3017.515397082658
Maharashtra,Nagpur,Onion,12,2023,2000,2500,Rabi,500,2678.6716114019778,2756.266666666667,2626.972396486826,2933.8104448742747
Maharashtra,Vai,Potato,4,2025,1500,2300,Zaid,800,2183.5218855218855,3070.7865168539324,1915.1666666666667,1829.9925
Maharashtra,Junnar(Alephata),Onion,8,2024,1500,3710,Kharif,2210,2678.6716114019778,3320.3846153846152,3044.2994875080076,3017.515397082658
Maharashtra,Shivsiddha Govind Producer Company Limited Sanchal,Onion,9,2024,3900,5000,Kharif,1100,2678.6716114019778,3288.75,3044.2994875080076,3127.0038240917784
Maharashtra,Hingna,Potato,6,2024,2600,2600,Kharif,0,2183.5218855218855,2675.875,3044.2994875080076,2308.1819620253164
Maharashtra,Ahmednagar,Onion,10,2024,500,3600,Kharif,3100,2678.6716114019778,2678.2608695652175,3044.2994875080076,3462.48231511254
Maharashtra,Amalner,Wheat,11,2023,2580,2925,Rabi,345,2816.3259195893925,2787.5714285714284,2626.972396486826,3859.0679611650485
Maharashtra,Malegaon,Wheat,1,2024,2780,2971,Rabi,191,2816.3259195893925,2828.2608695652175,2626.972396486826,2202.0962441314555
Maharashtra,Shevgaon,Wheat,9,2023,2300,2600,Kharif,300,2816.3259195893925,2106.75,3044.2994875080076,3127.0038240917784
Maharashtra,"Sangli(Phale, Bhajipura Market)",Onion,2,2024,500,2400,Rabi,1900,2678.6716114019778,2561.711711711712,2626.972396486826,2104.9403341288785
Maharashtra,Rahata,Potato,11,2024,2500,2700,Rabi,200,2183.5218855218855,2600.863309352518,2626.972396486826,3859.0679611650485
Maharashtra,Satana,Onion,11,2023,600,4500,Rabi,3900,2678.6716114019778,2894.45,2626.972396486826,3859.0679611650485
Maharashtra,Junnar(Otur),Potato,10,2024,1000,2360,Kharif,1360,2183.5218855218855,2554.5283018867926,3044.2994875080076,3462.48231511254
Maharashtra,Pimpalgaon,Tomato,7,2023,500,12300,Kharif,11800,6168.357446808511,3416.065934065934,3044.2994875080076,3289.337912087912
Maharashtra,Pune(Khadiki),Tomato,6,2023,700,1300,Kharif,600,6168.357446808511,2011.926605504587,3044.2994875080076,2308.1819620253164
Maharashtra,Solapur,Wheat,12,2023,2405,3980,Rabi,1575,2816.3259195893925,3247.752808988764,2626.972396486826,2933.8104448742747
Maharashtra,Akola,Wheat,12,2023,2210,2520,Rabi,310,2816.3259195893925,2421.8840579710145,2626.972396486826,2933.8104448742747
Maharashtra,Lasalgaon(Niphad),Onion,7,2023,400,1383,Kharif,983,2678.6716114019778,2520.8804347826085,3044.2994875080076,3289.337912087912
Maharashtra,Chalisgaon,Wheat,10,2023,2370,3000,Kharif,630,2816.3259195893925,2719.05,3044.2994875080076,3462.48231511254
Maharashtra,Pune(Khadiki),Onion,4,2025,700,1300,Zaid,600,2678.6716114019778,2011.926605504587,1915.1666666666667,1829.9925
Maharashtra,Rahata,Potato,4,2024,2500,2600,Zaid,100,2183.5218855218855,2600.863309352518,1915.1666666666667,1829.9925
Maharashtra,Mangal Wedha,Onion,6,2025,100,1870,Kharif,1770,2678.6716114019778,2928.322033898305,3044.2994875080076,2308.1819620253164
Maharashtra,Solapur,Onion,11,2023,100,6000,Rabi,5900,2678.6716114019778,3247.752808988764,2626.972396486826,3859.0679611650485
Maharashtra,Ramtek,Tomato,6,2023,6000,8000,Kharif,2000,6168.357446808511,3246.0169491525426,3044.2994875080076,2308.1819620253164
Maharashtra,Akola,Onion,9,2023,1200,2400,Kharif,1200,2678.6716114019778,2421.8840579710145,3044.2994875080076,3127.0038240917784
Maharashtra,Nandurbar,Onion,2,2024,725,1200,Rabi,475,2678.6716114019778,2220.733333333333,2626.972396486826,2104.9403341288785
Maharashtra,Satara,Onion,8,2023,1300,2100,Kharif,800,2678.6716114019778,2750.0,3044.2994875080076,3017.515397082658
Maharashtra,Sinner,Onion,12,2023,1000,4500,Rabi,3500,2678.6716114019778,2542.6071428571427,2626.972396486826,2933.8104448742747
Maharashtra,Pandharpur,Onion,8,2023,300,2250,Kharif,1950,2678.6716114019778,3293.846153846154,3044.2994875080076,3017.515397082658
Maharashtra,Pimpalgaon,Onion,12,2023,2400,4278,Rabi,1878,2678.6716114019778,3416.065934065934,2626.972396486826,2933.8104448742747
Maharashtra,Manchar,Potato,2,2025,1200,1800,Rabi,600,2183.5218855218855,2335.757575757576,2626.972396486826,2104.9403341288785
Maharashtra,Mankamneshwar Farmar Producer CoLtd Sanchalit Mank,Onion,4,2024,500,1471,Zaid,971,2678.6716114019778,2072.0666666666666,1915.1666666666667,1829.9925
Maharashtra,Rahuri(Vambori),Onion,3,2024,100,2000,Rabi,1900,2678.6716114019778,2812.3478260869565,2626.972396486826,1861.5330739299611
Maharashtra,Pune(Manjri),Potato,11,2023,1200,1800,Rabi,600,2183.5218855218855,2804.7619047619046,2626.972396486826,3859.0679611650485
Maharashtra,Akluj,Potato,9,2024,3000,3200,Kharif,200,2183.5218855218855,2208.2716049382716,3044.2994875080076,3127.0038240917784
Maharashtra,Jalgaon,Onion,10,2024,750,3000,Kharif,2250,2678.6716114019778,2410.159420289855,3044.2994875080076,3462.48231511254
Maharashtra,Chandvad,Onion,11,2023,1401,3600,Rabi,2199,2678.6716114019778,3065.671875,2626.972396486826,3859.0679611650485
Maharashtra,Kamthi,Potato,12,2023,1400,4000,Rabi,2600,2183.5218855218855,3486.904761904762,2626.972396486826,2933.8104448742747
Maharashtra,Savner,Wheat,9,2023,2435,2435,Kharif,0,2816.3259195893925,2425.5,3044.2994875080076,3127.0038240917784
Maharashtra,Shree Rameshwar Krushi Market,Onion,7,2023,200,2160,Kharif,1960,2678.6716114019778,3118.64,3044.2994875080076,3289.337912087912
Maharashtra,Sinner,Onion,8,2023,100,1551,Kharif,1451,2678.6716114019778,2542.6071428571427,3044.2994875080076,3017.515397082658
Maharashtra,Junnar(Alephata),Onion,8,2023,1200,2700,Kharif,1500,2678.6716114019778,3320.3846153846152,3044.2994875080076,3017.515397082658
Maharashtra,Chandvad,Onion,2,2024,1547,1825,Rabi,278,2678.6716114019778,3065.671875,2626.972396486826,2104.9403341288785
Maharashtra,Akola,Wheat,1,2024,2700,3270,Rabi,570,2816.3259195893925,2421.8840579710145,2626.972396486826,2202.0962441314555
Maharashtra,Kolhapur,Onion,9,2024,1500,4900,Kharif,3400,2678.6716114019778,3576.785714285714,3044.2994875080076,3127.0038240917784
Maharashtra,Vashi New Mumbai,Potato,1,2024,1300,2100,Rabi,800,2183.5218855218855,2508.130081300813,2626.972396486826,2202.0962441314555
Maharashtra,Pune(Manjri),Potato,5,2025,1500,2400,Zaid,900,2183.5218855218855,2804.7619047619046,1915.1666666666667,1988.592672413793
Maharashtra,Yeola,Onion,2,2025,500,2435,Rabi,1935,2678.6716114019778,2692.5254237288136,2626.972396486826,2104.9403341288785
Maharashtra,Junnar(Narayangaon),Potato,7,2024,1000,3000,Kharif,2000,2183.5218855218855,2861.8518518518517,3044.2994875080076,3289.337912087912
Maharashtra,Laxmi Sopan Agriculture Produce Marketing Co Ltd,Onion,7,2023,200,1500,Kharif,1300,2678.6716114019778,2508.3928571428573,3044.2994875080076,3289.337912087912
Maharashtra,Bhusaval,Potato,3,2024,1300,1800,Rabi,500,2183.5218855218855,2348.8,2626.972396486826,1861.5330739299611
Maharashtra,Kamthi,Potato,5,2025,1500,2500,Zaid,1000,2183.5218855218855,3486.904761904762,1915.1666666666667,1988.592672413793
Maharashtra,Solapur,Wheat,9,2023,2300,3620,Kharif,1320,2816.3259195893925,3247.752808988764,3044.2994875080076,3127.0038240917784
Maharashtra,Manmad,Onion,11,2024,500,4000,Rabi,3500,2678.6716114019778,2515.4166666666665,2626.972396486826,3859.0679611650485
Maharashtra,Chandrapur(Ganjwad),Potato,1,2025,2000,2400,Rabi,400,2183.5218855218855,2858.8607594936707,2626.972396486826,2202.0962441314555
Maharashtra,Sinner,Onion,10,2024,1000,4228,Kharif,3228,2678.6716114019778,2542.6071428571427,3044.2994875080076,3462.48231511254
Maharashtra,Jalgaon,Potato,6,2024,2000,2600,Kharif,600,2183.5218855218855,2410.159420289855,3044.2994875080076,2308.1819620253164
Maharashtra,Kalyan,Potato,8,2024,2600,3000,Kharif,400,2183.5218855218855,2589.4736842105262,3044.2994875080076,3017.515397082658
Maharashtra,Karad,Onion,7,2023,1700,2000,Kharif,300,2678.6716114019778,2862.31884057971,3044.2994875080076,3289.337912087912
Maharashtra,Barshi(Vairag),Wheat,7,2023,2051,2150,Kharif,99,2816.3259195893925,2469.0,3044.2994875080076,3289.337912087912
Maharashtra,Jalgaon,Onion,3,2025,437,1437,Rabi,1000,2678.6716114019778,2410.159420289855,2626.972396486826,1861.5330739299611
Maharashtra,Tasgaon,Wheat,12,2023,2680,3050,Rabi,370,2816.3259195893925,2896.875,2626.972396486826,2933.8104448742747
Maharashtra,Pune,Onion,1,2024,700,2100,Rabi,1400,2678.6716114019778,3186.013986013986,2626.972396486826,2202.0962441314555
Maharashtra,"Sangli(Phale, Bhajipura Market)",Onion,10,2024,1000,4400,Kharif,3400,2678.6716114019778,2561.711711711712,3044.2994875080076,3462.48231511254
Maharashtra,Solapur,Onion,8,2023,100,3200,Kharif,3100,2678.6716114019778,3247.752808988764,3044.2994875080076,3017.515397082658
Maharashtra,Amrawati(Frui & Veg. Market),Potato,7,2024,1800,2400,Kharif,600,2183.5218855218855,2546.923076923077,3044.2994875080076,3289.337912087912
Maharashtra,Lasalgaon(Vinchur),Onion,8,2023,500,2500,Kharif,2000,2678.6716114019778,2574.311320754717,3044.2994875080076,3017.515397082658
Maharashtra,Rahata,Onion,8,2024,1800,3800,Kharif,2000,2678.6716114019778,2600.863309352518,3044.2994875080076,3017.515397082658
Maharashtra,Aurad Shahajani,Wheat,9,2023,2100,2500,Kharif,400,2816.3259195893925,2500.0,3044.2994875080076,3127.0038240917784
Maharashtra,Akola,Potato,12,2024,1200,2200,Rabi,1000,2183.5218855218855,2421.8840579710145,2626.972396486826,2933.8104448742747
Maharashtra,Solapur,Potato,4,2024,1500,2000,Zaid,500,2183.5218855218855,3247.752808988764,1915.1666666666667,1829.9925
Maharashtra,Barshi,Wheat,8,2023,2400,2400,Kharif,0,2816.3259195893925,3191.6666666666665,3044.2994875080076,3017.515397082658
Maharashtra,Lasalgaon(Niphad),Onion,7,2023,500,1500,Kharif,1000,2678.6716114019778,2520.8804347826085,3044.2994875080076,3289.337912087912
Maharashtra,Kolhapur,Onion,3,2025,600,1900,Rabi,1300,2678.6716114019778,3576.785714285714,2626.972396486826,1861.5330739299611
Maharashtra,Pune,Potato,11,2024,2200,3800,Rabi,1600,2183.5218855218855,3186.013986013986,2626.972396486826,3859.0679611650485
Maharashtra,Kamthi,Potato,12,2024,2500,3500,Rabi,1000,2183.5218855218855,3486.904761904762,2626.972396486826,2933.8104448742747
Maharashtra,Shirpur,Wheat,1,2024,2381,3050,Rabi,669,2816.3259195893925,2791.733333333333,2626.972396486826,2202.0962441314555
Maharashtra,Rahata,Wheat,6,2023,2200,2500,Kharif,300,2816.3259195893925,2600.863309352518,3044.2994875080076,2308.1819620253164
Maharashtra,Pune,Potato,11,2024,2300,4200,Rabi,1900,2183.5218855218855,3186.013986013986,2626.972396486826,3859.0679611650485
Maharashtra,Akluj,Onion,3,2024,300,1800,Rabi,1500,2678.6716114019778,2208.2716049382716,2626.972396486826,1861.5330739299611
Maharashtra,Shrirampur,Wheat,7,2023,2100,2300,Kharif,200,2816.3259195893925,2334.11,3044.2994875080076,3289.337912087912
Maharashtra,Rahata,Potato,5,2025,1500,1700,Zaid,200,2183.5218855218855,2600.863309352518,1915.1666666666667,1988.592672413793
Maharashtra,Rahata,Onion,6,2024,400,2700,Kharif,2300,2678.6716114019778,2600.863309352518,3044.2994875080076,2308.1819620253164
Maharashtra,Solapur,Onion,10,2023,100,3100,Kharif,3000,2678.6716114019778,3247.752808988764,3044.2994875080076,3462.48231511254
Maharashtra,"Sangli(Phale, Bhajipura Market)",Potato,6,2024,1600,2800,Kharif,1200,2183.5218855218855,2561.711711711712,3044.2994875080076,2308.1819620253164
Maharashtra,"Sangli(Phale, Bhajipura Market)",Potato,8,2024,2500,3100,Kharif,600,2183.5218855218855,2561.711711711712,3044.2994875080076,3017.515397082658
Maharashtra,Chakur,Wheat,9,2023,2082,2082,Kharif,0,2816.3259195893925,2082.0,3044.2994875080076,3127.0038240917784
Maharashtra,Umrane,Onion,8,2024,1000,2971,Kharif,1971,2678.6716114019778,2608.282608695652,3044.2994875080076,3017.515397082658
Maharashtra,Raver,Wheat,1,2024,2575,2630,Rabi,55,2816.3259195893925,2602.769230769231,2626.972396486826,2202.0962441314555
Maharashtra,Alibagh,Rice,4,2025,2500,2700,Zaid,200,4928.92,2700.0,1915.1666666666667,1829.9925
Maharashtra,Kamthi,Onion,3,2025,1500,2500,Rabi,1000,2678.6716114019778,3486.904761904762,2626.972396486826,1861.5330739299611
Maharashtra,Manmad,Onion,5,2025,200,1240,Zaid,1040,2678.6716114019778,2515.4166666666665,1915.1666666666667,1988.592672413793
Maharashtra,Shevgaon(Bodhegaon),Wheat,1,2024,2500,2500,Rabi,0,2816.3259195893925,2473.684210526316,2626.972396486826,2202.0962441314555
Maharashtra,Nampur,Onion,5,2025,100,1490,Zaid,1390,2678.6716114019778,2499.769230769231,1915.1666666666667,1988.592672413793
Maharashtra,Akola,Potato,3,2024,1000,1800,Rabi,800,2183.5218855218855,2421.8840579710145,2626.972396486826,1861.5330739299611
Maharashtra,Pune,Potato,2,2025,1000,1900,Rabi,900,2183.5218855218855,3186.013986013986,2626.972396486826,2104.9403341288785
Maharashtra,Khed(Chakan),Potato,11,2023,1000,1700,Rabi,700,2183.5218855218855,2519.4174757281553,2626.972396486826,3859.0679611650485
Maharashtra,Kolhapur,Onion,5,2024,700,2200,Zaid,1500,2678.6716114019778,3576.785714285714,1915.1666666666667,1988.592672413793
Maharashtra,Khed(Chakan),Potato,9,2023,1300,2000,Kharif,700,2183.5218855218855,2519.4174757281553,3044.2994875080076,3127.0038240917784
Maharashtra,Bhokar,Wheat,11,2023,2662,2680,Rabi,18,2816.3259195893925,2335.125,2626.972396486826,3859.0679611650485
Maharashtra,Manmad,Onion,3,2025,400,1571,Rabi,1171,2678.6716114019778,2515.4166666666665,2626.972396486826,1861.5330739299611
Maharashtra,Lasalgaon,Onion,10,2023,2001,5820,Kharif,3819,2678.6716114019778,2867.190476190476,3044.2994875080076,3462.48231511254
Maharashtra,Rahuri,Wheat,6,2023,1500,2300,Kharif,800,2816.3259195893925,2826.0106382978724,3044.2994875080076,2308.1819620253164
Maharashtra,Karad,Tomato,7,2023,7000,8000,Kharif,1000,6168.357446808511,2862.31884057971,3044.2994875080076,3289.337912087912
Maharashtra,Kopargaon,Onion,7,2024,1000,2829,Kharif,1829,2678.6716114019778,2558.2608695652175,3044.2994875080076,3289.337912087912
Maharashtra,Jalgaon,Potato,12,2024,1500,2000,Rabi,500,2183.5218855218855,2410.159420289855,2626.972396486826,2933.8104448742747
Maharashtra,Kamthi,Onion,4,2025,1000,1600,Zaid,600,2678.6716114019778,3486.904761904762,1915.1666666666667,1829.9925
Maharashtra,Junnar(Narayangaon),Onion,10,2024,1000,4500,Kharif,3500,2678.6716114019778,2861.8518518518517,3044.2994875080076,3462.48231511254
Maharashtra,Ausa,Wheat,7,2023,2201,2501,Kharif,300,2816.3259195893925,3000.6,3044.2994875080076,3289.337912087912
Maharashtra,Sangli,Wheat,6,2023,2800,3600,Kharif,800,2816.3259195893925,4790.625,3044.2994875080076,2308.1819620253164
Maharashtra,Amalner,Wheat,7,2023,2242,2400,Kharif,158,2816.3259195893925,2787.5714285714284,3044.2994875080076,3289.337912087912
Maharashtra,Lasalgaon(Niphad),Onion,6,2023,500,1399,Kharif,899,2678.6716114019778,2520.8804347826085,3044.2994875080076,2308.1819620253164
Maharashtra,Newasa(Ghodegaon),Onion,9,2023,400,2300,Kharif,1900,2678.6716114019778,2765.151515151515,3044.2994875080076,3127.0038240917784
Maharashtra,Hingna,Onion,5,2025,1500,2000,Zaid,500,2678.6716114019778,2675.875,1915.1666666666667,1988.592672413793
Maharashtra,Khed(Chakan),Potato,6,2025,1300,2000,Kharif,700,2183.5218855218855,2519.4174757281553,3044.2994875080076,2308.1819620253164
Maharashtra,"Sangli(Phale, Bhajipura Market)",Potato,8,2024,1500,3000,Kharif,1500,2183.5218855218855,2561.711711711712,3044.2994875080076,3017.515397082658
Maharashtra,Akola,Onion,9,2023,1500,2200,Kharif,700,2678.6716114019778,2421.8840579710145,3044.2994875080076,3127.0038240917784
Maharashtra,Pathari,Wheat,8,2023,2251,2600,Kharif,349,2816.3259195893925,2668.5,3044.2994875080076,3017.515397082658
Maharashtra,Kamthi,Potato,8,2023,1600,2000,Kharif,400,2183.5218855218855,3486.904761904762,3044.2994875080076,3017.515397082658
Maharashtra,Kolhapur,Onion,6,2023,500,1600,Kharif,1100,2678.6716114019778,3576.785714285714,3044.2994875080076,2308.1819620253164
Maharashtra,Sangamner,Onion,7,2023,200,2011,Kharif,1811,2678.6716114019778,3329.057142857143,3044.2994875080076,3289.337912087912
Maharashtra,Newasa(Ghodegaon),Onion,7,2023,200,2000,Kharif,1800,2678.6716114019778,2765.151515151515,3044.2994875080076,3289.337912087912
Maharashtra,Gevrai,Wheat,7,2023,2381,2941,Kharif,560,2816.3259195893925,2950.590909090909,3044.2994875080076,3289.337912087912
Maharashtra,Umrane,Onion,5,2025,700,1356,Zaid,656,2678.6716114019778,2608.282608695652,1915.1666666666667,1988.592672413793
Maharashtra,Akluj,Onion,1,2024,200,1800,Rabi,1600,2678.6716114019778,2208.2716049382716,2626.972396486826,2202.0962441314555
Maharashtra,Islampur,Potato,2,2025,1500,2200,Rabi,700,2183.5218855218855,2422.7272727272725,2626.972396486826,2104.9403341288785
Maharashtra,Satara,Onion,3,2024,1000,1500,Rabi,500,2678.6716114019778,2750.0,2626.972396486826,1861.5330739299611
Maharashtra,Chandvad,Onion,11,2024,1502,5601,Rabi,4099,2678.6716114019778,3065.671875,2626.972396486826,3859.0679611650485
Maharashtra,Devala,Onion,12,2023,1000,2850,Rabi,1850,2678.6716114019778,2586.3793103448274,2626.972396486826,2933.8104448742747
Maharashtra,Nandgaon,Onion,3,2024,142,1386,Rabi,1244,2678.6716114019778,2752.116666666667,2626.972396486826,1861.5330739299611
Maharashtra,Vai,Potato,3,2024,1800,2400,Rabi,600,2183.5218855218855,3070.7865168539324,2626.972396486826,1861.5330739299611
Maharashtra,Vai,Potato,10,2023,1500,2200,Kharif,700,2183.5218855218855,3070.7865168539324,3044.2994875080076,3462.48231511254
Maharashtra,Amrawati(Frui & Veg. Market),Onion,3,2025,600,1500,Rabi,900,2678.6716114019778,2546.923076923077,2626.972396486826,1861.5330739299611
Maharashtra,Pune(Manjri),Onion,8,2023,1100,1700,Kharif,600,2678.6716114019778,2804.7619047619046,3044.2994875080076,3017.515397082658
Maharashtra,Pimpalgaon,Onion,4,2024,451,1831,Zaid,1380,2678.6716114019778,3416.065934065934,1915.1666666666667,1829.9925
Maharashtra,Junnar(Alephata),Onion,2,2024,700,2000,Rabi,1300,2678.6716114019778,3320.3846153846152,2626.972396486826,2104.9403341288785
Maharashtra,Sangamner,Onion,9,2023,200,2451,Kharif,2251,2678.6716114019778,3329.057142857143,3044.2994875080076,3127.0038240917784
Maharashtra,Barshi,Wheat,6,2023,2200,3000,Kharif,800,2816.3259195893925,3191.6666666666665,3044.2994875080076,2308.1819620253164
Maharashtra,Pune(Manjri),Potato,5,2025,1600,2400,Zaid,800,2183.5218855218855,2804.7619047619046,1915.1666666666667,1988.592672413793
Maharashtra,Kamthi,Potato,6,2023,1400,1800,Kharif,400,2183.5218855218855,3486.904761904762,3044.2994875080076,2308.1819620253164
Maharashtra,Amrawati(Frui & Veg. Market),Potato,7,2023,800,1500,Kharif,700,2183.5218855218855,2546.923076923077,3044.2994875080076,3289.337912087912
Maharashtra,Newasa(Ghodegaon),Onion,2,2024,200,1400,Rabi,1200,2678.6716114019778,2765.151515151515,2626.972396486826,2104.9403341288785
Maharashtra,Kopargaon,Onion,2,2024,500,1800,Rabi,1300,2678.6716114019778,2558.2608695652175,2626.972396486826,2104.9403341288785
Maharashtra,Bhandara,Rice,4,2025,4200,4300,Zaid,100,4928.92,3256.25,1915.1666666666667,1829.9925
Maharashtra,Hingna,Onion,4,2024,1700,1700,Zaid,0,2678.6716114019778,2675.875,1915.1666666666667,1829.9925
Maharashtra,Solapur,Tomato,6,2023,1000,7000,Kharif,6000,6168.357446808511,3247.752808988764,3044.2994875080076,2308.1819620253164
Maharashtra,Pune,Onion,9,2023,900,2300,Kharif,1400,2678.6716114019778,3186.013986013986,3044.2994875080076,3127.0038240917784
Maharashtra,Dhule,Onion,3,2024,200,2100,Rabi,1900,2678.6716114019778,2516.8552631578946,2626.972396486826,1861.5330739299611
Maharashtra,Rahata,Potato,5,2025,1500,1600,Zaid,100,2183.5218855218855,2600.863309352518,1915.1666666666667,1988.592672413793
Maharashtra,Hingna,Onion,9,2024,3500,5000,Kharif,1500,2678.6716114019778,2675.875,3044.2994875080076,3127.0038240917784
Maharashtra,Shahada,Wheat,11,2023,2701,3000,Rabi,299,2816.3259195893925,2744.6111111111113,2626.972396486826,3859.0679611650485
Maharashtra,Vai,Potato,5,2025,1800,2500,Zaid,700,2183.5218855218855,3070.7865168539324,1915.1666666666667,1988.592672413793
Maharashtra,Kopargaon,Onion,9,2024,1000,4312,Kharif,3312,2678.6716114019778,2558.2608695652175,3044.2994875080076,3127.0038240917784
Maharashtra,Satara,Potato,8,2023,1300,1700,Kharif,400,2183.5218855218855,2750.0,3044.2994875080076,3017.515397082658
Maharashtra,Junnar(Narayangaon),Onion,8,2024,1200,4000,Kharif,2800,2678.6716114019778,2861.8518518518517,3044.2994875080076,3017.515397082658
Maharashtra,Pune(Manjri),Onion,8,2024,2200,3300,Kharif,1100,2678.6716114019778,2804.7619047619046,3044.2994875080076,3017.515397082658
Maharashtra,Rahuri(Vambori),Wheat,12,2023,2200,2850,Rabi,650,2816.3259195893925,2812.3478260869565,2626.972396486826,2933.8104448742747
Maharashtra,Manchar,Onion,1,2024,1500,3000,Rabi,1500,2678.6716114019778,2335.757575757576,2626.972396486826,2202.0962441314555
Maharashtra,Savner,Wheat,9,2023,2181,2240,Kharif,59,2816.3259195893925,2425.5,3044.2994875080076,3127.0038240917784
Maharashtra,Pune(Khadiki),Potato,12,2023,1200,1400,Rabi,200,2183.5218855218855,2011.926605504587,2626.972396486826,2933.8104448742747
Maharashtra,Majalgaon,Wheat,10,2023,2400,3200,Kharif,800,2816.3259195893925,3154.5384615384614,3044.2994875080076,3462.48231511254
Maharashtra,Hingna,Potato,12,2024,1750,2500,Rabi,750,2183.5218855218855,2675.875,2626.972396486826,2933.8104448742747
Maharashtra,Malegaon,Wheat,7,2023,1912,2720,Kharif,808,2816.3259195893925,2828.2608695652175,3044.2994875080076,3289.337912087912
Maharashtra,Manchar,Potato,3,2024,750,2000,Rabi,1250,2183.5218855218855,2335.757575757576,2626.972396486826,1861.5330739299611
Maharashtra,Vita,Onion,5,2025,500,1400,Zaid,900,2678.6716114019778,2686.9565217391305,1915.1666666666667,1988.592672413793
Maharashtra,Nasik,Onion,4,2024,750,1500,Zaid,750,2678.6716114019778,2656.4253731343283,1915.1666666666667,1829.9925
Maharashtra,Akola,Wheat,12,2023,2700,2900,Rabi,200,2816.3259195893925,2421.8840579710145,2626.972396486826,2933.8104448742747
Maharashtra,Pune,Onion,12,2023,700,2500,Rabi,1800,2678.6716114019778,3186.013986013986,2626.972396486826,2933.8104448742747
Maharashtra,Pune,Potato,2,2025,1300,2000,Rabi,700,2183.5218855218855,3186.013986013986,2626.972396486826,2104.9403341288785
Maharashtra,Devala,Onion,11,2024,1700,5405,Rabi,3705,2678.6716114019778,2586.3793103448274,2626.972396486826,3859.0679611650485
Maharashtra,Shevgaon,Onion,5,2025,1000,1400,Zaid,400,2678.6716114019778,2106.75,1915.1666666666667,1988.592672413793
Maharashtra,Devala,Onion,9,2023,200,2400,Kharif,2200,2678.6716114019778,2586.3793103448274,3044.2994875080076,3127.0038240917784
Maharashtra,Kopargaon,Onion,4,2025,500,1261,Zaid,761,2678.6716114019778,2558.2608695652175,1915.1666666666667,1829.9925
Maharashtra,Junnar(Narayangaon),Onion,11,2024,1600,4750,Rabi,3150,2678.6716114019778,2861.8518518518517,2626.972396486826,3859.0679611650485
Maharashtra,Karad,Onion,12,2023,2000,4500,Rabi,2500,2678.6716114019778,2862.31884057971,2626.972396486826,2933.8104448742747
Maharashtra,Malegaon,Wheat,6,2023,2180,2542,Kharif,362,2816.3259195893925,2828.2608695652175,3044.2994875080076,2308.1819620253164
Maharashtra,Vashi New Mumbai,Potato,3,2024,1200,1700,Rabi,500,2183.5218855218855,2508.130081300813,2626.972396486826,1861.5330739299611
Maharashtra,Vadgaonpeth,Onion,9,2024,4500,5100,Kharif,600,2678.6716114019778,2767.5675675675675,3044.2994875080076,3127.0038240917784
Maharashtra,Islampur,Onion,5,2024,1000,2600,Zaid,1600,2678.6716114019778,2422.7272727272725,1915.1666666666667,1988.592672413793
Maharashtra,Pimpalgaon,Onion,2,2025,500,2952,Rabi,2452,2678.6716114019778,3416.065934065934,2626.972396486826,2104.9403341288785
Maharashtra,Pune(Khadiki),Potato,3,2024,1200,1600,Rabi,400,2183.5218855218855,2011.926605504587,2626.972396486826,1861.5330739299611
Maharashtra,Chandrapur(Ganjwad),Potato,6,2023,1200,1400,Kharif,200,2183.5218855218855,2858.8607594936707,3044.2994875080076,2308.1819620253164
Maharashtra,Om Chaitanya Multistate Agro Purpose CoOp Society,Wheat,7,2023,2200,2200,Kharif,0,2816.3259195893925,2918.3333333333335,3044.2994875080076,3289.337912087912
Maharashtra,Akluj,Potato,3,2024,1700,1800,Rabi,100,2183.5218855218855,2208.2716049382716,2626.972396486826,1861.5330739299611
Maharashtra,"Sangli(Phale, Bhajipura Market)",Onion,1,2024,400,2000,Rabi,1600,2678.6716114019778,2561.711711711712,2626.972396486826,2202.0962441314555
Maharashtra,Jalgaon,Potato,12,2023,1000,1500,Rabi,500,2183.5218855218855,2410.159420289855,2626.972396486826,2933.8104448742747
Maharashtra,Nandgaon,Onion,3,2025,400,2252,Rabi,1852,2678.6716114019778,2752.116666666667,2626.972396486826,1861.5330739299611
Maharashtra,Sinner,Onion,12,2024,500,4060,Rabi,3560,2678.6716114019778,2542.6071428571427,2626.972396486826,2933.8104448742747
Maharashtra,Hinganghat,Wheat,9,2023,2400,2440,Kharif,40,2816.3259195893925,2467.7272727272725,3044.2994875080076,3127.0038240917784
Maharashtra,Kopargaon,Onion,5,2025,500,1100,Zaid,600,2678.6716114019778,2558.2608695652175,1915.1666666666667,1988.592672413793
Maharashtra,Amrawati(Frui & Veg. Market),Onion,6,2024,700,2000,Kharif,1300,2678.6716114019778,2546.923076923077,3044.2994875080076,2308.1819620253164
Maharashtra,Sinner,Onion,12,2023,500,2054,Rabi,1554,2678.6716114019778,2542.6071428571427,2626.972396486826,2933.8104448742747
Maharashtra,Bhusaval,Onion,7,2024,2000,2500,Kharif,500,2678.6716114019778,2348.8,3044.2994875080076,3289.337912087912
Maharashtra,Ramtek,Potato,2,2024,800,1000,Rabi,200,2183.5218855218855,3246.0169491525426,2626.972396486826,2104.9403341288785
Maharashtra,Solapur,Onion,9,2024,500,4000,Kharif,3500,2678.6716114019778,3247.752808988764,3044.2994875080076,3127.0038240917784
Maharashtra,Amrawati(Frui & Veg. Market),Potato,1,2025,1000,2400,Rabi,1400,2183.5218855218855,2546.923076923077,2626.972396486826,2202.0962441314555
Maharashtra,Amrawati(Frui & Veg. Market),Tomato,10,2023,800,1000,Kharif,200,6168.357446808511,2546.923076923077,3044.2994875080076,3462.48231511254
Maharashtra,Sangamner,Onion,8,2023,300,3101,Kharif,2801,2678.6716114019778,3329.057142857143,3044.2994875080076,3017.515397082658
Maharashtra,Jalgaon,Onion,4,2025,375,1200,Zaid,825,2678.6716114019778,2410.159420289855,1915.1666666666667,1829.9925
Maharashtra,Amrawati(Frui & Veg. Market),Potato,9,2023,800,1600,Kharif,800,2183.5218855218855,2546.923076923077,3044.2994875080076,3127.0038240917784
Maharashtra,Wardha,Wheat,12,2023,2450,2560,Rabi,110,2816.3259195893925,2226.3333333333335,2626.972396486826,2933.8104448742747
Maharashtra,Chandvad,Onion,12,2023,500,1674,Rabi,1174,2678.6716114019778,3065.671875,2626.972396486826,2933.8104448742747
Maharashtra,Telhara,Wheat,10,2023,2150,2480,Kharif,330,2816.3259195893925,2441.0,3044.2994875080076,3462.48231511254
Maharashtra,Amrawati(Frui & Veg. Market),Potato,12,2024,1000,3000,Rabi,2000,2183.5218855218855,2546.923076923077,2626.972396486826,2933.8104448742747
Maharashtra,Dhule,Onion,3,2025,400,2050,Rabi,1650,2678.6716114019778,2516.8552631578946,2626.972396486826,1861.5330739299611
Maharashtra,Shrigonda(Gogargaon),Wheat,12,2023,2200,2400,Rabi,200,2816.3259195893925,2400.0,2626.972396486826,2933.8104448742747
Maharashtra,Vashi New Mumbai,Potato,7,2024,2000,2800,Kharif,800,2183.5218855218855,2508.130081300813,3044.2994875080076,3289.337912087912
Maharashtra,Junnar(Narayangaon),Onion,3,2024,300,2100,Rabi,1800,2678.6716114019778,2861.8518518518517,2626.972396486826,1861.5330739299611
Maharashtra,Pune(Khadiki),Tomato,6,2023,1200,1800,Kharif,600,6168.357446808511,2011.926605504587,3044.2994875080076,2308.1819620253164
Maharashtra,Lasalgaon,Wheat,11,2023,2700,3350,Rabi,650,2816.3259195893925,2867.190476190476,2626.972396486826,3859.0679611650485
Maharashtra,Karad,Onion,11,2023,4500,5600,Rabi,1100,2678.6716114019778,2862.31884057971,2626.972396486826,3859.0679611650485
Maharashtra,Manmad,Onion,3,2024,887,1434,Rabi,547,2678.6716114019778,2515.4166666666665,2626.972396486826,1861.5330739299611
Maharashtra,Kopargaon,Onion,5,2025,300,1140,Zaid,840,2678.6716114019778,2558.2608695652175,1915.1666666666667,1988.592672413793
Maharashtra,Vashi New Mumbai,Onion,10,2024,3500,4500,Kharif,1000,2678.6716114019778,2508.130081300813,3044.2994875080076,3462.48231511254
Maharashtra,Shevgaon,Onion,7,2023,1300,2100,Kharif,800,2678.6716114019778,2106.75,3044.2994875080076,3289.337912087912
Maharashtra,Nampur,Onion,11,2024,1500,7051,Rabi,5551,2678.6716114019778,2499.769230769231,2626.972396486826,3859.0679611650485
Maharashtra,"Sangli(Phale, Bhajipura Market)",Onion,11,2024,1000,7200,Rabi,6200,2678.6716114019778,2561.711711711712,2626.972396486826,3859.0679611650485
Maharashtra,Pune(Manjri),Onion,5,2024,1500,1700,Zaid,200,2678.6716114019778,2804.7619047619046,1915.1666666666667,1988.592672413793
Maharashtra,Pimpalgaon Baswant(Saykheda),Onion,5,2025,700,1451,Zaid,751,2678.6716114019778,2602.5479452054797,1915.1666666666667,1988.592672413793
Maharashtra,Hingna,Onion,2,2025,2800,3000,Rabi,200,2678.6716114019778,2675.875,2626.972396486826,2104.9403341288785
Maharashtra,Nasik,Onion,3,2025,750,2025,Rabi,1275,2678.6716114019778,2656.4253731343283,2626.972396486826,1861.5330739299611
Maharashtra,Raver,Wheat,8,2023,2145,2365,Kharif,220,2816.3259195893925,2602.769230769231,3044.2994875080076,3017.515397082658
Maharashtra,Akluj,Potato,12,2023,1200,1500,Rabi,300,2183.5218855218855,2208.2716049382716,2626.972396486826,2933.8104448742747
Maharashtra,Pune(Pimpri),Onion,5,2024,1500,1500,Zaid,0,2678.6716114019778,2966.2162162162163,1915.1666666666667,1988.592672413793
Maharashtra,Mangal Wedha,Onion,5,2025,300,1500,Zaid,1200,2678.6716114019778,2928.322033898305,1915.1666666666667,1988.592672413793
Maharashtra,Akola,Wheat,10,2023,2385,2685,Kharif,300,2816.3259195893925,2421.8840579710145,3044.2994875080076,3462.48231511254
Maharashtra,Jalgaon,Onion,10,2023,1500,3525,Kharif,2025,2678.6716114019778,2410.159420289855,3044.2994875080076,3462.48231511254
Maharashtra,Vadgaonpeth,Onion,5,2025,1100,1400,Zaid,300,2678.6716114019778,2767.5675675675675,1915.1666666666667,1988.592672413793
Maharashtra,Rahata,Wheat,11,2023,2625,2801,Rabi,176,2816.3259195893925,2600.863309352518,2626.972396486826,3859.0679611650485
Maharashtra,Vadgaonpeth,Onion,4,2025,1300,1600,Zaid,300,2678.6716114019778,2767.5675675675675,1915.1666666666667,1829.9925
Maharashtra,Hingna,Onion,11,2024,2500,4000,Rabi,1500,2678.6716114019778,2675.875,2626.972396486826,3859.0679611650485
Maharashtra,Islampur,Potato,7,2023,1600,1800,Kharif,200,2183.5218855218855,2422.7272727272725,3044.2994875080076,3289.337912087912
Maharashtra,Ramtek,Onion,2,2024,1800,2000,Rabi,200,2678.6716114019778,3246.0169491525426,2626.972396486826,2104.9403341288785
Maharashtra,Navapur,Wheat,6,2023,2000,2200,Kharif,200,2816.3259195893925,2945.5882352941176,3044.2994875080076,2308.1819620253164
Maharashtra,Dhule,Onion,9,2023,500,2300,Kharif,1800,2678.6716114019778,2516.8552631578946,3044.2994875080076,3127.0038240917784
Maharashtra,Satana,Onion,2,2024,100,1475,Rabi,1375,2678.6716114019778,2894.45,2626.972396486826,2104.9403341288785
Maharashtra,Akola,Onion,8,2023,800,1700,Kharif,900,2678.6716114019778,2421.8840579710145,3044.2994875080076,3017.515397082658
Maharashtra,Chandrapur(Ganjwad),Potato,10,2024,2500,3000,Kharif,500,2183.5218855218855,2858.8607594936707,3044.2994875080076,3462.48231511254
Maharashtra,Hingna,Potato,10,2024,2600,2700,Kharif,100,2183.5218855218855,2675.875,3044.2994875080076,3462.48231511254
Maharashtra,Pune,Onion,7,2023,700,1700,Kharif,1000,2678.6716114019778,3186.013986013986,3044.2994875080076,3289.337912087912
Maharashtra,Akola,Onion,4,2025,600,1200,Zaid,600,2678.6716114019778,2421.8840579710145,1915.1666666666667,1829.9925
Maharashtra,Rahuri,Tomato,6,2023,500,3500,Kharif,3000,6168.357446808511,2826.0106382978724,3044.2994875080076,2308.1819620253164
Maharashtra,Hinganghat,Wheat,12,2023,2000,2540,Rabi,540,2816.3259195893925,2467.7272727272725,2626.972396486826,2933.8104448742747
Maharashtra,Manchar,Onion,3,2024,1000,1750,Rabi,750,2678.6716114019778,2335.757575757576,2626.972396486826,1861.5330739299611
Maharashtra,Jamkhed,Onion,4,2024,100,1650,Zaid,1550,2678.6716114019778,2610.4651162790697,1915.1666666666667,1829.9925
Maharashtra,Shirpur,Wheat,10,2023,2300,2825,Kharif,525,2816.3259195893925,2791.733333333333,3044.2994875080076,3462.48231511254
Maharashtra,Pune(Moshi),Potato,3,2024,1200,1600,Rabi,400,2183.5218855218855,2277.6119402985073,2626.972396486826,1861.5330739299611
Maharashtra,Lasalgaon,Onion,7,2023,600,2511,Kharif,1911,2678.6716114019778,2867.190476190476,3044.2994875080076,3289.337912087912
Maharashtra,Morshi,Wheat,8,2023,2200,2400,Kharif,200,2816.3259195893925,2524.375,3044.2994875080076,3017.515397082658
Maharashtra,Rahata,Potato,4,2025,1400,1500,Zaid,100,2183.5218855218855,2600.863309352518,1915.1666666666667,1829.9925
Maharashtra,Shree Sairaj Krushi Market,Onion,8,2024,2000,3800,Kharif,1800,2678.6716114019778,3469.375,3044.2994875080076,3017.515397082658
Maharashtra,Manchar,Onion,12,2023,1000,3000,Rabi,2000,2678.6716114019778,2335.757575757576,2626.972396486826,2933.8104448742747
Maharashtra,Shrirampur,Tomato,7,2023,1700,2100,Kharif,400,6168.357446808511,2334.11,3044.2994875080076,3289.337912087912
Maharashtra,Parner,Onion,10,2023,400,3300,Kharif,2900,2678.6716114019778,2909.6153846153848,3044.2994875080076,3462.48231511254
Maharashtra,Lasalgaon(Vinchur),Onion,1,2024,1000,2352,Rabi,1352,2678.6716114019778,2574.311320754717,2626.972396486826,2202.0962441314555
Maharashtra,Sinner,Onion,3,2025,500,2466,Rabi,1966,2678.6716114019778,2542.6071428571427,2626.972396486826,1861.5330739299611
Maharashtra,Kopargaon,Onion,8,2024,1000,4100,Kharif,3100,2678.6716114019778,2558.2608695652175,3044.2994875080076,3017.515397082658
Maharashtra,Pune(Pimpri),Onion,4,2024,900,1500,Zaid,600,2678.6716114019778,2966.2162162162163,1915.1666666666667,1829.9925
Maharashtra,Chandrapur(Ganjwad),Potato,4,2025,1700,2000,Zaid,300,2183.5218855218855,2858.8607594936707,1915.1666666666667,1829.9925
Maharashtra,Manmad,Onion,3,2025,300,2175,Rabi,1875,2678.6716114019778,2515.4166666666665,2626.972396486826,1861.5330739299611
Maharashtra,Umrane,Onion,3,2025,500,1481,Rabi,981,2678.6716114019778,2608.282608695652,2626.972396486826,1861.5330739299611
Maharashtra,Rahata,Potato,3,2024,500,2000,Rabi,1500,2183.5218855218855,2600.863309352518,2626.972396486826,1861.5330739299611
Maharashtra,Nasik,Potato,2,2024,1200,1650,Rabi,450,2183.5218855218855,2656.4253731343283,2626.972396486826,2104.9403341288785
Maharashtra,Kopargaon,Onion,8,2024,1000,3981,Kharif,2981,2678.6716114019778,2558.2608695652175,3044.2994875080076,3017.515397082658
Maharashtra,Sinner,Onion,7,2024,500,2851,Kharif,2351,2678.6716114019778,2542.6071428571427,3044.2994875080076,3289.337912087912
Maharashtra,Vaduj,Wheat,8,2023,2200,2400,Kharif,200,2816.3259195893925,2440.0,3044.2994875080076,3017.515397082658
Maharashtra,Pune,Onion,9,2024,3500,4800,Kharif,1300,2678.6716114019778,3186.013986013986,3044.2994875080076,3127.0038240917784
Maharashtra,Pimpalgaon Baswant(Saykheda),Onion,12,2023,925,1500,Rabi,575,2678.6716114019778,2602.5479452054797,2626.972396486826,2933.8104448742747
Maharashtra,Shrirampur,Potato,2,2025,800,1400,Rabi,600,2183.5218855218855,2334.11,2626.972396486826,2104.9403341288785
Maharashtra,Rahata,Wheat,1,2024,2546,2900,Rabi,354,2816.3259195893925,2600.863309352518,2626.972396486826,2202.0962441314555
Maharashtra,Palghar,Wheat,12,2023,3220,3220,Rabi,0,2816.3259195893925,3742.5384615384614,2626.972396486826,2933.8104448742747
Maharashtra,Rahata,Wheat,1,2024,2300,2601,Rabi,301,2816.3259195893925,2600.863309352518,2626.972396486826,2202.0962441314555
Maharashtra,Sinner,Onion,7,2023,100,1340,Kharif,1240,2678.6716114019778,2542.6071428571427,3044.2994875080076,3289.337912087912
Maharashtra,Satana,Onion,10,2024,1100,5090,Kharif,3990,2678.6716114019778,2894.45,3044.2994875080076,3462.48231511254
Maharashtra,Lasalgaon,Onion,10,2024,3980,4871,Kharif,891,2678.6716114019778,2867.190476190476,3044.2994875080076,3462.48231511254
Maharashtra,Lasalgaon,Onion,4,2024,700,1651,Zaid,951,2678.6716114019778,2867.190476190476,1915.1666666666667,1829.9925
Maharashtra,Lasalgaon(Niphad),Onion,1,2024,901,1960,Rabi,1059,2678.6716114019778,2520.8804347826085,2626.972396486826,2202.0962441314555
Maharashtra,Solapur,Potato,2,2025,1300,1600,Rabi,300,2183.5218855218855,3247.752808988764,2626.972396486826,2104.9403341288785
Maharashtra,Barshi,Wheat,8,2023,2600,3100,Kharif,500,2816.3259195893925,3191.6666666666665,3044.2994875080076,3017.515397082658
Maharashtra,Lasalgaon(Vinchur),Onion,12,2024,1500,4000,Rabi,2500,2678.6716114019778,2574.311320754717,2626.972396486826,2933.8104448742747
Maharashtra,Shevgaon,Onion,9,2024,1000,2500,Kharif,1500,2678.6716114019778,2106.75,3044.2994875080076,3127.0038240917784
Maharashtra,Kurdwadi(Modnimb),Onion,3,2025,700,2400,Rabi,1700,2678.6716114019778,2242.88,2626.972396486826,1861.5330739299611
Maharashtra,Pune(Moshi),Potato,9,2024,1800,2400,Kharif,600,2183.5218855218855,2277.6119402985073,3044.2994875080076,3127.0038240917784
Maharashtra,Lasalgaon(Niphad),Onion,3,2025,1800,2316,Rabi,516,2678.6716114019778,2520.8804347826085,2626.972396486826,1861.5330739299611
Maharashtra,Pune,Potato,4,2024,1800,2600,Zaid,800,2183.5218855218855,3186.013986013986,1915.1666666666667,1829.9925
Maharashtra,Karad,Onion,6,2023,500,1400,Kharif,900,2678.6716114019778,2862.31884057971,3044.2994875080076,2308.1819620253164
Maharashtra,Vashi New Mumbai,Potato,1,2024,1000,1600,Rabi,600,2183.5218855218855,2508.130081300813,2626.972396486826,2202.0962441314555
Maharashtra,"Sangli(Phale, Bhajipura Market)",Potato,4,2025,1100,2200,Zaid,1100,2183.5218855218855,2561.711711711712,1915.1666666666667,1829.9925
Maharashtra,Amrawati(Frui & Veg. Market),Onion,7,2024,2400,3200,Kharif,800,2678.6716114019778,2546.923076923077,3044.2994875080076,3289.337912087912
Maharashtra,Akola,Onion,10,2023,1800,2700,Kharif,900,2678.6716114019778,2421.8840579710145,3044.2994875080076,3462.48231511254
Maharashtra,Bhokar,Wheat,8,2023,2064,2351,Kharif,287,2816.3259195893925,2335.125,3044.2994875080076,3017.515397082658
Maharashtra,Pathardi,Onion,3,2025,500,2000,Rabi,1500,2678.6716114019778,2397.093023255814,2626.972396486826,1861.5330739299611
Maharashtra,Kolhapur,Onion,8,2023,1000,2500,Kharif,1500,2678.6716114019778,3576.785714285714,3044.2994875080076,3017.515397082658
Maharashtra,Palghar,Rice,4,2025,4575,4575,Zaid,0,4928.92,3742.5384615384614,1915.1666666666667,1829.9925
Maharashtra,Shrirampur,Potato,6,2025,1500,2000,Kharif,500,2183.5218855218855,2334.11,3044.2994875080076,2308.1819620253164
Maharashtra,Kille Dharur,Wheat,1,2024,2341,3480,Rabi,1139,2816.3259195893925,3609.0,2626.972396486826,2202.0962441314555
Maharashtra,Dhule,Onion,11,2023,1000,4800,Rabi,3800,2678.6716114019778,2516.8552631578946,2626.972396486826,3859.0679611650485
Maharashtra,Chalisgaon,Wheat,7,2023,2215,2475,Kharif,260,2816.3259195893925,2719.05,3044.2994875080076,3289.337912087912
Maharashtra,Jalgaon,Onion,5,2025,300,1412,Zaid,1112,2678.6716114019778,2410.159420289855,1915.1666666666667,1988.592672413793
Maharashtra,Lasalgaon(Vinchur),Onion,4,2025,1000,1211,Zaid,211,2678.6716114019778,2574.311320754717,1915.1666666666667,1829.9925
Maharashtra,Junnar,Onion,2,2024,800,1600,Rabi,800,2678.6716114019778,2172.0833333333335,2626.972396486826,2104.9403341288785
Maharashtra,Anajngaon,Wheat,10,2023,1800,2305,Kharif,505,2816.3259195893925,2501.2,3044.2994875080076,3462.48231511254
Maharashtra,Manmad,Onion,8,2024,895,2990,Kharif,2095,2678.6716114019778,2515.4166666666665,3044.2994875080076,3017.515397082658
Maharashtra,Kille Dharur,Wheat,11,2023,2241,5151,Rabi,2910,2816.3259195893925,3609.0,2626.972396486826,3859.0679611650485
Maharashtra,Kamthi,Potato,6,2024,2500,3500,Kharif,1000,2183.5218855218855,3486.904761904762,3044.2994875080076,2308.1819620253164
Maharashtra,Karad,Onion,4,2025,500,1300,Zaid,800,2678.6716114019778,2862.31884057971,1915.1666666666667,1829.9925
Maharashtra,Shahada,Wheat,2,2024,2451,2575,Rabi,124,2816.3259195893925,2744.6111111111113,2626.972396486826,2104.9403341288785
Maharashtra,Shrirampur,Potato,7,2024,2500,3200,Kharif,700,2183.5218855218855,2334.11,3044.2994875080076,3289.337912087912
Maharashtra,Manchar,Onion,2,2024,1200,1800,Rabi,600,2678.6716114019778,2335.757575757576,2626.972396486826,2104.9403341288785
Maharashtra,Solapur,Onion,12,2023,100,3100,Rabi,3000,2678.6716114019778,3247.752808988764,2626.972396486826,2933.8104448742747
Maharashtra,Bhusaval,Potato,6,2024,2200,2200,Kharif,0,2183.5218855218855,2348.8,3044.2994875080076,2308.1819620253164
Maharashtra,Shrirampur,Potato,3,2024,1500,2000,Rabi,500,2183.5218855218855,2334.11,2626.972396486826,1861.5330739299611
Maharashtra,Hingna,Onion,4,2025,1500,2000,Zaid,500,2678.6716114019778,2675.875,1915.1666666666667,1829.9925
Maharashtra,Pune(Khadiki),Potato,10,2023,1400,1600,Kharif,200,2183.5218855218855,2011.926605504587,3044.2994875080076,3462.48231511254
Maharashtra,Manmad,Onion,11,2024,700,4500,Rabi,3800,2678.6716114019778,2515.4166666666665,2626.972396486826,3859.0679611650485
Maharashtra,Yeola,Onion,2,2025,700,3337,Rabi,2637,2678.6716114019778,2692.5254237288136,2626.972396486826,2104.9403341288785
Maharashtra,Lasalgaon,Onion,5,2024,500,2000,Zaid,1500,2678.6716114019778,2867.190476190476,1915.1666666666667,1988.592672413793
Maharashtra,Junnar(Narayangaon),Onion,8,2024,1600,4000,Kharif,2400,2678.6716114019778,2861.8518518518517,3044.2994875080076,3017.515397082658
Maharashtra,Lasalgaon(Niphad),Wheat,9,2023,2551,2660,Kharif,109,2816.3259195893925,2520.8804347826085,3044.2994875080076,3127.0038240917784
Maharashtra,Rahata,Potato,12,2024,800,2600,Rabi,1800,2183.5218855218855,2600.863309352518,2626.972396486826,2933.8104448742747
Maharashtra,Rahata,Potato,12,2024,1000,2500,Rabi,1500,2183.5218855218855,2600.863309352518,2626.972396486826,2933.8104448742747
Maharashtra,Hingoli,Wheat,12,2023,1930,3025,Rabi,1095,2816.3259195893925,3146.6153846153848,2626.972396486826,2933.8104448742747
Maharashtra,Amarawati,Wheat,12,2023,2400,2525,Rabi,125,2816.3259195893925,2544.848484848485,2626.972396486826,2933.8104448742747
Maharashtra,Rahuri,Potato,8,2024,2500,2800,Kharif,300,2183.5218855218855,2826.0106382978724,3044.2994875080076,3017.515397082658
Maharashtra,Kolhapur,Onion,10,2023,1000,2600,Kharif,1600,2678.6716114019778,3576.785714285714,3044.2994875080076,3462.48231511254
Maharashtra,Satara,Onion,12,2023,1500,3700,Rabi,2200,2678.6716114019778,2750.0,2626.972396486826,2933.8104448742747
Maharashtra,Tasgaon,Wheat,12,2023,2780,3020,Rabi,240,2816.3259195893925,2896.875,2626.972396486826,2933.8104448742747
Maharashtra,Kolhapur,Onion,4,2025,500,1600,Zaid,1100,2678.6716114019778,3576.785714285714,1915.1666666666667,1829.9925
Maharashtra,Mangal Wedha,Onion,10,2024,200,4400,Kharif,4200,2678.6716114019778,2928.322033898305,3044.2994875080076,3462.48231511254
Maharashtra,Shevgaon,Onion,10,2024,2000,3800,Kharif,1800,2678.6716114019778,2106.75,3044.2994875080076,3462.48231511254
Maharashtra,Pimpalgaon Baswant(Saykheda),Onion,3,2024,400,1400,Rabi,1000,2678.6716114019778,2602.5479452054797,2626.972396486826,1861.5330739299611
Maharashtra,Sinner,Onion,11,2024,1000,5801,Rabi,4801,2678.6716114019778,2542.6071428571427,2626.972396486826,3859.0679611650485
Maharashtra,Pandharpur,Onion,10,2023,400,2300,Kharif,1900,2678.6716114019778,3293.846153846154,3044.2994875080076,3462.48231511254
Maharashtra,Satara,Potato,9,2024,2500,3100,Kharif,600,2183.5218855218855,2750.0,3044.2994875080076,3127.0038240917784
Maharashtra,Akola,Potato,7,2024,2200,3000,Kharif,800,2183.5218855218855,2421.8840579710145,3044.2994875080076,3289.337912087912
Maharashtra,Rahata,Onion,1,2024,300,1300,Rabi,1000,2678.6716114019778,2600.863309352518,2626.972396486826,2202.0962441314555
Maharashtra,Pune(Pimpri),Onion,3,2025,2100,2200,Rabi,100,2678.6716114019778,2966.2162162162163,2626.972396486826,1861.5330739299611
Maharashtra,Hingoli,Wheat,1,2024,2200,2800,Rabi,600,2816.3259195893925,3146.6153846153848,2626.972396486826,2202.0962441314555
Maharashtra,Pune(Moshi),Onion,12,2023,300,1500,Rabi,1200,2678.6716114019778,2277.6119402985073,2626.972396486826,2933.8104448742747
Maharashtra,Pune(Manjri),Onion,3,2024,1500,1700,Rabi,200,2678.6716114019778,2804.7619047619046,2626.972396486826,1861.5330739299611
Maharashtra,Amarawati,Wheat,7,2023,2450,2550,Kharif,100,2816.3259195893925,2544.848484848485,3044.2994875080076,3289.337912087912
Maharashtra,Junnar(Narayangaon),Onion,9,2024,2000,4310,Kharif,2310,2678.6716114019778,2861.8518518518517,3044.2994875080076,3127.0038240917784
Maharashtra,Sinner,Wheat,6,2023,2320,2330,Kharif,10,2816.3259195893925,2542.6071428571427,3044.2994875080076,2308.1819620253164
Maharashtra,Hingna,Potato,7,2024,1800,2670,Kharif,870,2183.5218855218855,2675.875,3044.2994875080076,3289.337912087912
Maharashtra,Wardha,Wheat,10,2023,2440,2580,Kharif,140,2816.3259195893925,2226.3333333333335,3044.2994875080076,3462.48231511254
Maharashtra,Junnar(Otur),Onion,9,2024,3000,5110,Kharif,2110,2678.6716114019778,2554.5283018867926,3044.2994875080076,3127.0038240917784
Maharashtra,Kalvan,Onion,10,2023,1000,3105,Kharif,2105,2678.6716114019778,2726.1132075471696,3044.2994875080076,3462.48231511254
Maharashtra,Vashi New Mumbai,Onion,3,2025,1300,2800,Rabi,1500,2678.6716114019778,2508.130081300813,2626.972396486826,1861.5330739299611
Maharashtra,Akluj,Potato,4,2025,1700,2000,Zaid,300,2183.5218855218855,2208.2716049382716,1915.1666666666667,1829.9925
Maharashtra,Akola,Onion,5,2024,800,1500,Zaid,700,2678.6716114019778,2421.8840579710145,1915.1666666666667,1988.592672413793
Maharashtra,Rahata,Potato,5,2025,1600,1700,Zaid,100,2183.5218855218855,2600.863309352518,1915.1666666666667,1988.592672413793
Maharashtra,Junnar(Narayangaon),Onion,9,2023,600,2200,Kharif,1600,2678.6716114019778,2861.8518518518517,3044.2994875080076,3127.0038240917784
Maharashtra,Hingna,Potato,3,2025,2000,2000,Rabi,0,2183.5218855218855,2675.875,2626.972396486826,1861.5330739299611
Maharashtra,Akluj,Onion,4,2024,350,1700,Zaid,1350,2678.6716114019778,2208.2716049382716,1915.1666666666667,1829.9925
Maharashtra,Junnar(Narayangaon),Onion,3,2025,1300,1800,Rabi,500,2678.6716114019778,2861.8518518518517,2626.972396486826,1861.5330739299611
Maharashtra,Amrawati(Frui & Veg. Market),Potato,8,2023,900,1500,Kharif,600,2183.5218855218855,2546.923076923077,3044.2994875080076,3017.515397082658
Maharashtra,Bhusaval,Potato,5,2024,1500,2200,Zaid,700,2183.5218855218855,2348.8,1915.1666666666667,1988.592672413793
Maharashtra,Chandrapur(Ganjwad),Tomato,6,2023,800,1600,Kharif,800,6168.357446808511,2858.8607594936707,3044.2994875080076,2308.1819620253164
Maharashtra,Amrawati(Frui & Veg. Market),Onion,7,2023,1000,2700,Kharif,1700,2678.6716114019778,2546.923076923077,3044.2994875080076,3289.337912087912
Maharashtra,Parner,Onion,6,2024,500,2800,Kharif,2300,2678.6716114019778,2909.6153846153848,3044.2994875080076,2308.1819620253164
Maharashtra,Sakri,Onion,8,2024,3300,3520,Kharif,220,2678.6716114019778,2829.8611111111113,3044.2994875080076,3017.515397082658
Maharashtra,Mangal Wedha,Onion,4,2025,100,1100,Zaid,1000,2678.6716114019778,2928.322033898305,1915.1666666666667,1829.9925
Maharashtra,Pimpalgaon,Onion,3,2024,1400,1949,Rabi,549,2678.6716114019778,3416.065934065934,2626.972396486826,1861.5330739299611
Maharashtra,Junnar(Narayangaon),Onion,2,2024,300,2600,Rabi,2300,2678.6716114019778,2861.8518518518517,2626.972396486826,2104.9403341288785
Maharashtra,Baramati,Onion,8,2024,800,3500,Kharif,2700,2678.6716114019778,2769.054054054054,3044.2994875080076,3017.515397082658
Maharashtra,Pune(Moshi),Potato,11,2023,800,1500,Rabi,700,2183.5218855218855,2277.6119402985073,2626.972396486826,3859.0679611650485
Maharashtra,Vadgaonpeth,Onion,2,2024,1000,2000,Rabi,1000,2678.6716114019778,2767.5675675675675,2626.972396486826,2104.9403341288785
Maharashtra,Pathardi,Onion,7,2023,200,1600,Kharif,1400,2678.6716114019778,2397.093023255814,3044.2994875080076,3289.337912087912
Maharashtra,Pune(Manjri),Onion,8,2024,1700,2400,Kharif,700,2678.6716114019778,2804.7619047619046,3044.2994875080076,3017.515397082658
Maharashtra,Katol,Wheat,6,2023,2200,2261,Kharif,61,2816.3259195893925,2448.962962962963,3044.2994875080076,2308.1819620253164
Maharashtra,Lasalgaon,Onion,2,2025,1000,2860,Rabi,1860,2678.6716114019778,2867.190476190476,2626.972396486826,2104.9403341288785
Maharashtra,Vadgaonpeth,Onion,6,2025,1000,1500,Kharif,500,2678.6716114019778,2767.5675675675675,3044.2994875080076,2308.1819620253164
Maharashtra,Pune(Khadiki),Onion,4,2025,800,1700,Zaid,900,2678.6716114019778,2011.926605504587,1915.1666666666667,1829.9925
Maharashtra,Pune(Moshi),Potato,1,2024,400,1200,Rabi,800,2183.5218855218855,2277.6119402985073,2626.972396486826,2202.0962441314555
Maharashtra,Shree Rameshwar Krushi Market,Onion,5,2024,351,1900,Zaid,1549,2678.6716114019778,3118.64,1915.1666666666667,1988.592672413793
Maharashtra,Bhusaval,Onion,10,2024,2500,3000,Kharif,500,2678.6716114019778,2348.8,3044.2994875080076,3462.48231511254
Maharashtra,Lasalgaon,Onion,11,2024,3301,5885,Rabi,2584,2678.6716114019778,2867.190476190476,2626.972396486826,3859.0679611650485
Maharashtra,Kamthi,Potato,11,2024,3000,4000,Rabi,1000,2183.5218855218855,3486.904761904762,2626.972396486826,3859.0679611650485
Maharashtra,Pune(Khadiki),Potato,8,2024,2000,2300,Kharif,300,2183.5218855218855,2011.926605504587,3044.2994875080076,3017.515397082658
Maharashtra,Amrawati(Frui & Veg. Market),Onion,6,2025,500,1200,Kharif,700,2678.6716114019778,2546.923076923077,3044.2994875080076,2308.1819620253164
Maharashtra,Nasik,Onion,8,2023,500,2200,Kharif,1700,2678.6716114019778,2656.4253731343283,3044.2994875080076,3017.515397082658
Maharashtra,Vashi New Mumbai,Potato,6,2025,1200,1800,Kharif,600,2183.5218855218855,2508.130081300813,3044.2994875080076,2308.1819620253164
Maharashtra,Lasalgaon(Vinchur),Onion,3,2024,1000,1615,Rabi,615,2678.6716114019778,2574.311320754717,2626.972396486826,1861.5330739299611
Maharashtra,Khed(Chakan),Potato,3,2025,1200,1900,Rabi,700,2183.5218855218855,2519.4174757281553,2626.972396486826,1861.5330739299611
Maharashtra,Morshi,Wheat,12,2023,2500,2750,Rabi,250,2816.3259195893925,2524.375,2626.972396486826,2933.8104448742747
Maharashtra,Amrawati(Frui & Veg. Market),Onion,8,2024,3200,5200,Kharif,2000,2678.6716114019778,2546.923076923077,3044.2994875080076,3017.515397082658
Maharashtra,Shevgaon,Onion,11,2024,1000,1800,Rabi,800,2678.6716114019778,2106.75,2626.972396486826,3859.0679611650485
Maharashtra,Dindori,Onion,7,2023,956,1371,Kharif,415,2678.6716114019778,1774.4666666666667,3044.2994875080076,3289.337912087912
Maharashtra,Solapur,Potato,2,2024,800,1750,Rabi,950,2183.5218855218855,3247.752808988764,2626.972396486826,2104.9403341288785
Maharashtra,Kalvan,Onion,3,2024,850,1775,Rabi,925,2678.6716114019778,2726.1132075471696,2626.972396486826,1861.5330739299611
Maharashtra,Telhara,Wheat,12,2023,2470,2575,Rabi,105,2816.3259195893925,2441.0,2626.972396486826,2933.8104448742747
Maharashtra,Rahuri,Onion,4,2025,100,1325,Zaid,1225,2678.6716114019778,2826.0106382978724,1915.1666666666667,1829.9925
Maharashtra,Lasalgaon(Niphad),Onion,8,2023,800,2330,Kharif,1530,2678.6716114019778,2520.8804347826085,3044.2994875080076,3017.515397082658
Maharashtra,Shevgaon(Bodhegaon),Wheat,6,2023,2000,2200,Kharif,200,2816.3259195893925,2473.684210526316,3044.2994875080076,2308.1819620253164
Maharashtra,Lasalgaon(Niphad),Onion,5,2025,500,1380,Zaid,880,2678.6716114019778,2520.8804347826085,1915.1666666666667,1988.592672413793
Maharashtra,Amrawati(Frui & Veg. Market),Potato,1,2025,800,2800,Rabi,2000,2183.5218855218855,2546.923076923077,2626.972396486826,2202.0962441314555
Maharashtra,Pune(Manjri),Onion,6,2023,600,1100,Kharif,500,2678.6716114019778,2804.7619047619046,3044.2994875080076,2308.1819620253164
Maharashtra,Pune,Onion,3,2024,400,1800,Rabi,1400,2678.6716114019778,3186.013986013986,2626.972396486826,1861.5330739299611
Maharashtra,Vai,Tomato,6,2023,1000,2500,Kharif,1500,6168.357446808511,3070.7865168539324,3044.2994875080076,2308.1819620253164
Maharashtra,Vai,Tomato,6,2023,1500,2500,Kharif,1000,6168.357446808511,3070.7865168539324,3044.2994875080076,2308.1819620253164
Maharashtra,Chandvad,Onion,10,2023,1201,2800,Kharif,1599,2678.6716114019778,3065.671875,3044.2994875080076,3462.48231511254
Maharashtra,Pune(Pimpri),Onion,9,2024,4700,5300,Kharif,600,2678.6716114019778,2966.2162162162163,3044.2994875080076,3127.0038240917784
Maharashtra,Satara,Potato,6,2023,1200,1600,Kharif,400,2183.5218855218855,2750.0,3044.2994875080076,2308.1819620253164
Maharashtra,Bhusaval,Potato,12,2023,1400,1600,Rabi,200,2183.5218855218855,2348.8,2626.972396486826,2933.8104448742747
Maharashtra,Solapur,Rice,4,2025,3350,6850,Zaid,3500,4928.92,3247.752808988764,1915.1666666666667,1829.9925
Maharashtra,Laxmi Sopan Agriculture Produce Marketing Co Ltd,Onion,4,2025,400,1100,Zaid,700,2678.6716114019778,2508.3928571428573,1915.1666666666667,1829.9925
Maharashtra,Nagpur,Onion,3,2025,1000,2000,Rabi,1000,2678.6716114019778,2756.266666666667,2626.972396486826,1861.5330739299611
Maharashtra,Lonand,Onion,4,2024,900,1560,Zaid,660,2678.6716114019778,2603.235294117647,1915.1666666666667,1829.9925
Maharashtra,Rahata,Onion,9,2024,500,4500,Kharif,4000,2678.6716114019778,2600.863309352518,3044.2994875080076,3127.0038240917784
Maharashtra,Amrawati(Frui & Veg. Market),Onion,7,2023,1000,2500,Kharif,1500,2678.6716114019778,2546.923076923077,3044.2994875080076,3289.337912087912
Maharashtra,Pune(Manjri),Potato,3,2025,1500,2200,Rabi,700,2183.5218855218855,2804.7619047619046,2626.972396486826,1861.5330739299611
Maharashtra,Akole,Onion,8,2023,201,2400,Kharif,2199,2678.6716114019778,2706.52,3044.2994875080076,3017.515397082658
Maharashtra,Dhule,Onion,10,2023,1000,5700,Kharif,4700,2678.6716114019778,2516.8552631578946,3044.2994875080076,3462.48231511254
Maharashtra,Shrigonda,Onion,3,2025,500,2500,Rabi,2000,2678.6716114019778,2012.5,2626.972396486826,1861.5330739299611
Maharashtra,Pimpalgaon,Onion,10,2024,2000,5162,Kharif,3162,2678.6716114019778,3416.065934065934,3044.2994875080076,3462.48231511254
Maharashtra,Pune(Pimpri),Onion,9,2023,1500,2300,Kharif,800,2678.6716114019778,2966.2162162162163,3044.2994875080076,3127.0038240917784
Maharashtra,Karjat(Raigad),Rice,4,2025,4000,6000,Zaid,2000,4928.92,2770.2380952380954,1915.1666666666667,1829.9925
Maharashtra,Beed,Wheat,10,2023,2500,2900,Kharif,400,2816.3259195893925,3114.3636363636365,3044.2994875080076,3462.48231511254
Maharashtra,Nampur,Onion,3,2025,300,2450,Rabi,2150,2678.6716114019778,2499.769230769231,2626.972396486826,1861.5330739299611
Maharashtra,Nasik,Onion,12,2023,1201,2351,Rabi,1150,2678.6716114019778,2656.4253731343283,2626.972396486826,2933.8104448742747
Maharashtra,Barshi,Wheat,12,2023,3500,3500,Rabi,0,2816.3259195893925,3191.6666666666665,2626.972396486826,2933.8104448742747
Maharashtra,Hingna,Potato,10,2024,2500,2500,Kharif,0,2183.5218855218855,2675.875,3044.2994875080076,3462.48231511254
Maharashtra,Karad,Onion,1,2024,1500,2000,Rabi,500,2678.6716114019778,2862.31884057971,2626.972396486826,2202.0962441314555
Maharashtra,Dhule,Onion,2,2025,400,3000,Rabi,2600,2678.6716114019778,2516.8552631578946,2626.972396486826,2104.9403341288785
Maharashtra,Pimpalgaon,Onion,11,2024,2200,5553,Rabi,3353,2678.6716114019778,3416.065934065934,2626.972396486826,3859.0679611650485
Maharashtra,Satara,Onion,12,2024,2000,5500,Rabi,3500,2678.6716114019778,2750.0,2626.972396486826,2933.8104448742747
Maharashtra,Pune(Manjri),Onion,9,2023,1000,2000,Kharif,1000,2678.6716114019778,2804.7619047619046,3044.2994875080076,3127.0038240917784
Maharashtra,Ahmednagar,Potato,12,2023,1000,1800,Rabi,800,2183.5218855218855,2678.2608695652175,2626.972396486826,2933.8104448742747
Maharashtra,Vita,Tomato,7,2023,6000,7000,Kharif,1000,6168.357446808511,2686.9565217391305,3044.2994875080076,3289.337912087912
Maharashtra,Khed(Chakan),Potato,5,2024,1900,2600,Zaid,700,2183.5218855218855,2519.4174757281553,1915.1666666666667,1988.592672413793
Maharashtra,Amrawati(Frui & Veg. Market),Potato,3,2025,800,1600,Rabi,800,2183.5218855218855,2546.923076923077,2626.972396486826,1861.5330739299611
Maharashtra,Kalvan,Onion,11,2024,2400,6500,Rabi,4100,2678.6716114019778,2726.1132075471696,2626.972396486826,3859.0679611650485
Maharashtra,Rahata,Potato,3,2025,500,1500,Rabi,1000,2183.5218855218855,2600.863309352518,2626.972396486826,1861.5330739299611
Maharashtra,Sangamner,Onion,9,2024,1500,4500,Kharif,3000,2678.6716114019778,3329.057142857143,3044.2994875080076,3127.0038240917784
Maharashtra,Nasik,Potato,3,2024,1400,2050,Rabi,650,2183.5218855218855,2656.4253731343283,2626.972396486826,1861.5330739299611
Maharashtra,Ahmednagar,Wheat,8,2023,2400,2900,Kharif,500,2816.3259195893925,2678.2608695652175,3044.2994875080076,3017.515397082658
Maharashtra,Shrirampur,Potato,9,2023,950,1200,Kharif,250,2183.5218855218855,2334.11,3044.2994875080076,3127.0038240917784
Maharashtra,Kalvan,Onion,6,2025,400,1750,Kharif,1350,2678.6716114019778,2726.1132075471696,3044.2994875080076,2308.1819620253164
Maharashtra,Pune,Onion,11,2024,2000,6000,Rabi,4000,2678.6716114019778,3186.013986013986,2626.972396486826,3859.0679611650485
Maharashtra,Tumsar,Rice,5,2025,3950,3950,Zaid,0,4928.92,2576.0833333333335,1915.1666666666667,1988.592672413793
Maharashtra,Nagpur,Potato,10,2024,2200,2800,Kharif,600,2183.5218855218855,2756.266666666667,3044.2994875080076,3462.48231511254
Maharashtra,Solapur,Tomato,6,2023,400,2000,Kharif,1600,6168.357446808511,3247.752808988764,3044.2994875080076,2308.1819620253164
Maharashtra,Pune(Moshi),Tomato,6,2023,2000,3500,Kharif,1500,6168.357446808511,2277.6119402985073,3044.2994875080076,2308.1819620253164
Maharashtra,Tumsar,Wheat,1,2024,2300,2725,Rabi,425,2816.3259195893925,2576.0833333333335,2626.972396486826,2202.0962441314555
Maharashtra,Karjat(Raigad),Wheat,8,2023,2200,2600,Kharif,400,2816.3259195893925,2770.2380952380954,3044.2994875080076,3017.515397082658
Maharashtra,Murtizapur,Wheat,11,2023,2370,2670,Rabi,300,2816.3259195893925,2505.0,2626.972396486826,3859.0679611650485
Maharashtra,Hingna,Tomato,7,2023,7000,7700,Kharif,700,6168.357446808511,2675.875,3044.2994875080076,3289.337912087912
Maharashtra,Bhusaval,Tomato,6,2023,4500,6000,Kharif,1500,6168.357446808511,2348.8,3044.2994875080076,2308.1819620253164
Maharashtra,Devala,Onion,6,2025,150,1730,Kharif,1580,2678.6716114019778,2586.3793103448274,3044.2994875080076,2308.1819620253164
Maharashtra,Rahuri,Potato,3,2025,600,2200,Rabi,1600,2183.5218855218855,2826.0106382978724,2626.972396486826,1861.5330739299611
Maharashtra,Karad,Tomato,6,2023,2000,2500,Kharif,500,6168.357446808511,2862.31884057971,3044.2994875080076,2308.1819620253164
Maharashtra,Dhule,Onion,5,2024,350,2000,Zaid,1650,2678.6716114019778,2516.8552631578946,1915.1666666666667,1988.592672413793
Maharashtra,Khed(Chakan),Potato,1,2025,1000,2500,Rabi,1500,2183.5218855218855,2519.4174757281553,2626.972396486826,2202.0962441314555
Maharashtra,Jalgaon,Potato,5,2024,1500,2200,Zaid,700,2183.5218855218855,2410.159420289855,1915.1666666666667,1988.592672413793
Maharashtra,Nasik,Potato,2,2025,1100,1850,Rabi,750,2183.5218855218855,2656.4253731343283,2626.972396486826,2104.9403341288785
Maharashtra,Shrirampur,Tomato,7,2023,2000,7000,Kharif,5000,6168.357446808511,2334.11,3044.2994875080076,3289.337912087912
Maharashtra,Bhusaval,Onion,1,2024,700,1500,Rabi,800,2678.6716114019778,2348.8,2626.972396486826,2202.0962441314555
Maharashtra,Chandrapur(Ganjwad),Tomato,7,2023,4800,8000,Kharif,3200,6168.357446808511,2858.8607594936707,3044.2994875080076,3289.337912087912
Maharashtra,Mangal Wedha,Tomato,6,2023,400,1600,Kharif,1200,6168.357446808511,2928.322033898305,3044.2994875080076,2308.1819620253164
Maharashtra,Pune(Manjri),Potato,7,2023,1200,1600,Kharif,400,2183.5218855218855,2804.7619047619046,3044.2994875080076,3289.337912087912
Maharashtra,Rahata,Potato,2,2024,500,1900,Rabi,1400,2183.5218855218855,2600.863309352518,2626.972396486826,2104.9403341288785
Maharashtra,Manmad,Onion,6,2023,100,1255,Kharif,1155,2678.6716114019778,2515.4166666666665,3044.2994875080076,2308.1819620253164
Maharashtra,Kamthi,Potato,4,2024,1500,2500,Zaid,1000,2183.5218855218855,3486.904761904762,1915.1666666666667,1829.9925
Maharashtra,Lasalgaon,Onion,1,2024,900,1995,Rabi,1095,2678.6716114019778,2867.190476190476,2626.972396486826,2202.0962441314555
Maharashtra,Lasalgaon(Niphad),Onion,3,2025,1000,1650,Rabi,650,2678.6716114019778,2520.8804347826085,2626.972396486826,1861.5330739299611
Maharashtra,Ghoti,Tomato,6,2023,800,1000,Kharif,200,6168.357446808511,1000.0,3044.2994875080076,2308.1819620253164
Maharashtra,Nampur,Onion,10,2023,100,3600,Kharif,3500,2678.6716114019778,2499.769230769231,3044.2994875080076,3462.48231511254
Maharashtra,Nagpur,Onion,7,2023,2000,2400,Kharif,400,2678.6716114019778,2756.266666666667,3044.2994875080076,3289.337912087912
Maharashtra,Vashi New Mumbai,Potato,11,2023,900,1300,Rabi,400,2183.5218855218855,2508.130081300813,2626.972396486826,3859.0679611650485
Maharashtra,Kopargaon,Onion,11,2024,1000,4211,Rabi,3211,2678.6716114019778,2558.2608695652175,2626.972396486826,3859.0679611650485
Maharashtra,Sinner,Onion,6,2024,500,2372,Kharif,1872,2678.6716114019778,2542.6071428571427,3044.2994875080076,2308.1819620253164
Maharashtra,Karad,Onion,4,2024,500,1700,Zaid,1200,2678.6716114019778,2862.31884057971,1915.1666666666667,1829.9925
Maharashtra,Parner,Onion,2,2025,500,2500,Rabi,2000,2678.6716114019778,2909.6153846153848,2626.972396486826,2104.9403341288785
Maharashtra,Pimpalgaon Baswant(Saykheda),Onion,7,2023,300,1414,Kharif,1114,2678.6716114019778,2602.5479452054797,3044.2994875080076,3289.337912087912
Maharashtra,Pathardi,Onion,1,2024,300,1800,Rabi,1500,2678.6716114019778,2397.093023255814,2626.972396486826,2202.0962441314555
Maharashtra,Lasalgaon,Onion,12,2023,2000,3451,Rabi,1451,2678.6716114019778,2867.190476190476,2626.972396486826,2933.8104448742747
Maharashtra,Dhule,Onion,4,2025,150,1030,Zaid,880,2678.6716114019778,2516.8552631578946,1915.1666666666667,1829.9925
Maharashtra,Amrawati(Frui & Veg. Market),Onion,4,2025,700,1300,Zaid,600,2678.6716114019778,2546.923076923077,1915.1666666666667,1829.9925
Maharashtra,Dindori(Vani),Onion,10,2024,3000,4500,Kharif,1500,2678.6716114019778,2426.6388888888887,3044.2994875080076,3462.48231511254
Maharashtra,Pune(Moshi),Onion,5,2025,400,1600,Zaid,1200,2678.6716114019778,2277.6119402985073,1915.1666666666667,1988.592672413793
Maharashtra,Kalyan,Onion,11,2024,3300,3800,Rabi,500,2678.6716114019778,2589.4736842105262,2626.972396486826,3859.0679611650485
Maharashtra,Karad,Onion,2,2025,2000,2800,Rabi,800,2678.6716114019778,2862.31884057971,2626.972396486826,2104.9403341288785
Maharashtra,Hingna,Potato,1,2025,2500,2500,Rabi,0,2183.5218855218855,2675.875,2626.972396486826,2202.0962441314555
Maharashtra,Rahuri,Onion,9,2024,500,4200,Kharif,3700,2678.6716114019778,2826.0106382978724,3044.2994875080076,3127.0038240917784
Maharashtra,Junnar,Potato,12,2023,1000,1800,Rabi,800,2183.5218855218855,2172.0833333333335,2626.972396486826,2933.8104448742747
Maharashtra,Khed(Chakan),Potato,7,2024,2500,3000,Kharif,500,2183.5218855218855,2519.4174757281553,3044.2994875080076,3289.337912087912
Maharashtra,Vashi New Mumbai,Potato,10,2024,2200,3200,Kharif,1000,2183.5218855218855,2508.130081300813,3044.2994875080076,3462.48231511254
Maharashtra,Lasalgaon(Vinchur),Onion,10,2024,2000,4400,Kharif,2400,2678.6716114019778,2574.311320754717,3044.2994875080076,3462.48231511254
Maharashtra,Rahata,Potato,1,2025,1000,2200,Rabi,1200,2183.5218855218855,2600.863309352518,2626.972396486826,2202.0962441314555
Maharashtra,Manchar,Onion,2,2024,1200,2000,Rabi,800,2678.6716114019778,2335.757575757576,2626.972396486826,2104.9403341288785
Maharashtra,Khed(Chakan),Potato,3,2024,1800,2200,Rabi,400,2183.5218855218855,2519.4174757281553,2626.972396486826,1861.5330739299611
Maharashtra,Dindori(Vani),Onion,3,2024,1200,1600,Rabi,400,2678.6716114019778,2426.6388888888887,2626.972396486826,1861.5330739299611
Maharashtra,Kamthi,Potato,2,2025,1500,2500,Rabi,1000,2183.5218855218855,3486.904761904762,2626.972396486826,2104.9403341288785
Maharashtra,Jalgaon,Potato,8,2024,1600,2900,Kharif,1300,2183.5218855218855,2410.159420289855,3044.2994875080076,3017.515397082658
Maharashtra,Shivsiddha Govind Producer Company Limited Sanchal,Onion,4,2025,900,1500,Zaid,600,2678.6716114019778,3288.75,1915.1666666666667,1829.9925
Maharashtra,Vai,Potato,10,2024,2900,3200,Kharif,300,2183.5218855218855,3070.7865168539324,3044.2994875080076,3462.48231511254
Maharashtra,Devala,Onion,11,2023,1500,4000,Rabi,2500,2678.6716114019778,2586.3793103448274,2626.972396486826,3859.0679611650485
Maharashtra,Junnar(Narayangaon),Onion,5,2025,400,1250,Zaid,850,2678.6716114019778,2861.8518518518517,1915.1666666666667,1988.592672413793
Maharashtra,Baramati,Onion,8,2023,900,2680,Kharif,1780,2678.6716114019778,2769.054054054054,3044.2994875080076,3017.515397082658
Maharashtra,Hingna,Potato,10,2024,2000,2400,Kharif,400,2183.5218855218855,2675.875,3044.2994875080076,3462.48231511254
Maharashtra,Junnar(Narayangaon),Onion,6,2023,300,1200,Kharif,900,2678.6716114019778,2861.8518518518517,3044.2994875080076,2308.1819620253164
Maharashtra,Rahata,Potato,6,2024,2500,2700,Kharif,200,2183.5218855218855,2600.863309352518,3044.2994875080076,2308.1819620253164
Maharashtra,Lasalgaon(Niphad),Onion,9,2024,2400,4510,Kharif,2110,2678.6716114019778,2520.8804347826085,3044.2994875080076,3127.0038240917784
Maharashtra,Kalyan,Potato,9,2024,2300,2600,Kharif,300,2183.5218855218855,2589.4736842105262,3044.2994875080076,3127.0038240917784
Maharashtra,Jamkhed,Wheat,6,2023,2000,2200,Kharif,200,2816.3259195893925,2610.4651162790697,3044.2994875080076,2308.1819620253164
Maharashtra,Manmad,Onion,3,2024,700,1486,Rabi,786,2678.6716114019778,2515.4166666666665,2626.972396486826,1861.5330739299611
Maharashtra,Chalisgaon,Wheat,7,2023,2000,2151,Kharif,151,2816.3259195893925,2719.05,3044.2994875080076,3289.337912087912
Maharashtra,Khed(Chakan),Potato,2,2024,1200,1600,Rabi,400,2183.5218855218855,2519.4174757281553,2626.972396486826,2104.9403341288785
Maharashtra,Vai,Onion,11,2024,3000,7500,Rabi,4500,2678.6716114019778,3070.7865168539324,2626.972396486826,3859.0679611650485
Maharashtra,Pune,Onion,2,2025,1600,3200,Rabi,1600,2678.6716114019778,3186.013986013986,2626.972396486826,2104.9403341288785
Maharashtra,Bhusaval,Onion,3,2024,1000,1500,Rabi,500,2678.6716114019778,2348.8,2626.972396486826,1861.5330739299611
Maharashtra,Sinner,Wheat,7,2023,2285,2550,Kharif,265,2816.3259195893925,2542.6071428571427,3044.2994875080076,3289.337912087912
Maharashtra,Manmad,Onion,8,2023,500,2701,Kharif,2201,2678.6716114019778,2515.4166666666665,3044.2994875080076,3017.515397082658
Maharashtra,Rahuri(Vambori),Wheat,12,2023,2375,2552,Rabi,177,2816.3259195893925,2812.3478260869565,2626.972396486826,2933.8104448742747
Maharashtra,Chandrapur(Ganjwad),Onion,4,2025,1000,1500,Zaid,500,2678.6716114019778,2858.8607594936707,1915.1666666666667,1829.9925
Maharashtra,Solapur,Potato,6,2023,650,7200,Kharif,6550,2183.5218855218855,3247.752808988764,3044.2994875080076,2308.1819620253164
Maharashtra,Pune(Pimpri),Onion,5,2024,800,1800,Zaid,1000,2678.6716114019778,2966.2162162162163,1915.1666666666667,1988.592672413793
Maharashtra,Akola,Wheat,7,2023,2000,2500,Kharif,500,2816.3259195893925,2421.8840579710145,3044.2994875080076,3289.337912087912
Maharashtra,Kurdwadi(Modnimb),Onion,10,2024,100,2200,Kharif,2100,2678.6716114019778,2242.88,3044.2994875080076,3462.48231511254
Maharashtra,Katol,Wheat,9,2023,2533,2576,Kharif,43,2816.3259195893925,2448.962962962963,3044.2994875080076,3127.0038240917784
Maharashtra,Jalgaon,Potato,9,2023,900,1400,Kharif,500,2183.5218855218855,2410.159420289855,3044.2994875080076,3127.0038240917784
Maharashtra,Chandrapur(Ganjwad),Onion,10,2024,2000,5000,Kharif,3000,2678.6716114019778,2858.8607594936707,3044.2994875080076,3462.48231511254
Maharashtra,Pune(Moshi),Onion,3,2024,800,1200,Rabi,400,2678.6716114019778,2277.6119402985073,2626.972396486826,1861.5330739299611
Maharashtra,Rahuri,Onion,8,2024,500,3400,Kharif,2900,2678.6716114019778,2826.0106382978724,3044.2994875080076,3017.515397082658
Maharashtra,Pune(Moshi),Tomato,7,2023,5000,9000,Kharif,4000,6168.357446808511,2277.6119402985073,3044.2994875080076,3289.337912087912
Maharashtra,Malegaon,Wheat,10,2023,2500,2828,Kharif,328,2816.3259195893925,2828.2608695652175,3044.2994875080076,3462.48231511254
Maharashtra,Pune(Khadiki),Onion,8,2023,1000,1500,Kharif,500,2678.6716114019778,2011.926605504587,3044.2994875080076,3017.515397082658
Maharashtra,Dharangaon,Wheat,2,2024,2175,2481,Rabi,306,2816.3259195893925,2620.0,2626.972396486826,2104.9403341288785
Maharashtra,Gangakhed,Wheat,8,2023,2200,2700,Kharif,500,2816.3259195893925,2716.6666666666665,3044.2994875080076,3017.515397082658
Maharashtra,Rahata,Wheat,10,2023,2480,2637,Kharif,157,2816.3259195893925,2600.863309352518,3044.2994875080076,3462.48231511254
Maharashtra,Pimpalgaon,Onion,3,2024,400,1731,Rabi,1331,2678.6716114019778,3416.065934065934,2626.972396486826,1861.5330739299611
Maharashtra,Lonand,Onion,7,2023,400,1700,Kharif,1300,2678.6716114019778,2603.235294117647,3044.2994875080076,3289.337912087912
Maharashtra,Bhusaval,Potato,3,2024,1400,1800,Rabi,400,2183.5218855218855,2348.8,2626.972396486826,1861.5330739299611
Maharashtra,Pimpalgaon Baswant(Saykheda),Onion,7,2023,350,1350,Kharif,1000,2678.6716114019778,2602.5479452054797,3044.2994875080076,3289.337912087912
Maharashtra,Shevgaon,Onion,4,2024,1200,1500,Zaid,300,2678.6716114019778,2106.75,1915.1666666666667,1829.9925
Maharashtra,Junnar(Alephata),Onion,8,2024,2000,4500,Kharif,2500,2678.6716114019778,3320.3846153846152,3044.2994875080076,3017.515397082658
Maharashtra,Kamthi,Potato,4,2024,2000,3000,Zaid,1000,2183.5218855218855,3486.904761904762,1915.1666666666667,1829.9925
Maharashtra,Amrawati(Frui & Veg. Market),Potato,3,2024,500,1500,Rabi,1000,2183.5218855218855,2546.923076923077,2626.972396486826,1861.5330739299611
Maharashtra,Chandur Bazar,Wheat,10,2023,2100,2320,Kharif,220,2816.3259195893925,2503.3333333333335,3044.2994875080076,3462.48231511254
Maharashtra,Lasalgaon(Vinchur),Onion,3,2025,1006,2391,Rabi,1385,2678.6716114019778,2574.311320754717,2626.972396486826,1861.5330739299611
Maharashtra,Satara,Onion,3,2025,1000,2600,Rabi,1600,2678.6716114019778,2750.0,2626.972396486826,1861.5330739299611
Maharashtra,Kalvan,Wheat,10,2023,2200,2200,Kharif,0,2816.3259195893925,2726.1132075471696,3044.2994875080076,3462.48231511254
Maharashtra,Kalyan,Onion,7,2024,2800,3000,Kharif,200,2678.6716114019778,2589.4736842105262,3044.2994875080076,3289.337912087912
Maharashtra,Hingna,Onion,4,2024,1600,2000,Zaid,400,2678.6716114019778,2675.875,1915.1666666666667,1829.9925
Maharashtra,Lasalgaon(Vinchur),Onion,11,2024,2000,4541,Rabi,2541,2678.6716114019778,2574.311320754717,2626.972396486826,3859.0679611650485
Maharashtra,Shevgaon,Wheat,12,2023,2800,3000,Rabi,200,2816.3259195893925,2106.75,2626.972396486826,2933.8104448742747
Maharashtra,Amrawati(Frui & Veg. Market),Potato,6,2025,1000,1800,Kharif,800,2183.5218855218855,2546.923076923077,3044.2994875080076,2308.1819620253164
Maharashtra,Sangli,Wheat,8,2023,2900,4000,Kharif,1100,2816.3259195893925,4790.625,3044.2994875080076,3017.515397082658
Maharashtra,Shevgaon(Bodhegaon),Wheat,1,2024,2500,2600,Rabi,100,2816.3259195893925,2473.684210526316,2626.972396486826,2202.0962441314555
Maharashtra,Satara,Potato,7,2024,2800,3200,Kharif,400,2183.5218855218855,2750.0,3044.2994875080076,3289.337912087912
Maharashtra,Dindori(Vani),Onion,1,2024,1291,1942,Rabi,651,2678.6716114019778,2426.6388888888887,2626.972396486826,2202.0962441314555
Maharashtra,Rahuri,Wheat,6,2023,2075,2200,Kharif,125,2816.3259195893925,2826.0106382978724,3044.2994875080076,2308.1819620253164
Maharashtra,Pune(Moshi),Onion,6,2023,500,1000,Kharif,500,2678.6716114019778,2277.6119402985073,3044.2994875080076,2308.1819620253164
Maharashtra,Nagpur,Wheat,2,2024,2570,2882,Rabi,312,2816.3259195893925,2756.266666666667,2626.972396486826,2104.9403341288785
Maharashtra,Pune(Moshi),Onion,9,2024,2000,4000,Kharif,2000,2678.6716114019778,2277.6119402985073,3044.2994875080076,3127.0038240917784
Maharashtra,Bhandara,Wheat,6,2023,2000,2100,Kharif,100,2816.3259195893925,3256.25,3044.2994875080076,2308.1819620253164
Maharashtra,Pune,Tomato,7,2023,3000,9000,Kharif,6000,6168.357446808511,3186.013986013986,3044.2994875080076,3289.337912087912
Maharashtra,Chandrapur(Ganjwad),Onion,7,2024,2800,3500,Kharif,700,2678.6716114019778,2858.8607594936707,3044.2994875080076,3289.337912087912
Maharashtra,Palghar,Rice,4,2025,4274,4274,Zaid,0,4928.92,3742.5384615384614,1915.1666666666667,1829.9925
Maharashtra,Rahuri(Vambori),Onion,3,2025,300,2600,Rabi,2300,2678.6716114019778,2812.3478260869565,2626.972396486826,1861.5330739299611
Maharashtra,Satara,Onion,11,2023,2000,4000,Rabi,2000,2678.6716114019778,2750.0,2626.972396486826,3859.0679611650485
Maharashtra,Parola,Wheat,9,2023,2166,2426,Kharif,260,2816.3259195893925,2530.3333333333335,3044.2994875080076,3127.0038240917784
Maharashtra,Solapur,Potato,5,2025,1350,1500,Zaid,150,2183.5218855218855,3247.752808988764,1915.1666666666667,1988.592672413793
Maharashtra,Lasalgaon(Vinchur),Onion,9,2024,2000,4751,Kharif,2751,2678.6716114019778,2574.311320754717,3044.2994875080076,3127.0038240917784
Maharashtra,Pune(Pimpri),Tomato,6,2023,1400,1600,Kharif,200,6168.357446808511,2966.2162162162163,3044.2994875080076,2308.1819620253164
Maharashtra,Pune(Moshi),Potato,10,2024,1500,2500,Kharif,1000,2183.5218855218855,2277.6119402985073,3044.2994875080076,3462.48231511254
Maharashtra,Chandrapur(Ganjwad),Onion,8,2023,2000,3500,Kharif,1500,2678.6716114019778,2858.8607594936707,3044.2994875080076,3017.515397082658
Maharashtra,Shree Sairaj Krushi Market,Onion,7,2023,300,1700,Kharif,1400,2678.6716114019778,3469.375,3044.2994875080076,3289.337912087912
Maharashtra,Pen,Potato,9,2023,2600,2800,Kharif,200,2183.5218855218855,2790.909090909091,3044.2994875080076,3127.0038240917784
Maharashtra,Manmad,Onion,12,2023,200,2601,Rabi,2401,2678.6716114019778,2515.4166666666665,2626.972396486826,2933.8104448742747
Maharashtra,Khed(Chakan),Potato,7,2023,1300,2000,Kharif,700,2183.5218855218855,2519.4174757281553,3044.2994875080076,3289.337912087912
Maharashtra,Kamthi,Onion,7,2024,3500,4500,Kharif,1000,2678.6716114019778,3486.904761904762,3044.2994875080076,3289.337912087912
Maharashtra,Nagpur,Onion,8,2023,2000,2400,Kharif,400,2678.6716114019778,2756.266666666667,3044.2994875080076,3017.515397082658
Maharashtra,Ahmednagar,Onion,3,2024,100,1700,Rabi,1600,2678.6716114019778,2678.2608695652175,2626.972396486826,1861.5330739299611
Maharashtra,Pimpalgaon,Tomato,6,2023,550,2475,Kharif,1925,6168.357446808511,3416.065934065934,3044.2994875080076,2308.1819620253164
Maharashtra,Kamthi,Onion,12,2023,3500,4500,Rabi,1000,2678.6716114019778,3486.904761904762,2626.972396486826,2933.8104448742747
Maharashtra,Lasalgaon(Vinchur),Onion,11,2024,2000,5052,Rabi,3052,2678.6716114019778,2574.311320754717,2626.972396486826,3859.0679611650485
Maharashtra,Hinganghat,Wheat,1,2024,2300,2520,Rabi,220,2816.3259195893925,2467.7272727272725,2626.972396486826,2202.0962441314555
Maharashtra,Mangal Wedha,Wheat,12,2023,2710,3320,Rabi,610,2816.3259195893925,2928.322033898305,2626.972396486826,2933.8104448742747
Maharashtra,Sinner,Onion,7,2023,200,1357,Kharif,1157,2678.6716114019778,2542.6071428571427,3044.2994875080076,3289.337912087912
Maharashtra,Satana,Onion,1,2024,500,2300,Rabi,1800,2678.6716114019778,2894.45,2626.972396486826,2202.0962441314555
Maharashtra,Mumbai,Wheat,6,2023,2800,6000,Kharif,3200,2816.3259195893925,6127.272727272727,3044.2994875080076,2308.1819620253164
Maharashtra,Karjat,Onion,2,2025,1500,3200,Rabi,1700,2678.6716114019778,2275.0,2626.972396486826,2104.9403341288785
Maharashtra,Pune,Onion,3,2024,600,1800,Rabi,1200,2678.6716114019778,3186.013986013986,2626.972396486826,1861.5330739299611
Maharashtra,Khed(Chakan),Onion,9,2024,3000,4500,Kharif,1500,2678.6716114019778,2519.4174757281553,3044.2994875080076,3127.0038240917784
Maharashtra,Dindori,Onion,5,2025,780,1901,Zaid,1121,2678.6716114019778,1774.4666666666667,1915.1666666666667,1988.592672413793
Maharashtra,Karad,Onion,5,2025,500,1600,Zaid,1100,2678.6716114019778,2862.31884057971,1915.1666666666667,1988.592672413793
Maharashtra,Junnar(Narayangaon),Onion,4,2025,200,1400,Zaid,1200,2678.6716114019778,2861.8518518518517,1915.1666666666667,1829.9925
Maharashtra,Nandgaon,Wheat,7,2023,2200,2710,Kharif,510,2816.3259195893925,2752.116666666667,3044.2994875080076,3289.337912087912
Maharashtra,Umared,Wheat,9,2023,2100,3000,Kharif,900,2816.3259195893925,2960.0,3044.2994875080076,3127.0038240917784
Maharashtra,Ahmednagar,Onion,2,2024,100,1600,Rabi,1500,2678.6716114019778,2678.2608695652175,2626.972396486826,2104.9403341288785
Maharashtra,Rahuri(Vambori),Onion,8,2023,100,1900,Kharif,1800,2678.6716114019778,2812.3478260869565,3044.2994875080076,3017.515397082658
Maharashtra,Solapur,Potato,10,2023,950,1600,Kharif,650,2183.5218855218855,3247.752808988764,3044.2994875080076,3462.48231511254
Maharashtra,Pune(Moshi),Potato,1,2024,500,1000,Rabi,500,2183.5218855218855,2277.6119402985073,2626.972396486826,2202.0962441314555
Maharashtra,Kamthi,Tomato,6,2023,1400,1800,Kharif,400,6168.357446808511,3486.904761904762,3044.2994875080076,2308.1819620253164
Maharashtra,Umrane,Onion,1,2024,751,1961,Rabi,1210,2678.6716114019778,2608.282608695652,2626.972396486826,2202.0962441314555
Maharashtra,Pimpalgaon,Onion,3,2025,400,1655,Rabi,1255,2678.6716114019778,3416.065934065934,2626.972396486826,1861.5330739299611
Maharashtra,Pune,Potato,4,2024,1800,2500,Zaid,700,2183.5218855218855,3186.013986013986,1915.1666666666667,1829.9925
Maharashtra,Nasik,Onion,9,2024,3300,4800,Kharif,1500,2678.6716114019778,2656.4253731343283,3044.2994875080076,3127.0038240917784
Maharashtra,Pune(Manjri),Onion,12,2023,3300,3800,Rabi,500,2678.6716114019778,2804.7619047619046,2626.972396486826,2933.8104448742747
Maharashtra,Shrirampur,Onion,8,2024,1400,2730,Kharif,1330,2678.6716114019778,2334.11,3044.2994875080076,3017.515397082658
Maharashtra,Pune(Pimpri),Onion,9,2024,4000,5000,Kharif,1000,2678.6716114019778,2966.2162162162163,3044.2994875080076,3127.0038240917784
Maharashtra,Vai,Potato,12,2024,3000,4200,Rabi,1200,2183.5218855218855,3070.7865168539324,2626.972396486826,2933.8104448742747
Maharashtra,Nampur,Onion,7,2023,100,1770,Kharif,1670,2678.6716114019778,2499.769230769231,3044.2994875080076,3289.337912087912
Maharashtra,Kopargaon,Onion,5,2024,500,1741,Zaid,1241,2678.6716114019778,2558.2608695652175,1915.1666666666667,1988.592672413793
Maharashtra,Palghar,Rice,5,2025,4700,4700,Zaid,0,4928.92,3742.5384615384614,1915.1666666666667,1988.592672413793
Maharashtra,Chandvad,Onion,10,2024,1152,4375,Kharif,3223,2678.6716114019778,3065.671875,3044.2994875080076,3462.48231511254
Maharashtra,Chandrapur(Ganjwad),Potato,4,2025,2000,2200,Zaid,200,2183.5218855218855,2858.8607594936707,1915.1666666666667,1829.9925
Maharashtra,Nandgaon,Onion,3,2024,200,1603,Rabi,1403,2678.6716114019778,2752.116666666667,2626.972396486826,1861.5330739299611
Maharashtra,Pune,Potato,1,2025,1500,2300,Rabi,800,2183.5218855218855,3186.013986013986,2626.972396486826,2202.0962441314555
Maharashtra,Rahuri,Wheat,6,2023,2000,2300,Kharif,300,2816.3259195893925,2826.0106382978724,3044.2994875080076,2308.1819620253164
Maharashtra,Pune(Pimpri),Onion,10,2023,3500,6000,Kharif,2500,2678.6716114019778,2966.2162162162163,3044.2994875080076,3462.48231511254
Maharashtra,Ahmednagar,Onion,5,2024,150,1700,Zaid,1550,2678.6716114019778,2678.2608695652175,1915.1666666666667,1988.592672413793
Maharashtra,Pimpalgaon,Tomato,6,2023,250,2150,Kharif,1900,6168.357446808511,3416.065934065934,3044.2994875080076,2308.1819620253164
Maharashtra,Kada,Wheat,6,2023,2000,2500,Kharif,500,2816.3259195893925,2177.2727272727275,3044.2994875080076,2308.1819620253164
Maharashtra,Yeola,Onion,11,2024,1700,6100,Rabi,4400,2678.6716114019778,2692.5254237288136,2626.972396486826,3859.0679611650485
Maharashtra,Pune,Potato,11,2023,1000,2200,Rabi,1200,2183.5218855218855,3186.013986013986,2626.972396486826,3859.0679611650485
Maharashtra,Manchar,Potato,3,2024,1000,1700,Rabi,700,2183.5218855218855,2335.757575757576,2626.972396486826,1861.5330739299611
Maharashtra,Rahuri,Wheat,10,2023,2400,2600,Kharif,200,2816.3259195893925,2826.0106382978724,3044.2994875080076,3462.48231511254
Maharashtra,Pimpalgaon Baswant(Saykheda),Onion,2,2024,500,1360,Rabi,860,2678.6716114019778,2602.5479452054797,2626.972396486826,2104.9403341288785
Maharashtra,Akluj,Potato,7,2023,1400,1600,Kharif,200,2183.5218855218855,2208.2716049382716,3044.2994875080076,3289.337912087912
Maharashtra,Chandrapur(Ganjwad),Potato,1,2024,1500,1800,Rabi,300,2183.5218855218855,2858.8607594936707,2626.972396486826,2202.0962441314555
Maharashtra,Jalgaon,Tomato,10,2023,400,700,Kharif,300,6168.357446808511,2410.159420289855,3044.2994875080076,3462.48231511254
Maharashtra,Ahmednagar,Potato,9,2023,1000,2300,Kharif,1300,2183.5218855218855,2678.2608695652175,3044.2994875080076,3127.0038240917784
Maharashtra,Lasalgaon,Onion,12,2023,2500,4141,Rabi,1641,2678.6716114019778,2867.190476190476,2626.972396486826,2933.8104448742747
Maharashtra,Kalvan,Onion,11,2024,3000,6605,Rabi,3605,2678.6716114019778,2726.1132075471696,2626.972396486826,3859.0679611650485
Maharashtra,Lasalgaon,Onion,10,2023,2201,5001,Kharif,2800,2678.6716114019778,2867.190476190476,3044.2994875080076,3462.48231511254
Maharashtra,Sinner,Onion,7,2023,100,1466,Kharif,1366,2678.6716114019778,2542.6071428571427,3044.2994875080076,3289.337912087912
Maharashtra,Raver,Wheat,11,2023,2640,2820,Rabi,180,2816.3259195893925,2602.769230769231,2626.972396486826,3859.0679611650485
Maharashtra,Vashi New Mumbai,Potato,9,2023,900,1500,Kharif,600,2183.5218855218855,2508.130081300813,3044.2994875080076,3127.0038240917784
Maharashtra,Vai,Potato,4,2025,1600,2500,Zaid,900,2183.5218855218855,3070.7865168539324,1915.1666666666667,1829.9925
Maharashtra,Pimpalgaon Baswant(Saykheda),Onion,4,2025,800,1400,Zaid,600,2678.6716114019778,2602.5479452054797,1915.1666666666667,1829.9925
Maharashtra,Hingna,Onion,5,2024,1200,1500,Zaid,300,2678.6716114019778,2675.875,1915.1666666666667,1988.592672413793
Maharashtra,Pune,Onion,7,2024,1200,3000,Kharif,1800,2678.6716114019778,3186.013986013986,3044.2994875080076,3289.337912087912
Maharashtra,Kamthi,Onion,5,2025,1100,1500,Zaid,400,2678.6716114019778,3486.904761904762,1915.1666666666667,1988.592672413793
Maharashtra,Akluj,Potato,5,2025,1900,2100,Zaid,200,2183.5218855218855,2208.2716049382716,1915.1666666666667,1988.592672413793
Maharashtra,Shrirampur,Onion,6,2024,900,2160,Kharif,1260,2678.6716114019778,2334.11,3044.2994875080076,2308.1819620253164
Maharashtra,Pune(Manjri),Potato,2,2025,1600,2800,Rabi,1200,2183.5218855218855,2804.7619047619046,2626.972396486826,2104.9403341288785
Maharashtra,Shirpur,Onion,9,2023,400,2050,Kharif,1650,2678.6716114019778,2791.733333333333,3044.2994875080076,3127.0038240917784
Maharashtra,Kamthi,Onion,11,2023,3000,4000,Rabi,1000,2678.6716114019778,3486.904761904762,2626.972396486826,3859.0679611650485
Maharashtra,Umrane,Onion,6,2023,355,1200,Kharif,845,2678.6716114019778,2608.282608695652,3044.2994875080076,2308.1819620253164
Maharashtra,Rahuri,Onion,10,2024,500,5200,Kharif,4700,2678.6716114019778,2826.0106382978724,3044.2994875080076,3462.48231511254
Maharashtra,"Sangli(Phale, Bhajipura Market)",Onion,2,2024,500,2200,Rabi,1700,2678.6716114019778,2561.711711711712,2626.972396486826,2104.9403341288785
Maharashtra,Vita,Onion,4,2025,1000,1400,Zaid,400,2678.6716114019778,2686.9565217391305,1915.1666666666667,1829.9925
Maharashtra,Akluj,Onion,4,2024,300,1500,Zaid,1200,2678.6716114019778,2208.2716049382716,1915.1666666666667,1829.9925
Maharashtra,Nandgaon,Onion,6,2024,400,2500,Kharif,2100,2678.6716114019778,2752.116666666667,3044.2994875080076,2308.1819620253164
Maharashtra,Rahuri(Vambori),Onion,3,2025,200,1700,Rabi,1500,2678.6716114019778,2812.3478260869565,2626.972396486826,1861.5330739299611
Maharashtra,Lasalgaon(Vinchur),Onion,12,2023,750,1715,Rabi,965,2678.6716114019778,2574.311320754717,2626.972396486826,2933.8104448742747
Maharashtra,Rahuri(Vambori),Onion,9,2023,200,2500,Kharif,2300,2678.6716114019778,2812.3478260869565,3044.2994875080076,3127.0038240917784
Maharashtra,Khed(Chakan),Potato,6,2023,1100,1800,Kharif,700,2183.5218855218855,2519.4174757281553,3044.2994875080076,2308.1819620253164
Maharashtra,Pune(Manjri),Potato,3,2024,1500,2000,Rabi,500,2183.5218855218855,2804.7619047619046,2626.972396486826,1861.5330739299611
Maharashtra,Hingoli,Wheat,8,2023,1980,3000,Kharif,1020,2816.3259195893925,3146.6153846153848,3044.2994875080076,3017.515397082658
Maharashtra,Solapur,Wheat,8,2023,2295,3550,Kharif,1255,2816.3259195893925,3247.752808988764,3044.2994875080076,3017.515397082658
Maharashtra,Kopargaon,Onion,4,2025,700,1400,Zaid,700,2678.6716114019778,2558.2608695652175,1915.1666666666667,1829.9925
Maharashtra,Chandrapur(Ganjwad),Onion,9,2024,3750,5000,Kharif,1250,2678.6716114019778,2858.8607594936707,3044.2994875080076,3127.0038240917784
Maharashtra,Pimpalgaon Baswant(Saykheda),Onion,1,2024,600,2000,Rabi,1400,2678.6716114019778,2602.5479452054797,2626.972396486826,2202.0962441314555
Maharashtra,Pune,Onion,6,2023,500,1400,Kharif,900,2678.6716114019778,3186.013986013986,3044.2994875080076,2308.1819620253164
Maharashtra,Pune(Moshi),Onion,2,2024,500,1000,Rabi,500,2678.6716114019778,2277.6119402985073,2626.972396486826,2104.9403341288785
Maharashtra,Parner,Onion,10,2023,300,2800,Kharif,2500,2678.6716114019778,2909.6153846153848,3044.2994875080076,3462.48231511254
Maharashtra,Pune,Potato,9,2023,1200,2000,Kharif,800,2183.5218855218855,3186.013986013986,3044.2994875080076,3127.0038240917784
Maharashtra,Akola,Wheat,11,2023,2055,2955,Rabi,900,2816.3259195893925,2421.8840579710145,2626.972396486826,3859.0679611650485
Maharashtra,Pachora,Wheat,11,2023,2400,2500,Rabi,100,2816.3259195893925,2541.85,2626.972396486826,3859.0679611650485
Maharashtra,Raver,Wheat,11,2023,2290,2870,Rabi,580,2816.3259195893925,2602.769230769231,2626.972396486826,3859.0679611650485
Maharashtra,Hingna,Onion,3,2025,2200,3000,Rabi,800,2678.6716114019778,2675.875,2626.972396486826,1861.5330739299611
Maharashtra,Baramati,Onion,8,2023,250,1500,Kharif,1250,2678.6716114019778,2769.054054054054,3044.2994875080076,3017.515397082658
Maharashtra,Parner,Onion,6,2024,500,2700,Kharif,2200,2678.6716114019778,2909.6153846153848,3044.2994875080076,2308.1819620253164
Maharashtra,Junnar(Narayangaon),Onion,4,2025,200,1510,Zaid,1310,2678.6716114019778,2861.8518518518517,1915.1666666666667,1829.9925
Maharashtra,Karjat(Raigad),Onion,9,2023,300,2000,Kharif,1700,2678.6716114019778,2770.2380952380954,3044.2994875080076,3127.0038240917784
Maharashtra,Murud,Rice,6,2025,2500,2700,Kharif,200,4928.92,2700.0,3044.2994875080076,2308.1819620253164
Maharashtra,Pen,Potato,5,2024,2400,2600,Zaid,200,2183.5218855218855,2790.909090909091,1915.1666666666667,1988.592672413793
Maharashtra,Bhusaval,Potato,7,2024,2000,2500,Kharif,500,2183.5218855218855,2348.8,3044.2994875080076,3289.337912087912
Maharashtra,Vashi New Mumbai,Potato,10,2024,2000,3300,Kharif,1300,2183.5218855218855,2508.130081300813,3044.2994875080076,3462.48231511254
Maharashtra,Newasa(Ghodegaon),Onion,12,2024,1000,4800,Rabi,3800,2678.6716114019778,2765.151515151515,2626.972396486826,2933.8104448742747
Maharashtra,Vai,Potato,3,2024,1500,2200,Rabi,700,2183.5218855218855,3070.7865168539324,2626.972396486826,1861.5330739299611
Maharashtra,Hinganghat,Wheat,6,2023,2220,2300,Kharif,80,2816.3259195893925,2467.7272727272725,3044.2994875080076,2308.1819620253164
Maharashtra,Lasalgaon(Vinchur),Onion,12,2023,2000,4040,Rabi,2040,2678.6716114019778,2574.311320754717,2626.972396486826,2933.8104448742747
Maharashtra,Rahata,Onion,7,2024,500,3100,Kharif,2600,2678.6716114019778,2600.863309352518,3044.2994875080076,3289.337912087912
Maharashtra,Kalvan,Onion,3,2025,700,1775,Rabi,1075,2678.6716114019778,2726.1132075471696,2626.972396486826,1861.5330739299611
Maharashtra,Akola,Wheat,10,2023,2125,2575,Kharif,450,2816.3259195893925,2421.8840579710145,3044.2994875080076,3462.48231511254
Maharashtra,Pune(Moshi),Onion,5,2024,500,2000,Zaid,1500,2678.6716114019778,2277.6119402985073,1915.1666666666667,1988.592672413793
Maharashtra,Nagpur,Potato,8,2024,2200,2800,Kharif,600,2183.5218855218855,2756.266666666667,3044.2994875080076,3017.515397082658
Maharashtra,Junnar(Narayangaon),Onion,8,2023,500,2300,Kharif,1800,2678.6716114019778,2861.8518518518517,3044.2994875080076,3017.515397082658
Maharashtra,Ramtek,Potato,12,2023,1400,1600,Rabi,200,2183.5218855218855,3246.0169491525426,2626.972396486826,2933.8104448742747
Maharashtra,Chandrapur(Ganjwad),Onion,8,2023,1200,3000,Kharif,1800,2678.6716114019778,2858.8607594936707,3044.2994875080076,3017.515397082658
Maharashtra,Kalvan,Onion,4,2025,450,1700,Zaid,1250,2678.6716114019778,2726.1132075471696,1915.1666666666667,1829.9925
Maharashtra,Pune(Manjri),Onion,11,2023,3300,4400,Rabi,1100,2678.6716114019778,2804.7619047619046,2626.972396486826,3859.0679611650485
Maharashtra,Pune(Khadiki),Onion,6,2025,700,1400,Kharif,700,2678.6716114019778,2011.926605504587,3044.2994875080076,2308.1819620253164
Maharashtra,Jalgaon,Potato,1,2025,1400,1800,Rabi,400,2183.5218855218855,2410.159420289855,2626.972396486826,2202.0962441314555
Maharashtra,Selu,Wheat,11,2023,2570,2570,Rabi,0,2816.3259195893925,2517.5,2626.972396486826,3859.0679611650485
Maharashtra,Vita,Potato,7,2024,2800,3200,Kharif,400,2183.5218855218855,2686.9565217391305,3044.2994875080076,3289.337912087912
Maharashtra,Nasik,Onion,10,2024,1000,3900,Kharif,2900,2678.6716114019778,2656.4253731343283,3044.2994875080076,3462.48231511254
Maharashtra,Nagpur,Potato,12,2024,2000,2600,Rabi,600,2183.5218855218855,2756.266666666667,2626.972396486826,2933.8104448742747
Maharashtra,Nagpur,Potato,10,2023,1200,1400,Kharif,200,2183.5218855218855,2756.266666666667,3044.2994875080076,3462.48231511254
Maharashtra,Akola,Onion,2,2025,1500,3200,Rabi,1700,2678.6716114019778,2421.8840579710145,2626.972396486826,2104.9403341288785
Maharashtra,Nagpur,Onion,10,2023,3800,4800,Kharif,1000,2678.6716114019778,2756.266666666667,3044.2994875080076,3462.48231511254
Maharashtra,Laxmi Sopan Agriculture Produce Marketing Co Ltd,Onion,9,2024,600,4200,Kharif,3600,2678.6716114019778,2508.3928571428573,3044.2994875080076,3127.0038240917784
Maharashtra,Vadgaonpeth,Onion,1,2024,1000,1500,Rabi,500,2678.6716114019778,2767.5675675675675,2626.972396486826,2202.0962441314555
Maharashtra,Vasai,Rice,4,2025,3560,4960,Zaid,1400,4928.92,4115.555555555556,1915.1666666666667,1829.9925
Maharashtra,Amarawati,Wheat,11,2023,2450,2600,Rabi,150,2816.3259195893925,2544.848484848485,2626.972396486826,3859.0679611650485
Maharashtra,"Sangli(Phale, Bhajipura Market)",Potato,5,2024,1600,2700,Zaid,1100,2183.5218855218855,2561.711711711712,1915.1666666666667,1988.592672413793
Maharashtra,Vashi New Mumbai,Potato,6,2025,1100,1700,Kharif,600,2183.5218855218855,2508.130081300813,3044.2994875080076,2308.1819620253164
Maharashtra,Anajngaon,Wheat,1,2024,2200,2700,Rabi,500,2816.3259195893925,2501.2,2626.972396486826,2202.0962441314555
Maharashtra,Jamkhed,Wheat,2,2024,2200,2600,Rabi,400,2816.3259195893925,2610.4651162790697,2626.972396486826,2104.9403341288785
Maharashtra,Vashi New Mumbai,Onion,1,2024,900,1400,Rabi,500,2678.6716114019778,2508.130081300813,2626.972396486826,2202.0962441314555
Maharashtra,Shrirampur,Onion,3,2025,900,1600,Rabi,700,2678.6716114019778,2334.11,2626.972396486826,1861.5330739299611
Maharashtra,Shrirampur,Potato,5,2025,2000,2200,Zaid,200,2183.5218855218855,2334.11,1915.1666666666667,1988.592672413793
Maharashtra,Yawal,Onion,6,2023,490,750,Kharif,260,2678.6716114019778,1866.578947368421,3044.2994875080076,2308.1819620253164
Maharashtra,Nagpur,Onion,3,2024,1000,1500,Rabi,500,2678.6716114019778,2756.266666666667,2626.972396486826,1861.5330739299611
Maharashtra,Umrane,Onion,6,2023,401,1200,Kharif,799,2678.6716114019778,2608.282608695652,3044.2994875080076,2308.1819620253164
Maharashtra,Shree Rameshwar Krushi Market,Onion,7,2023,200,1821,Kharif,1621,2678.6716114019778,3118.64,3044.2994875080076,3289.337912087912
Maharashtra,Phaltan,Wheat,7,2023,2200,2850,Kharif,650,2816.3259195893925,5066.785714285715,3044.2994875080076,3289.337912087912
Maharashtra,Nandgaon,Wheat,10,2023,2539,2941,Kharif,402,2816.3259195893925,2752.116666666667,3044.2994875080076,3462.48231511254
Maharashtra,Kalvan,Onion,11,2023,1500,4601,Rabi,3101,2678.6716114019778,2726.1132075471696,2626.972396486826,3859.0679611650485
Maharashtra,Bhusaval,Potato,1,2024,1500,1600,Rabi,100,2183.5218855218855,2348.8,2626.972396486826,2202.0962441314555
Maharashtra,Ramtek,Potato,9,2023,1800,2000,Kharif,200,2183.5218855218855,3246.0169491525426,3044.2994875080076,3127.0038240917784
Maharashtra,Pune(Moshi),Onion,11,2024,1000,5000,Rabi,4000,2678.6716114019778,2277.6119402985073,2626.972396486826,3859.0679611650485
Maharashtra,Shrigonda,Onion,3,2025,500,2200,Rabi,1700,2678.6716114019778,2012.5,2626.972396486826,1861.5330739299611
Maharashtra,Sakri,Onion,1,2024,610,1160,Rabi,550,2678.6716114019778,2829.8611111111113,2626.972396486826,2202.0962441314555
Maharashtra,Pune(Moshi),Onion,10,2023,700,2000,Kharif,1300,2678.6716114019778,2277.6119402985073,3044.2994875080076,3462.48231511254
Maharashtra,Nagpur,Wheat,2,2024,3100,3500,Rabi,400,2816.3259195893925,2756.266666666667,2626.972396486826,2104.9403341288785
Maharashtra,Yawal,Onion,4,2024,1240,1650,Zaid,410,2678.6716114019778,1866.578947368421,1915.1666666666667,1829.9925
Maharashtra,Shahada,Wheat,9,2023,2598,2676,Kharif,78,2816.3259195893925,2744.6111111111113,3044.2994875080076,3127.0038240917784
Maharashtra,Khed(Chakan),Potato,4,2025,1400,2000,Zaid,600,2183.5218855218855,2519.4174757281553,1915.1666666666667,1829.9925
Maharashtra,Kolhapur,Onion,5,2025,500,1900,Zaid,1400,2678.6716114019778,3576.785714285714,1915.1666666666667,1988.592672413793
Maharashtra,Ahmednagar,Onion,9,2024,500,3600,Kharif,3100,2678.6716114019778,2678.2608695652175,3044.2994875080076,3127.0038240917784
Maharashtra,Nandgaon,Onion,3,2025,200,1435,Rabi,1235,2678.6716114019778,2752.116666666667,2626.972396486826,1861.5330739299611
Maharashtra,Junnar(Narayangaon),Onion,7,2024,1000,3000,Kharif,2000,2678.6716114019778,2861.8518518518517,3044.2994875080076,3289.337912087912
Maharashtra,Pune(Manjri),Onion,3,2025,1500,2200,Rabi,700,2678.6716114019778,2804.7619047619046,2626.972396486826,1861.5330739299611
Maharashtra,Shevgaon(Bodhegaon),Wheat,10,2023,2400,2500,Kharif,100,2816.3259195893925,2473.684210526316,3044.2994875080076,3462.48231511254
Maharashtra,Akole,Onion,10,2024,1000,4100,Kharif,3100,2678.6716114019778,2706.52,3044.2994875080076,3462.48231511254
Maharashtra,Kalvan,Onion,10,2023,1000,3880,Kharif,2880,2678.6716114019778,2726.1132075471696,3044.2994875080076,3462.48231511254
Maharashtra,Chandur Bazar,Wheat,6,2023,2200,2600,Kharif,400,2816.3259195893925,2503.3333333333335,3044.2994875080076,2308.1819620253164
Maharashtra,"Sangli(Phale, Bhajipura Market)",Onion,1,2024,300,2100,Rabi,1800,2678.6716114019778,2561.711711711712,2626.972396486826,2202.0962441314555
Maharashtra,Jalgaon,Potato,6,2023,800,1200,Kharif,400,2183.5218855218855,2410.159420289855,3044.2994875080076,2308.1819620253164
Maharashtra,Pune(Pimpri),Onion,4,2024,1000,1500,Zaid,500,2678.6716114019778,2966.2162162162163,1915.1666666666667,1829.9925
Maharashtra,Bhusaval,Potato,4,2025,1500,2000,Zaid,500,2183.5218855218855,2348.8,1915.1666666666667,1829.9925
Maharashtra,Satana,Onion,2,2025,400,2450,Rabi,2050,2678.6716114019778,2894.45,2626.972396486826,2104.9403341288785
Maharashtra,Akola,Wheat,8,2023,1805,2750,Kharif,945,2816.3259195893925,2421.8840579710145,3044.2994875080076,3017.515397082658
Maharashtra,Pratap Nana Mahale Khajgi Bajar Samiti,Onion,7,2023,150,1440,Kharif,1290,2678.6716114019778,1356.6666666666667,3044.2994875080076,3289.337912087912
Maharashtra,Sinner,Wheat,10,2023,2445,2710,Kharif,265,2816.3259195893925,2542.6071428571427,3044.2994875080076,3462.48231511254
Maharashtra,Nandurbar,Wheat,8,2023,2551,2551,Kharif,0,2816.3259195893925,2220.733333333333,3044.2994875080076,3017.515397082658
Maharashtra,Rahata,Wheat,1,2024,2560,2930,Rabi,370,2816.3259195893925,2600.863309352518,2626.972396486826,2202.0962441314555
Maharashtra,Chandvad,Onion,4,2025,600,1415,Zaid,815,2678.6716114019778,3065.671875,1915.1666666666667,1829.9925
Maharashtra,Sinner,Onion,2,2024,300,1290,Rabi,990,2678.6716114019778,2542.6071428571427,2626.972396486826,2104.9403341288785
Maharashtra,Achalpur,Wheat,9,2023,2500,2550,Kharif,50,2816.3259195893925,2534.4444444444443,3044.2994875080076,3127.0038240917784
Maharashtra,Satana,Onion,7,2023,225,1715,Kharif,1490,2678.6716114019778,2894.45,3044.2994875080076,3289.337912087912
Maharashtra,Gevrai,Wheat,2,2024,2275,3300,Rabi,1025,2816.3259195893925,2950.590909090909,2626.972396486826,2104.9403341288785
Maharashtra,Junnar(Narayangaon),Onion,8,2023,300,2200,Kharif,1900,2678.6716114019778,2861.8518518518517,3044.2994875080076,3017.515397082658
Maharashtra,Lasalgaon,Onion,7,2023,600,1640,Kharif,1040,2678.6716114019778,2867.190476190476,3044.2994875080076,3289.337912087912
Maharashtra,Kamthi,Onion,7,2024,4000,5000,Kharif,1000,2678.6716114019778,3486.904761904762,3044.2994875080076,3289.337912087912
Maharashtra,Chandur Bazar,Wheat,7,2023,2000,2350,Kharif,350,2816.3259195893925,2503.3333333333335,3044.2994875080076,3289.337912087912
Maharashtra,Akluj,Onion,2,2024,200,1700,Rabi,1500,2678.6716114019778,2208.2716049382716,2626.972396486826,2104.9403341288785
Maharashtra,Nagpur,Onion,6,2023,1000,1500,Kharif,500,2678.6716114019778,2756.266666666667,3044.2994875080076,2308.1819620253164
Maharashtra,Pimpalgaon,Onion,6,2025,525,2425,Kharif,1900,2678.6716114019778,3416.065934065934,3044.2994875080076,2308.1819620253164
Maharashtra,Dhule,Onion,5,2024,100,1600,Zaid,1500,2678.6716114019778,2516.8552631578946,1915.1666666666667,1988.592672413793
Maharashtra,Laxmi Sopan Agriculture Produce Marketing Co Ltd,Onion,2,2025,600,3600,Rabi,3000,2678.6716114019778,2508.3928571428573,2626.972396486826,2104.9403341288785
Maharashtra,Pratap Nana Mahale Khajgi Bajar Samiti,Onion,7,2023,930,1280,Kharif,350,2678.6716114019778,1356.6666666666667,3044.2994875080076,3289.337912087912
Maharashtra,Raver,Wheat,8,2023,2221,2545,Kharif,324,2816.3259195893925,2602.769230769231,3044.2994875080076,3017.515397082658
Maharashtra,Vadvani,Wheat,10,2023,2301,2651,Kharif,350,2816.3259195893925,2651.0,3044.2994875080076,3462.48231511254
Maharashtra,Vai,Potato,2,2024,1500,1800,Rabi,300,2183.5218855218855,3070.7865168539324,2626.972396486826,2104.9403341288785
Maharashtra,Pune(Moshi),Potato,7,2024,2300,2600,Kharif,300,2183.5218855218855,2277.6119402985073,3044.2994875080076,3289.337912087912
Maharashtra,Lasalgaon(Vinchur),Onion,7,2023,400,1605,Kharif,1205,2678.6716114019778,2574.311320754717,3044.2994875080076,3289.337912087912
Maharashtra,Manwat,Wheat,6,2023,2125,2701,Kharif,576,2816.3259195893925,4434.0,3044.2994875080076,2308.1819620253164
Maharashtra,Satara,Potato,6,2025,1500,2000,Kharif,500,2183.5218855218855,2750.0,3044.2994875080076,2308.1819620253164
Maharashtra,Hingna,Tomato,10,2023,800,1000,Kharif,200,6168.357446808511,2675.875,3044.2994875080076,3462.48231511254
Maharashtra,Pimpalgaon,Onion,2,2025,650,2976,Rabi,2326,2678.6716114019778,3416.065934065934,2626.972396486826,2104.9403341288785
Maharashtra,Pune(Pimpri),Onion,8,2024,2600,3400,Kharif,800,2678.6716114019778,2966.2162162162163,3044.2994875080076,3017.515397082658
Maharashtra,Jalgaon,Onion,10,2024,1625,4627,Kharif,3002,2678.6716114019778,2410.159420289855,3044.2994875080076,3462.48231511254
Maharashtra,Pune(Pimpri),Onion,7,2023,1200,1600,Kharif,400,2678.6716114019778,2966.2162162162163,3044.2994875080076,3289.337912087912
Maharashtra,Vadgaonpeth,Onion,3,2024,1000,2000,Rabi,1000,2678.6716114019778,2767.5675675675675,2626.972396486826,1861.5330739299611
Maharashtra,Junnar(Narayangaon),Potato,5,2025,1600,2300,Zaid,700,2183.5218855218855,2861.8518518518517,1915.1666666666667,1988.592672413793
Maharashtra,Pune(Khadiki),Potato,3,2025,600,1300,Rabi,700,2183.5218855218855,2011.926605504587,2626.972396486826,1861.5330739299611
Maharashtra,Navapur,Wheat,12,2023,2200,2300,Rabi,100,2816.3259195893925,2945.5882352941176,2626.972396486826,2933.8104448742747
Maharashtra,Bhusaval,Onion,3,2025,2000,2500,Rabi,500,2678.6716114019778,2348.8,2626.972396486826,1861.5330739299611
Maharashtra,Vai,Potato,12,2023,1500,2200,Rabi,700,2183.5218855218855,3070.7865168539324,2626.972396486826,2933.8104448742747
Maharashtra,Nagpur,Potato,9,2023,1200,1400,Kharif,200,2183.5218855218855,2756.266666666667,3044.2994875080076,3127.0038240917784
Maharashtra,Chandrapur(Ganjwad),Potato,6,2024,2800,3000,Kharif,200,2183.5218855218855,2858.8607594936707,3044.2994875080076,2308.1819620253164
Maharashtra,Bhokar,Wheat,9,2023,2125,2502,Kharif,377,2816.3259195893925,2335.125,3044.2994875080076,3127.0038240917784
Maharashtra,Dondaicha,Wheat,8,2023,2100,2788,Kharif,688,2816.3259195893925,2795.7727272727275,3044.2994875080076,3017.515397082658
Maharashtra,Manchar,Potato,11,2023,600,1200,Rabi,600,2183.5218855218855,2335.757575757576,2626.972396486826,3859.0679611650485
Maharashtra,Akluj,Potato,6,2024,2700,3200,Kharif,500,2183.5218855218855,2208.2716049382716,3044.2994875080076,2308.1819620253164
Maharashtra,Ahmednagar,Potato,8,2023,1300,2000,Kharif,700,2183.5218855218855,2678.2608695652175,3044.2994875080076,3017.515397082658
Maharashtra,"Sangli(Phale, Bhajipura Market)",Potato,9,2024,2500,3000,Kharif,500,2183.5218855218855,2561.711711711712,3044.2994875080076,3127.0038240917784
Maharashtra,Vai,Tomato,8,2023,4000,12000,Kharif,8000,6168.357446808511,3070.7865168539324,3044.2994875080076,3017.515397082658
Maharashtra,Solapur,Potato,12,2024,1700,2700,Rabi,1000,2183.5218855218855,3247.752808988764,2626.972396486826,2933.8104448742747
Maharashtra,Amrawati(Frui & Veg. Market),Onion,7,2023,1200,3000,Kharif,1800,2678.6716114019778,2546.923076923077,3044.2994875080076,3289.337912087912
Maharashtra,Pune(Moshi),Potato,9,2023,800,1500,Kharif,700,2183.5218855218855,2277.6119402985073,3044.2994875080076,3127.0038240917784
Maharashtra,Pen,Onion,8,2023,2600,2800,Kharif,200,2678.6716114019778,2790.909090909091,3044.2994875080076,3017.515397082658
Maharashtra,Junnar(Narayangaon),Tomato,10,2023,500,1250,Kharif,750,6168.357446808511,2861.8518518518517,3044.2994875080076,3462.48231511254
Maharashtra,Solapur,Onion,2,2025,400,4300,Rabi,3900,2678.6716114019778,3247.752808988764,2626.972396486826,2104.9403341288785
Maharashtra,Vadgaonpeth,Onion,12,2024,3700,6000,Rabi,2300,2678.6716114019778,2767.5675675675675,2626.972396486826,2933.8104448742747
Maharashtra,Dindori(Vani),Onion,10,2024,3800,4655,Kharif,855,2678.6716114019778,2426.6388888888887,3044.2994875080076,3462.48231511254
Maharashtra,Shree Rameshwar Krushi Market,Onion,9,2024,511,4500,Kharif,3989,2678.6716114019778,3118.64,3044.2994875080076,3127.0038240917784
Maharashtra,Dhamngaon-Railway,Wheat,8,2023,2375,2470,Kharif,95,2816.3259195893925,2481.25,3044.2994875080076,3017.515397082658
Maharashtra,Karjat(Raigad),Wheat,11,2023,2200,2700,Rabi,500,2816.3259195893925,2770.2380952380954,2626.972396486826,3859.0679611650485
Maharashtra,Sinner,Onion,10,2023,700,4786,Kharif,4086,2678.6716114019778,2542.6071428571427,3044.2994875080076,3462.48231511254
Maharashtra,Akluj,Potato,12,2023,1400,1600,Rabi,200,2183.5218855218855,2208.2716049382716,2626.972396486826,2933.8104448742747
Maharashtra,Nagpur,Onion,11,2024,1600,4000,Rabi,2400,2678.6716114019778,2756.266666666667,2626.972396486826,3859.0679611650485
Maharashtra,Pune(Moshi),Potato,3,2024,1500,1600,Rabi,100,2183.5218855218855,2277.6119402985073,2626.972396486826,1861.5330739299611
Maharashtra,Junnar(Narayangaon),Onion,5,2024,400,2000,Zaid,1600,2678.6716114019778,2861.8518518518517,1915.1666666666667,1988.592672413793
Maharashtra,Ahmednagar,Wheat,7,2023,2150,2500,Kharif,350,2816.3259195893925,2678.2608695652175,3044.2994875080076,3289.337912087912
Maharashtra,Pune(Manjri),Potato,4,2024,1500,2000,Zaid,500,2183.5218855218855,2804.7619047619046,1915.1666666666667,1829.9925
Maharashtra,Pachora,Wheat,6,2023,2101,2451,Kharif,350,2816.3259195893925,2541.85,3044.2994875080076,2308.1819620253164
Maharashtra,Kamthi,Potato,12,2024,3000,4000,Rabi,1000,2183.5218855218855,3486.904761904762,2626.972396486826,2933.8104448742747
Maharashtra,Kamthi,Potato,12,2023,1400,1800,Rabi,400,2183.5218855218855,3486.904761904762,2626.972396486826,2933.8104448742747
Maharashtra,Sinner,Onion,2,2024,300,1503,Rabi,1203,2678.6716114019778,2542.6071428571427,2626.972396486826,2104.9403341288785
Maharashtra,Shevgaon,Onion,9,2024,1000,2000,Kharif,1000,2678.6716114019778,2106.75,3044.2994875080076,3127.0038240917784
Maharashtra,Pune(Manjri),Tomato,7,2023,6800,9100,Kharif,2300,6168.357446808511,2804.7619047619046,3044.2994875080076,3289.337912087912
Maharashtra,Pimpalgaon,Tomato,7,2023,4525,7525,Kharif,3000,6168.357446808511,3416.065934065934,3044.2994875080076,3289.337912087912
Maharashtra,Sangamner,Onion,10,2024,1500,4711,Kharif,3211,2678.6716114019778,3329.057142857143,3044.2994875080076,3462.48231511254
Maharashtra,Pune,Onion,9,2024,3000,4800,Kharif,1800,2678.6716114019778,3186.013986013986,3044.2994875080076,3127.0038240917784
Maharashtra,Pune(Manjri),Onion,1,2024,1300,2200,Rabi,900,2678.6716114019778,2804.7619047619046,2626.972396486826,2202.0962441314555
Maharashtra,Junnar(Otur),Potato,1,2025,500,1600,Rabi,1100,2183.5218855218855,2554.5283018867926,2626.972396486826,2202.0962441314555
Maharashtra,Solapur,Wheat,1,2024,2515,4105,Rabi,1590,2816.3259195893925,3247.752808988764,2626.972396486826,2202.0962441314555
Maharashtra,Manchar,Onion,11,2023,1800,4750,Rabi,2950,2678.6716114019778,2335.757575757576,2626.972396486826,3859.0679611650485
Maharashtra,Sakri,Wheat,7,2023,2165,2350,Kharif,185,2816.3259195893925,2829.8611111111113,3044.2994875080076,3289.337912087912
Maharashtra,Newasa(Ghodegaon),Onion,11,2023,1000,4500,Rabi,3500,2678.6716114019778,2765.151515151515,2626.972396486826,3859.0679611650485
Maharashtra,Junnar(Narayangaon),Potato,11,2023,500,1600,Rabi,1100,2183.5218855218855,2861.8518518518517,2626.972396486826,3859.0679611650485
Maharashtra,Lasalgaon(Vinchur),Onion,10,2023,1500,4199,Kharif,2699,2678.6716114019778,2574.311320754717,3044.2994875080076,3462.48231511254
Maharashtra,"Sangli(Phale, Bhajipura Market)",Onion,6,2024,1000,2600,Kharif,1600,2678.6716114019778,2561.711711711712,3044.2994875080076,2308.1819620253164
Maharashtra,Solapur,Onion,4,2024,200,2000,Zaid,1800,2678.6716114019778,3247.752808988764,1915.1666666666667,1829.9925
Maharashtra,Satana,Onion,4,2024,300,1650,Zaid,1350,2678.6716114019778,2894.45,1915.1666666666667,1829.9925
Maharashtra,Hingna,Potato,7,2024,2000,2500,Kharif,500,2183.5218855218855,2675.875,3044.2994875080076,3289.337912087912
Maharashtra,Dhule,Onion,9,2023,200,2100,Kharif,1900,2678.6716114019778,2516.8552631578946,3044.2994875080076,3127.0038240917784
Maharashtra,Shirpur,Wheat,1,2024,2025,2640,Rabi,615,2816.3259195893925,2791.733333333333,2626.972396486826,2202.0962441314555
Maharashtra,Gangakhed,Wheat,8,2023,2200,2500,Kharif,300,2816.3259195893925,2716.6666666666665,3044.2994875080076,3017.515397082658
Maharashtra,Kopargaon,Onion,5,2025,500,1271,Zaid,771,2678.6716114019778,2558.2608695652175,1915.1666666666667,1988.592672413793
Maharashtra,Shevgaon,Onion,8,2023,1700,2600,Kharif,900,2678.6716114019778,2106.75,3044.2994875080076,3017.515397082658
Maharashtra,Pune,Onion,4,2025,600,1500,Zaid,900,2678.6716114019778,3186.013986013986,1915.1666666666667,1829.9925
Maharashtra,Pune(Moshi),Tomato,7,2023,5000,8000,Kharif,3000,6168.357446808511,2277.6119402985073,3044.2994875080076,3289.337912087912
Maharashtra,Sangamner,Onion,1,2024,200,1851,Rabi,1651,2678.6716114019778,3329.057142857143,2626.972396486826,2202.0962441314555
Maharashtra,Junnar,Potato,2,2024,1300,1600,Rabi,300,2183.5218855218855,2172.0833333333335,2626.972396486826,2104.9403341288785
Maharashtra,Dondaicha,Wheat,12,2023,2425,2881,Rabi,456,2816.3259195893925,2795.7727272727275,2626.972396486826,2933.8104448742747
Maharashtra,Jalgaon,Onion,1,2024,312,1250,Rabi,938,2678.6716114019778,2410.159420289855,2626.972396486826,2202.0962441314555
Maharashtra,Pune,Potato,2,2025,1500,2000,Rabi,500,2183.5218855218855,3186.013986013986,2626.972396486826,2104.9403341288785
Maharashtra,Chandrapur(Ganjwad),Potato,7,2024,3000,3500,Kharif,500,2183.5218855218855,2858.8607594936707,3044.2994875080076,3289.337912087912
Maharashtra,Pimpalgaon Baswant(Saykheda),Onion,6,2025,700,2100,Kharif,1400,2678.6716114019778,2602.5479452054797,3044.2994875080076,2308.1819620253164
Maharashtra,Satara,Potato,1,2024,1000,1900,Rabi,900,2183.5218855218855,2750.0,2626.972396486826,2202.0962441314555
Maharashtra,Jamkhed,Onion,7,2023,100,1600,Kharif,1500,2678.6716114019778,2610.4651162790697,3044.2994875080076,3289.337912087912
Maharashtra,Akola,Onion,8,2024,2500,4500,Kharif,2000,2678.6716114019778,2421.8840579710145,3044.2994875080076,3017.515397082658
Maharashtra,Kalyan,Potato,6,2024,2400,2800,Kharif,400,2183.5218855218855,2589.4736842105262,3044.2994875080076,2308.1819620253164
Maharashtra,Pune(Manjri),Potato,6,2023,1400,2000,Kharif,600,2183.5218855218855,2804.7619047619046,3044.2994875080076,2308.1819620253164
Maharashtra,Kurdwadi(Modnimb),Onion,4,2025,150,1000,Zaid,850,2678.6716114019778,2242.88,1915.1666666666667,1829.9925
Maharashtra,Rahuri,Potato,3,2025,500,1900,Rabi,1400,2183.5218855218855,2826.0106382978724,2626.972396486826,1861.5330739299611
Maharashtra,Pune(Moshi),Potato,8,2023,1000,1400,Kharif,400,2183.5218855218855,2277.6119402985073,3044.2994875080076,3017.515397082658
Maharashtra,Shevgaon,Onion,4,2024,600,1000,Zaid,400,2678.6716114019778,2106.75,1915.1666666666667,1829.9925
Maharashtra,Lasalgaon(Niphad),Wheat,10,2023,2400,2835,Kharif,435,2816.3259195893925,2520.8804347826085,3044.2994875080076,3462.48231511254
Maharashtra,Bhusaval,Tomato,7,2023,6000,8000,Kharif,2000,6168.357446808511,2348.8,3044.2994875080076,3289.337912087912
Maharashtra,Pune(Khadiki),Onion,3,2025,1200,1800,Rabi,600,2678.6716114019778,2011.926605504587,2626.972396486826,1861.5330739299611
Maharashtra,Shevgaon,Onion,9,2023,2500,3000,Kharif,500,2678.6716114019778,2106.75,3044.2994875080076,3127.0038240917784
Maharashtra,Akola,Onion,2,2025,1500,2500,Rabi,1000,2678.6716114019778,2421.8840579710145,2626.972396486826,2104.9403341288785
Maharashtra,Dhule,Wheat,6,2023,2100,2751,Kharif,651,2816.3259195893925,2516.8552631578946,3044.2994875080076,2308.1819620253164
Maharashtra,Dondaicha,Wheat,6,2023,2000,2507,Kharif,507,2816.3259195893925,2795.7727272727275,3044.2994875080076,2308.1819620253164
Maharashtra,Om Chaitanya Multistate Agro Purpose CoOp Society,Onion,5,2025,200,1300,Zaid,1100,2678.6716114019778,2918.3333333333335,1915.1666666666667,1988.592672413793
Maharashtra,Rahata,Potato,7,2023,1500,1600,Kharif,100,2183.5218855218855,2600.863309352518,3044.2994875080076,3289.337912087912
Maharashtra,Kamthi,Tomato,8,2023,4000,5000,Kharif,1000,6168.357446808511,3486.904761904762,3044.2994875080076,3017.515397082658
Maharashtra,Jalgaon,Potato,10,2024,1700,2800,Kharif,1100,2183.5218855218855,2410.159420289855,3044.2994875080076,3462.48231511254
Maharashtra,Pune(Pimpri),Onion,10,2023,1400,3500,Kharif,2100,2678.6716114019778,2966.2162162162163,3044.2994875080076,3462.48231511254
Maharashtra,Loha,Wheat,9,2023,2251,3152,Kharif,901,2816.3259195893925,2960.2,3044.2994875080076,3127.0038240917784
Maharashtra,Chandur Bazar,Wheat,10,2023,2150,2900,Kharif,750,2816.3259195893925,2503.3333333333335,3044.2994875080076,3462.48231511254
Maharashtra,Khed(Chakan),Potato,3,2024,1500,2000,Rabi,500,2183.5218855218855,2519.4174757281553,2626.972396486826,1861.5330739299611
Maharashtra,Akola,Onion,4,2025,500,1300,Zaid,800,2678.6716114019778,2421.8840579710145,1915.1666666666667,1829.9925
Maharashtra,Lasalgaon,Onion,9,2023,700,2302,Kharif,1602,2678.6716114019778,2867.190476190476,3044.2994875080076,3127.0038240917784
Maharashtra,Rahata,Potato,12,2024,2000,2500,Rabi,500,2183.5218855218855,2600.863309352518,2626.972396486826,2933.8104448742747
Maharashtra,Morshi,Wheat,1,2024,2000,2200,Rabi,200,2816.3259195893925,2524.375,2626.972396486826,2202.0962441314555
Maharashtra,Solapur,Wheat,10,2023,2305,3795,Kharif,1490,2816.3259195893925,3247.752808988764,3044.2994875080076,3462.48231511254
Maharashtra,Nandgaon,Onion,2,2025,501,2441,Rabi,1940,2678.6716114019778,2752.116666666667,2626.972396486826,2104.9403341288785
Maharashtra,Chalisgaon,Wheat,10,2023,2350,2725,Kharif,375,2816.3259195893925,2719.05,3044.2994875080076,3462.48231511254
Maharashtra,Pune(Khadiki),Potato,5,2024,1500,1700,Zaid,200,2183.5218855218855,2011.926605504587,1915.1666666666667,1988.592672413793
Maharashtra,Lasalgaon(Niphad),Onion,2,2024,1011,1900,Rabi,889,2678.6716114019778,2520.8804347826085,2626.972396486826,2104.9403341288785
Maharashtra,Bhusaval,Potato,1,2024,1400,2000,Rabi,600,2183.5218855218855,2348.8,2626.972396486826,2202.0962441314555
Maharashtra,Solapur,Tomato,6,2023,600,4000,Kharif,3400,6168.357446808511,3247.752808988764,3044.2994875080076,2308.1819620253164
Maharashtra,Chandvad,Onion,3,2025,700,1750,Rabi,1050,2678.6716114019778,3065.671875,2626.972396486826,1861.5330739299611
Maharashtra,Nagpur,Wheat,9,2023,3000,3200,Kharif,200,2816.3259195893925,2756.266666666667,3044.2994875080076,3127.0038240917784
Maharashtra,Achalpur,Wheat,6,2023,2200,2500,Kharif,300,2816.3259195893925,2534.4444444444443,3044.2994875080076,2308.1819620253164
Maharashtra,Yawal,Onion,4,2024,1210,1620,Zaid,410,2678.6716114019778,1866.578947368421,1915.1666666666667,1829.9925
Maharashtra,Navapur,Onion,3,2024,700,2000,Rabi,1300,2678.6716114019778,2945.5882352941176,2626.972396486826,1861.5330739299611
Maharashtra,"Sangli(Phale, Bhajipura Market)",Onion,9,2024,1500,4700,Kharif,3200,2678.6716114019778,2561.711711711712,3044.2994875080076,3127.0038240917784
Maharashtra,Dindori,Onion,6,2023,601,1173,Kharif,572,2678.6716114019778,1774.4666666666667,3044.2994875080076,2308.1819620253164
Maharashtra,Dindori(Vani),Onion,3,2025,1100,1618,Rabi,518,2678.6716114019778,2426.6388888888887,2626.972396486826,1861.5330739299611
Maharashtra,Akluj,Onion,3,2024,350,2000,Rabi,1650,2678.6716114019778,2208.2716049382716,2626.972396486826,1861.5330739299611
Maharashtra,Vashi New Mumbai,Onion,12,2024,1500,5000,Rabi,3500,2678.6716114019778,2508.130081300813,2626.972396486826,2933.8104448742747
Maharashtra,Kamthi,Tomato,6,2023,2500,3500,Kharif,1000,6168.357446808511,3486.904761904762,3044.2994875080076,2308.1819620253164
Maharashtra,Om Chaitanya Multistate Agro Purpose CoOp Society,Onion,9,2023,500,2500,Kharif,2000,2678.6716114019778,2918.3333333333335,3044.2994875080076,3127.0038240917784
Maharashtra,Akole,Onion,8,2024,800,3051,Kharif,2251,2678.6716114019778,2706.52,3044.2994875080076,3017.515397082658
Maharashtra,"Sangli(Phale, Bhajipura Market)",Onion,7,2024,1500,3150,Kharif,1650,2678.6716114019778,2561.711711711712,3044.2994875080076,3289.337912087912
Maharashtra,Chandvad,Onion,7,2024,1300,2990,Kharif,1690,2678.6716114019778,3065.671875,3044.2994875080076,3289.337912087912
Maharashtra,Kalyan,Onion,4,2025,1000,1200,Zaid,200,2678.6716114019778,2589.4736842105262,1915.1666666666667,1829.9925
Maharashtra,Chandrapur(Ganjwad),Potato,4,2025,1800,2000,Zaid,200,2183.5218855218855,2858.8607594936707,1915.1666666666667,1829.9925
Maharashtra,Nandgaon,Onion,10,2023,1000,6000,Kharif,5000,2678.6716114019778,2752.116666666667,3044.2994875080076,3462.48231511254
Maharashtra,Vadgaonpeth,Onion,5,2024,1500,1800,Zaid,300,2678.6716114019778,2767.5675675675675,1915.1666666666667,1988.592672413793
Maharashtra,Amrawati(Frui & Veg. Market),Onion,5,2024,700,1700,Zaid,1000,2678.6716114019778,2546.923076923077,1915.1666666666667,1988.592672413793
Maharashtra,Akola,Potato,6,2023,1000,1300,Kharif,300,2183.5218855218855,2421.8840579710145,3044.2994875080076,2308.1819620253164
Maharashtra,Junnar(Narayangaon),Onion,12,2023,500,5000,Rabi,4500,2678.6716114019778,2861.8518518518517,2626.972396486826,2933.8104448742747
Maharashtra,Kopargaon,Onion,2,2025,1000,2612,Rabi,1612,2678.6716114019778,2558.2608695652175,2626.972396486826,2104.9403341288785
Maharashtra,Khed(Chakan),Potato,3,2024,1400,2000,Rabi,600,2183.5218855218855,2519.4174757281553,2626.972396486826,1861.5330739299611
Maharashtra,Amrawati(Frui & Veg. Market),Onion,1,2024,500,1900,Rabi,1400,2678.6716114019778,2546.923076923077,2626.972396486826,2202.0962441314555
Maharashtra,Junnar,Potato,4,2025,1300,1800,Zaid,500,2183.5218855218855,2172.0833333333335,1915.1666666666667,1829.9925
Maharashtra,Bhusaval,Potato,5,2025,1400,2000,Zaid,600,2183.5218855218855,2348.8,1915.1666666666667,1988.592672413793
Maharashtra,Lasalgaon,Onion,5,2025,700,1930,Zaid,1230,2678.6716114019778,2867.190476190476,1915.1666666666667,1988.592672413793
Maharashtra,Khed(Chakan),Onion,3,2024,1200,1800,Rabi,600,2678.6716114019778,2519.4174757281553,2626.972396486826,1861.5330739299611
Maharashtra,Pune(Manjri),Potato,10,2023,1500,2000,Kharif,500,2183.5218855218855,2804.7619047619046,3044.2994875080076,3462.48231511254
Maharashtra,Solapur,Potato,7,2024,1600,3200,Kharif,1600,2183.5218855218855,3247.752808988764,3044.2994875080076,3289.337912087912
Maharashtra,Dhule,Onion,5,2024,100,1900,Zaid,1800,2678.6716114019778,2516.8552631578946,1915.1666666666667,1988.592672413793
Maharashtra,Pimpalgaon,Onion,6,2023,200,3001,Kharif,2801,2678.6716114019778,3416.065934065934,3044.2994875080076,2308.1819620253164
Maharashtra,Shirur,Onion,11,2024,1000,6500,Rabi,5500,2678.6716114019778,5250.0,2626.972396486826,3859.0679611650485
Maharashtra,Rahuri(Vambori),Wheat,11,2023,2400,2761,Rabi,361,2816.3259195893925,2812.3478260869565,2626.972396486826,3859.0679611650485
Maharashtra,Junnar(Narayangaon),Onion,10,2023,1200,5000,Kharif,3800,2678.6716114019778,2861.8518518518517,3044.2994875080076,3462.48231511254
Maharashtra,Pen,Potato,4,2024,2800,3000,Zaid,200,2183.5218855218855,2790.909090909091,1915.1666666666667,1829.9925
Maharashtra,Lasalgaon,Onion,4,2025,700,1552,Zaid,852,2678.6716114019778,2867.190476190476,1915.1666666666667,1829.9925
Maharashtra,Kopargaon,Wheat,10,2023,2302,2766,Kharif,464,2816.3259195893925,2558.2608695652175,3044.2994875080076,3462.48231511254
Maharashtra,Hinganghat,Wheat,6,2023,2110,2365,Kharif,255,2816.3259195893925,2467.7272727272725,3044.2994875080076,2308.1819620253164
Maharashtra,Pune(Khadiki),Onion,2,2024,1000,1500,Rabi,500,2678.6716114019778,2011.926605504587,2626.972396486826,2104.9403341288785
Maharashtra,Pune,Potato,11,2024,2400,4000,Rabi,1600,2183.5218855218855,3186.013986013986,2626.972396486826,3859.0679611650485
Maharashtra,Shrirampur,Potato,10,2024,2500,3000,Kharif,500,2183.5218855218855,2334.11,3044.2994875080076,3462.48231511254
Maharashtra,Jalgaon,Onion,4,2025,375,1177,Zaid,802,2678.6716114019778,2410.159420289855,1915.1666666666667,1829.9925
Maharashtra,Chandrapur(Ganjwad),Onion,3,2025,1500,2000,Rabi,500,2678.6716114019778,2858.8607594936707,2626.972396486826,1861.5330739299611
Maharashtra,Lasalgaon(Vinchur),Onion,10,2024,2000,4451,Kharif,2451,2678.6716114019778,2574.311320754717,3044.2994875080076,3462.48231511254
Maharashtra,Lasalgaon(Vinchur),Onion,6,2023,400,1400,Kharif,1000,2678.6716114019778,2574.311320754717,3044.2994875080076,2308.1819620253164
Maharashtra,Mankamneshwar Farmar Producer CoLtd Sanchalit Mank,Onion,9,2024,2000,4811,Kharif,2811,2678.6716114019778,2072.0666666666666,3044.2994875080076,3127.0038240917784
Maharashtra,Akluj,Potato,2,2025,1000,1800,Rabi,800,2183.5218855218855,2208.2716049382716,2626.972396486826,2104.9403341288785
Maharashtra,Satara,Potato,3,2024,1500,2200,Rabi,700,2183.5218855218855,2750.0,2626.972396486826,1861.5330739299611
Maharashtra,Chandrapur(Ganjwad),Onion,7,2023,1200,3000,Kharif,1800,2678.6716114019778,2858.8607594936707,3044.2994875080076,3289.337912087912
Maharashtra,Junnar(Narayangaon),Potato,11,2024,500,3200,Rabi,2700,2183.5218855218855,2861.8518518518517,2626.972396486826,3859.0679611650485
Maharashtra,Sangamner,Onion,3,2024,150,1700,Rabi,1550,2678.6716114019778,3329.057142857143,2626.972396486826,1861.5330739299611
Maharashtra,Dhule,Onion,5,2025,200,1000,Zaid,800,2678.6716114019778,2516.8552631578946,1915.1666666666667,1988.592672413793
Maharashtra,Satara,Potato,2,2024,1000,1800,Rabi,800,2183.5218855218855,2750.0,2626.972396486826,2104.9403341288785
Maharashtra,Chandrapur(Ganjwad),Onion,9,2023,2500,4500,Kharif,2000,2678.6716114019778,2858.8607594936707,3044.2994875080076,3127.0038240917784
Maharashtra,Phaltan,Tomato,6,2023,400,4500,Kharif,4100,6168.357446808511,5066.785714285715,3044.2994875080076,2308.1819620253164
Maharashtra,Vita,Potato,8,2023,1600,1800,Kharif,200,2183.5218855218855,2686.9565217391305,3044.2994875080076,3017.515397082658
Maharashtra,Karad,Onion,6,2023,400,1500,Kharif,1100,2678.6716114019778,2862.31884057971,3044.2994875080076,2308.1819620253164
Maharashtra,Dhule,Wheat,9,2023,2400,2956,Kharif,556,2816.3259195893925,2516.8552631578946,3044.2994875080076,3127.0038240917784
Maharashtra,Junnar(Otur),Potato,12,2023,500,1650,Rabi,1150,2183.5218855218855,2554.5283018867926,2626.972396486826,2933.8104448742747
Maharashtra,Laxmi Sopan Agriculture Produce Marketing Co Ltd,Onion,7,2023,300,1150,Kharif,850,2678.6716114019778,2508.3928571428573,3044.2994875080076,3289.337912087912
Maharashtra,Pimpalgaon,Onion,2,2025,800,3455,Rabi,2655,2678.6716114019778,3416.065934065934,2626.972396486826,2104.9403341288785
Maharashtra,"Sangli(Phale, Bhajipura Market)",Potato,9,2024,2000,3200,Kharif,1200,2183.5218855218855,2561.711711711712,3044.2994875080076,3127.0038240917784
Maharashtra,Pune,Onion,8,2023,1000,2500,Kharif,1500,2678.6716114019778,3186.013986013986,3044.2994875080076,3017.515397082658
Maharashtra,Dhule,Wheat,6,2023,1925,2606,Kharif,681,2816.3259195893925,2516.8552631578946,3044.2994875080076,2308.1819620253164
Maharashtra,Pune(Pimpri),Onion,4,2024,1000,1600,Zaid,600,2678.6716114019778,2966.2162162162163,1915.1666666666667,1829.9925
Maharashtra,Amalner,Wheat,9,2023,2395,2551,Kharif,156,2816.3259195893925,2787.5714285714284,3044.2994875080076,3127.0038240917784
Maharashtra,Kopargaon,Onion,10,2023,500,3920,Kharif,3420,2678.6716114019778,2558.2608695652175,3044.2994875080076,3462.48231511254
Maharashtra,Nasik,Onion,2,2024,500,1550,Rabi,1050,2678.6716114019778,2656.4253731343283,2626.972396486826,2104.9403341288785
Maharashtra,Umrane,Onion,1,2024,701,2150,Rabi,1449,2678.6716114019778,2608.282608695652,2626.972396486826,2202.0962441314555
Maharashtra,Laxmi Sopan Agriculture Produce Marketing Co Ltd,Onion,9,2024,600,3000,Kharif,2400,2678.6716114019778,2508.3928571428573,3044.2994875080076,3127.0038240917784
Maharashtra,Rahata,Onion,3,2025,500,2000,Rabi,1500,2678.6716114019778,2600.863309352518,2626.972396486826,1861.5330739299611
Maharashtra,Shrirampur,Wheat,7,2023,2050,2250,Kharif,200,2816.3259195893925,2334.11,3044.2994875080076,3289.337912087912
Maharashtra,Bhusaval,Potato,11,2024,2200,3000,Rabi,800,2183.5218855218855,2348.8,2626.972396486826,3859.0679611650485
Maharashtra,Shevgaon,Onion,8,2024,800,1600,Kharif,800,2678.6716114019778,2106.75,3044.2994875080076,3017.515397082658
Maharashtra,Shevgaon(Bodhegaon),Wheat,8,2023,2400,2500,Kharif,100,2816.3259195893925,2473.684210526316,3044.2994875080076,3017.515397082658
Maharashtra,Junnar(Otur),Onion,3,2025,1000,2110,Rabi,1110,2678.6716114019778,2554.5283018867926,2626.972396486826,1861.5330739299611
Maharashtra,Nagpur,Potato,6,2023,900,1200,Kharif,300,2183.5218855218855,2756.266666666667,3044.2994875080076,2308.1819620253164
Maharashtra,Solapur,Wheat,8,2023,2320,3515,Kharif,1195,2816.3259195893925,3247.752808988764,3044.2994875080076,3017.515397082658
Maharashtra,Kopargaon,Onion,9,2024,1000,4305,Kharif,3305,2678.6716114019778,2558.2608695652175,3044.2994875080076,3127.0038240917784
Maharashtra,Kalvan,Onion,2,2024,400,1440,Rabi,1040,2678.6716114019778,2726.1132075471696,2626.972396486826,2104.9403341288785
Maharashtra,Solapur,Potato,7,2023,650,2300,Kharif,1650,2183.5218855218855,3247.752808988764,3044.2994875080076,3289.337912087912
Maharashtra,Shrirampur,Potato,6,2024,2400,2800,Kharif,400,2183.5218855218855,2334.11,3044.2994875080076,2308.1819620253164
Maharashtra,Satara,Onion,7,2024,2500,3000,Kharif,500,2678.6716114019778,2750.0,3044.2994875080076,3289.337912087912
Maharashtra,Akola,Potato,10,2024,1500,2700,Kharif,1200,2183.5218855218855,2421.8840579710145,3044.2994875080076,3462.48231511254
Maharashtra,Nasik,Potato,6,2024,2300,2750,Kharif,450,2183.5218855218855,2656.4253731343283,3044.2994875080076,2308.1819620253164
Maharashtra,Lasalgaon(Vinchur),Onion,11,2024,2000,4900,Rabi,2900,2678.6716114019778,2574.311320754717,2626.972396486826,3859.0679611650485
Maharashtra,Shrigonda,Onion,6,2024,200,2150,Kharif,1950,2678.6716114019778,2012.5,3044.2994875080076,2308.1819620253164
Maharashtra,Mangal Wedha,Wheat,10,2023,3100,3760,Kharif,660,2816.3259195893925,2928.322033898305,3044.2994875080076,3462.48231511254
Maharashtra,Nampur,Onion,2,2024,100,1830,Rabi,1730,2678.6716114019778,2499.769230769231,2626.972396486826,2104.9403341288785
Maharashtra,Akluj,Onion,1,2024,500,2300,Rabi,1800,2678.6716114019778,2208.2716049382716,2626.972396486826,2202.0962441314555
Maharashtra,Pune,Wheat,9,2023,4300,5600,Kharif,1300,2816.3259195893925,3186.013986013986,3044.2994875080076,3127.0038240917784
Maharashtra,Nagpur,Onion,5,2024,1000,1600,Zaid,600,2678.6716114019778,2756.266666666667,1915.1666666666667,1988.592672413793
Maharashtra,Jalgaon,Potato,10,2023,800,1300,Kharif,500,2183.5218855218855,2410.159420289855,3044.2994875080076,3462.48231511254
Maharashtra,Kopargaon,Wheat,9,2023,2500,2828,Kharif,328,2816.3259195893925,2558.2608695652175,3044.2994875080076,3127.0038240917784
Maharashtra,Vita,Onion,4,2025,800,1300,Zaid,500,2678.6716114019778,2686.9565217391305,1915.1666666666667,1829.9925
Maharashtra,Satara,Onion,10,2023,1500,2500,Kharif,1000,2678.6716114019778,2750.0,3044.2994875080076,3462.48231511254
Maharashtra,Rahuri,Onion,3,2025,100,1900,Rabi,1800,2678.6716114019778,2826.0106382978724,2626.972396486826,1861.5330739299611
Maharashtra,Amrawati(Frui & Veg. Market),Onion,12,2024,1500,5200,Rabi,3700,2678.6716114019778,2546.923076923077,2626.972396486826,2933.8104448742747
Maharashtra,Kopargaon,Onion,7,2023,500,1638,Kharif,1138,2678.6716114019778,2558.2608695652175,3044.2994875080076,3289.337912087912
Maharashtra,Jalgaon,Potato,2,2025,1400,1800,Rabi,400,2183.5218855218855,2410.159420289855,2626.972396486826,2104.9403341288785
Maharashtra,Akole,Onion,3,2024,200,1700,Rabi,1500,2678.6716114019778,2706.52,2626.972396486826,1861.5330739299611
Maharashtra,Kalyan,Onion,11,2024,4500,5000,Rabi,500,2678.6716114019778,2589.4736842105262,2626.972396486826,3859.0679611650485
Maharashtra,Palghar,Wheat,8,2023,3050,3050,Kharif,0,2816.3259195893925,3742.5384615384614,3044.2994875080076,3017.515397082658
Maharashtra,Shevgaon,Wheat,12,2023,2400,2800,Rabi,400,2816.3259195893925,2106.75,2626.972396486826,2933.8104448742747
Maharashtra,Dharangaon,Wheat,1,2024,2976,2976,Rabi,0,2816.3259195893925,2620.0,2626.972396486826,2202.0962441314555
Maharashtra,Manmad,Onion,6,2023,200,1181,Kharif,981,2678.6716114019778,2515.4166666666665,3044.2994875080076,2308.1819620253164
Maharashtra,"Sangli(Phale, Bhajipura Market)",Onion,3,2024,300,1900,Rabi,1600,2678.6716114019778,2561.711711711712,2626.972396486826,1861.5330739299611
Maharashtra,Ramtek,Onion,4,2025,1300,1500,Zaid,200,2678.6716114019778,3246.0169491525426,1915.1666666666667,1829.9925
Maharashtra,Hingoli(Kanegoan Naka),Wheat,7,2023,2000,2100,Kharif,100,2816.3259195893925,2100.0,3044.2994875080076,3289.337912087912
Maharashtra,Pen,Potato,4,2024,2000,2200,Zaid,200,2183.5218855218855,2790.909090909091,1915.1666666666667,1829.9925
Maharashtra,Kalvan,Onion,3,2024,250,1235,Rabi,985,2678.6716114019778,2726.1132075471696,2626.972396486826,1861.5330739299611
Maharashtra,Pune(Manjri),Onion,7,2023,1100,1500,Kharif,400,2678.6716114019778,2804.7619047619046,3044.2994875080076,3289.337912087912
Maharashtra,Khed(Chakan),Potato,3,2025,1200,1800,Rabi,600,2183.5218855218855,2519.4174757281553,2626.972396486826,1861.5330739299611
Maharashtra,Jalgaon,Potato,1,2025,1400,2000,Rabi,600,2183.5218855218855,2410.159420289855,2626.972396486826,2202.0962441314555
Maharashtra,Karjat(Raigad),Wheat,6,2023,2000,2500,Kharif,500,2816.3259195893925,2770.2380952380954,3044.2994875080076,2308.1819620253164
Maharashtra,Rahuri,Wheat,12,2023,2400,2600,Rabi,200,2816.3259195893925,2826.0106382978724,2626.972396486826,2933.8104448742747
Maharashtra,Nasik,Onion,10,2023,600,2300,Kharif,1700,2678.6716114019778,2656.4253731343283,3044.2994875080076,3462.48231511254
Maharashtra,Telhara,Wheat,11,2023,2475,2625,Rabi,150,2816.3259195893925,2441.0,2626.972396486826,3859.0679611650485
Maharashtra,Solapur,Potato,1,2025,1200,2000,Rabi,800,2183.5218855218855,3247.752808988764,2626.972396486826,2202.0962441314555
Maharashtra,Solapur,Onion,2,2025,200,3400,Rabi,3200,2678.6716114019778,3247.752808988764,2626.972396486826,2104.9403341288785
Maharashtra,Katol,Wheat,1,2024,2390,2751,Rabi,361,2816.3259195893925,2448.962962962963,2626.972396486826,2202.0962441314555
Maharashtra,Ratnagiri (Nachane),Tomato,7,2023,7500,8000,Kharif,500,6168.357446808511,7375.0,3044.2994875080076,3289.337912087912
Maharashtra,Rahata,Wheat,8,2023,2400,2675,Kharif,275,2816.3259195893925,2600.863309352518,3044.2994875080076,3017.515397082658
Maharashtra,Manmad,Onion,5,2024,360,1769,Zaid,1409,2678.6716114019778,2515.4166666666665,1915.1666666666667,1988.592672413793
Maharashtra,Vaduj,Wheat,12,2023,2300,2500,Rabi,200,2816.3259195893925,2440.0,2626.972396486826,2933.8104448742747
Maharashtra,Jamkhed,Wheat,1,2024,2000,2400,Rabi,400,2816.3259195893925,2610.4651162790697,2626.972396486826,2202.0962441314555
Maharashtra,Rahuri(Vambori),Onion,6,2023,100,1300,Kharif,1200,2678.6716114019778,2812.3478260869565,3044.2994875080076,2308.1819620253164
Maharashtra,Solapur,Potato,8,2023,1000,1450,Kharif,450,2183.5218855218855,3247.752808988764,3044.2994875080076,3017.515397082658
Maharashtra,Bhusaval,Onion,10,2024,2500,3500,Kharif,1000,2678.6716114019778,2348.8,3044.2994875080076,3462.48231511254
Maharashtra,Lasalgaon(Vinchur),Onion,3,2024,900,1860,Rabi,960,2678.6716114019778,2574.311320754717,2626.972396486826,1861.5330739299611
Maharashtra,Pune(Pimpri),Onion,2,2024,700,1100,Rabi,400,2678.6716114019778,2966.2162162162163,2626.972396486826,2104.9403341288785
Maharashtra,Dondaicha(Sindhkheda),Wheat,10,2023,2600,2600,Kharif,0,2816.3259195893925,2600.0,3044.2994875080076,3462.48231511254
Maharashtra,Ramtek,Potato,10,2024,3000,4000,Kharif,1000,2183.5218855218855,3246.0169491525426,3044.2994875080076,3462.48231511254
Maharashtra,Hingna,Potato,12,2024,2600,3000,Rabi,400,2183.5218855218855,2675.875,2626.972396486826,2933.8104448742747
Maharashtra,Sangamner,Onion,4,2025,100,1351,Zaid,1251,2678.6716114019778,3329.057142857143,1915.1666666666667,1829.9925
Maharashtra,"Sangli(Phale, Bhajipura Market)",Potato,11,2024,2500,2800,Rabi,300,2183.5218855218855,2561.711711711712,2626.972396486826,3859.0679611650485
Maharashtra,Manmad,Onion,11,2024,900,4555,Rabi,3655,2678.6716114019778,2515.4166666666665,2626.972396486826,3859.0679611650485
Maharashtra,Rahuri(Vambori),Onion,5,2024,200,2800,Zaid,2600,2678.6716114019778,2812.3478260869565,1915.1666666666667,1988.592672413793
Maharashtra,Sakri,Onion,12,2023,800,2100,Rabi,1300,2678.6716114019778,2829.8611111111113,2626.972396486826,2933.8104448742747
Maharashtra,Pathardi,Onion,11,2024,1000,6600,Rabi,5600,2678.6716114019778,2397.093023255814,2626.972396486826,3859.0679611650485
Maharashtra,Nagpur,Onion,4,2025,1000,1400,Zaid,400,2678.6716114019778,2756.266666666667,1915.1666666666667,1829.9925
Maharashtra,Vaduj,Wheat,2,2024,2300,2500,Rabi,200,2816.3259195893925,2440.0,2626.972396486826,2104.9403341288785
Maharashtra,Mangal Wedha,Onion,11,2024,200,4500,Rabi,4300,2678.6716114019778,2928.322033898305,2626.972396486826,3859.0679611650485
Maharashtra,Pune(Pimpri),Onion,8,2023,1200,2500,Kharif,1300,2678.6716114019778,2966.2162162162163,3044.2994875080076,3017.515397082658
Maharashtra,Umrane,Onion,8,2024,1100,2860,Kharif,1760,2678.6716114019778,2608.282608695652,3044.2994875080076,3017.515397082658
Maharashtra,Lasalgaon(Niphad),Onion,1,2024,1000,2000,Rabi,1000,2678.6716114019778,2520.8804347826085,2626.972396486826,2202.0962441314555
Maharashtra,Satara,Potato,12,2024,1500,2000,Rabi,500,2183.5218855218855,2750.0,2626.972396486826,2933.8104448742747
Maharashtra,Lasalgaon,Onion,12,2023,700,1697,Rabi,997,2678.6716114019778,2867.190476190476,2626.972396486826,2933.8104448742747
Maharashtra,Satana,Onion,4,2025,300,1335,Zaid,1035,2678.6716114019778,2894.45,1915.1666666666667,1829.9925
Maharashtra,Solapur,Onion,6,2023,100,2000,Kharif,1900,2678.6716114019778,3247.752808988764,3044.2994875080076,2308.1819620253164
Maharashtra,Savner,Wheat,6,2023,2100,2515,Kharif,415,2816.3259195893925,2425.5,3044.2994875080076,2308.1819620253164
Maharashtra,Bhusaval,Potato,1,2025,2000,3000,Rabi,1000,2183.5218855218855,2348.8,2626.972396486826,2202.0962441314555
Maharashtra,Pune(Khadiki),Potato,10,2024,2000,2400,Kharif,400,2183.5218855218855,2011.926605504587,3044.2994875080076,3462.48231511254
Maharashtra,Pune(Moshi),Potato,3,2024,1100,1700,Rabi,600,2183.5218855218855,2277.6119402985073,2626.972396486826,1861.5330739299611
Maharashtra,Shirpur,Wheat,9,2023,2500,2752,Kharif,252,2816.3259195893925,2791.733333333333,3044.2994875080076,3127.0038240917784
Maharashtra,Nasik,Potato,1,2025,1000,1800,Rabi,800,2183.5218855218855,2656.4253731343283,2626.972396486826,2202.0962441314555
Maharashtra,Karad,Onion,10,2024,3000,3800,Kharif,800,2678.6716114019778,2862.31884057971,3044.2994875080076,3462.48231511254
Maharashtra,Akluj,Potato,4,2025,1800,2000,Zaid,200,2183.5218855218855,2208.2716049382716,1915.1666666666667,1829.9925
Maharashtra,Pune(Manjri),Potato,12,2024,2000,3000,Rabi,1000,2183.5218855218855,2804.7619047619046,2626.972396486826,2933.8104448742747
Maharashtra,Akluj,Potato,12,2023,1400,1700,Rabi,300,2183.5218855218855,2208.2716049382716,2626.972396486826,2933.8104448742747
Maharashtra,Kalvan,Onion,11,2024,2000,5900,Rabi,3900,2678.6716114019778,2726.1132075471696,2626.972396486826,3859.0679611650485
Maharashtra,Akole,Onion,9,2023,200,2611,Kharif,2411,2678.6716114019778,2706.52,3044.2994875080076,3127.0038240917784
Maharashtra,Palghar,Rice,4,2025,4300,4300,Zaid,0,4928.92,3742.5384615384614,1915.1666666666667,1829.9925
Maharashtra,Pimpalgaon Baswant(Saykheda),Onion,10,2024,2500,4680,Kharif,2180,2678.6716114019778,2602.5479452054797,3044.2994875080076,3462.48231511254
Maharashtra,Satana,Wheat,6,2023,2044,2600,Kharif,556,2816.3259195893925,2894.45,3044.2994875080076,2308.1819620253164
Maharashtra,Kamthi,Onion,2,2025,2000,3000,Rabi,1000,2678.6716114019778,3486.904761904762,2626.972396486826,2104.9403341288785
Maharashtra,Nandgaon,Onion,7,2024,900,3022,Kharif,2122,2678.6716114019778,2752.116666666667,3044.2994875080076,3289.337912087912
Maharashtra,Nagpur,Potato,4,2025,1200,1800,Zaid,600,2183.5218855218855,2756.266666666667,1915.1666666666667,1829.9925
Maharashtra,Nandgaon,Onion,12,2023,301,3953,Rabi,3652,2678.6716114019778,2752.116666666667,2626.972396486826,2933.8104448742747
Maharashtra,Lasalgaon,Onion,6,2023,400,1801,Kharif,1401,2678.6716114019778,2867.190476190476,3044.2994875080076,2308.1819620253164
Maharashtra,Shree Sairaj Krushi Market,Onion,10,2024,400,5000,Kharif,4600,2678.6716114019778,3469.375,3044.2994875080076,3462.48231511254
Maharashtra,Parola,Wheat,6,2023,2215,2215,Kharif,0,2816.3259195893925,2530.3333333333335,3044.2994875080076,2308.1819620253164
Maharashtra,Satara,Onion,6,2023,800,1200,Kharif,400,2678.6716114019778,2750.0,3044.2994875080076,2308.1819620253164
Maharashtra,Rahuri(Vambori),Onion,5,2024,200,2000,Zaid,1800,2678.6716114019778,2812.3478260869565,1915.1666666666667,1988.592672413793
Maharashtra,Vai,Potato,3,2024,1800,2300,Rabi,500,2183.5218855218855,3070.7865168539324,2626.972396486826,1861.5330739299611
Maharashtra,Nagpur,Onion,11,2023,3500,4500,Rabi,1000,2678.6716114019778,2756.266666666667,2626.972396486826,3859.0679611650485
Maharashtra,Ramtek,Wheat,7,2023,2250,2310,Kharif,60,2816.3259195893925,3246.0169491525426,3044.2994875080076,3289.337912087912
Maharashtra,Amrawati(Frui & Veg. Market),Onion,7,2024,2600,3200,Kharif,600,2678.6716114019778,2546.923076923077,3044.2994875080076,3289.337912087912
Maharashtra,Yeola,Onion,7,2023,300,1500,Kharif,1200,2678.6716114019778,2692.5254237288136,3044.2994875080076,3289.337912087912
Maharashtra,Khed(Chakan),Onion,8,2023,1000,2200,Kharif,1200,2678.6716114019778,2519.4174757281553,3044.2994875080076,3017.515397082658
Maharashtra,Parner,Onion,8,2024,1500,4500,Kharif,3000,2678.6716114019778,2909.6153846153848,3044.2994875080076,3017.515397082658
Maharashtra,Jalgaon,Onion,9,2024,1150,4377,Kharif,3227,2678.6716114019778,2410.159420289855,3044.2994875080076,3127.0038240917784
Maharashtra,Yeola,Wheat,12,2023,2199,2800,Rabi,601,2816.3259195893925,2692.5254237288136,2626.972396486826,2933.8104448742747
Maharashtra,Pimpalgaon,Onion,1,2024,400,1510,Rabi,1110,2678.6716114019778,3416.065934065934,2626.972396486826,2202.0962441314555
Maharashtra,Wardha,Wheat,8,2023,2360,2425,Kharif,65,2816.3259195893925,2226.3333333333335,3044.2994875080076,3017.515397082658
Maharashtra,Pimpalgaon Baswant(Saykheda),Onion,6,2025,800,1600,Kharif,800,2678.6716114019778,2602.5479452054797,3044.2994875080076,2308.1819620253164
Maharashtra,Achalpur,Wheat,9,2023,2400,2500,Kharif,100,2816.3259195893925,2534.4444444444443,3044.2994875080076,3127.0038240917784
Maharashtra,Manchar,Onion,12,2023,500,2000,Rabi,1500,2678.6716114019778,2335.757575757576,2626.972396486826,2933.8104448742747
Maharashtra,Murtizapur,Wheat,8,2023,2230,2480,Kharif,250,2816.3259195893925,2505.0,3044.2994875080076,3017.515397082658
Maharashtra,Amrawati(Frui & Veg. Market),Potato,5,2024,800,2400,Zaid,1600,2183.5218855218855,2546.923076923077,1915.1666666666667,1988.592672413793
Maharashtra,Shrirampur,Potato,10,2023,950,1200,Kharif,250,2183.5218855218855,2334.11,3044.2994875080076,3462.48231511254
Maharashtra,Karad,Tomato,7,2023,7000,7500,Kharif,500,6168.357446808511,2862.31884057971,3044.2994875080076,3289.337912087912
Maharashtra,Pune(Moshi),Onion,12,2023,500,2500,Rabi,2000,2678.6716114019778,2277.6119402985073,2626.972396486826,2933.8104448742747
Maharashtra,Nasik,Potato,7,2024,2450,3200,Kharif,750,2183.5218855218855,2656.4253731343283,3044.2994875080076,3289.337912087912
Maharashtra,Vadgaonpeth,Potato,6,2023,1200,1600,Kharif,400,2183.5218855218855,2767.5675675675675,3044.2994875080076,2308.1819620253164
Maharashtra,Karad,Onion,7,2023,500,1700,Kharif,1200,2678.6716114019778,2862.31884057971,3044.2994875080076,3289.337912087912
Maharashtra,Hinganghat,Wheat,12,2023,2435,2580,Rabi,145,2816.3259195893925,2467.7272727272725,2626.972396486826,2933.8104448742747
Maharashtra,Amrawati(Frui & Veg. Market),Potato,12,2023,800,1600,Rabi,800,2183.5218855218855,2546.923076923077,2626.972396486826,2933.8104448742747
Maharashtra,Bhusaval,Onion,5,2025,1000,1500,Zaid,500,2678.6716114019778,2348.8,1915.1666666666667,1988.592672413793
Maharashtra,Sangamner,Onion,2,2024,151,1811,Rabi,1660,2678.6716114019778,3329.057142857143,2626.972396486826,2104.9403341288785
Maharashtra,Pimpalgaon Baswant(Saykheda),Onion,12,2023,700,1813,Rabi,1113,2678.6716114019778,2602.5479452054797,2626.972396486826,2933.8104448742747
Maharashtra,Solapur,Potato,3,2024,700,2000,Rabi,1300,2183.5218855218855,3247.752808988764,2626.972396486826,1861.5330739299611
Maharashtra,Nasik,Onion,5,2025,300,1300,Zaid,1000,2678.6716114019778,2656.4253731343283,1915.1666666666667,1988.592672413793
Maharashtra,Pune(Khadiki),Potato,12,2023,1400,1600,Rabi,200,2183.5218855218855,2011.926605504587,2626.972396486826,2933.8104448742747
Maharashtra,Amrawati(Frui & Veg. Market),Onion,8,2023,1000,4300,Kharif,3300,2678.6716114019778,2546.923076923077,3044.2994875080076,3017.515397082658
Maharashtra,Nasik,Potato,5,2025,1500,2050,Zaid,550,2183.5218855218855,2656.4253731343283,1915.1666666666667,1988.592672413793
Maharashtra,Nanded,Wheat,6,2023,2155,2800,Kharif,645,2816.3259195893925,2512.3076923076924,3044.2994875080076,2308.1819620253164
Maharashtra,Dondaicha,Wheat,8,2023,2200,2752,Kharif,552,2816.3259195893925,2795.7727272727275,3044.2994875080076,3017.515397082658
Maharashtra,Manchar,Potato,9,2024,1500,2500,Kharif,1000,2183.5218855218855,2335.757575757576,3044.2994875080076,3127.0038240917784
Maharashtra,Hingna,Potato,11,2024,2300,3000,Rabi,700,2183.5218855218855,2675.875,2626.972396486826,3859.0679611650485
Maharashtra,Lasalgaon(Vinchur),Onion,2,2024,800,1781,Rabi,981,2678.6716114019778,2574.311320754717,2626.972396486826,2104.9403341288785
Maharashtra,"Sangli(Phale, Bhajipura Market)",Potato,10,2023,1200,1900,Kharif,700,2183.5218855218855,2561.711711711712,3044.2994875080076,3462.48231511254
Maharashtra,Mangal Wedha,Onion,6,2024,200,2300,Kharif,2100,2678.6716114019778,2928.322033898305,3044.2994875080076,2308.1819620253164
Maharashtra,Karad,Onion,8,2024,3000,3500,Kharif,500,2678.6716114019778,2862.31884057971,3044.2994875080076,3017.515397082658
Maharashtra,Manmad,Onion,7,2023,200,1566,Kharif,1366,2678.6716114019778,2515.4166666666665,3044.2994875080076,3289.337912087912
Maharashtra,Akola,Potato,3,2024,1000,1600,Rabi,600,2183.5218855218855,2421.8840579710145,2626.972396486826,1861.5330739299611
Maharashtra,Rahuri,Potato,2,2025,700,1800,Rabi,1100,2183.5218855218855,2826.0106382978724,2626.972396486826,2104.9403341288785
Maharashtra,Solapur,Onion,8,2023,100,2700,Kharif,2600,2678.6716114019778,3247.752808988764,3044.2994875080076,3017.515397082658
Maharashtra,Rahuri,Potato,12,2024,1400,3500,Rabi,2100,2183.5218855218855,2826.0106382978724,2626.972396486826,2933.8104448742747
Maharashtra,Manchar,Potato,12,2024,1000,2510,Rabi,1510,2183.5218855218855,2335.757575757576,2626.972396486826,2933.8104448742747
Maharashtra,Dharangaon,Wheat,9,2023,2200,2411,Kharif,211,2816.3259195893925,2620.0,3044.2994875080076,3127.0038240917784
Maharashtra,Islampur,Onion,3,2025,1500,1800,Rabi,300,2678.6716114019778,2422.7272727272725,2626.972396486826,1861.5330739299611
Maharashtra,Amrawati(Frui & Veg. Market),Onion,9,2024,3500,5500,Kharif,2000,2678.6716114019778,2546.923076923077,3044.2994875080076,3127.0038240917784
Maharashtra,Kurdwadi(Modnimb),Onion,10,2023,1400,2550,Kharif,1150,2678.6716114019778,2242.88,3044.2994875080076,3462.48231511254
Maharashtra,Bhusaval,Onion,8,2023,900,1200,Kharif,300,2678.6716114019778,2348.8,3044.2994875080076,3017.515397082658
Maharashtra,Junnar(Otur),Potato,10,2024,1000,2660,Kharif,1660,2183.5218855218855,2554.5283018867926,3044.2994875080076,3462.48231511254
Maharashtra,Junnar(Alephata),Onion,5,2024,1100,3110,Zaid,2010,2678.6716114019778,3320.3846153846152,1915.1666666666667,1988.592672413793
Maharashtra,Solapur,Onion,2,2024,200,2250,Rabi,2050,2678.6716114019778,3247.752808988764,2626.972396486826,2104.9403341288785
Maharashtra,Hingna,Potato,11,2024,2300,3200,Rabi,900,2183.5218855218855,2675.875,2626.972396486826,3859.0679611650485
Maharashtra,Pune(Khadiki),Onion,4,2024,800,1500,Zaid,700,2678.6716114019778,2011.926605504587,1915.1666666666667,1829.9925
Maharashtra,Pune,Potato,7,2023,1200,2000,Kharif,800,2183.5218855218855,3186.013986013986,3044.2994875080076,3289.337912087912
Maharashtra,Shevgaon,Onion,1,2024,1400,1900,Rabi,500,2678.6716114019778,2106.75,2626.972396486826,2202.0962441314555
Maharashtra,Pune(Khadiki),Onion,5,2024,1000,1500,Zaid,500,2678.6716114019778,2011.926605504587,1915.1666666666667,1988.592672413793
Maharashtra,Junnar(Otur),Potato,4,2024,1000,3000,Zaid,2000,2183.5218855218855,2554.5283018867926,1915.1666666666667,1829.9925
Maharashtra,Pune(Khadiki),Onion,12,2024,2700,4200,Rabi,1500,2678.6716114019778,2011.926605504587,2626.972396486826,2933.8104448742747
Maharashtra,Lasalgaon(Niphad),Onion,12,2024,4000,4555,Rabi,555,2678.6716114019778,2520.8804347826085,2626.972396486826,2933.8104448742747
Maharashtra,Pimpalgaon,Onion,8,2023,500,2400,Kharif,1900,2678.6716114019778,3416.065934065934,3044.2994875080076,3017.515397082658
Maharashtra,Pune,Potato,11,2024,2200,3100,Rabi,900,2183.5218855218855,3186.013986013986,2626.972396486826,3859.0679611650485
Maharashtra,Pimpalgaon Baswant(Saykheda),Onion,2,2025,800,2451,Rabi,1651,2678.6716114019778,2602.5479452054797,2626.972396486826,2104.9403341288785
Maharashtra,Lasalgaon,Onion,3,2025,800,1371,Rabi,571,2678.6716114019778,2867.190476190476,2626.972396486826,1861.5330739299611
Maharashtra,Pathardi,Onion,2,2024,200,1200,Rabi,1000,2678.6716114019778,2397.093023255814,2626.972396486826,2104.9403341288785
Maharashtra,Bhusaval,Potato,11,2024,2200,2500,Rabi,300,2183.5218855218855,2348.8,2626.972396486826,3859.0679611650485
Maharashtra,Pune,Potato,1,2024,1100,1700,Rabi,600,2183.5218855218855,3186.013986013986,2626.972396486826,2202.0962441314555
Maharashtra,Pune(Moshi),Potato,12,2024,1000,3000,Rabi,2000,2183.5218855218855,2277.6119402985073,2626.972396486826,2933.8104448742747
Maharashtra,Hingna,Onion,10,2024,4500,4500,Kharif,0,2678.6716114019778,2675.875,3044.2994875080076,3462.48231511254
Maharashtra,Rahuri(Vambori),Wheat,9,2023,2251,2775,Kharif,524,2816.3259195893925,2812.3478260869565,3044.2994875080076,3127.0038240917784
Maharashtra,Pachora,Wheat,9,2023,2350,2598,Kharif,248,2816.3259195893925,2541.85,3044.2994875080076,3127.0038240917784
Maharashtra,Karad,Onion,8,2023,2000,2500,Kharif,500,2678.6716114019778,2862.31884057971,3044.2994875080076,3017.515397082658
Maharashtra,Lasalgaon(Vinchur),Onion,1,2024,400,1501,Rabi,1101,2678.6716114019778,2574.311320754717,2626.972396486826,2202.0962441314555
Maharashtra,Vadgaonpeth,Onion,7,2023,1100,1600,Kharif,500,2678.6716114019778,2767.5675675675675,3044.2994875080076,3289.337912087912
Maharashtra,Junnar,Potato,5,2025,1500,2000,Zaid,500,2183.5218855218855,2172.0833333333335,1915.1666666666667,1988.592672413793
Maharashtra,"Sangli(Phale, Bhajipura Market)",Potato,1,2025,1500,2800,Rabi,1300,2183.5218855218855,2561.711711711712,2626.972396486826,2202.0962441314555
Maharashtra,Akola,Potato,8,2024,2300,3000,Kharif,700,2183.5218855218855,2421.8840579710145,3044.2994875080076,3017.515397082658
Maharashtra,Pen,Potato,9,2023,2400,2600,Kharif,200,2183.5218855218855,2790.909090909091,3044.2994875080076,3127.0038240917784
Maharashtra,Yeola,Onion,8,2023,350,2261,Kharif,1911,2678.6716114019778,2692.5254237288136,3044.2994875080076,3017.515397082658
Maharashtra,Junnar,Potato,1,2024,800,1500,Rabi,700,2183.5218855218855,2172.0833333333335,2626.972396486826,2202.0962441314555
Maharashtra,Nasik,Potato,10,2024,2100,3000,Kharif,900,2183.5218855218855,2656.4253731343283,3044.2994875080076,3462.48231511254
Maharashtra,"Sangli(Phale, Bhajipura Market)",Onion,3,2024,400,1800,Rabi,1400,2678.6716114019778,2561.711711711712,2626.972396486826,1861.5330739299611
Maharashtra,Sangamner,Onion,10,2024,1000,4565,Kharif,3565,2678.6716114019778,3329.057142857143,3044.2994875080076,3462.48231511254
Maharashtra,Shevgaon,Onion,11,2024,4000,5000,Rabi,1000,2678.6716114019778,2106.75,2626.972396486826,3859.0679611650485
Maharashtra,Nasik,Potato,10,2024,2300,2950,Kharif,650,2183.5218855218855,2656.4253731343283,3044.2994875080076,3462.48231511254
Maharashtra,Ahmednagar,Tomato,7,2023,4000,9000,Kharif,5000,6168.357446808511,2678.2608695652175,3044.2994875080076,3289.337912087912
Maharashtra,Pune(Manjri),Onion,6,2024,1500,2200,Kharif,700,2678.6716114019778,2804.7619047619046,3044.2994875080076,2308.1819620253164
Maharashtra,Solapur,Onion,3,2025,300,3300,Rabi,3000,2678.6716114019778,3247.752808988764,2626.972396486826,1861.5330739299611
Maharashtra,Rahata,Potato,7,2023,1500,1500,Kharif,0,2183.5218855218855,2600.863309352518,3044.2994875080076,3289.337912087912
Maharashtra,Ahmednagar,Onion,8,2024,1000,3500,Kharif,2500,2678.6716114019778,2678.2608695652175,3044.2994875080076,3017.515397082658
Maharashtra,Kopargaon,Onion,5,2025,500,1496,Zaid,996,2678.6716114019778,2558.2608695652175,1915.1666666666667,1988.592672413793
Maharashtra,Bhusaval,Potato,2,2025,1600,2200,Rabi,600,2183.5218855218855,2348.8,2626.972396486826,2104.9403341288785
Maharashtra,Lasalgaon(Niphad),Wheat,12,2023,2475,2700,Rabi,225,2816.3259195893925,2520.8804347826085,2626.972396486826,2933.8104448742747
Maharashtra,Kalyan,Onion,2,2024,2000,2200,Rabi,200,2678.6716114019778,2589.4736842105262,2626.972396486826,2104.9403341288785
Maharashtra,Ahmednagar,Wheat,7,2023,2100,2300,Kharif,200,2816.3259195893925,2678.2608695652175,3044.2994875080076,3289.337912087912
Maharashtra,Gangakhed,Wheat,6,2023,2100,2500,Kharif,400,2816.3259195893925,2716.6666666666665,3044.2994875080076,2308.1819620253164
Maharashtra,Sangamner,Onion,8,2024,500,3051,Kharif,2551,2678.6716114019778,3329.057142857143,3044.2994875080076,3017.515397082658
Maharashtra,Amarawati,Wheat,6,2023,2300,2350,Kharif,50,2816.3259195893925,2544.848484848485,3044.2994875080076,2308.1819620253164
Maharashtra,Yeola,Onion,3,2024,600,1799,Rabi,1199,2678.6716114019778,2692.5254237288136,2626.972396486826,1861.5330739299611
Maharashtra,Ahmednagar,Onion,3,2024,150,1400,Rabi,1250,2678.6716114019778,2678.2608695652175,2626.972396486826,1861.5330739299611
Maharashtra,Vasai,Wheat,10,2023,2790,3860,Kharif,1070,2816.3259195893925,4115.555555555556,3044.2994875080076,3462.48231511254
Maharashtra,Solapur,Tomato,7,2023,1500,10500,Kharif,9000,6168.357446808511,3247.752808988764,3044.2994875080076,3289.337912087912
Maharashtra,Amrawati(Frui & Veg. Market),Onion,2,2025,1000,2000,Rabi,1000,2678.6716114019778,2546.923076923077,2626.972396486826,2104.9403341288785
Maharashtra,Pune,Wheat,6,2023,4000,5200,Kharif,1200,2816.3259195893925,3186.013986013986,3044.2994875080076,2308.1819620253164
Maharashtra,Solapur,Onion,4,2025,100,1310,Zaid,1210,2678.6716114019778,3247.752808988764,1915.1666666666667,1829.9925
Maharashtra,Lonand,Onion,10,2024,1500,4300,Kharif,2800,2678.6716114019778,2603.235294117647,3044.2994875080076,3462.48231511254
Maharashtra,Pimpalgaon,Onion,6,2023,200,2000,Kharif,1800,2678.6716114019778,3416.065934065934,3044.2994875080076,2308.1819620253164
Maharashtra,Lasalgaon,Onion,8,2024,1400,3151,Kharif,1751,2678.6716114019778,2867.190476190476,3044.2994875080076,3017.515397082658
Maharashtra,Wardha,Onion,6,2023,500,1200,Kharif,700,2678.6716114019778,2226.3333333333335,3044.2994875080076,2308.1819620253164
Maharashtra,Satana,Onion,12,2023,1400,4400,Rabi,3000,2678.6716114019778,2894.45,2626.972396486826,2933.8104448742747
Maharashtra,Solapur,Potato,11,2023,100,1400,Rabi,1300,2183.5218855218855,3247.752808988764,2626.972396486826,3859.0679611650485
Maharashtra,Manchar,Onion,2,2025,3100,3510,Rabi,410,2678.6716114019778,2335.757575757576,2626.972396486826,2104.9403341288785
Maharashtra,Rahata,Potato,8,2024,2800,3200,Kharif,400,2183.5218855218855,2600.863309352518,3044.2994875080076,3017.515397082658
Maharashtra,Devala,Onion,5,2025,100,1400,Zaid,1300,2678.6716114019778,2586.3793103448274,1915.1666666666667,1988.592672413793
Maharashtra,Vai,Onion,3,2024,800,1700,Rabi,900,2678.6716114019778,3070.7865168539324,2626.972396486826,1861.5330739299611
Maharashtra,Pimpalgaon Baswant(Saykheda),Onion,5,2024,500,1700,Zaid,1200,2678.6716114019778,2602.5479452054797,1915.1666666666667,1988.592672413793
Maharashtra,Ahmednagar,Potato,2,2025,300,2300,Rabi,2000,2183.5218855218855,2678.2608695652175,2626.972396486826,2104.9403341288785
Maharashtra,Amarawati,Wheat,6,2023,2200,2325,Kharif,125,2816.3259195893925,2544.848484848485,3044.2994875080076,2308.1819620253164
Maharashtra,Pimpalgaon Baswant(Saykheda),Onion,9,2024,2500,4000,Kharif,1500,2678.6716114019778,2602.5479452054797,3044.2994875080076,3127.0038240917784
Maharashtra,Jalgaon,Potato,9,2023,1000,1500,Kharif,500,2183.5218855218855,2410.159420289855,3044.2994875080076,3127.0038240917784
Maharashtra,Pimpalgaon,Onion,2,2024,300,1391,Rabi,1091,2678.6716114019778,3416.065934065934,2626.972396486826,2104.9403341288785
Maharashtra,Satara,Potato,4,2024,2000,2500,Zaid,500,2183.5218855218855,2750.0,1915.1666666666667,1829.9925
Maharashtra,Solapur,Tomato,6,2023,500,1800,Kharif,1300,6168.357446808511,3247.752808988764,3044.2994875080076,2308.1819620253164
Maharashtra,Kamthi,Tomato,6,2023,5500,6500,Kharif,1000,6168.357446808511,3486.904761904762,3044.2994875080076,2308.1819620253164
Maharashtra,Akola,Potato,11,2024,1800,2600,Rabi,800,2183.5218855218855,2421.8840579710145,2626.972396486826,3859.0679611650485
Maharashtra,Dindori(Vani),Onion,3,2024,1100,2102,Rabi,1002,2678.6716114019778,2426.6388888888887,2626.972396486826,1861.5330739299611
Maharashtra,Vita,Onion,6,2024,1700,2500,Kharif,800,2678.6716114019778,2686.9565217391305,3044.2994875080076,2308.1819620253164
Maharashtra,Yeola,Onion,1,2024,500,1422,Rabi,922,2678.6716114019778,2692.5254237288136,2626.972396486826,2202.0962441314555
Maharashtra,Lasalgaon(Vinchur),Onion,10,2023,1000,2525,Kharif,1525,2678.6716114019778,2574.311320754717,3044.2994875080076,3462.48231511254
Maharashtra,Devala,Onion,3,2025,800,2385,Rabi,1585,2678.6716114019778,2586.3793103448274,2626.972396486826,1861.5330739299611
Maharashtra,Rahata,Potato,6,2024,2500,2800,Kharif,300,2183.5218855218855,2600.863309352518,3044.2994875080076,2308.1819620253164
Maharashtra,Chandvad,Onion,7,2024,1460,3000,Kharif,1540,2678.6716114019778,3065.671875,3044.2994875080076,3289.337912087912
Maharashtra,Junnar(Alephata),Onion,8,2023,1200,3000,Kharif,1800,2678.6716114019778,3320.3846153846152,3044.2994875080076,3017.515397082658
Maharashtra,Majalgaon,Wheat,11,2023,2350,3751,Rabi,1401,2816.3259195893925,3154.5384615384614,2626.972396486826,3859.0679611650485
Maharashtra,Satara,Potato,6,2024,2400,2700,Kharif,300,2183.5218855218855,2750.0,3044.2994875080076,2308.1819620253164
Maharashtra,Pune,Wheat,9,2023,4200,5200,Kharif,1000,2816.3259195893925,3186.013986013986,3044.2994875080076,3127.0038240917784
Maharashtra,Bhokar,Wheat,10,2023,2101,2651,Kharif,550,2816.3259195893925,2335.125,3044.2994875080076,3462.48231511254
Maharashtra,Chopada,Wheat,6,2023,2226,2400,Kharif,174,2816.3259195893925,2651.222222222222,3044.2994875080076,2308.1819620253164
Maharashtra,Om Chaitanya Multistate Agro Purpose CoOp Society,Wheat,9,2023,2400,2400,Kharif,0,2816.3259195893925,2918.3333333333335,3044.2994875080076,3127.0038240917784
Maharashtra,Nasik,Onion,8,2024,3300,3800,Kharif,500,2678.6716114019778,2656.4253731343283,3044.2994875080076,3017.515397082658
Maharashtra,Newasa(Ghodegaon),Onion,12,2024,1000,5000,Rabi,4000,2678.6716114019778,2765.151515151515,2626.972396486826,2933.8104448742747
Maharashtra,Pimpalgaon Baswant(Saykheda),Onion,4,2025,500,1212,Zaid,712,2678.6716114019778,2602.5479452054797,1915.1666666666667,1829.9925
Maharashtra,Solapur,Potato,12,2023,900,1350,Rabi,450,2183.5218855218855,3247.752808988764,2626.972396486826,2933.8104448742747
Maharashtra,Chandur Bazar,Wheat,9,2023,2150,2380,Kharif,230,2816.3259195893925,2503.3333333333335,3044.2994875080076,3127.0038240917784
Maharashtra,Majalgaon,Wheat,7,2023,2200,3100,Kharif,900,2816.3259195893925,3154.5384615384614,3044.2994875080076,3289.337912087912
Maharashtra,Pune,Wheat,10,2023,4200,5200,Kharif,1000,2816.3259195893925,3186.013986013986,3044.2994875080076,3462.48231511254
Maharashtra,Nasik,Potato,12,2023,1050,1600,Rabi,550,2183.5218855218855,2656.4253731343283,2626.972396486826,2933.8104448742747
Maharashtra,Ahmednagar,Potato,1,2025,500,2300,Rabi,1800,2183.5218855218855,2678.2608695652175,2626.972396486826,2202.0962441314555
Maharashtra,Mumbai,Tomato,7,2023,7000,8000,Kharif,1000,6168.357446808511,6127.272727272727,3044.2994875080076,3289.337912087912
Maharashtra,Amrawati(Frui & Veg. Market),Onion,3,2024,600,2000,Rabi,1400,2678.6716114019778,2546.923076923077,2626.972396486826,1861.5330739299611
Maharashtra,Vashi New Mumbai,Onion,9,2024,3500,4300,Kharif,800,2678.6716114019778,2508.130081300813,3044.2994875080076,3127.0038240917784
Maharashtra,Chalisgaon,Wheat,9,2023,2000,2451,Kharif,451,2816.3259195893925,2719.05,3044.2994875080076,3127.0038240917784
Maharashtra,Solapur,Potato,3,2025,1100,1600,Rabi,500,2183.5218855218855,3247.752808988764,2626.972396486826,1861.5330739299611
Maharashtra,Tasgaon,Wheat,6,2023,2520,2850,Kharif,330,2816.3259195893925,2896.875,3044.2994875080076,2308.1819620253164
Maharashtra,Junnar(Otur),Potato,1,2025,500,1500,Rabi,1000,2183.5218855218855,2554.5283018867926,2626.972396486826,2202.0962441314555
Maharashtra,Khed(Chakan),Onion,4,2024,1000,1500,Zaid,500,2678.6716114019778,2519.4174757281553,1915.1666666666667,1829.9925
Maharashtra,Dondaicha,Wheat,1,2024,2300,3040,Rabi,740,2816.3259195893925,2795.7727272727275,2626.972396486826,2202.0962441314555
Maharashtra,Pune(Manjri),Onion,3,2024,1300,1700,Rabi,400,2678.6716114019778,2804.7619047619046,2626.972396486826,1861.5330739299611
Maharashtra,Nandgaon,Wheat,1,2024,2477,3331,Rabi,854,2816.3259195893925,2752.116666666667,2626.972396486826,2202.0962441314555
Maharashtra,Karjat,Onion,10,2024,1000,3500,Kharif,2500,2678.6716114019778,2275.0,3044.2994875080076,3462.48231511254
Maharashtra,Nasik,Potato,9,2024,1700,3000,Kharif,1300,2183.5218855218855,2656.4253731343283,3044.2994875080076,3127.0038240917784
Maharashtra,Lasalgaon,Onion,10,2024,1555,3900,Kharif,2345,2678.6716114019778,2867.190476190476,3044.2994875080076,3462.48231511254
Maharashtra,Jalgaon,Potato,5,2024,1700,2300,Zaid,600,2183.5218855218855,2410.159420289855,1915.1666666666667,1988.592672413793
Maharashtra,Umrane,Onion,11,2024,1500,5757,Rabi,4257,2678.6716114019778,2608.282608695652,2626.972396486826,3859.0679611650485
Maharashtra,Pachora,Wheat,12,2023,2500,2700,Rabi,200,2816.3259195893925,2541.85,2626.972396486826,2933.8104448742747
Maharashtra,Ahmednagar,Wheat,12,2023,2500,3500,Rabi,1000,2816.3259195893925,2678.2608695652175,2626.972396486826,2933.8104448742747
Maharashtra,Nasik,Onion,10,2023,700,2800,Kharif,2100,2678.6716114019778,2656.4253731343283,3044.2994875080076,3462.48231511254
Maharashtra,Shevgaon,Wheat,11,2023,2500,3000,Rabi,500,2816.3259195893925,2106.75,2626.972396486826,3859.0679611650485
Maharashtra,Nampur,Onion,8,2024,1500,3600,Kharif,2100,2678.6716114019778,2499.769230769231,3044.2994875080076,3017.515397082658
Maharashtra,Satara,Potato,10,2024,2000,3000,Kharif,1000,2183.5218855218855,2750.0,3044.2994875080076,3462.48231511254
Maharashtra,Kalyan,Potato,6,2025,1500,1600,Kharif,100,2183.5218855218855,2589.4736842105262,3044.2994875080076,2308.1819620253164
Maharashtra,Amrawati(Frui & Veg. Market),Potato,12,2023,700,1400,Rabi,700,2183.5218855218855,2546.923076923077,2626.972396486826,2933.8104448742747
Maharashtra,Rahata,Onion,9,2023,400,2500,Kharif,2100,2678.6716114019778,2600.863309352518,3044.2994875080076,3127.0038240917784
Maharashtra,Islampur,Onion,5,2024,500,1600,Zaid,1100,2678.6716114019778,2422.7272727272725,1915.1666666666667,1988.592672413793
Maharashtra,"Sangli(Phale, Bhajipura Market)",Onion,3,2024,400,2000,Rabi,1600,2678.6716114019778,2561.711711711712,2626.972396486826,1861.5330739299611
Maharashtra,Satana,Onion,12,2023,250,2175,Rabi,1925,2678.6716114019778,2894.45,2626.972396486826,2933.8104448742747
Maharashtra,Dindori(Vani),Onion,12,2023,1400,2441,Rabi,1041,2678.6716114019778,2426.6388888888887,2626.972396486826,2933.8104448742747
Maharashtra,Bhusaval,Potato,8,2024,2200,2700,Kharif,500,2183.5218855218855,2348.8,3044.2994875080076,3017.515397082658
Maharashtra,Kada,Onion,5,2024,300,2500,Zaid,2200,2678.6716114019778,2177.2727272727275,1915.1666666666667,1988.592672413793
Maharashtra,Nasik,Potato,9,2023,1100,1500,Kharif,400,2183.5218855218855,2656.4253731343283,3044.2994875080076,3127.0038240917784
Maharashtra,Rahuri,Potato,9,2023,1600,2000,Kharif,400,2183.5218855218855,2826.0106382978724,3044.2994875080076,3127.0038240917784
Maharashtra,Shrirampur,Potato,12,2023,1000,1300,Rabi,300,2183.5218855218855,2334.11,2626.972396486826,2933.8104448742747
Maharashtra,Kolhapur,Onion,4,2024,600,1800,Zaid,1200,2678.6716114019778,3576.785714285714,1915.1666666666667,1829.9925
Maharashtra,Ramtek,Potato,4,2024,1800,2000,Zaid,200,2183.5218855218855,3246.0169491525426,1915.1666666666667,1829.9925
Maharashtra,Yeola,Wheat,11,2023,2600,3001,Rabi,401,2816.3259195893925,2692.5254237288136,2626.972396486826,3859.0679611650485
Maharashtra,Pune,Potato,12,2024,1500,4000,Rabi,2500,2183.5218855218855,3186.013986013986,2626.972396486826,2933.8104448742747
Maharashtra,Devala,Onion,1,2024,250,1200,Rabi,950,2678.6716114019778,2586.3793103448274,2626.972396486826,2202.0962441314555
Maharashtra,Amrawati(Frui & Veg. Market),Potato,6,2023,1000,1500,Kharif,500,2183.5218855218855,2546.923076923077,3044.2994875080076,2308.1819620253164
Maharashtra,Junnar(Otur),Potato,10,2023,500,1400,Kharif,900,2183.5218855218855,2554.5283018867926,3044.2994875080076,3462.48231511254
Maharashtra,Chopada,Wheat,6,2023,2401,2852,Kharif,451,2816.3259195893925,2651.222222222222,3044.2994875080076,2308.1819620253164
Maharashtra,Akluj,Onion,6,2023,300,1360,Kharif,1060,2678.6716114019778,2208.2716049382716,3044.2994875080076,2308.1819620253164
Maharashtra,Nagpur,Potato,11,2023,1100,1300,Rabi,200,2183.5218855218855,2756.266666666667,2626.972396486826,3859.0679611650485
Maharashtra,Lasalgaon(Niphad),Onion,7,2024,1111,3102,Kharif,1991,2678.6716114019778,2520.8804347826085,3044.2994875080076,3289.337912087912
Maharashtra,Nandgaon,Wheat,1,2024,2522,2530,Rabi,8,2816.3259195893925,2752.116666666667,2626.972396486826,2202.0962441314555
Maharashtra,Laxmi Sopan Agriculture Produce Marketing Co Ltd,Onion,4,2025,500,1600,Zaid,1100,2678.6716114019778,2508.3928571428573,1915.1666666666667,1829.9925
Maharashtra,Chandvad,Onion,4,2025,500,1399,Zaid,899,2678.6716114019778,3065.671875,1915.1666666666667,1829.9925
Maharashtra,Hingna,Potato,12,2024,2000,2500,Rabi,500,2183.5218855218855,2675.875,2626.972396486826,2933.8104448742747
Maharashtra,Rahuri(Vambori),Onion,9,2024,1000,4700,Kharif,3700,2678.6716114019778,2812.3478260869565,3044.2994875080076,3127.0038240917784
Maharashtra,Sinner,Onion,2,2024,300,1340,Rabi,1040,2678.6716114019778,2542.6071428571427,2626.972396486826,2104.9403341288785
Maharashtra,Junnar(Narayangaon),Onion,9,2024,1600,4300,Kharif,2700,2678.6716114019778,2861.8518518518517,3044.2994875080076,3127.0038240917784
Maharashtra,Chandvad,Onion,3,2024,760,1552,Rabi,792,2678.6716114019778,3065.671875,2626.972396486826,1861.5330739299611
Maharashtra,Bhusaval,Onion,4,2025,1000,1500,Zaid,500,2678.6716114019778,2348.8,1915.1666666666667,1829.9925
Maharashtra,Pachora,Wheat,12,2023,2650,3039,Rabi,389,2816.3259195893925,2541.85,2626.972396486826,2933.8104448742747
Maharashtra,Amrawati(Frui & Veg. Market),Onion,4,2025,500,1300,Zaid,800,2678.6716114019778,2546.923076923077,1915.1666666666667,1829.9925
Maharashtra,Navapur,Onion,7,2023,700,1000,Kharif,300,2678.6716114019778,2945.5882352941176,3044.2994875080076,3289.337912087912
Maharashtra,Satara,Onion,11,2024,1000,5100,Rabi,4100,2678.6716114019778,2750.0,2626.972396486826,3859.0679611650485
Maharashtra,Lasalgaon(Vinchur),Onion,10,2024,2000,5001,Kharif,3001,2678.6716114019778,2574.311320754717,3044.2994875080076,3462.48231511254
Maharashtra,Lasalgaon(Niphad),Onion,8,2024,1601,2921,Kharif,1320,2678.6716114019778,2520.8804347826085,3044.2994875080076,3017.515397082658
Maharashtra,Ramtek,Onion,10,2024,3000,4000,Kharif,1000,2678.6716114019778,3246.0169491525426,3044.2994875080076,3462.48231511254
Maharashtra,Nampur,Onion,1,2024,100,1680,Rabi,1580,2678.6716114019778,2499.769230769231,2626.972396486826,2202.0962441314555
Maharashtra,Pune(Pimpri),Onion,6,2024,1500,2500,Kharif,1000,2678.6716114019778,2966.2162162162163,3044.2994875080076,2308.1819620253164
Maharashtra,Karad,Tomato,7,2023,6000,7500,Kharif,1500,6168.357446808511,2862.31884057971,3044.2994875080076,3289.337912087912
Maharashtra,Nampur,Onion,2,2024,500,1850,Rabi,1350,2678.6716114019778,2499.769230769231,2626.972396486826,2104.9403341288785
Maharashtra,Pimpalgaon,Onion,11,2023,2300,4242,Rabi,1942,2678.6716114019778,3416.065934065934,2626.972396486826,3859.0679611650485
Maharashtra,Rahuri,Potato,10,2024,2700,3500,Kharif,800,2183.5218855218855,2826.0106382978724,3044.2994875080076,3462.48231511254
Maharashtra,Vai,Potato,6,2024,2500,3200,Kharif,700,2183.5218855218855,3070.7865168539324,3044.2994875080076,2308.1819620253164
Maharashtra,Chalisgaon,Wheat,11,2023,2450,2871,Rabi,421,2816.3259195893925,2719.05,2626.972396486826,3859.0679611650485
Maharashtra,Rahuri(Vambori),Onion,2,2024,200,1600,Rabi,1400,2678.6716114019778,2812.3478260869565,2626.972396486826,2104.9403341288785
Maharashtra,Manchar,Tomato,6,2023,4000,5000,Kharif,1000,6168.357446808511,2335.757575757576,3044.2994875080076,2308.1819620253164
Maharashtra,Vashi New Mumbai,Potato,5,2025,1400,2000,Zaid,600,2183.5218855218855,2508.130081300813,1915.1666666666667,1988.592672413793
Maharashtra,Bhusaval,Potato,8,2024,2000,2500,Kharif,500,2183.5218855218855,2348.8,3044.2994875080076,3017.515397082658
Maharashtra,Pimpalgaon,Onion,10,2023,1800,4000,Kharif,2200,2678.6716114019778,3416.065934065934,3044.2994875080076,3462.48231511254
Maharashtra,Vashi New Mumbai,Potato,7,2024,2000,2900,Kharif,900,2183.5218855218855,2508.130081300813,3044.2994875080076,3289.337912087912
Maharashtra,Satara,Onion,6,2025,700,1500,Kharif,800,2678.6716114019778,2750.0,3044.2994875080076,2308.1819620253164
Maharashtra,Pune(Khadiki),Onion,7,2023,700,1400,Kharif,700,2678.6716114019778,2011.926605504587,3044.2994875080076,3289.337912087912
Maharashtra,"Sangli(Phale, Bhajipura Market)",Potato,11,2023,900,1300,Rabi,400,2183.5218855218855,2561.711711711712,2626.972396486826,3859.0679611650485
Maharashtra,Yeola,Onion,11,2024,1900,5801,Rabi,3901,2678.6716114019778,2692.5254237288136,2626.972396486826,3859.0679611650485
Maharashtra,Lonand,Onion,9,2024,1000,3630,Kharif,2630,2678.6716114019778,2603.235294117647,3044.2994875080076,3127.0038240917784
Maharashtra,Satara,Onion,5,2024,1500,2000,Zaid,500,2678.6716114019778,2750.0,1915.1666666666667,1988.592672413793
Maharashtra,Pune(Moshi),Potato,11,2024,2200,2500,Rabi,300,2183.5218855218855,2277.6119402985073,2626.972396486826,3859.0679611650485
Maharashtra,Kamthi,Potato,1,2025,1500,2500,Rabi,1000,2183.5218855218855,3486.904761904762,2626.972396486826,2202.0962441314555
Maharashtra,Vashi New Mumbai,Potato,2,2025,1100,1800,Rabi,700,2183.5218855218855,2508.130081300813,2626.972396486826,2104.9403341288785
Maharashtra,Pune(Moshi),Potato,9,2023,700,1600,Kharif,900,2183.5218855218855,2277.6119402985073,3044.2994875080076,3127.0038240917784
Maharashtra,Vashi New Mumbai,Potato,1,2024,800,1500,Rabi,700,2183.5218855218855,2508.130081300813,2626.972396486826,2202.0962441314555
Maharashtra,Kamthi,Onion,12,2024,3500,4500,Rabi,1000,2678.6716114019778,3486.904761904762,2626.972396486826,2933.8104448742747
Maharashtra,Pune(Moshi),Onion,6,2023,300,1000,Kharif,700,2678.6716114019778,2277.6119402985073,3044.2994875080076,2308.1819620253164
Maharashtra,Nagpur,Onion,10,2023,3000,4000,Kharif,1000,2678.6716114019778,2756.266666666667,3044.2994875080076,3462.48231511254
Maharashtra,Akluj,Onion,3,2025,300,2100,Rabi,1800,2678.6716114019778,2208.2716049382716,2626.972396486826,1861.5330739299611
Maharashtra,Dindori(Vani),Onion,12,2023,1500,2821,Rabi,1321,2678.6716114019778,2426.6388888888887,2626.972396486826,2933.8104448742747
Maharashtra,Shrirampur,Potato,1,2025,1000,1500,Rabi,500,2183.5218855218855,2334.11,2626.972396486826,2202.0962441314555
Maharashtra,Pimpalgaon,Onion,8,2023,700,2955,Kharif,2255,2678.6716114019778,3416.065934065934,3044.2994875080076,3017.515397082658
Maharashtra,Pimpalgaon Baswant(Saykheda),Onion,2,2024,600,1900,Rabi,1300,2678.6716114019778,2602.5479452054797,2626.972396486826,2104.9403341288785
Maharashtra,Pimpalgaon,Onion,3,2025,500,1503,Rabi,1003,2678.6716114019778,3416.065934065934,2626.972396486826,1861.5330739299611
Maharashtra,Lasalgaon(Vinchur),Onion,7,2023,500,1577,Kharif,1077,2678.6716114019778,2574.311320754717,3044.2994875080076,3289.337912087912
Maharashtra,Vashi New Mumbai,Onion,8,2024,2400,2900,Kharif,500,2678.6716114019778,2508.130081300813,3044.2994875080076,3017.515397082658
Maharashtra,Shevgaon(Bodhegaon),Wheat,11,2023,2500,2600,Rabi,100,2816.3259195893925,2473.684210526316,2626.972396486826,3859.0679611650485
Maharashtra,Parner,Onion,7,2023,300,2200,Kharif,1900,2678.6716114019778,2909.6153846153848,3044.2994875080076,3289.337912087912
Maharashtra,Chandvad,Onion,11,2023,2000,4501,Rabi,2501,2678.6716114019778,3065.671875,2626.972396486826,3859.0679611650485
Maharashtra,Akluj,Onion,5,2025,300,1200,Zaid,900,2678.6716114019778,2208.2716049382716,1915.1666666666667,1988.592672413793
Maharashtra,Lasalgaon,Onion,11,2023,2000,4512,Rabi,2512,2678.6716114019778,2867.190476190476,2626.972396486826,3859.0679611650485
Maharashtra,Kamthi,Potato,10,2023,1600,2000,Kharif,400,2183.5218855218855,3486.904761904762,3044.2994875080076,3462.48231511254
Maharashtra,Chandvad,Onion,11,2024,1700,5859,Rabi,4159,2678.6716114019778,3065.671875,2626.972396486826,3859.0679611650485
Maharashtra,Junnar(Narayangaon),Potato,12,2024,500,2600,Rabi,2100,2183.5218855218855,2861.8518518518517,2626.972396486826,2933.8104448742747
Maharashtra,Amalner,Wheat,1,2024,2700,3158,Rabi,458,2816.3259195893925,2787.5714285714284,2626.972396486826,2202.0962441314555
Maharashtra,Rahuri,Onion,2,2024,100,1400,Rabi,1300,2678.6716114019778,2826.0106382978724,2626.972396486826,2104.9403341288785
Maharashtra,Karad,Onion,9,2023,1800,2800,Kharif,1000,2678.6716114019778,2862.31884057971,3044.2994875080076,3127.0038240917784
Maharashtra,Bhusaval,Potato,4,2025,1400,2000,Zaid,600,2183.5218855218855,2348.8,1915.1666666666667,1829.9925
Maharashtra,Pathardi,Onion,9,2024,1000,4400,Kharif,3400,2678.6716114019778,2397.093023255814,3044.2994875080076,3127.0038240917784
Maharashtra,Vashi New Mumbai,Potato,12,2023,1000,1500,Rabi,500,2183.5218855218855,2508.130081300813,2626.972396486826,2933.8104448742747
Maharashtra,Pune(Pimpri),Onion,4,2024,1400,1400,Zaid,0,2678.6716114019778,2966.2162162162163,1915.1666666666667,1829.9925
Maharashtra,Pune,Potato,12,2024,1300,3000,Rabi,1700,2183.5218855218855,3186.013986013986,2626.972396486826,2933.8104448742747
Maharashtra,Vashi New Mumbai,Potato,12,2024,1300,2200,Rabi,900,2183.5218855218855,2508.130081300813,2626.972396486826,2933.8104448742747
Maharashtra,Solapur,Wheat,11,2023,2305,3840,Rabi,1535,2816.3259195893925,3247.752808988764,2626.972396486826,3859.0679611650485
Maharashtra,Hingoli,Wheat,10,2023,1900,3080,Kharif,1180,2816.3259195893925,3146.6153846153848,3044.2994875080076,3462.48231511254
Maharashtra,Pimpalgaon,Onion,5,2025,400,1806,Zaid,1406,2678.6716114019778,3416.065934065934,1915.1666666666667,1988.592672413793
Maharashtra,Hinganghat,Wheat,8,2023,2395,2655,Kharif,260,2816.3259195893925,2467.7272727272725,3044.2994875080076,3017.515397082658
Maharashtra,Vai,Potato,12,2024,2500,4000,Rabi,1500,2183.5218855218855,3070.7865168539324,2626.972396486826,2933.8104448742747
Maharashtra,Karjat,Onion,2,2025,1000,3100,Rabi,2100,2678.6716114019778,2275.0,2626.972396486826,2104.9403341288785
Maharashtra,Lasalgaon,Onion,11,2023,1500,4053,Rabi,2553,2678.6716114019778,2867.190476190476,2626.972396486826,3859.0679611650485
Maharashtra,Ahmednagar,Onion,7,2023,200,2000,Kharif,1800,2678.6716114019778,2678.2608695652175,3044.2994875080076,3289.337912087912
Maharashtra,Rahata,Wheat,1,2024,2500,2960,Rabi,460,2816.3259195893925,2600.863309352518,2626.972396486826,2202.0962441314555
Maharashtra,Nasik,Potato,7,2023,1250,1600,Kharif,350,2183.5218855218855,2656.4253731343283,3044.2994875080076,3289.337912087912
Maharashtra,Ahmednagar,Potato,5,2025,1200,2500,Zaid,1300,2183.5218855218855,2678.2608695652175,1915.1666666666667,1988.592672413793
Maharashtra,Mangal Wedha,Tomato,7,2023,600,7200,Kharif,6600,6168.357446808511,2928.322033898305,3044.2994875080076,3289.337912087912
Maharashtra,Parner,Onion,3,2024,300,2000,Rabi,1700,2678.6716114019778,2909.6153846153848,2626.972396486826,1861.5330739299611
Maharashtra,Om Chaitanya Multistate Agro Purpose CoOp Society,Wheat,8,2023,2600,2600,Kharif,0,2816.3259195893925,2918.3333333333335,3044.2994875080076,3017.515397082658
Maharashtra,Mangal Wedha,Onion,8,2024,2200,4200,Kharif,2000,2678.6716114019778,2928.322033898305,3044.2994875080076,3017.515397082658
Maharashtra,Kolhapur,Onion,10,2024,1500,5500,Kharif,4000,2678.6716114019778,3576.785714285714,3044.2994875080076,3462.48231511254
Maharashtra,Bhusaval,Potato,2,2025,2200,2700,Rabi,500,2183.5218855218855,2348.8,2626.972396486826,2104.9403341288785
Maharashtra,Pune(Moshi),Potato,8,2023,800,1700,Kharif,900,2183.5218855218855,2277.6119402985073,3044.2994875080076,3017.515397082658
Maharashtra,Pune(Manjri),Onion,8,2024,2000,4500,Kharif,2500,2678.6716114019778,2804.7619047619046,3044.2994875080076,3017.515397082658
Maharashtra,Bhusaval,Potato,6,2024,1800,2200,Kharif,400,2183.5218855218855,2348.8,3044.2994875080076,2308.1819620253164
Maharashtra,Chalisgaon,Wheat,1,2024,2536,3400,Rabi,864,2816.3259195893925,2719.05,2626.972396486826,2202.0962441314555
Maharashtra,Pune(Manjri),Onion,10,2024,2200,3700,Kharif,1500,2678.6716114019778,2804.7619047619046,3044.2994875080076,3462.48231511254
Maharashtra,Rahuri,Potato,3,2025,600,2000,Rabi,1400,2183.5218855218855,2826.0106382978724,2626.972396486826,1861.5330739299611
Maharashtra,Nampur,Onion,10,2024,1500,4505,Kharif,3005,2678.6716114019778,2499.769230769231,3044.2994875080076,3462.48231511254
Maharashtra,Pune(Moshi),Onion,9,2024,2000,3500,Kharif,1500,2678.6716114019778,2277.6119402985073,3044.2994875080076,3127.0038240917784
Maharashtra,Chalisgaon,Wheat,12,2023,2500,2741,Rabi,241,2816.3259195893925,2719.05,2626.972396486826,2933.8104448742747
Maharashtra,Amalner,Wheat,12,2023,2356,2900,Rabi,544,2816.3259195893925,2787.5714285714284,2626.972396486826,2933.8104448742747
Maharashtra,Akole,Onion,10,2023,200,2611,Kharif,2411,2678.6716114019778,2706.52,3044.2994875080076,3462.48231511254
Maharashtra,Dondaicha,Wheat,12,2023,2111,2800,Rabi,689,2816.3259195893925,2795.7727272727275,2626.972396486826,2933.8104448742747
Maharashtra,Pune(Manjri),Onion,11,2024,2200,5500,Rabi,3300,2678.6716114019778,2804.7619047619046,2626.972396486826,3859.0679611650485
Maharashtra,Bhusaval,Potato,6,2024,2000,3000,Kharif,1000,2183.5218855218855,2348.8,3044.2994875080076,2308.1819620253164
Maharashtra,Bhusaval,Onion,11,2024,2200,3000,Rabi,800,2678.6716114019778,2348.8,2626.972396486826,3859.0679611650485
Maharashtra,Rahuri,Wheat,8,2023,2200,2500,Kharif,300,2816.3259195893925,2826.0106382978724,3044.2994875080076,3017.515397082658
Maharashtra,Kalvan,Onion,6,2023,150,1300,Kharif,1150,2678.6716114019778,2726.1132075471696,3044.2994875080076,2308.1819620253164
Maharashtra,Amrawati(Frui & Veg. Market),Potato,7,2023,900,1600,Kharif,700,2183.5218855218855,2546.923076923077,3044.2994875080076,3289.337912087912
Maharashtra,Chandvad,Tomato,7,2023,2000,8600,Kharif,6600,6168.357446808511,3065.671875,3044.2994875080076,3289.337912087912
Maharashtra,Pathari,Wheat,11,2023,2200,3021,Rabi,821,2816.3259195893925,2668.5,2626.972396486826,3859.0679611650485
Maharashtra,Khed(Chakan),Potato,4,2025,1100,2000,Zaid,900,2183.5218855218855,2519.4174757281553,1915.1666666666667,1829.9925
Maharashtra,Devala,Onion,8,2023,400,2250,Kharif,1850,2678.6716114019778,2586.3793103448274,3044.2994875080076,3017.515397082658
Maharashtra,Hingna,Onion,10,2024,3000,4000,Kharif,1000,2678.6716114019778,2675.875,3044.2994875080076,3462.48231511254
Maharashtra,Mangal Wedha,Onion,9,2023,700,2310,Kharif,1610,2678.6716114019778,2928.322033898305,3044.2994875080076,3127.0038240917784
Maharashtra,Vashi New Mumbai,Onion,3,2025,900,1900,Rabi,1000,2678.6716114019778,2508.130081300813,2626.972396486826,1861.5330739299611
Maharashtra,Lasalgaon,Wheat,7,2023,2291,2751,Kharif,460,2816.3259195893925,2867.190476190476,3044.2994875080076,3289.337912087912
Maharashtra,Shrirampur,Potato,2,2024,1500,1700,Rabi,200,2183.5218855218855,2334.11,2626.972396486826,2104.9403341288785
Maharashtra,Pune(Moshi),Onion,1,2024,500,1400,Rabi,900,2678.6716114019778,2277.6119402985073,2626.972396486826,2202.0962441314555
Maharashtra,Yawal,Onion,2,2024,460,750,Rabi,290,2678.6716114019778,1866.578947368421,2626.972396486826,2104.9403341288785
Maharashtra,Shrirampur,Onion,11,2023,400,4000,Rabi,3600,2678.6716114019778,2334.11,2626.972396486826,3859.0679611650485
Maharashtra,Junnar(Narayangaon),Potato,10,2024,2800,3400,Kharif,600,2183.5218855218855,2861.8518518518517,3044.2994875080076,3462.48231511254
Maharashtra,Lasalgaon,Onion,11,2024,3091,5870,Rabi,2779,2678.6716114019778,2867.190476190476,2626.972396486826,3859.0679611650485
Maharashtra,Umrane,Onion,1,2024,751,2151,Rabi,1400,2678.6716114019778,2608.282608695652,2626.972396486826,2202.0962441314555
Maharashtra,Junnar(Alephata),Onion,10,2023,1000,3000,Kharif,2000,2678.6716114019778,3320.3846153846152,3044.2994875080076,3462.48231511254
Maharashtra,Pathari,Wheat,9,2023,2200,2650,Kharif,450,2816.3259195893925,2668.5,3044.2994875080076,3127.0038240917784
Maharashtra,Sangamner,Onion,10,2024,1500,4800,Kharif,3300,2678.6716114019778,3329.057142857143,3044.2994875080076,3462.48231511254
Maharashtra,Nagpur,Tomato,6,2023,3000,5000,Kharif,2000,6168.357446808511,2756.266666666667,3044.2994875080076,2308.1819620253164
Maharashtra,Hingna,Onion,2,2025,2600,2800,Rabi,200,2678.6716114019778,2675.875,2626.972396486826,2104.9403341288785
Maharashtra,Pimpalgaon Baswant(Saykheda),Onion,8,2024,1400,2800,Kharif,1400,2678.6716114019778,2602.5479452054797,3044.2994875080076,3017.515397082658
Maharashtra,Mangal Wedha,Onion,7,2024,2500,2500,Kharif,0,2678.6716114019778,2928.322033898305,3044.2994875080076,3289.337912087912
Maharashtra,Devala,Onion,10,2023,700,2600,Kharif,1900,2678.6716114019778,2586.3793103448274,3044.2994875080076,3462.48231511254
Maharashtra,Junnar(Alephata),Onion,4,2025,900,1510,Zaid,610,2678.6716114019778,3320.3846153846152,1915.1666666666667,1829.9925
Maharashtra,Vai,Tomato,6,2023,2500,5000,Kharif,2500,6168.357446808511,3070.7865168539324,3044.2994875080076,2308.1819620253164
Maharashtra,Jalgaon,Potato,10,2024,1500,2800,Kharif,1300,2183.5218855218855,2410.159420289855,3044.2994875080076,3462.48231511254
Maharashtra,Lasalgaon,Onion,12,2024,1100,5400,Rabi,4300,2678.6716114019778,2867.190476190476,2626.972396486826,2933.8104448742747
Maharashtra,Pune(Manjri),Onion,4,2024,800,1300,Zaid,500,2678.6716114019778,2804.7619047619046,1915.1666666666667,1829.9925
Maharashtra,Malharshree Farmers Producer Co Ltd,Onion,8,2023,565,2356,Kharif,1791,2678.6716114019778,3063.2,3044.2994875080076,3017.515397082658
Maharashtra,Pune(Pimpri),Onion,10,2023,2000,3200,Kharif,1200,2678.6716114019778,2966.2162162162163,3044.2994875080076,3462.48231511254
Maharashtra,Chandrapur(Ganjwad),Onion,5,2024,1300,1750,Zaid,450,2678.6716114019778,2858.8607594936707,1915.1666666666667,1988.592672413793
Maharashtra,Manchar,Potato,2,2025,1200,1850,Rabi,650,2183.5218855218855,2335.757575757576,2626.972396486826,2104.9403341288785
Maharashtra,Kolhapur,Tomato,7,2023,2000,8000,Kharif,6000,6168.357446808511,3576.785714285714,3044.2994875080076,3289.337912087912
Maharashtra,Kopargaon,Onion,12,2023,1000,3800,Rabi,2800,2678.6716114019778,2558.2608695652175,2626.972396486826,2933.8104448742747
Maharashtra,Pune(Manjri),Potato,4,2025,1600,2500,Zaid,900,2183.5218855218855,2804.7619047619046,1915.1666666666667,1829.9925
Maharashtra,Pune(Pimpri),Onion,4,2025,800,1200,Zaid,400,2678.6716114019778,2966.2162162162163,1915.1666666666667,1829.9925
Maharashtra,Pune(Moshi),Onion,9,2024,1500,3500,Kharif,2000,2678.6716114019778,2277.6119402985073,3044.2994875080076,3127.0038240917784
Maharashtra,Lonand,Onion,11,2023,1500,4300,Rabi,2800,2678.6716114019778,2603.235294117647,2626.972396486826,3859.0679611650485
Maharashtra,Jalgaon,Onion,4,2025,325,692,Zaid,367,2678.6716114019778,2410.159420289855,1915.1666666666667,1829.9925
Maharashtra,Vai,Onion,8,2023,1000,2500,Kharif,1500,2678.6716114019778,3070.7865168539324,3044.2994875080076,3017.515397082658
Maharashtra,Kopargaon,Onion,12,2023,300,1501,Rabi,1201,2678.6716114019778,2558.2608695652175,2626.972396486826,2933.8104448742747
Maharashtra,Amrawati(Frui & Veg. Market),Onion,11,2023,2000,5500,Rabi,3500,2678.6716114019778,2546.923076923077,2626.972396486826,3859.0679611650485
Maharashtra,Pimpalgaon,Onion,8,2024,1700,4007,Kharif,2307,2678.6716114019778,3416.065934065934,3044.2994875080076,3017.515397082658
Maharashtra,Pune,Onion,4,2024,500,1500,Zaid,1000,2678.6716114019778,3186.013986013986,1915.1666666666667,1829.9925
Maharashtra,Jamkhed,Wheat,12,2023,2200,2600,Rabi,400,2816.3259195893925,2610.4651162790697,2626.972396486826,2933.8104448742747
Maharashtra,Shree Rameshwar Krushi Market,Onion,8,2023,204,2700,Kharif,2496,2678.6716114019778,3118.64,3044.2994875080076,3017.515397082658
Maharashtra,Mangal Wedha,Tomato,6,2023,1500,4000,Kharif,2500,6168.357446808511,2928.322033898305,3044.2994875080076,2308.1819620253164
Maharashtra,Shrirampur,Potato,2,2024,1000,1500,Rabi,500,2183.5218855218855,2334.11,2626.972396486826,2104.9403341288785
Maharashtra,Sinner,Onion,1,2024,200,1220,Rabi,1020,2678.6716114019778,2542.6071428571427,2626.972396486826,2202.0962441314555
Maharashtra,Kalvan,Onion,8,2024,1800,4355,Kharif,2555,2678.6716114019778,2726.1132075471696,3044.2994875080076,3017.515397082658
Maharashtra,Amrawati(Frui & Veg. Market),Potato,1,2025,600,2600,Rabi,2000,2183.5218855218855,2546.923076923077,2626.972396486826,2202.0962441314555
Maharashtra,Hingna,Potato,5,2024,2100,2200,Zaid,100,2183.5218855218855,2675.875,1915.1666666666667,1988.592672413793
Maharashtra,Rahata,Potato,12,2023,1300,1500,Rabi,200,2183.5218855218855,2600.863309352518,2626.972396486826,2933.8104448742747
Maharashtra,Lasalgaon(Niphad),Onion,3,2025,1000,1582,Rabi,582,2678.6716114019778,2520.8804347826085,2626.972396486826,1861.5330739299611
Maharashtra,Rahuri(Vambori),Wheat,11,2023,2066,2900,Rabi,834,2816.3259195893925,2812.3478260869565,2626.972396486826,3859.0679611650485
Maharashtra,Satana,Onion,10,2024,1000,5005,Kharif,4005,2678.6716114019778,2894.45,3044.2994875080076,3462.48231511254
Maharashtra,Ramtek,Tomato,6,2023,1800,2000,Kharif,200,6168.357446808511,3246.0169491525426,3044.2994875080076,2308.1819620253164
Maharashtra,Hingna,Potato,1,2025,2400,2500,Rabi,100,2183.5218855218855,2675.875,2626.972396486826,2202.0962441314555
Maharashtra,Kalyan,Potato,8,2024,2800,3000,Kharif,200,2183.5218855218855,2589.4736842105262,3044.2994875080076,3017.515397082658
Maharashtra,Chandrapur(Ganjwad),Potato,8,2023,1400,1600,Kharif,200,2183.5218855218855,2858.8607594936707,3044.2994875080076,3017.515397082658
Maharashtra,Nasik,Potato,7,2023,1100,1500,Kharif,400,2183.5218855218855,2656.4253731343283,3044.2994875080076,3289.337912087912
Maharashtra,Nasik,Onion,10,2024,1500,3200,Kharif,1700,2678.6716114019778,2656.4253731343283,3044.2994875080076,3462.48231511254
Maharashtra,Chandrapur(Ganjwad),Onion,7,2023,1400,3000,Kharif,1600,2678.6716114019778,2858.8607594936707,3044.2994875080076,3289.337912087912
Maharashtra,Vadgaonpeth,Potato,12,2023,1800,2500,Rabi,700,2183.5218855218855,2767.5675675675675,2626.972396486826,2933.8104448742747
Maharashtra,Pune,Onion,7,2023,700,1600,Kharif,900,2678.6716114019778,3186.013986013986,3044.2994875080076,3289.337912087912
Maharashtra,Pune(Khadiki),Onion,3,2024,800,1500,Rabi,700,2678.6716114019778,2011.926605504587,2626.972396486826,1861.5330739299611
Maharashtra,Chandvad,Onion,1,2024,826,2036,Rabi,1210,2678.6716114019778,3065.671875,2626.972396486826,2202.0962441314555
Maharashtra,Gevrai,Wheat,11,2023,2400,3100,Rabi,700,2816.3259195893925,2950.590909090909,2626.972396486826,3859.0679611650485
Maharashtra,Pimpalgaon,Tomato,6,2023,1500,3500,Kharif,2000,6168.357446808511,3416.065934065934,3044.2994875080076,2308.1819620253164
Maharashtra,Kamthi,Tomato,7,2023,8000,10000,Kharif,2000,6168.357446808511,3486.904761904762,3044.2994875080076,3289.337912087912
Maharashtra,Sangli,Wheat,10,2023,3000,4000,Kharif,1000,2816.3259195893925,4790.625,3044.2994875080076,3462.48231511254
Maharashtra,Pune,Potato,3,2025,800,2000,Rabi,1200,2183.5218855218855,3186.013986013986,2626.972396486826,1861.5330739299611
Maharashtra,Pune(Pimpri),Onion,10,2024,3000,4400,Kharif,1400,2678.6716114019778,2966.2162162162163,3044.2994875080076,3462.48231511254
Maharashtra,Nagpur,Onion,7,2024,2000,3000,Kharif,1000,2678.6716114019778,2756.266666666667,3044.2994875080076,3289.337912087912
Maharashtra,Pimpalgaon Baswant(Saykheda),Onion,10,2024,2400,4301,Kharif,1901,2678.6716114019778,2602.5479452054797,3044.2994875080076,3462.48231511254
Maharashtra,Phaltan,Tomato,7,2023,500,9125,Kharif,8625,6168.357446808511,5066.785714285715,3044.2994875080076,3289.337912087912
Maharashtra,Jamkhed,Wheat,11,2023,2200,2700,Rabi,500,2816.3259195893925,2610.4651162790697,2626.972396486826,3859.0679611650485
Maharashtra,Beed,Wheat,1,2024,2350,2786,Rabi,436,2816.3259195893925,3114.3636363636365,2626.972396486826,2202.0962441314555
Maharashtra,Akola,Onion,2,2024,800,1500,Rabi,700,2678.6716114019778,2421.8840579710145,2626.972396486826,2104.9403341288785
Maharashtra,Manchar,Potato,1,2024,1000,1500,Rabi,500,2183.5218855218855,2335.757575757576,2626.972396486826,2202.0962441314555
Maharashtra,Amrawati(Frui & Veg. Market),Potato,11,2023,700,1500,Rabi,800,2183.5218855218855,2546.923076923077,2626.972396486826,3859.0679611650485
Maharashtra,Rahuri,Onion,4,2025,100,1385,Zaid,1285,2678.6716114019778,2826.0106382978724,1915.1666666666667,1829.9925
Maharashtra,Sinner,Onion,10,2023,1101,2086,Kharif,985,2678.6716114019778,2542.6071428571427,3044.2994875080076,3462.48231511254
Maharashtra,Bhusaval,Onion,10,2024,3000,4000,Kharif,1000,2678.6716114019778,2348.8,3044.2994875080076,3462.48231511254
Maharashtra,Manchar,Onion,3,2025,1300,1850,Rabi,550,2678.6716114019778,2335.757575757576,2626.972396486826,1861.5330739299611
Maharashtra,Rahuri(Vambori),Wheat,9,2023,2300,2351,Kharif,51,2816.3259195893925,2812.3478260869565,3044.2994875080076,3127.0038240917784
Maharashtra,Nampur,Onion,7,2024,1255,2890,Kharif,1635,2678.6716114019778,2499.769230769231,3044.2994875080076,3289.337912087912
Maharashtra,Satara,Onion,4,2025,700,1500,Zaid,800,2678.6716114019778,2750.0,1915.1666666666667,1829.9925
Maharashtra,Mumbai,Wheat,7,2023,2600,6000,Kharif,3400,2816.3259195893925,6127.272727272727,3044.2994875080076,3289.337912087912
Maharashtra,Chalisgaon,Wheat,12,2023,2550,3052,Rabi,502,2816.3259195893925,2719.05,2626.972396486826,2933.8104448742747
Maharashtra,Navapur,Tomato,6,2023,800,1500,Kharif,700,6168.357446808511,2945.5882352941176,3044.2994875080076,2308.1819620253164
Maharashtra,Akola,Onion,7,2023,1000,1600,Kharif,600,2678.6716114019778,2421.8840579710145,3044.2994875080076,3289.337912087912
Maharashtra,Sangamner,Tomato,6,2023,1000,6500,Kharif,5500,6168.357446808511,3329.057142857143,3044.2994875080076,2308.1819620253164
Maharashtra,Sinner,Wheat,10,2023,2485,2700,Kharif,215,2816.3259195893925,2542.6071428571427,3044.2994875080076,3462.48231511254
Maharashtra,Nagpur,Potato,1,2024,1300,1700,Rabi,400,2183.5218855218855,2756.266666666667,2626.972396486826,2202.0962441314555
Maharashtra,Ramtek,Potato,10,2024,2500,3000,Kharif,500,2183.5218855218855,3246.0169491525426,3044.2994875080076,3462.48231511254
Maharashtra,Pathardi,Wheat,12,2023,2400,3200,Rabi,800,2816.3259195893925,2397.093023255814,2626.972396486826,2933.8104448742747
Maharashtra,Solapur,Onion,11,2023,100,5500,Rabi,5400,2678.6716114019778,3247.752808988764,2626.972396486826,3859.0679611650485
Maharashtra,Tasgaon,Wheat,6,2023,2460,2750,Kharif,290,2816.3259195893925,2896.875,3044.2994875080076,2308.1819620253164
Maharashtra,Pen,Potato,12,2023,2400,2600,Rabi,200,2183.5218855218855,2790.909090909091,2626.972396486826,2933.8104448742747
Maharashtra,Pune,Potato,8,2024,2300,3000,Kharif,700,2183.5218855218855,3186.013986013986,3044.2994875080076,3017.515397082658
Maharashtra,Palghar,Rice,4,2025,4601,4601,Zaid,0,4928.92,3742.5384615384614,1915.1666666666667,1829.9925
Maharashtra,Solapur,Onion,9,2023,100,2900,Kharif,2800,2678.6716114019778,3247.752808988764,3044.2994875080076,3127.0038240917784
Maharashtra,Sangamner,Onion,4,2025,151,1511,Zaid,1360,2678.6716114019778,3329.057142857143,1915.1666666666667,1829.9925
Maharashtra,Pune(Moshi),Potato,6,2023,800,1800,Kharif,1000,2183.5218855218855,2277.6119402985073,3044.2994875080076,2308.1819620253164
Maharashtra,Nanded,Wheat,1,2024,2400,2750,Rabi,350,2816.3259195893925,2512.3076923076924,2626.972396486826,2202.0962441314555
Maharashtra,Kopargaon,Onion,8,2023,400,2600,Kharif,2200,2678.6716114019778,2558.2608695652175,3044.2994875080076,3017.515397082658
Maharashtra,Nagpur,Onion,8,2024,3000,4000,Kharif,1000,2678.6716114019778,2756.266666666667,3044.2994875080076,3017.515397082658
Maharashtra,Rahuri,Wheat,11,2023,2500,2750,Rabi,250,2816.3259195893925,2826.0106382978724,2626.972396486826,3859.0679611650485
Maharashtra,Kurdwadi(Modnimb),Onion,2,2024,100,1481,Rabi,1381,2678.6716114019778,2242.88,2626.972396486826,2104.9403341288785
Maharashtra,Bhusaval,Potato,7,2024,2200,2500,Kharif,300,2183.5218855218855,2348.8,3044.2994875080076,3289.337912087912
Maharashtra,Satara,Potato,9,2024,2500,3000,Kharif,500,2183.5218855218855,2750.0,3044.2994875080076,3127.0038240917784
Maharashtra,Wardha,Wheat,6,2023,2120,2330,Kharif,210,2816.3259195893925,2226.3333333333335,3044.2994875080076,2308.1819620253164
Maharashtra,Shevgaon,Onion,7,2023,900,1200,Kharif,300,2678.6716114019778,2106.75,3044.2994875080076,3289.337912087912
Maharashtra,Yeola,Wheat,1,2024,2150,3000,Rabi,850,2816.3259195893925,2692.5254237288136,2626.972396486826,2202.0962441314555
Maharashtra,Wardha,Wheat,10,2023,2525,2665,Kharif,140,2816.3259195893925,2226.3333333333335,3044.2994875080076,3462.48231511254
Maharashtra,Pune(Manjri),Tomato,7,2023,6800,10500,Kharif,3700,6168.357446808511,2804.7619047619046,3044.2994875080076,3289.337912087912
Maharashtra,Ahmednagar,Onion,5,2025,200,1500,Zaid,1300,2678.6716114019778,2678.2608695652175,1915.1666666666667,1988.592672413793
Maharashtra,Wardha,Onion,7,2023,750,1500,Kharif,750,2678.6716114019778,2226.3333333333335,3044.2994875080076,3289.337912087912
Maharashtra,Lasalgaon(Vinchur),Onion,4,2025,800,1200,Zaid,400,2678.6716114019778,2574.311320754717,1915.1666666666667,1829.9925
Maharashtra,Om Chaitanya Multistate Agro Purpose CoOp Society,Onion,7,2023,250,1700,Kharif,1450,2678.6716114019778,2918.3333333333335,3044.2994875080076,3289.337912087912
Maharashtra,Solapur,Rice,5,2025,3345,7020,Zaid,3675,4928.92,3247.752808988764,1915.1666666666667,1988.592672413793
Maharashtra,Bhandara,Wheat,8,2023,2200,2300,Kharif,100,2816.3259195893925,3256.25,3044.2994875080076,3017.515397082658
Maharashtra,Khed(Chakan),Onion,4,2025,1000,1600,Zaid,600,2678.6716114019778,2519.4174757281553,1915.1666666666667,1829.9925
Maharashtra,Vashi New Mumbai,Potato,6,2024,2100,2900,Kharif,800,2183.5218855218855,2508.130081300813,3044.2994875080076,2308.1819620253164
Maharashtra,Pimpalgaon Baswant(Saykheda),Onion,10,2023,2000,4111,Kharif,2111,2678.6716114019778,2602.5479452054797,3044.2994875080076,3462.48231511254
Maharashtra,Sinner,Onion,11,2024,2000,6101,Rabi,4101,2678.6716114019778,2542.6071428571427,2626.972396486826,3859.0679611650485
Maharashtra,Bhusaval,Potato,10,2023,1500,1800,Kharif,300,2183.5218855218855,2348.8,3044.2994875080076,3462.48231511254
Maharashtra,Ulhasnagar,Wheat,9,2023,3000,3600,Kharif,600,2816.3259195893925,3895.8333333333335,3044.2994875080076,3127.0038240917784
Maharashtra,Pune,Onion,10,2024,2000,4600,Kharif,2600,2678.6716114019778,3186.013986013986,3044.2994875080076,3462.48231511254
Maharashtra,Shrirampur(Belapur),Wheat,7,2023,2000,2200,Kharif,200,2816.3259195893925,2212.5,3044.2994875080076,3289.337912087912
Maharashtra,Pune,Onion,11,2024,2500,6200,Rabi,3700,2678.6716114019778,3186.013986013986,2626.972396486826,3859.0679611650485
Maharashtra,Shree Sairaj Krushi Market,Onion,3,2025,300,1800,Rabi,1500,2678.6716114019778,3469.375,2626.972396486826,1861.5330739299611
Maharashtra,Satana,Onion,7,2024,1000,3000,Kharif,2000,2678.6716114019778,2894.45,3044.2994875080076,3289.337912087912
Maharashtra,Vashi New Mumbai,Potato,2,2025,1200,1900,Rabi,700,2183.5218855218855,2508.130081300813,2626.972396486826,2104.9403341288785
Maharashtra,Nasik,Onion,7,2024,900,3050,Kharif,2150,2678.6716114019778,2656.4253731343283,3044.2994875080076,3289.337912087912
Maharashtra,Solapur,Onion,7,2023,100,2200,Kharif,2100,2678.6716114019778,3247.752808988764,3044.2994875080076,3289.337912087912
Maharashtra,Lasalgaon,Onion,4,2025,601,1501,Zaid,900,2678.6716114019778,2867.190476190476,1915.1666666666667,1829.9925
Maharashtra,Satara,Onion,2,2024,1000,2000,Rabi,1000,2678.6716114019778,2750.0,2626.972396486826,2104.9403341288785
Maharashtra,Pune(Manjri),Potato,2,2025,1500,2500,Rabi,1000,2183.5218855218855,2804.7619047619046,2626.972396486826,2104.9403341288785
Maharashtra,Sangli,Wheat,7,2023,2700,4000,Kharif,1300,2816.3259195893925,4790.625,3044.2994875080076,3289.337912087912
Maharashtra,Nandurbar,Wheat,12,2023,2600,3220,Rabi,620,2816.3259195893925,2220.733333333333,2626.972396486826,2933.8104448742747
Maharashtra,Tumsar,Wheat,8,2023,2421,2421,Kharif,0,2816.3259195893925,2576.0833333333335,3044.2994875080076,3017.515397082658
Maharashtra,Nandgaon,Onion,3,2025,100,1610,Rabi,1510,2678.6716114019778,2752.116666666667,2626.972396486826,1861.5330739299611
Maharashtra,Rahuri,Potato,2,2025,400,1800,Rabi,1400,2183.5218855218855,2826.0106382978724,2626.972396486826,2104.9403341288785
Maharashtra,Pune(Khadiki),Onion,2,2024,1000,1300,Rabi,300,2678.6716114019778,2011.926605504587,2626.972396486826,2104.9403341288785
Maharashtra,Akola,Potato,5,2024,1800,2300,Zaid,500,2183.5218855218855,2421.8840579710145,1915.1666666666667,1988.592672413793
Maharashtra,Hingna,Potato,4,2025,1800,2000,Zaid,200,2183.5218855218855,2675.875,1915.1666666666667,1829.9925
Maharashtra,Malegaon,Wheat,9,2023,2200,2740,Kharif,540,2816.3259195893925,2828.2608695652175,3044.2994875080076,3127.0038240917784
Maharashtra,Junnar(Alephata),Onion,11,2023,1000,4110,Rabi,3110,2678.6716114019778,3320.3846153846152,2626.972396486826,3859.0679611650485
Maharashtra,Chandvad,Onion,5,2024,700,1974,Zaid,1274,2678.6716114019778,3065.671875,1915.1666666666667,1988.592672413793
Maharashtra,Kurdwadi(Modnimb),Onion,4,2024,300,1480,Zaid,1180,2678.6716114019778,2242.88,1915.1666666666667,1829.9925
Maharashtra,Tumsar,Wheat,10,2023,2485,2485,Kharif,0,2816.3259195893925,2576.0833333333335,3044.2994875080076,3462.48231511254
Maharashtra,Solapur,Potato,1,2024,700,1750,Rabi,1050,2183.5218855218855,3247.752808988764,2626.972396486826,2202.0962441314555
Maharashtra,Sakri,Onion,8,2023,500,1650,Kharif,1150,2678.6716114019778,2829.8611111111113,3044.2994875080076,3017.515397082658
Maharashtra,Sakri,Onion,9,2024,3600,4155,Kharif,555,2678.6716114019778,2829.8611111111113,3044.2994875080076,3127.0038240917784
Maharashtra,Shrirampur(Belapur),Wheat,7,2023,2000,2000,Kharif,0,2816.3259195893925,2212.5,3044.2994875080076,3289.337912087912
Maharashtra,Om Chaitanya Multistate Agro Purpose CoOp Society,Wheat,7,2023,2450,2500,Kharif,50,2816.3259195893925,2918.3333333333335,3044.2994875080076,3289.337912087912
Maharashtra,Lasalgaon(Vinchur),Onion,1,2024,500,1660,Rabi,1160,2678.6716114019778,2574.311320754717,2626.972396486826,2202.0962441314555
Maharashtra,Solapur,Potato,4,2025,1500,2000,Zaid,500,2183.5218855218855,3247.752808988764,1915.1666666666667,1829.9925
Maharashtra,Pandharpur,Onion,10,2023,400,6500,Kharif,6100,2678.6716114019778,3293.846153846154,3044.2994875080076,3462.48231511254
Maharashtra,Pathardi,Onion,12,2023,300,1500,Rabi,1200,2678.6716114019778,2397.093023255814,2626.972396486826,2933.8104448742747
Maharashtra,Nandgaon,Onion,11,2023,600,4000,Rabi,3400,2678.6716114019778,2752.116666666667,2626.972396486826,3859.0679611650485
Maharashtra,Khed(Chakan),Potato,1,2025,1200,2300,Rabi,1100,2183.5218855218855,2519.4174757281553,2626.972396486826,2202.0962441314555
Maharashtra,Sakri,Onion,7,2023,400,1050,Kharif,650,2678.6716114019778,2829.8611111111113,3044.2994875080076,3289.337912087912
Maharashtra,Pimpalgaon Baswant(Saykheda),Onion,9,2024,2500,4285,Kharif,1785,2678.6716114019778,2602.5479452054797,3044.2994875080076,3127.0038240917784
Maharashtra,Pimpalgaon,Onion,3,2025,600,2653,Rabi,2053,2678.6716114019778,3416.065934065934,2626.972396486826,1861.5330739299611
Maharashtra,Malharshree Farmers Producer Co Ltd,Onion,10,2024,2465,4208,Kharif,1743,2678.6716114019778,3063.2,3044.2994875080076,3462.48231511254
Maharashtra,Pune(Manjri),Potato,3,2025,1600,2600,Rabi,1000,2183.5218855218855,2804.7619047619046,2626.972396486826,1861.5330739299611
Maharashtra,Lasalgaon(Niphad),Onion,8,2024,1700,3750,Kharif,2050,2678.6716114019778,2520.8804347826085,3044.2994875080076,3017.515397082658
Maharashtra,Junnar(Narayangaon),Potato,12,2024,400,1500,Rabi,1100,2183.5218855218855,2861.8518518518517,2626.972396486826,2933.8104448742747
Maharashtra,Patur,Wheat,8,2023,2000,2700,Kharif,700,2816.3259195893925,2700.0,3044.2994875080076,3017.515397082658
Maharashtra,Devala,Wheat,10,2023,2450,2785,Kharif,335,2816.3259195893925,2586.3793103448274,3044.2994875080076,3462.48231511254
Maharashtra,Pune(Moshi),Onion,8,2024,2000,4000,Kharif,2000,2678.6716114019778,2277.6119402985073,3044.2994875080076,3017.515397082658
Maharashtra,Anajngaon,Wheat,10,2023,2100,2500,Kharif,400,2816.3259195893925,2501.2,3044.2994875080076,3462.48231511254
Maharashtra,Newasa(Ghodegaon),Onion,5,2024,200,1800,Zaid,1600,2678.6716114019778,2765.151515151515,1915.1666666666667,1988.592672413793
Maharashtra,Junnar(Otur),Onion,11,2024,3000,6510,Rabi,3510,2678.6716114019778,2554.5283018867926,2626.972396486826,3859.0679611650485
Maharashtra,Pune(Pimpri),Onion,10,2024,3000,4500,Kharif,1500,2678.6716114019778,2966.2162162162163,3044.2994875080076,3462.48231511254
Maharashtra,Akola,Potato,2,2025,1500,2000,Rabi,500,2183.5218855218855,2421.8840579710145,2626.972396486826,2104.9403341288785
Maharashtra,Jalgaon,Onion,6,2023,325,1000,Kharif,675,2678.6716114019778,2410.159420289855,3044.2994875080076,2308.1819620253164
Maharashtra,Shrirampur,Potato,11,2023,950,1200,Rabi,250,2183.5218855218855,2334.11,2626.972396486826,3859.0679611650485
Maharashtra,Manmad,Onion,12,2023,1081,1760,Rabi,679,2678.6716114019778,2515.4166666666665,2626.972396486826,2933.8104448742747
Maharashtra,Loha,Wheat,1,2024,2100,3500,Rabi,1400,2816.3259195893925,2960.2,2626.972396486826,2202.0962441314555
Maharashtra,Shrirampur,Wheat,6,2023,2000,2250,Kharif,250,2816.3259195893925,2334.11,3044.2994875080076,2308.1819620253164
Maharashtra,Bhusaval,Onion,12,2023,3000,3500,Rabi,500,2678.6716114019778,2348.8,2626.972396486826,2933.8104448742747
Maharashtra,Akluj,Potato,2,2025,1600,1800,Rabi,200,2183.5218855218855,2208.2716049382716,2626.972396486826,2104.9403341288785
Maharashtra,Dound,Wheat,12,2023,2200,3051,Rabi,851,2816.3259195893925,2757.5714285714284,2626.972396486826,2933.8104448742747
Maharashtra,Lasalgaon,Wheat,10,2023,2480,2975,Kharif,495,2816.3259195893925,2867.190476190476,3044.2994875080076,3462.48231511254
Maharashtra,Pune,Potato,3,2025,1000,1900,Rabi,900,2183.5218855218855,3186.013986013986,2626.972396486826,1861.5330739299611
Maharashtra,Nasik,Potato,4,2025,1300,1900,Zaid,600,2183.5218855218855,2656.4253731343283,1915.1666666666667,1829.9925
Maharashtra,Pune,Potato,7,2023,1100,2000,Kharif,900,2183.5218855218855,3186.013986013986,3044.2994875080076,3289.337912087912
Maharashtra,Kolhapur,Tomato,6,2023,1000,5000,Kharif,4000,6168.357446808511,3576.785714285714,3044.2994875080076,2308.1819620253164
Maharashtra,Amrawati(Frui & Veg. Market),Potato,8,2024,2200,2600,Kharif,400,2183.5218855218855,2546.923076923077,3044.2994875080076,3017.515397082658
Maharashtra,Pune(Manjri),Onion,8,2024,2000,3400,Kharif,1400,2678.6716114019778,2804.7619047619046,3044.2994875080076,3017.515397082658
Maharashtra,Islampur,Onion,4,2025,1000,1800,Zaid,800,2678.6716114019778,2422.7272727272725,1915.1666666666667,1829.9925
Maharashtra,Pune,Potato,6,2023,1200,2100,Kharif,900,2183.5218855218855,3186.013986013986,3044.2994875080076,2308.1819620253164
Maharashtra,Shrirampur,Wheat,12,2023,2200,2600,Rabi,400,2816.3259195893925,2334.11,2626.972396486826,2933.8104448742747
Maharashtra,Kopargaon,Onion,4,2025,700,1281,Zaid,581,2678.6716114019778,2558.2608695652175,1915.1666666666667,1829.9925
Maharashtra,Kalvan,Onion,5,2025,300,1400,Zaid,1100,2678.6716114019778,2726.1132075471696,1915.1666666666667,1988.592672413793
Maharashtra,Dindori(Vani),Onion,4,2025,950,1575,Zaid,625,2678.6716114019778,2426.6388888888887,1915.1666666666667,1829.9925
Maharashtra,Ramtek,Potato,6,2023,1800,2000,Kharif,200,2183.5218855218855,3246.0169491525426,3044.2994875080076,2308.1819620253164
Maharashtra,Kolhapur,Onion,6,2025,500,2100,Kharif,1600,2678.6716114019778,3576.785714285714,3044.2994875080076,2308.1819620253164
Maharashtra,Pune(Pimpri),Onion,8,2023,600,1400,Kharif,800,2678.6716114019778,2966.2162162162163,3044.2994875080076,3017.515397082658
Maharashtra,Patur,Wheat,1,2024,2000,2700,Rabi,700,2816.3259195893925,2700.0,2626.972396486826,2202.0962441314555
Maharashtra,Nasik,Potato,4,2024,1900,2550,Zaid,650,2183.5218855218855,2656.4253731343283,1915.1666666666667,1829.9925
Maharashtra,Patan,Tomato,7,2023,3500,4500,Kharif,1000,6168.357446808511,4500.0,3044.2994875080076,3289.337912087912
Maharashtra,Chopada,Wheat,10,2023,2926,2926,Kharif,0,2816.3259195893925,2651.222222222222,3044.2994875080076,3462.48231511254
Maharashtra,Jamkhed,Wheat,9,2023,2000,2400,Kharif,400,2816.3259195893925,2610.4651162790697,3044.2994875080076,3127.0038240917784
Maharashtra,Kamthi,Potato,7,2024,2500,3500,Kharif,1000,2183.5218855218855,3486.904761904762,3044.2994875080076,3289.337912087912
Maharashtra,Nampur,Onion,8,2024,1200,2770,Kharif,1570,2678.6716114019778,2499.769230769231,3044.2994875080076,3017.515397082658
Maharashtra,Vashi New Mumbai,Potato,7,2024,2000,3000,Kharif,1000,2183.5218855218855,2508.130081300813,3044.2994875080076,3289.337912087912
Maharashtra,Pune(Manjri),Potato,7,2023,800,1200,Kharif,400,2183.5218855218855,2804.7619047619046,3044.2994875080076,3289.337912087912
Maharashtra,Palghar,Wheat,7,2023,3050,3050,Kharif,0,2816.3259195893925,3742.5384615384614,3044.2994875080076,3289.337912087912
Maharashtra,Sinner,Onion,2,2024,500,1850,Rabi,1350,2678.6716114019778,2542.6071428571427,2626.972396486826,2104.9403341288785
Maharashtra,Khed(Chakan),Potato,11,2024,2500,3800,Rabi,1300,2183.5218855218855,2519.4174757281553,2626.972396486826,3859.0679611650485
Maharashtra,Jalgaon,Potato,8,2024,2000,2800,Kharif,800,2183.5218855218855,2410.159420289855,3044.2994875080076,3017.515397082658
Maharashtra,Kolhapur,Onion,2,2024,400,1800,Rabi,1400,2678.6716114019778,3576.785714285714,2626.972396486826,2104.9403341288785
Maharashtra,Satana,Wheat,12,2023,2200,3036,Rabi,836,2816.3259195893925,2894.45,2626.972396486826,2933.8104448742747
Maharashtra,Bhusaval,Potato,3,2025,1500,2000,Rabi,500,2183.5218855218855,2348.8,2626.972396486826,1861.5330739299611
Maharashtra,Vashi New Mumbai,Onion,4,2024,1200,1700,Zaid,500,2678.6716114019778,2508.130081300813,1915.1666666666667,1829.9925
Maharashtra,Satana,Onion,8,2023,600,2170,Kharif,1570,2678.6716114019778,2894.45,3044.2994875080076,3017.515397082658
Maharashtra,Shivsiddha Govind Producer Company Limited Sanchal,Onion,8,2023,800,2200,Kharif,1400,2678.6716114019778,3288.75,3044.2994875080076,3017.515397082658
Maharashtra,Ramtek,Onion,11,2024,4000,5000,Rabi,1000,2678.6716114019778,3246.0169491525426,2626.972396486826,3859.0679611650485
Maharashtra,Karjat(Raigad),Wheat,10,2023,2200,2500,Kharif,300,2816.3259195893925,2770.2380952380954,3044.2994875080076,3462.48231511254
Maharashtra,Pune(Moshi),Onion,3,2024,600,1400,Rabi,800,2678.6716114019778,2277.6119402985073,2626.972396486826,1861.5330739299611
Maharashtra,Shrirampur,Potato,6,2023,1000,1600,Kharif,600,2183.5218855218855,2334.11,3044.2994875080076,2308.1819620253164
Maharashtra,Nagpur,Potato,6,2024,1800,2400,Kharif,600,2183.5218855218855,2756.266666666667,3044.2994875080076,2308.1819620253164
Maharashtra,Nampur,Onion,1,2024,100,1180,Rabi,1080,2678.6716114019778,2499.769230769231,2626.972396486826,2202.0962441314555
Maharashtra,Kille Dharur,Wheat,7,2023,2500,4601,Kharif,2101,2816.3259195893925,3609.0,3044.2994875080076,3289.337912087912
Maharashtra,Akola,Onion,11,2023,3000,4000,Rabi,1000,2678.6716114019778,2421.8840579710145,2626.972396486826,3859.0679611650485
Maharashtra,Shivsiddha Govind Producer Company Limited Sanchal,Onion,10,2024,4405,5500,Kharif,1095,2678.6716114019778,3288.75,3044.2994875080076,3462.48231511254
Maharashtra,Rahuri(Vambori),Onion,4,2025,100,1200,Zaid,1100,2678.6716114019778,2812.3478260869565,1915.1666666666667,1829.9925
Maharashtra,Akola,Potato,5,2024,1600,2300,Zaid,700,2183.5218855218855,2421.8840579710145,1915.1666666666667,1988.592672413793
Maharashtra,Shevgaon,Wheat,12,2023,2500,2800,Rabi,300,2816.3259195893925,2106.75,2626.972396486826,2933.8104448742747
Maharashtra,Solapur,Potato,7,2024,1400,3000,Kharif,1600,2183.5218855218855,3247.752808988764,3044.2994875080076,3289.337912087912
Maharashtra,Nandurbar,Wheat,9,2023,2590,2716,Kharif,126,2816.3259195893925,2220.733333333333,3044.2994875080076,3127.0038240917784
Maharashtra,Pathari,Wheat,8,2023,2101,2501,Kharif,400,2816.3259195893925,2668.5,3044.2994875080076,3017.515397082658
Maharashtra,Rahata,Wheat,9,2023,2450,2761,Kharif,311,2816.3259195893925,2600.863309352518,3044.2994875080076,3127.0038240917784
Maharashtra,Ramtek,Onion,7,2023,1400,1600,Kharif,200,2678.6716114019778,3246.0169491525426,3044.2994875080076,3289.337912087912
Maharashtra,Junnar(Narayangaon),Onion,9,2023,500,2000,Kharif,1500,2678.6716114019778,2861.8518518518517,3044.2994875080076,3127.0038240917784
Maharashtra,Rahata,Potato,11,2024,2200,2800,Rabi,600,2183.5218855218855,2600.863309352518,2626.972396486826,3859.0679611650485
Maharashtra,Pune(Khadiki),Potato,1,2024,1000,1300,Rabi,300,2183.5218855218855,2011.926605504587,2626.972396486826,2202.0962441314555
Maharashtra,Kopargaon,Onion,2,2024,500,1972,Rabi,1472,2678.6716114019778,2558.2608695652175,2626.972396486826,2104.9403341288785
Maharashtra,Vai,Onion,10,2024,2000,4500,Kharif,2500,2678.6716114019778,3070.7865168539324,3044.2994875080076,3462.48231511254
Maharashtra,Bhusaval,Onion,8,2024,3000,3500,Kharif,500,2678.6716114019778,2348.8,3044.2994875080076,3017.515397082658
Maharashtra,Shevgaon,Wheat,6,2023,2050,2350,Kharif,300,2816.3259195893925,2106.75,3044.2994875080076,2308.1819620253164
Maharashtra,Shahada,Wheat,9,2023,2400,2727,Kharif,327,2816.3259195893925,2744.6111111111113,3044.2994875080076,3127.0038240917784
Maharashtra,Akluj,Potato,11,2023,1400,1600,Rabi,200,2183.5218855218855,2208.2716049382716,2626.972396486826,3859.0679611650485
Maharashtra,Nasik,Onion,2,2025,1250,2600,Rabi,1350,2678.6716114019778,2656.4253731343283,2626.972396486826,2104.9403341288785
Maharashtra,Pune(Manjri),Potato,5,2025,1800,2200,Zaid,400,2183.5218855218855,2804.7619047619046,1915.1666666666667,1988.592672413793
Maharashtra,Satara,Potato,7,2023,1500,1800,Kharif,300,2183.5218855218855,2750.0,3044.2994875080076,3289.337912087912
Maharashtra,Shevgaon,Wheat,1,2024,2300,2600,Rabi,300,2816.3259195893925,2106.75,2626.972396486826,2202.0962441314555
Maharashtra,Nagpur,Potato,4,2025,1000,1800,Zaid,800,2183.5218855218855,2756.266666666667,1915.1666666666667,1829.9925
Maharashtra,Pune(Manjri),Onion,10,2023,1300,1700,Kharif,400,2678.6716114019778,2804.7619047619046,3044.2994875080076,3462.48231511254
Maharashtra,Kolhapur,Onion,5,2025,500,2100,Zaid,1600,2678.6716114019778,3576.785714285714,1915.1666666666667,1988.592672413793
Maharashtra,Pune(Manjri),Onion,12,2023,1700,2200,Rabi,500,2678.6716114019778,2804.7619047619046,2626.972396486826,2933.8104448742747
Maharashtra,Vashi New Mumbai,Potato,4,2024,1600,2200,Zaid,600,2183.5218855218855,2508.130081300813,1915.1666666666667,1829.9925
Maharashtra,Nandgaon,Wheat,2,2024,2450,2650,Rabi,200,2816.3259195893925,2752.116666666667,2626.972396486826,2104.9403341288785
Maharashtra,Shirpur,Onion,10,2023,600,2950,Kharif,2350,2678.6716114019778,2791.733333333333,3044.2994875080076,3462.48231511254
Maharashtra,Shree Sairaj Krushi Market,Onion,10,2024,2000,5000,Kharif,3000,2678.6716114019778,3469.375,3044.2994875080076,3462.48231511254
Maharashtra,Ahmednagar,Potato,2,2024,800,1500,Rabi,700,2183.5218855218855,2678.2608695652175,2626.972396486826,2104.9403341288785
Maharashtra,Parner,Onion,10,2024,1500,4500,Kharif,3000,2678.6716114019778,2909.6153846153848,3044.2994875080076,3462.48231511254
Maharashtra,Nampur,Onion,12,2023,100,2235,Rabi,2135,2678.6716114019778,2499.769230769231,2626.972396486826,2933.8104448742747
Maharashtra,Solapur,Potato,1,2025,1500,2200,Rabi,700,2183.5218855218855,3247.752808988764,2626.972396486826,2202.0962441314555
Maharashtra,Amarawati,Wheat,9,2023,2450,2600,Kharif,150,2816.3259195893925,2544.848484848485,3044.2994875080076,3127.0038240917784
Maharashtra,Vadgaonpeth,Onion,7,2024,2600,3200,Kharif,600,2678.6716114019778,2767.5675675675675,3044.2994875080076,3289.337912087912
Maharashtra,Lasalgaon(Niphad),Onion,12,2023,1300,1451,Rabi,151,2678.6716114019778,2520.8804347826085,2626.972396486826,2933.8104448742747
Maharashtra,Karjat(Raigad),Onion,8,2023,700,2000,Kharif,1300,2678.6716114019778,2770.2380952380954,3044.2994875080076,3017.515397082658
Maharashtra,Dhule,Onion,8,2024,500,3650,Kharif,3150,2678.6716114019778,2516.8552631578946,3044.2994875080076,3017.515397082658
Maharashtra,Vashi New Mumbai,Potato,11,2024,2000,3200,Rabi,1200,2183.5218855218855,2508.130081300813,2626.972396486826,3859.0679611650485
Maharashtra,Nandgaon Khandeshwar,Wheat,6,2023,2145,2335,Kharif,190,2816.3259195893925,2336.6666666666665,3044.2994875080076,2308.1819620253164
Maharashtra,Bhusaval,Onion,3,2025,1500,2200,Rabi,700,2678.6716114019778,2348.8,2626.972396486826,1861.5330739299611
Maharashtra,Sakri,Onion,5,2025,700,1470,Zaid,770,2678.6716114019778,2829.8611111111113,1915.1666666666667,1988.592672413793
Maharashtra,Junnar,Onion,8,2023,1000,2110,Kharif,1110,2678.6716114019778,2172.0833333333335,3044.2994875080076,3017.515397082658
Maharashtra,Achalpur,Wheat,7,2023,2200,2400,Kharif,200,2816.3259195893925,2534.4444444444443,3044.2994875080076,3289.337912087912
Maharashtra,Pimpalgaon Baswant(Saykheda),Onion,3,2025,1430,2356,Rabi,926,2678.6716114019778,2602.5479452054797,2626.972396486826,1861.5330739299611
Maharashtra,Pune(Manjri),Onion,9,2023,1000,2200,Kharif,1200,2678.6716114019778,2804.7619047619046,3044.2994875080076,3127.0038240917784
Maharashtra,Karad,Tomato,6,2023,1000,1300,Kharif,300,6168.357446808511,2862.31884057971,3044.2994875080076,2308.1819620253164
Maharashtra,Savner,Wheat,7,2023,1875,2189,Kharif,314,2816.3259195893925,2425.5,3044.2994875080076,3289.337912087912
Maharashtra,Pune(Khadiki),Onion,7,2024,1400,2800,Kharif,1400,2678.6716114019778,2011.926605504587,3044.2994875080076,3289.337912087912
Maharashtra,Pune(Manjri),Onion,4,2025,800,1500,Zaid,700,2678.6716114019778,2804.7619047619046,1915.1666666666667,1829.9925
Maharashtra,Chandvad,Onion,3,2025,1370,1600,Rabi,230,2678.6716114019778,3065.671875,2626.972396486826,1861.5330739299611
Maharashtra,Yawal,Wheat,6,2023,2360,2870,Kharif,510,2816.3259195893925,1866.578947368421,3044.2994875080076,2308.1819620253164
Maharashtra,Pune,Potato,5,2025,1200,2200,Zaid,1000,2183.5218855218855,3186.013986013986,1915.1666666666667,1988.592672413793
Maharashtra,Pune(Manjri),Potato,12,2024,1500,2500,Rabi,1000,2183.5218855218855,2804.7619047619046,2626.972396486826,2933.8104448742747
Maharashtra,Yawal,Onion,2,2025,1360,1800,Rabi,440,2678.6716114019778,1866.578947368421,2626.972396486826,2104.9403341288785
Maharashtra,Savner,Wheat,6,2023,2100,2350,Kharif,250,2816.3259195893925,2425.5,3044.2994875080076,2308.1819620253164
Maharashtra,Pune(Manjri),Potato,12,2023,1200,1800,Rabi,600,2183.5218855218855,2804.7619047619046,2626.972396486826,2933.8104448742747
Maharashtra,Shrirampur,Onion,6,2023,200,1200,Kharif,1000,2678.6716114019778,2334.11,3044.2994875080076,2308.1819620253164
Maharashtra,Pimpalgaon Baswant(Saykheda),Onion,3,2025,715,1723,Rabi,1008,2678.6716114019778,2602.5479452054797,2626.972396486826,1861.5330739299611
Maharashtra,Lasalgaon(Vinchur),Onion,6,2024,1000,2560,Kharif,1560,2678.6716114019778,2574.311320754717,3044.2994875080076,2308.1819620253164
Maharashtra,Jalgaon,Onion,7,2024,750,2877,Kharif,2127,2678.6716114019778,2410.159420289855,3044.2994875080076,3289.337912087912
Maharashtra,Pune,Potato,3,2024,1300,2100,Rabi,800,2183.5218855218855,3186.013986013986,2626.972396486826,1861.5330739299611
Maharashtra,Khed(Chakan),Onion,12,2023,1000,2500,Rabi,1500,2678.6716114019778,2519.4174757281553,2626.972396486826,2933.8104448742747
Maharashtra,Dindori,Onion,6,2023,751,1371,Kharif,620,2678.6716114019778,1774.4666666666667,3044.2994875080076,2308.1819620253164
Maharashtra,Solapur,Potato,8,2024,1500,3000,Kharif,1500,2183.5218855218855,3247.752808988764,3044.2994875080076,3017.515397082658
Maharashtra,Nagpur,Onion,5,2024,1100,1500,Zaid,400,2678.6716114019778,2756.266666666667,1915.1666666666667,1988.592672413793
Maharashtra,Lasalgaon,Onion,10,2024,1100,3641,Kharif,2541,2678.6716114019778,2867.190476190476,3044.2994875080076,3462.48231511254
Maharashtra,Akola,Wheat,12,2023,3050,3800,Rabi,750,2816.3259195893925,2421.8840579710145,2626.972396486826,2933.8104448742747
Maharashtra,Kamthi,Onion,2,2024,1000,2000,Rabi,1000,2678.6716114019778,3486.904761904762,2626.972396486826,2104.9403341288785
Maharashtra,Hingna,Potato,11,2024,2100,3500,Rabi,1400,2183.5218855218855,2675.875,2626.972396486826,3859.0679611650485
Maharashtra,Amrawati(Frui & Veg. Market),Potato,9,2023,1000,1600,Kharif,600,2183.5218855218855,2546.923076923077,3044.2994875080076,3127.0038240917784
Maharashtra,Amrawati(Frui & Veg. Market),Onion,10,2023,1000,4300,Kharif,3300,2678.6716114019778,2546.923076923077,3044.2994875080076,3462.48231511254
Maharashtra,Ulhasnagar,Wheat,12,2023,3000,3500,Rabi,500,2816.3259195893925,3895.8333333333335,2626.972396486826,2933.8104448742747
Maharashtra,Newasa(Ghodegaon),Onion,1,2024,400,2000,Rabi,1600,2678.6716114019778,2765.151515151515,2626.972396486826,2202.0962441314555
Maharashtra,Newasa(Ghodegaon),Onion,1,2024,200,1400,Rabi,1200,2678.6716114019778,2765.151515151515,2626.972396486826,2202.0962441314555
Maharashtra,Mangal Wedha,Onion,2,2024,250,1400,Rabi,1150,2678.6716114019778,2928.322033898305,2626.972396486826,2104.9403341288785
Maharashtra,Nandgaon,Wheat,2,2024,2501,3125,Rabi,624,2816.3259195893925,2752.116666666667,2626.972396486826,2104.9403341288785
Maharashtra,Shrirampur,Potato,7,2023,900,1200,Kharif,300,2183.5218855218855,2334.11,3044.2994875080076,3289.337912087912
Maharashtra,Kopargaon,Onion,8,2024,1000,2969,Kharif,1969,2678.6716114019778,2558.2608695652175,3044.2994875080076,3017.515397082658
Maharashtra,Pathardi,Wheat,10,2023,2100,2500,Kharif,400,2816.3259195893925,2397.093023255814,3044.2994875080076,3462.48231511254
Maharashtra,Shrirampur,Potato,2,2024,800,1400,Rabi,600,2183.5218855218855,2334.11,2626.972396486826,2104.9403341288785
Maharashtra,Shevgaon(Bodhegaon),Wheat,10,2023,2500,2500,Kharif,0,2816.3259195893925,2473.684210526316,3044.2994875080076,3462.48231511254
Maharashtra,Ramtek,Potato,8,2024,2400,2800,Kharif,400,2183.5218855218855,3246.0169491525426,3044.2994875080076,3017.515397082658
Maharashtra,Hingoli,Wheat,9,2023,1800,3200,Kharif,1400,2816.3259195893925,3146.6153846153848,3044.2994875080076,3127.0038240917784
Maharashtra,Chandvad,Onion,5,2024,603,2016,Zaid,1413,2678.6716114019778,3065.671875,1915.1666666666667,1988.592672413793
Maharashtra,Amrawati(Frui & Veg. Market),Potato,11,2023,1000,1500,Rabi,500,2183.5218855218855,2546.923076923077,2626.972396486826,3859.0679611650485
Maharashtra,Lasalgaon(Vinchur),Onion,8,2024,1500,3811,Kharif,2311,2678.6716114019778,2574.311320754717,3044.2994875080076,3017.515397082658
Maharashtra,Bhusaval,Onion,9,2024,3500,4000,Kharif,500,2678.6716114019778,2348.8,3044.2994875080076,3127.0038240917784
Maharashtra,Chalisgaon,Wheat,10,2023,2400,2600,Kharif,200,2816.3259195893925,2719.05,3044.2994875080076,3462.48231511254
Maharashtra,Lasalgaon,Onion,6,2025,600,2101,Kharif,1501,2678.6716114019778,2867.190476190476,3044.2994875080076,2308.1819620253164
Maharashtra,Umrane,Onion,7,2023,551,2000,Kharif,1449,2678.6716114019778,2608.282608695652,3044.2994875080076,3289.337912087912
Maharashtra,Majalgaon,Wheat,11,2023,2500,4000,Rabi,1500,2816.3259195893925,3154.5384615384614,2626.972396486826,3859.0679611650485
Maharashtra,Islampur,Onion,11,2024,3000,7400,Rabi,4400,2678.6716114019778,2422.7272727272725,2626.972396486826,3859.0679611650485
Maharashtra,Shree Rameshwar Krushi Market,Onion,8,2023,242,1951,Kharif,1709,2678.6716114019778,3118.64,3044.2994875080076,3017.515397082658
Maharashtra,Kalyan,Onion,4,2025,1300,1500,Zaid,200,2678.6716114019778,2589.4736842105262,1915.1666666666667,1829.9925
Maharashtra,Jalgaon,Wheat,6,2023,2200,2200,Kharif,0,2816.3259195893925,2410.159420289855,3044.2994875080076,2308.1819620253164
Maharashtra,Loha,Wheat,10,2023,2275,3100,Kharif,825,2816.3259195893925,2960.2,3044.2994875080076,3462.48231511254
Maharashtra,Amrawati(Frui & Veg. Market),Potato,11,2023,800,1500,Rabi,700,2183.5218855218855,2546.923076923077,2626.972396486826,3859.0679611650485
Maharashtra,Pimpalgaon,Onion,1,2024,401,1700,Rabi,1299,2678.6716114019778,3416.065934065934,2626.972396486826,2202.0962441314555
Maharashtra,Shahada,Wheat,8,2023,2151,2532,Kharif,381,2816.3259195893925,2744.6111111111113,3044.2994875080076,3017.515397082658
Maharashtra,Pune(Manjri),Onion,3,2025,1300,2200,Rabi,900,2678.6716114019778,2804.7619047619046,2626.972396486826,1861.5330739299611
Maharashtra,Bhandara,Rice,5,2025,3900,4350,Zaid,450,4928.92,3256.25,1915.1666666666667,1988.592672413793
Maharashtra,Akluj,Potato,11,2024,2500,3000,Rabi,500,2183.5218855218855,2208.2716049382716,2626.972396486826,3859.0679611650485
Maharashtra,Kalvan,Onion,9,2023,400,2525,Kharif,2125,2678.6716114019778,2726.1132075471696,3044.2994875080076,3127.0038240917784
Maharashtra,Katol,Wheat,1,2024,2300,2575,Rabi,275,2816.3259195893925,2448.962962962963,2626.972396486826,2202.0962441314555
Maharashtra,Laxmi Sopan Agriculture Produce Marketing Co Ltd,Onion,7,2024,400,2700,Kharif,2300,2678.6716114019778,2508.3928571428573,3044.2994875080076,3289.337912087912
Maharashtra,Solapur,Potato,3,2025,1300,1800,Rabi,500,2183.5218855218855,3247.752808988764,2626.972396486826,1861.5330739299611
Maharashtra,Sindi(Selu),Wheat,11,2023,2250,2400,Rabi,150,2816.3259195893925,2372.222222222222,2626.972396486826,3859.0679611650485
Maharashtra,Satara,Tomato,7,2023,5000,7000,Kharif,2000,6168.357446808511,2750.0,3044.2994875080076,3289.337912087912
Maharashtra,Satara,Onion,6,2023,300,1300,Kharif,1000,2678.6716114019778,2750.0,3044.2994875080076,2308.1819620253164
Maharashtra,Chandur Bazar,Wheat,8,2023,2150,2650,Kharif,500,2816.3259195893925,2503.3333333333335,3044.2994875080076,3017.515397082658
Maharashtra,Pratap Nana Mahale Khajgi Bajar Samiti,Onion,7,2023,150,1350,Kharif,1200,2678.6716114019778,1356.6666666666667,3044.2994875080076,3289.337912087912
Maharashtra,Kopargaon,Onion,12,2023,500,1700,Rabi,1200,2678.6716114019778,2558.2608695652175,2626.972396486826,2933.8104448742747
Maharashtra,Bhusaval,Onion,6,2023,500,500,Kharif,0,2678.6716114019778,2348.8,3044.2994875080076,2308.1819620253164
Maharashtra,Chalisgaon,Wheat,7,2023,1800,2363,Kharif,563,2816.3259195893925,2719.05,3044.2994875080076,3289.337912087912
Maharashtra,Hingna,Onion,4,2024,1900,2000,Zaid,100,2678.6716114019778,2675.875,1915.1666666666667,1829.9925
Maharashtra,Rahata,Potato,8,2024,2500,3000,Kharif,500,2183.5218855218855,2600.863309352518,3044.2994875080076,3017.515397082658
Maharashtra,Nasik,Potato,2,2025,1050,1800,Rabi,750,2183.5218855218855,2656.4253731343283,2626.972396486826,2104.9403341288785
Maharashtra,Vashi New Mumbai,Onion,6,2025,800,1700,Kharif,900,2678.6716114019778,2508.130081300813,3044.2994875080076,2308.1819620253164
Maharashtra,Pune(Manjri),Onion,9,2023,1300,1700,Kharif,400,2678.6716114019778,2804.7619047619046,3044.2994875080076,3127.0038240917784
Maharashtra,Nasik,Potato,4,2025,1050,1950,Zaid,900,2183.5218855218855,2656.4253731343283,1915.1666666666667,1829.9925
Maharashtra,Vashi New Mumbai,Potato,3,2024,1600,2200,Rabi,600,2183.5218855218855,2508.130081300813,2626.972396486826,1861.5330739299611
Maharashtra,Akluj,Potato,5,2025,1800,2100,Zaid,300,2183.5218855218855,2208.2716049382716,1915.1666666666667,1988.592672413793
Maharashtra,Hingna,Potato,6,2025,2000,2000,Kharif,0,2183.5218855218855,2675.875,3044.2994875080076,2308.1819620253164
Maharashtra,Vadgaonpeth,Onion,9,2024,4600,5200,Kharif,600,2678.6716114019778,2767.5675675675675,3044.2994875080076,3127.0038240917784
Maharashtra,Akluj,Potato,6,2024,2400,2500,Kharif,100,2183.5218855218855,2208.2716049382716,3044.2994875080076,2308.1819620253164
Maharashtra,Shevgaon(Bodhegaon),Wheat,11,2023,2600,2750,Rabi,150,2816.3259195893925,2473.684210526316,2626.972396486826,3859.0679611650485
Maharashtra,Sangamner,Onion,12,2024,1500,5900,Rabi,4400,2678.6716114019778,3329.057142857143,2626.972396486826,2933.8104448742747
Maharashtra,Kamthi,Tomato,7,2023,800,1000,Kharif,200,6168.357446808511,3486.904761904762,3044.2994875080076,3289.337912087912
Maharashtra,Sinner,Onion,4,2025,500,1234,Zaid,734,2678.6716114019778,2542.6071428571427,1915.1666666666667,1829.9925
Maharashtra,Rahuri,Potato,12,2024,2500,3400,Rabi,900,2183.5218855218855,2826.0106382978724,2626.972396486826,2933.8104448742747
Maharashtra,Kamthi,Potato,9,2024,3000,4000,Kharif,1000,2183.5218855218855,3486.904761904762,3044.2994875080076,3127.0038240917784
Maharashtra,Yawal,Wheat,2,2024,2510,3025,Rabi,515,2816.3259195893925,1866.578947368421,2626.972396486826,2104.9403341288785
Maharashtra,Jalgaon,Tomato,7,2023,3000,7000,Kharif,4000,6168.357446808511,2410.159420289855,3044.2994875080076,3289.337912087912
Maharashtra,Parner,Onion,1,2024,100,1500,Rabi,1400,2678.6716114019778,2909.6153846153848,2626.972396486826,2202.0962441314555
Maharashtra,Pathardi,Onion,7,2023,200,1500,Kharif,1300,2678.6716114019778,2397.093023255814,3044.2994875080076,3289.337912087912
Maharashtra,Mangal Wedha,Onion,7,2023,400,1700,Kharif,1300,2678.6716114019778,2928.322033898305,3044.2994875080076,3289.337912087912
Maharashtra,Yeola,Wheat,12,2023,2450,3003,Rabi,553,2816.3259195893925,2692.5254237288136,2626.972396486826,2933.8104448742747
Maharashtra,Yeola,Onion,1,2024,500,1999,Rabi,1499,2678.6716114019778,2692.5254237288136,2626.972396486826,2202.0962441314555
Maharashtra,Pimpalgaon,Onion,5,2025,400,1800,Zaid,1400,2678.6716114019778,3416.065934065934,1915.1666666666667,1988.592672413793
Maharashtra,Pathardi,Onion,4,2024,300,1600,Zaid,1300,2678.6716114019778,2397.093023255814,1915.1666666666667,1829.9925
Maharashtra,Pimpalgaon Baswant(Saykheda),Onion,2,2025,1000,2771,Rabi,1771,2678.6716114019778,2602.5479452054797,2626.972396486826,2104.9403341288785
Maharashtra,Kopargaon,Wheat,11,2023,2475,2916,Rabi,441,2816.3259195893925,2558.2608695652175,2626.972396486826,3859.0679611650485
Maharashtra,Kalyan,Onion,2,2025,2400,2600,Rabi,200,2678.6716114019778,2589.4736842105262,2626.972396486826,2104.9403341288785
Maharashtra,Lasalgaon(Niphad),Wheat,12,2023,2480,2840,Rabi,360,2816.3259195893925,2520.8804347826085,2626.972396486826,2933.8104448742747
Maharashtra,Junnar,Potato,11,2023,1000,1300,Rabi,300,2183.5218855218855,2172.0833333333335,2626.972396486826,3859.0679611650485
Maharashtra,Kopargaon,Onion,12,2023,500,1699,Rabi,1199,2678.6716114019778,2558.2608695652175,2626.972396486826,2933.8104448742747
Maharashtra,Parner,Onion,11,2023,1000,5300,Rabi,4300,2678.6716114019778,2909.6153846153848,2626.972396486826,3859.0679611650485
Maharashtra,Akola,Wheat,6,2023,1805,2550,Kharif,745,2816.3259195893925,2421.8840579710145,3044.2994875080076,2308.1819620253164
Maharashtra,Chandvad,Onion,9,2024,1176,4150,Kharif,2974,2678.6716114019778,3065.671875,3044.2994875080076,3127.0038240917784
Maharashtra,Lasalgaon(Niphad),Wheat,8,2023,2548,2651,Kharif,103,2816.3259195893925,2520.8804347826085,3044.2994875080076,3017.515397082658
Maharashtra,Karad,Onion,7,2024,1000,3000,Kharif,2000,2678.6716114019778,2862.31884057971,3044.2994875080076,3289.337912087912
Maharashtra,Shrigonda,Wheat,7,2023,2200,2400,Kharif,200,2816.3259195893925,2012.5,3044.2994875080076,3289.337912087912
Maharashtra,Junnar(Otur),Onion,12,2023,1000,3000,Rabi,2000,2678.6716114019778,2554.5283018867926,2626.972396486826,2933.8104448742747
Maharashtra,Lasalgaon(Niphad),Onion,7,2023,500,1532,Kharif,1032,2678.6716114019778,2520.8804347826085,3044.2994875080076,3289.337912087912
Maharashtra,Junnar(Narayangaon),Potato,11,2024,550,3000,Rabi,2450,2183.5218855218855,2861.8518518518517,2626.972396486826,3859.0679611650485
Maharashtra,Lasalgaon(Niphad),Wheat,9,2023,2500,2650,Kharif,150,2816.3259195893925,2520.8804347826085,3044.2994875080076,3127.0038240917784
Maharashtra,Solapur,Wheat,9,2023,2295,3645,Kharif,1350,2816.3259195893925,3247.752808988764,3044.2994875080076,3127.0038240917784
Maharashtra,Nampur,Onion,2,2025,300,2410,Rabi,2110,2678.6716114019778,2499.769230769231,2626.972396486826,2104.9403341288785
Maharashtra,"Sangli(Phale, Bhajipura Market)",Onion,8,2023,500,2600,Kharif,2100,2678.6716114019778,2561.711711711712,3044.2994875080076,3017.515397082658
Maharashtra,Vashi New Mumbai,Potato,2,2024,1100,1600,Rabi,500,2183.5218855218855,2508.130081300813,2626.972396486826,2104.9403341288785
Maharashtra,Nasik,Onion,5,2025,320,1251,Zaid,931,2678.6716114019778,2656.4253731343283,1915.1666666666667,1988.592672413793
Maharashtra,Satara,Onion,5,2024,1500,2200,Zaid,700,2678.6716114019778,2750.0,1915.1666666666667,1988.592672413793
Maharashtra,Nasik,Onion,5,2024,1000,2200,Zaid,1200,2678.6716114019778,2656.4253731343283,1915.1666666666667,1988.592672413793
Maharashtra,Tasgaon,Wheat,1,2024,2860,3240,Rabi,380,2816.3259195893925,2896.875,2626.972396486826,2202.0962441314555
Maharashtra,Shirpur,Wheat,6,2023,2000,2576,Kharif,576,2816.3259195893925,2791.733333333333,3044.2994875080076,2308.1819620253164
Maharashtra,Lasalgaon(Vinchur),Onion,6,2023,300,1300,Kharif,1000,2678.6716114019778,2574.311320754717,3044.2994875080076,2308.1819620253164
Maharashtra,Baramati,Onion,1,2024,250,2000,Rabi,1750,2678.6716114019778,2769.054054054054,2626.972396486826,2202.0962441314555
Maharashtra,Sakri,Onion,9,2023,1000,2250,Kharif,1250,2678.6716114019778,2829.8611111111113,3044.2994875080076,3127.0038240917784
Maharashtra,Pune(Khadiki),Potato,6,2025,1200,1600,Kharif,400,2183.5218855218855,2011.926605504587,3044.2994875080076,2308.1819620253164
Maharashtra,Pune,Potato,12,2024,2000,4000,Rabi,2000,2183.5218855218855,3186.013986013986,2626.972396486826,2933.8104448742747
Maharashtra,Sangamner,Onion,4,2024,100,1601,Zaid,1501,2678.6716114019778,3329.057142857143,1915.1666666666667,1829.9925
Maharashtra,Pune(Pimpri),Onion,11,2023,2000,5000,Rabi,3000,2678.6716114019778,2966.2162162162163,2626.972396486826,3859.0679611650485
Maharashtra,Shrirampur,Onion,5,2025,250,1200,Zaid,950,2678.6716114019778,2334.11,1915.1666666666667,1988.592672413793
Maharashtra,Nandgaon,Onion,12,2023,350,4081,Rabi,3731,2678.6716114019778,2752.116666666667,2626.972396486826,2933.8104448742747
Maharashtra,Kalvan,Onion,1,2024,800,2190,Rabi,1390,2678.6716114019778,2726.1132075471696,2626.972396486826,2202.0962441314555
Maharashtra,Rahata,Tomato,7,2023,3000,7500,Kharif,4500,6168.357446808511,2600.863309352518,3044.2994875080076,3289.337912087912
Maharashtra,Palghar,Wheat,11,2023,3170,3170,Rabi,0,2816.3259195893925,3742.5384615384614,2626.972396486826,3859.0679611650485
Maharashtra,Vita,Potato,8,2024,3000,3200,Kharif,200,2183.5218855218855,2686.9565217391305,3044.2994875080076,3017.515397082658
Maharashtra,Pathardi,Onion,7,2023,500,1500,Kharif,1000,2678.6716114019778,2397.093023255814,3044.2994875080076,3289.337912087912
Maharashtra,Akluj,Potato,12,2024,2500,3000,Rabi,500,2183.5218855218855,2208.2716049382716,2626.972396486826,2933.8104448742747
Maharashtra,Pune(Moshi),Onion,2,2024,700,1000,Rabi,300,2678.6716114019778,2277.6119402985073,2626.972396486826,2104.9403341288785
Maharashtra,Chandvad,Onion,8,2024,1690,4101,Kharif,2411,2678.6716114019778,3065.671875,3044.2994875080076,3017.515397082658
Maharashtra,Akhadabalapur,Wheat,9,2023,2200,2500,Kharif,300,2816.3259195893925,2500.0,3044.2994875080076,3127.0038240917784
Maharashtra,Manmad,Onion,12,2023,520,2300,Rabi,1780,2678.6716114019778,2515.4166666666665,2626.972396486826,2933.8104448742747
Maharashtra,Nasik,Potato,6,2025,1500,2100,Kharif,600,2183.5218855218855,2656.4253731343283,3044.2994875080076,2308.1819620253164
Maharashtra,Pimpalgaon Baswant(Saykheda),Onion,10,2024,2400,4381,Kharif,1981,2678.6716114019778,2602.5479452054797,3044.2994875080076,3462.48231511254
Maharashtra,Akole,Onion,4,2025,300,1351,Zaid,1051,2678.6716114019778,2706.52,1915.1666666666667,1829.9925
Maharashtra,Kalyan,Onion,2,2025,3100,3300,Rabi,200,2678.6716114019778,2589.4736842105262,2626.972396486826,2104.9403341288785
Maharashtra,Junnar(Alephata),Onion,10,2024,3000,5110,Kharif,2110,2678.6716114019778,3320.3846153846152,3044.2994875080076,3462.48231511254
Maharashtra,Pune(Pimpri),Onion,8,2023,700,2300,Kharif,1600,2678.6716114019778,2966.2162162162163,3044.2994875080076,3017.515397082658
Maharashtra,Amrawati(Frui & Veg. Market),Potato,8,2024,1800,2800,Kharif,1000,2183.5218855218855,2546.923076923077,3044.2994875080076,3017.515397082658
Maharashtra,Bhusaval,Onion,10,2024,3500,4000,Kharif,500,2678.6716114019778,2348.8,3044.2994875080076,3462.48231511254
Maharashtra,Lasalgaon(Niphad),Onion,2,2025,2100,2400,Rabi,300,2678.6716114019778,2520.8804347826085,2626.972396486826,2104.9403341288785
Maharashtra,Savner,Wheat,9,2023,2350,2375,Kharif,25,2816.3259195893925,2425.5,3044.2994875080076,3127.0038240917784
Maharashtra,Karad,Onion,2,2025,500,3000,Rabi,2500,2678.6716114019778,2862.31884057971,2626.972396486826,2104.9403341288785
Maharashtra,Manmad,Onion,11,2024,1800,5500,Rabi,3700,2678.6716114019778,2515.4166666666665,2626.972396486826,3859.0679611650485
Maharashtra,Laxmi Sopan Agriculture Produce Marketing Co Ltd,Onion,11,2023,1000,5000,Rabi,4000,2678.6716114019778,2508.3928571428573,2626.972396486826,3859.0679611650485
Maharashtra,Satana,Wheat,6,2023,2286,2840,Kharif,554,2816.3259195893925,2894.45,3044.2994875080076,2308.1819620253164
Maharashtra,Rahata,Potato,4,2025,700,1600,Zaid,900,2183.5218855218855,2600.863309352518,1915.1666666666667,1829.9925
Maharashtra,Lasalgaon,Wheat,12,2023,2500,3100,Rabi,600,2816.3259195893925,2867.190476190476,2626.972396486826,2933.8104448742747
Maharashtra,Dhule,Onion,10,2024,500,3970,Kharif,3470,2678.6716114019778,2516.8552631578946,3044.2994875080076,3462.48231511254
Maharashtra,Kamthi,Potato,11,2023,1400,1800,Rabi,400,2183.5218855218855,3486.904761904762,2626.972396486826,3859.0679611650485
Maharashtra,Jalgaon,Potato,2,2024,1000,1500,Rabi,500,2183.5218855218855,2410.159420289855,2626.972396486826,2104.9403341288785
Maharashtra,Lasalgaon,Onion,7,2023,500,1690,Kharif,1190,2678.6716114019778,2867.190476190476,3044.2994875080076,3289.337912087912
Maharashtra,Shrirampur,Potato,1,2024,1000,1200,Rabi,200,2183.5218855218855,2334.11,2626.972396486826,2202.0962441314555
Maharashtra,Jamkhed,Onion,2,2024,100,1700,Rabi,1600,2678.6716114019778,2610.4651162790697,2626.972396486826,2104.9403341288785
Maharashtra,Shevgaon,Onion,5,2025,500,800,Zaid,300,2678.6716114019778,2106.75,1915.1666666666667,1988.592672413793
Maharashtra,Gangakhed,Wheat,9,2023,2200,2800,Kharif,600,2816.3259195893925,2716.6666666666665,3044.2994875080076,3127.0038240917784
Maharashtra,Shahada,Wheat,10,2023,1800,2651,Kharif,851,2816.3259195893925,2744.6111111111113,3044.2994875080076,3462.48231511254
Maharashtra,Karad,Onion,10,2023,800,2200,Kharif,1400,2678.6716114019778,2862.31884057971,3044.2994875080076,3462.48231511254
Maharashtra,Shevgaon(Bodhegaon),Wheat,7,2023,2200,2400,Kharif,200,2816.3259195893925,2473.684210526316,3044.2994875080076,3289.337912087912
Maharashtra,Pune(Pimpri),Onion,8,2023,1400,2300,Kharif,900,2678.6716114019778,2966.2162162162163,3044.2994875080076,3017.515397082658
Maharashtra,Akola,Onion,10,2023,2500,6000,Kharif,3500,2678.6716114019778,2421.8840579710145,3044.2994875080076,3462.48231511254
Maharashtra,Nagpur,Tomato,6,2023,6000,7000,Kharif,1000,6168.357446808511,2756.266666666667,3044.2994875080076,2308.1819620253164
Maharashtra,Karad,Onion,4,2025,1000,1300,Zaid,300,2678.6716114019778,2862.31884057971,1915.1666666666667,1829.9925
Maharashtra,Lasalgaon(Vinchur),Onion,11,2024,2500,5701,Rabi,3201,2678.6716114019778,2574.311320754717,2626.972396486826,3859.0679611650485
Maharashtra,Lasalgaon(Niphad),Onion,4,2025,800,1310,Zaid,510,2678.6716114019778,2520.8804347826085,1915.1666666666667,1829.9925
Maharashtra,Vadgaonpeth,Onion,6,2025,1000,1600,Kharif,600,2678.6716114019778,2767.5675675675675,3044.2994875080076,2308.1819620253164
Maharashtra,Lasalgaon(Niphad),Onion,5,2024,800,2000,Zaid,1200,2678.6716114019778,2520.8804347826085,1915.1666666666667,1988.592672413793
Maharashtra,Akluj,Potato,10,2023,1400,1600,Kharif,200,2183.5218855218855,2208.2716049382716,3044.2994875080076,3462.48231511254
Maharashtra,Chandvad,Onion,12,2024,1500,4400,Rabi,2900,2678.6716114019778,3065.671875,2626.972396486826,2933.8104448742747
Maharashtra,"Sangli(Phale, Bhajipura Market)",Onion,4,2025,1000,1800,Zaid,800,2678.6716114019778,2561.711711711712,1915.1666666666667,1829.9925
Maharashtra,Akluj,Potato,1,2024,1200,1700,Rabi,500,2183.5218855218855,2208.2716049382716,2626.972396486826,2202.0962441314555
Maharashtra,Kopargaon,Onion,11,2023,1900,3514,Rabi,1614,2678.6716114019778,2558.2608695652175,2626.972396486826,3859.0679611650485
Maharashtra,Yeola,Wheat,12,2023,2670,2999,Rabi,329,2816.3259195893925,2692.5254237288136,2626.972396486826,2933.8104448742747
Maharashtra,Manchar,Potato,2,2024,1000,2000,Rabi,1000,2183.5218855218855,2335.757575757576,2626.972396486826,2104.9403341288785
Maharashtra,Kalvan,Onion,3,2025,1200,1905,Rabi,705,2678.6716114019778,2726.1132075471696,2626.972396486826,1861.5330739299611
Maharashtra,Lasalgaon,Onion,4,2025,500,1481,Zaid,981,2678.6716114019778,2867.190476190476,1915.1666666666667,1829.9925
Maharashtra,Mumbai,Wheat,9,2023,2600,6000,Kharif,3400,2816.3259195893925,6127.272727272727,3044.2994875080076,3127.0038240917784
Maharashtra,Jamkhed,Wheat,7,2023,2200,2500,Kharif,300,2816.3259195893925,2610.4651162790697,3044.2994875080076,3289.337912087912
Maharashtra,Lasalgaon(Vinchur),Onion,7,2023,600,1626,Kharif,1026,2678.6716114019778,2574.311320754717,3044.2994875080076,3289.337912087912
Maharashtra,Indapur,Onion,6,2023,150,1400,Kharif,1250,2678.6716114019778,2276.8333333333335,3044.2994875080076,2308.1819620253164
Maharashtra,"Sangli(Phale, Bhajipura Market)",Potato,10,2024,1100,3100,Kharif,2000,2183.5218855218855,2561.711711711712,3044.2994875080076,3462.48231511254
Maharashtra,Chandvad,Onion,2,2024,651,1462,Rabi,811,2678.6716114019778,3065.671875,2626.972396486826,2104.9403341288785
Maharashtra,Nagpur,Onion,3,2025,1000,1400,Rabi,400,2678.6716114019778,2756.266666666667,2626.972396486826,1861.5330739299611
Maharashtra,Shivsiddha Govind Producer Company Limited Sanchal,Onion,10,2023,1700,3105,Kharif,1405,2678.6716114019778,3288.75,3044.2994875080076,3462.48231511254
Maharashtra,Katol,Wheat,10,2023,2475,2541,Kharif,66,2816.3259195893925,2448.962962962963,3044.2994875080076,3462.48231511254
Maharashtra,Chandvad,Onion,11,2023,1701,3638,Rabi,1937,2678.6716114019778,3065.671875,2626.972396486826,3859.0679611650485
Maharashtra,Nandgaon,Onion,7,2024,500,3131,Kharif,2631,2678.6716114019778,2752.116666666667,3044.2994875080076,3289.337912087912
Maharashtra,Umrane,Onion,10,2024,1500,4715,Kharif,3215,2678.6716114019778,2608.282608695652,3044.2994875080076,3462.48231511254
Maharashtra,Amrawati(Frui & Veg. Market),Onion,10,2024,1500,3000,Kharif,1500,2678.6716114019778,2546.923076923077,3044.2994875080076,3462.48231511254
Maharashtra,Jalgaon,Onion,8,2023,750,2087,Kharif,1337,2678.6716114019778,2410.159420289855,3044.2994875080076,3017.515397082658
Maharashtra,Pimpalgaon Baswant(Saykheda),Onion,5,2025,525,1152,Zaid,627,2678.6716114019778,2602.5479452054797,1915.1666666666667,1988.592672413793
Maharashtra,Yeola,Onion,5,2025,100,1200,Zaid,1100,2678.6716114019778,2692.5254237288136,1915.1666666666667,1988.592672413793
Maharashtra,Sakri,Onion,5,2025,900,1400,Zaid,500,2678.6716114019778,2829.8611111111113,1915.1666666666667,1988.592672413793
Maharashtra,Amalner,Wheat,12,2023,2800,2900,Rabi,100,2816.3259195893925,2787.5714285714284,2626.972396486826,2933.8104448742747
Maharashtra,Sangamner,Onion,11,2023,500,4811,Rabi,4311,2678.6716114019778,3329.057142857143,2626.972396486826,3859.0679611650485
Maharashtra,Pune(Moshi),Potato,4,2024,1300,1800,Zaid,500,2183.5218855218855,2277.6119402985073,1915.1666666666667,1829.9925
Maharashtra,Sangli,Wheat,2,2024,3250,4000,Rabi,750,2816.3259195893925,4790.625,2626.972396486826,2104.9403341288785
Maharashtra,Rahata,Onion,6,2023,200,1300,Kharif,1100,2678.6716114019778,2600.863309352518,3044.2994875080076,2308.1819620253164
Maharashtra,Lasalgaon(Niphad),Wheat,7,2023,2336,2590,Kharif,254,2816.3259195893925,2520.8804347826085,3044.2994875080076,3289.337912087912
Maharashtra,Manchar,Onion,7,2023,1500,2210,Kharif,710,2678.6716114019778,2335.757575757576,3044.2994875080076,3289.337912087912
Maharashtra,Shrirampur,Wheat,10,2023,2100,2600,Kharif,500,2816.3259195893925,2334.11,3044.2994875080076,3462.48231511254
Maharashtra,Akluj,Onion,4,2024,200,1400,Zaid,1200,2678.6716114019778,2208.2716049382716,1915.1666666666667,1829.9925
Maharashtra,Rahata,Onion,7,2024,700,3300,Kharif,2600,2678.6716114019778,2600.863309352518,3044.2994875080076,3289.337912087912
Maharashtra,Pathardi,Onion,5,2025,200,1300,Zaid,1100,2678.6716114019778,2397.093023255814,1915.1666666666667,1988.592672413793
Maharashtra,Parner,Onion,1,2024,100,1800,Rabi,1700,2678.6716114019778,2909.6153846153848,2626.972396486826,2202.0962441314555
Maharashtra,Junnar(Otur),Potato,10,2024,1000,2670,Kharif,1670,2183.5218855218855,2554.5283018867926,3044.2994875080076,3462.48231511254
Maharashtra,Newasa(Ghodegaon),Onion,12,2023,500,1900,Rabi,1400,2678.6716114019778,2765.151515151515,2626.972396486826,2933.8104448742747
Maharashtra,Pimpalgaon Baswant(Saykheda),Onion,5,2024,600,1660,Zaid,1060,2678.6716114019778,2602.5479452054797,1915.1666666666667,1988.592672413793
Maharashtra,Pune(Manjri),Onion,5,2025,800,1100,Zaid,300,2678.6716114019778,2804.7619047619046,1915.1666666666667,1988.592672413793
Maharashtra,Satara,Potato,8,2023,1300,1600,Kharif,300,2183.5218855218855,2750.0,3044.2994875080076,3017.515397082658
Maharashtra,Pune,Onion,8,2024,2500,4100,Kharif,1600,2678.6716114019778,3186.013986013986,3044.2994875080076,3017.515397082658
Maharashtra,Amrawati(Frui & Veg. Market),Potato,1,2025,800,2600,Rabi,1800,2183.5218855218855,2546.923076923077,2626.972396486826,2202.0962441314555
Maharashtra,Vashi New Mumbai,Onion,12,2023,3000,4600,Rabi,1600,2678.6716114019778,2508.130081300813,2626.972396486826,2933.8104448742747
Maharashtra,Sakri,Onion,9,2023,900,2255,Kharif,1355,2678.6716114019778,2829.8611111111113,3044.2994875080076,3127.0038240917784
Maharashtra,Loha,Wheat,8,2023,2100,2926,Kharif,826,2816.3259195893925,2960.2,3044.2994875080076,3017.515397082658
Maharashtra,Yawal,Onion,4,2024,1230,1650,Zaid,420,2678.6716114019778,1866.578947368421,1915.1666666666667,1829.9925
Maharashtra,Nampur,Onion,3,2024,300,1550,Rabi,1250,2678.6716114019778,2499.769230769231,2626.972396486826,1861.5330739299611
Maharashtra,Shevgaon,Onion,10,2023,2000,2600,Kharif,600,2678.6716114019778,2106.75,3044.2994875080076,3462.48231511254
Maharashtra,Shevgaon,Wheat,1,2024,2400,2800,Rabi,400,2816.3259195893925,2106.75,2626.972396486826,2202.0962441314555
Maharashtra,Chandur Bazar,Wheat,6,2023,2150,2500,Kharif,350,2816.3259195893925,2503.3333333333335,3044.2994875080076,2308.1819620253164
Maharashtra,Karad,Onion,4,2025,1000,1200,Zaid,200,2678.6716114019778,2862.31884057971,1915.1666666666667,1829.9925
Maharashtra,Dhule,Onion,10,2023,500,3500,Kharif,3000,2678.6716114019778,2516.8552631578946,3044.2994875080076,3462.48231511254
Maharashtra,Chandrapur(Ganjwad),Potato,7,2024,3000,3200,Kharif,200,2183.5218855218855,2858.8607594936707,3044.2994875080076,3289.337912087912
Maharashtra,Pune(Manjri),Potato,12,2024,2500,3200,Rabi,700,2183.5218855218855,2804.7619047619046,2626.972396486826,2933.8104448742747
Maharashtra,Amrawati(Frui & Veg. Market),Tomato,10,2023,700,900,Kharif,200,6168.357446808511,2546.923076923077,3044.2994875080076,3462.48231511254
Maharashtra,Pune(Khadiki),Potato,1,2025,1400,1800,Rabi,400,2183.5218855218855,2011.926605504587,2626.972396486826,2202.0962441314555
Maharashtra,Sakri,Onion,10,2024,3900,4300,Kharif,400,2678.6716114019778,2829.8611111111113,3044.2994875080076,3462.48231511254
Maharashtra,Pune(Manjri),Potato,10,2023,1600,2000,Kharif,400,2183.5218855218855,2804.7619047619046,3044.2994875080076,3462.48231511254
Maharashtra,Amrawati(Frui & Veg. Market),Onion,3,2025,600,1400,Rabi,800,2678.6716114019778,2546.923076923077,2626.972396486826,1861.5330739299611
Maharashtra,Pune(Khadiki),Onion,8,2024,1700,3300,Kharif,1600,2678.6716114019778,2011.926605504587,3044.2994875080076,3017.515397082658
Maharashtra,Satana,Onion,4,2025,200,1445,Zaid,1245,2678.6716114019778,2894.45,1915.1666666666667,1829.9925
Maharashtra,Pune(Moshi),Potato,9,2024,1800,2300,Kharif,500,2183.5218855218855,2277.6119402985073,3044.2994875080076,3127.0038240917784
Maharashtra,Kopargaon,Onion,4,2024,500,1487,Zaid,987,2678.6716114019778,2558.2608695652175,1915.1666666666667,1829.9925
Maharashtra,Solapur,Wheat,7,2023,2305,3470,Kharif,1165,2816.3259195893925,3247.752808988764,3044.2994875080076,3289.337912087912
Maharashtra,Pimpalgaon Baswant(Saykheda),Onion,5,2024,600,1627,Zaid,1027,2678.6716114019778,2602.5479452054797,1915.1666666666667,1988.592672413793
Maharashtra,Lasalgaon(Niphad),Onion,4,2025,700,1320,Zaid,620,2678.6716114019778,2520.8804347826085,1915.1666666666667,1829.9925
Maharashtra,Dondaicha,Wheat,12,2023,2350,2900,Rabi,550,2816.3259195893925,2795.7727272727275,2626.972396486826,2933.8104448742747
Maharashtra,Bhusaval,Onion,1,2024,1000,1500,Rabi,500,2678.6716114019778,2348.8,2626.972396486826,2202.0962441314555
Maharashtra,Rahuri,Potato,10,2023,1500,2100,Kharif,600,2183.5218855218855,2826.0106382978724,3044.2994875080076,3462.48231511254
Maharashtra,Shevgaon,Wheat,7,2023,2150,2350,Kharif,200,2816.3259195893925,2106.75,3044.2994875080076,3289.337912087912
Maharashtra,Pune(Manjri),Onion,9,2024,3000,4800,Kharif,1800,2678.6716114019778,2804.7619047619046,3044.2994875080076,3127.0038240917784
Maharashtra,"Sangli(Phale, Bhajipura Market)",Potato,2,2025,1300,2000,Rabi,700,2183.5218855218855,2561.711711711712,2626.972396486826,2104.9403341288785
Maharashtra,Shevgaon,Onion,5,2025,900,1250,Zaid,350,2678.6716114019778,2106.75,1915.1666666666667,1988.592672413793
Maharashtra,Amarawati,Wheat,8,2023,2400,2500,Kharif,100,2816.3259195893925,2544.848484848485,3044.2994875080076,3017.515397082658
Maharashtra,Amalner,Wheat,6,2023,2000,2600,Kharif,600,2816.3259195893925,2787.5714285714284,3044.2994875080076,2308.1819620253164
Maharashtra,Satana,Onion,12,2023,400,2275,Rabi,1875,2678.6716114019778,2894.45,2626.972396486826,2933.8104448742747
Maharashtra,Kopargaon,Wheat,7,2023,2300,2481,Kharif,181,2816.3259195893925,2558.2608695652175,3044.2994875080076,3289.337912087912
Maharashtra,Chandrapur(Ganjwad),Potato,7,2023,1300,1500,Kharif,200,2183.5218855218855,2858.8607594936707,3044.2994875080076,3289.337912087912
Maharashtra,Khed(Chakan),Onion,8,2023,1200,2550,Kharif,1350,2678.6716114019778,2519.4174757281553,3044.2994875080076,3017.515397082658
Maharashtra,Kolhapur,Onion,11,2024,1000,6400,Rabi,5400,2678.6716114019778,3576.785714285714,2626.972396486826,3859.0679611650485
Maharashtra,Kopargaon,Onion,2,2025,1000,2581,Rabi,1581,2678.6716114019778,2558.2608695652175,2626.972396486826,2104.9403341288785
Maharashtra,Kalyan,Onion,2,2025,2000,2200,Rabi,200,2678.6716114019778,2589.4736842105262,2626.972396486826,2104.9403341288785
Maharashtra,Khed(Chakan),Potato,6,2024,1900,2700,Kharif,800,2183.5218855218855,2519.4174757281553,3044.2994875080076,2308.1819620253164
Maharashtra,Nagpur,Onion,3,2025,1300,2500,Rabi,1200,2678.6716114019778,2756.266666666667,2626.972396486826,1861.5330739299611
Maharashtra,Islampur,Potato,9,2023,1500,2000,Kharif,500,2183.5218855218855,2422.7272727272725,3044.2994875080076,3127.0038240917784
Maharashtra,Lasalgaon(Vinchur),Onion,12,2023,1000,3300,Rabi,2300,2678.6716114019778,2574.311320754717,2626.972396486826,2933.8104448742747
Maharashtra,Nasik,Potato,1,2025,1000,2200,Rabi,1200,2183.5218855218855,2656.4253731343283,2626.972396486826,2202.0962441314555
Maharashtra,Pimpalgaon,Onion,10,2024,2500,5061,Kharif,2561,2678.6716114019778,3416.065934065934,3044.2994875080076,3462.48231511254
Maharashtra,Nanded,Wheat,7,2023,2600,2600,Kharif,0,2816.3259195893925,2512.3076923076924,3044.2994875080076,3289.337912087912
Maharashtra,Solapur,Onion,3,2025,200,3100,Rabi,2900,2678.6716114019778,3247.752808988764,2626.972396486826,1861.5330739299611
Maharashtra,Satara,Onion,5,2025,1000,1700,Zaid,700,2678.6716114019778,2750.0,1915.1666666666667,1988.592672413793
Maharashtra,Kalvan,Onion,4,2025,400,1501,Zaid,1101,2678.6716114019778,2726.1132075471696,1915.1666666666667,1829.9925
Maharashtra,Junnar(Alephata),Onion,9,2024,3000,5610,Kharif,2610,2678.6716114019778,3320.3846153846152,3044.2994875080076,3127.0038240917784
Maharashtra,Pune,Potato,12,2023,1000,1800,Rabi,800,2183.5218855218855,3186.013986013986,2626.972396486826,2933.8104448742747
Maharashtra,Ahmednagar,Wheat,8,2023,2350,2750,Kharif,400,2816.3259195893925,2678.2608695652175,3044.2994875080076,3017.515397082658
Maharashtra,Karjat(Raigad),Onion,6,2023,200,1100,Kharif,900,2678.6716114019778,2770.2380952380954,3044.2994875080076,2308.1819620253164
Maharashtra,Shrirampur,Tomato,7,2023,1650,5100,Kharif,3450,6168.357446808511,2334.11,3044.2994875080076,3289.337912087912
Maharashtra,Hingna,Potato,4,2024,1800,1800,Zaid,0,2183.5218855218855,2675.875,1915.1666666666667,1829.9925
Maharashtra,Dindori,Onion,7,2023,750,1380,Kharif,630,2678.6716114019778,1774.4666666666667,3044.2994875080076,3289.337912087912
Maharashtra,Kalvan,Onion,10,2023,1000,2650,Kharif,1650,2678.6716114019778,2726.1132075471696,3044.2994875080076,3462.48231511254
Maharashtra,Om Chaitanya Multistate Agro Purpose CoOp Society,Onion,8,2024,1000,4500,Kharif,3500,2678.6716114019778,2918.3333333333335,3044.2994875080076,3017.515397082658
Maharashtra,Mangaon,Rice,4,2025,2000,4800,Zaid,2800,4928.92,4800.0,1915.1666666666667,1829.9925
Maharashtra,Vashi New Mumbai,Potato,10,2023,900,1300,Kharif,400,2183.5218855218855,2508.130081300813,3044.2994875080076,3462.48231511254
Maharashtra,Solapur,Wheat,6,2023,2290,3550,Kharif,1260,2816.3259195893925,3247.752808988764,3044.2994875080076,2308.1819620253164
Maharashtra,Vai,Potato,2,2025,1600,2200,Rabi,600,2183.5218855218855,3070.7865168539324,2626.972396486826,2104.9403341288785
Maharashtra,Pune(Manjri),Potato,4,2024,1800,2400,Zaid,600,2183.5218855218855,2804.7619047619046,1915.1666666666667,1829.9925
Maharashtra,Pune(Manjri),Onion,2,2025,2200,2800,Rabi,600,2678.6716114019778,2804.7619047619046,2626.972396486826,2104.9403341288785
Maharashtra,Lasalgaon,Onion,5,2025,500,1470,Zaid,970,2678.6716114019778,2867.190476190476,1915.1666666666667,1988.592672413793
Maharashtra,Shevgaon,Onion,12,2023,1500,1900,Rabi,400,2678.6716114019778,2106.75,2626.972396486826,2933.8104448742747
Maharashtra,Nagpur,Onion,2,2024,1000,1600,Rabi,600,2678.6716114019778,2756.266666666667,2626.972396486826,2104.9403341288785
Maharashtra,Gevrai,Wheat,10,2023,2200,2851,Kharif,651,2816.3259195893925,2950.590909090909,3044.2994875080076,3462.48231511254
Maharashtra,Loha,Wheat,6,2023,2000,2900,Kharif,900,2816.3259195893925,2960.2,3044.2994875080076,2308.1819620253164
Maharashtra,Akluj,Onion,12,2023,500,3000,Rabi,2500,2678.6716114019778,2208.2716049382716,2626.972396486826,2933.8104448742747
Maharashtra,Barshi(Vairag),Wheat,7,2023,2500,2501,Kharif,1,2816.3259195893925,2469.0,3044.2994875080076,3289.337912087912
Maharashtra,Junnar(Narayangaon),Onion,10,2024,1500,4300,Kharif,2800,2678.6716114019778,2861.8518518518517,3044.2994875080076,3462.48231511254
Maharashtra,Kalyan,Onion,4,2024,1600,1700,Zaid,100,2678.6716114019778,2589.4736842105262,1915.1666666666667,1829.9925
Maharashtra,Nasik,Potato,12,2024,1500,2750,Rabi,1250,2183.5218855218855,2656.4253731343283,2626.972396486826,2933.8104448742747
Maharashtra,Pune,Onion,8,2023,800,1800,Kharif,1000,2678.6716114019778,3186.013986013986,3044.2994875080076,3017.515397082658
Maharashtra,Pachora,Wheat,10,2023,2151,2500,Kharif,349,2816.3259195893925,2541.85,3044.2994875080076,3462.48231511254
Maharashtra,Pune,Onion,11,2023,2200,4200,Rabi,2000,2678.6716114019778,3186.013986013986,2626.972396486826,3859.0679611650485
Maharashtra,Devala,Onion,2,2025,1100,3400,Rabi,2300,2678.6716114019778,2586.3793103448274,2626.972396486826,2104.9403341288785
Maharashtra,"Sangli(Phale, Bhajipura Market)",Onion,8,2024,1100,3100,Kharif,2000,2678.6716114019778,2561.711711711712,3044.2994875080076,3017.515397082658
Maharashtra,Bhusaval,Onion,2,2024,1000,2000,Rabi,1000,2678.6716114019778,2348.8,2626.972396486826,2104.9403341288785
Maharashtra,Lasalgaon,Wheat,11,2023,2600,3331,Rabi,731,2816.3259195893925,2867.190476190476,2626.972396486826,3859.0679611650485
Maharashtra,Pune(Moshi),Potato,11,2024,2000,3000,Rabi,1000,2183.5218855218855,2277.6119402985073,2626.972396486826,3859.0679611650485
Maharashtra,Jalgaon,Potato,4,2025,1200,1400,Zaid,200,2183.5218855218855,2410.159420289855,1915.1666666666667,1829.9925
Maharashtra,Pimpalgaon,Onion,5,2024,400,2105,Zaid,1705,2678.6716114019778,3416.065934065934,1915.1666666666667,1988.592672413793
Maharashtra,Ahmednagar,Onion,4,2025,250,1250,Zaid,1000,2678.6716114019778,2678.2608695652175,1915.1666666666667,1829.9925
Maharashtra,Pune,Wheat,8,2023,4500,5500,Kharif,1000,2816.3259195893925,3186.013986013986,3044.2994875080076,3017.515397082658
Maharashtra,Akluj,Potato,8,2024,3000,3200,Kharif,200,2183.5218855218855,2208.2716049382716,3044.2994875080076,3017.515397082658
Maharashtra,Nagpur,Onion,3,2025,1200,2400,Rabi,1200,2678.6716114019778,2756.266666666667,2626.972396486826,1861.5330739299611
Maharashtra,Dindori(Vani),Onion,8,2023,1100,1851,Kharif,751,2678.6716114019778,2426.6388888888887,3044.2994875080076,3017.515397082658
Maharashtra,Pune(Moshi),Potato,4,2025,1000,1400,Zaid,400,2183.5218855218855,2277.6119402985073,1915.1666666666667,1829.9925
Maharashtra,Jalgaon,Onion,9,2023,1000,2125,Kharif,1125,2678.6716114019778,2410.159420289855,3044.2994875080076,3127.0038240917784
Maharashtra,Shevgaon,Onion,6,2024,1600,2600,Kharif,1000,2678.6716114019778,2106.75,3044.2994875080076,2308.1819620253164
Maharashtra,Nagpur,Wheat,8,2023,3000,3200,Kharif,200,2816.3259195893925,2756.266666666667,3044.2994875080076,3017.515397082658
Maharashtra,Nasik,Potato,7,2023,950,1420,Kharif,470,2183.5218855218855,2656.4253731343283,3044.2994875080076,3289.337912087912
Maharashtra,Solapur,Onion,9,2023,200,4600,Kharif,4400,2678.6716114019778,3247.752808988764,3044.2994875080076,3127.0038240917784
Maharashtra,Amrawati(Frui & Veg. Market),Potato,5,2025,1000,1900,Zaid,900,2183.5218855218855,2546.923076923077,1915.1666666666667,1988.592672413793
Maharashtra,Laxmi Sopan Agriculture Produce Marketing Co Ltd,Onion,11,2024,700,4100,Rabi,3400,2678.6716114019778,2508.3928571428573,2626.972396486826,3859.0679611650485
Maharashtra,Chandrapur(Ganjwad),Potato,3,2024,1500,1750,Rabi,250,2183.5218855218855,2858.8607594936707,2626.972396486826,1861.5330739299611
Maharashtra,Sangli,Wheat,8,2023,3000,4000,Kharif,1000,2816.3259195893925,4790.625,3044.2994875080076,3017.515397082658
Maharashtra,Pune(Manjri),Potato,5,2025,1500,2000,Zaid,500,2183.5218855218855,2804.7619047619046,1915.1666666666667,1988.592672413793
Maharashtra,Chandvad,Onion,10,2023,3600,5152,Kharif,1552,2678.6716114019778,3065.671875,3044.2994875080076,3462.48231511254
Maharashtra,Junnar(Alephata),Onion,9,2024,2800,4810,Kharif,2010,2678.6716114019778,3320.3846153846152,3044.2994875080076,3127.0038240917784
Maharashtra,Pune(Khadiki),Potato,8,2024,2200,2200,Kharif,0,2183.5218855218855,2011.926605504587,3044.2994875080076,3017.515397082658
Maharashtra,Akola,Onion,11,2023,3500,5000,Rabi,1500,2678.6716114019778,2421.8840579710145,2626.972396486826,3859.0679611650485
Maharashtra,Pen,Onion,6,2023,1200,1400,Kharif,200,2678.6716114019778,2790.909090909091,3044.2994875080076,2308.1819620253164
Maharashtra,Pimpalgaon,Onion,10,2023,1200,2985,Kharif,1785,2678.6716114019778,3416.065934065934,3044.2994875080076,3462.48231511254
Maharashtra,Junnar(Otur),Onion,8,2024,1500,3010,Kharif,1510,2678.6716114019778,2554.5283018867926,3044.2994875080076,3017.515397082658
Maharashtra,Kamthi,Potato,1,2024,1500,1800,Rabi,300,2183.5218855218855,3486.904761904762,2626.972396486826,2202.0962441314555
Maharashtra,Lasalgaon(Niphad),Onion,11,2024,2800,3351,Rabi,551,2678.6716114019778,2520.8804347826085,2626.972396486826,3859.0679611650485
Maharashtra,Karjat(Raigad),Rice,5,2025,4000,5800,Zaid,1800,4928.92,2770.2380952380954,1915.1666666666667,1988.592672413793
Maharashtra,Pune(Moshi),Onion,10,2023,1500,3000,Kharif,1500,2678.6716114019778,2277.6119402985073,3044.2994875080076,3462.48231511254
Maharashtra,Umrane,Onion,4,2025,700,1350,Zaid,650,2678.6716114019778,2608.282608695652,1915.1666666666667,1829.9925
Maharashtra,Rahuri,Wheat,6,2023,1800,2300,Kharif,500,2816.3259195893925,2826.0106382978724,3044.2994875080076,2308.1819620253164
Maharashtra,Pune(Manjri),Onion,5,2025,700,800,Zaid,100,2678.6716114019778,2804.7619047619046,1915.1666666666667,1988.592672413793
Maharashtra,Pimpalgaon Baswant(Saykheda),Onion,4,2025,800,1319,Zaid,519,2678.6716114019778,2602.5479452054797,1915.1666666666667,1829.9925
Maharashtra,Pune(Moshi),Onion,6,2025,1000,1500,Kharif,500,2678.6716114019778,2277.6119402985073,3044.2994875080076,2308.1819620253164
Maharashtra,Beed,Wheat,8,2023,2460,2991,Kharif,531,2816.3259195893925,3114.3636363636365,3044.2994875080076,3017.515397082658
Maharashtra,Pune(Khadiki),Onion,1,2024,1200,1800,Rabi,600,2678.6716114019778,2011.926605504587,2626.972396486826,2202.0962441314555
Maharashtra,Satara,Potato,5,2024,2300,2600,Zaid,300,2183.5218855218855,2750.0,1915.1666666666667,1988.592672413793
Maharashtra,Pune,Wheat,9,2023,4500,5500,Kharif,1000,2816.3259195893925,3186.013986013986,3044.2994875080076,3127.0038240917784
Maharashtra,Solapur,Potato,7,2024,1800,3200,Kharif,1400,2183.5218855218855,3247.752808988764,3044.2994875080076,3289.337912087912
Maharashtra,Lasalgaon(Vinchur),Wheat,1,2024,2500,2830,Rabi,330,2816.3259195893925,2574.311320754717,2626.972396486826,2202.0962441314555
Maharashtra,Mangal Wedha,Wheat,7,2023,2500,2950,Kharif,450,2816.3259195893925,2928.322033898305,3044.2994875080076,3289.337912087912
Maharashtra,Kopargaon,Onion,7,2023,300,1717,Kharif,1417,2678.6716114019778,2558.2608695652175,3044.2994875080076,3289.337912087912
Maharashtra,Satara,Onion,4,2025,500,1400,Zaid,900,2678.6716114019778,2750.0,1915.1666666666667,1829.9925
Maharashtra,Manmad,Onion,10,2024,700,3300,Kharif,2600,2678.6716114019778,2515.4166666666665,3044.2994875080076,3462.48231511254
Maharashtra,Chandvad,Onion,11,2024,1000,5401,Rabi,4401,2678.6716114019778,3065.671875,2626.972396486826,3859.0679611650485
Maharashtra,Junnar(Narayangaon),Potato,4,2025,400,1800,Zaid,1400,2183.5218855218855,2861.8518518518517,1915.1666666666667,1829.9925
Maharashtra,Kamthi,Potato,2,2024,500,1500,Rabi,1000,2183.5218855218855,3486.904761904762,2626.972396486826,2104.9403341288785
Maharashtra,Akola,Potato,12,2023,1000,1400,Rabi,400,2183.5218855218855,2421.8840579710145,2626.972396486826,2933.8104448742747
Maharashtra,Pune(Manjri),Onion,6,2023,800,1300,Kharif,500,2678.6716114019778,2804.7619047619046,3044.2994875080076,2308.1819620253164
Maharashtra,Akola,Wheat,9,2023,2130,2710,Kharif,580,2816.3259195893925,2421.8840579710145,3044.2994875080076,3127.0038240917784
Maharashtra,"Sangli(Phale, Bhajipura Market)",Onion,4,2024,500,1600,Zaid,1100,2678.6716114019778,2561.711711711712,1915.1666666666667,1829.9925
Maharashtra,Karad,Onion,8,2024,1000,3000,Kharif,2000,2678.6716114019778,2862.31884057971,3044.2994875080076,3017.515397082658
Maharashtra,Amrawati(Frui & Veg. Market),Potato,5,2024,1800,2400,Zaid,600,2183.5218855218855,2546.923076923077,1915.1666666666667,1988.592672413793
Maharashtra,Kurdwadi(Modnimb),Onion,2,2024,251,2300,Rabi,2049,2678.6716114019778,2242.88,2626.972396486826,2104.9403341288785
Maharashtra,Pimpalgaon,Onion,12,2023,900,2880,Rabi,1980,2678.6716114019778,3416.065934065934,2626.972396486826,2933.8104448742747
Maharashtra,Hinganghat,Wheat,7,2023,2055,2360,Kharif,305,2816.3259195893925,2467.7272727272725,3044.2994875080076,3289.337912087912
Maharashtra,Islampur,Potato,11,2023,1400,2000,Rabi,600,2183.5218855218855,2422.7272727272725,2626.972396486826,3859.0679611650485
Maharashtra,Nagpur,Wheat,10,2023,3000,3200,Kharif,200,2816.3259195893925,2756.266666666667,3044.2994875080076,3462.48231511254
Maharashtra,Karad,Onion,6,2023,400,1400,Kharif,1000,2678.6716114019778,2862.31884057971,3044.2994875080076,2308.1819620253164
Maharashtra,Satara,Onion,9,2024,2000,5000,Kharif,3000,2678.6716114019778,2750.0,3044.2994875080076,3127.0038240917784
Maharashtra,Kolhapur,Onion,2,2025,1000,3200,Rabi,2200,2678.6716114019778,3576.785714285714,2626.972396486826,2104.9403341288785
Maharashtra,Kopargaon,Onion,11,2023,700,3603,Rabi,2903,2678.6716114019778,2558.2608695652175,2626.972396486826,3859.0679611650485
Maharashtra,Achalpur,Wheat,7,2023,2150,2400,Kharif,250,2816.3259195893925,2534.4444444444443,3044.2994875080076,3289.337912087912
Maharashtra,Rahata,Onion,3,2025,400,1500,Rabi,1100,2678.6716114019778,2600.863309352518,2626.972396486826,1861.5330739299611
Maharashtra,Rahata,Wheat,9,2023,2400,2771,Kharif,371,2816.3259195893925,2600.863309352518,3044.2994875080076,3127.0038240917784
Maharashtra,Chandrapur(Ganjwad),Potato,11,2023,1400,1500,Rabi,100,2183.5218855218855,2858.8607594936707,2626.972396486826,3859.0679611650485
Maharashtra,Bhusaval,Onion,10,2023,1600,2200,Kharif,600,2678.6716114019778,2348.8,3044.2994875080076,3462.48231511254
Maharashtra,Kolhapur,Onion,11,2024,1000,6000,Rabi,5000,2678.6716114019778,3576.785714285714,2626.972396486826,3859.0679611650485
Maharashtra,Laxmi Sopan Agriculture Produce Marketing Co Ltd,Onion,8,2023,200,1260,Kharif,1060,2678.6716114019778,2508.3928571428573,3044.2994875080076,3017.515397082658
Maharashtra,Junnar(Narayangaon),Potato,2,2025,510,1900,Rabi,1390,2183.5218855218855,2861.8518518518517,2626.972396486826,2104.9403341288785
Maharashtra,Junnar(Alephata),Onion,5,2024,1000,2310,Zaid,1310,2678.6716114019778,3320.3846153846152,1915.1666666666667,1988.592672413793
Maharashtra,Shirur,Onion,8,2024,1000,4500,Kharif,3500,2678.6716114019778,5250.0,3044.2994875080076,3017.515397082658
Maharashtra,Jalgaon,Onion,3,2025,625,2250,Rabi,1625,2678.6716114019778,2410.159420289855,2626.972396486826,1861.5330739299611
Maharashtra,Parola,Wheat,8,2023,2100,2550,Kharif,450,2816.3259195893925,2530.3333333333335,3044.2994875080076,3017.515397082658
Maharashtra,Katol,Wheat,6,2023,2095,2201,Kharif,106,2816.3259195893925,2448.962962962963,3044.2994875080076,2308.1819620253164
Maharashtra,Solapur,Onion,8,2024,300,3200,Kharif,2900,2678.6716114019778,3247.752808988764,3044.2994875080076,3017.515397082658
Maharashtra,Junnar(Narayangaon),Onion,7,2023,500,1400,Kharif,900,2678.6716114019778,2861.8518518518517,3044.2994875080076,3289.337912087912
Maharashtra,Dindori,Onion,4,2025,805,1400,Zaid,595,2678.6716114019778,1774.4666666666667,1915.1666666666667,1829.9925
Maharashtra,Junnar(Otur),Potato,10,2023,500,1450,Kharif,950,2183.5218855218855,2554.5283018867926,3044.2994875080076,3462.48231511254
Maharashtra,Pachora,Wheat,7,2023,2168,2251,Kharif,83,2816.3259195893925,2541.85,3044.2994875080076,3289.337912087912
Maharashtra,Akola,Onion,11,2024,2500,4400,Rabi,1900,2678.6716114019778,2421.8840579710145,2626.972396486826,3859.0679611650485
Maharashtra,Dondaicha,Wheat,10,2023,2000,2951,Kharif,951,2816.3259195893925,2795.7727272727275,3044.2994875080076,3462.48231511254
Maharashtra,Bhusaval,Potato,12,2024,2200,3000,Rabi,800,2183.5218855218855,2348.8,2626.972396486826,2933.8104448742747
Maharashtra,Jalgaon,Onion,3,2024,500,1702,Rabi,1202,2678.6716114019778,2410.159420289855,2626.972396486826,1861.5330739299611
Maharashtra,Pune(Moshi),Onion,5,2025,300,1200,Zaid,900,2678.6716114019778,2277.6119402985073,1915.1666666666667,1988.592672413793
Maharashtra,Solapur,Onion,5,2025,100,1570,Zaid,1470,2678.6716114019778,3247.752808988764,1915.1666666666667,1988.592672413793
Maharashtra,Satara,Potato,12,2023,1300,1700,Rabi,400,2183.5218855218855,2750.0,2626.972396486826,2933.8104448742747
Maharashtra,Parner,Onion,9,2024,1500,4500,Kharif,3000,2678.6716114019778,2909.6153846153848,3044.2994875080076,3127.0038240917784
Maharashtra,Karad,Onion,11,2023,2000,5000,Rabi,3000,2678.6716114019778,2862.31884057971,2626.972396486826,3859.0679611650485
Maharashtra,Sangamner,Onion,3,2025,151,1725,Rabi,1574,2678.6716114019778,3329.057142857143,2626.972396486826,1861.5330739299611
Maharashtra,Dhule,Onion,8,2023,100,1910,Kharif,1810,2678.6716114019778,2516.8552631578946,3044.2994875080076,3017.515397082658
Maharashtra,Kalyan,Onion,4,2025,1500,1700,Zaid,200,2678.6716114019778,2589.4736842105262,1915.1666666666667,1829.9925
Maharashtra,Kalvan,Onion,2,2025,1300,2600,Rabi,1300,2678.6716114019778,2726.1132075471696,2626.972396486826,2104.9403341288785
Maharashtra,Dhule,Onion,11,2023,600,4400,Rabi,3800,2678.6716114019778,2516.8552631578946,2626.972396486826,3859.0679611650485
Maharashtra,Lasalgaon(Vinchur),Onion,4,2024,600,1512,Zaid,912,2678.6716114019778,2574.311320754717,1915.1666666666667,1829.9925
Maharashtra,Vadgaonpeth,Onion,6,2023,1000,1600,Kharif,600,2678.6716114019778,2767.5675675675675,3044.2994875080076,2308.1819620253164
Maharashtra,Pune(Pimpri),Onion,7,2024,2800,3200,Kharif,400,2678.6716114019778,2966.2162162162163,3044.2994875080076,3289.337912087912
Maharashtra,Mangal Wedha,Onion,6,2023,300,1101,Kharif,801,2678.6716114019778,2928.322033898305,3044.2994875080076,2308.1819620253164
Maharashtra,Shevgaon,Onion,9,2023,1200,1900,Kharif,700,2678.6716114019778,2106.75,3044.2994875080076,3127.0038240917784
Maharashtra,Satana,Onion,5,2024,500,2150,Zaid,1650,2678.6716114019778,2894.45,1915.1666666666667,1988.592672413793
Maharashtra,Pune,Onion,1,2024,500,1600,Rabi,1100,2678.6716114019778,3186.013986013986,2626.972396486826,2202.0962441314555
Maharashtra,Sinner,Onion,4,2025,500,1336,Zaid,836,2678.6716114019778,2542.6071428571427,1915.1666666666667,1829.9925
Maharashtra,Nasik,Onion,5,2024,500,2001,Zaid,1501,2678.6716114019778,2656.4253731343283,1915.1666666666667,1988.592672413793
Maharashtra,Rahuri(Vambori),Onion,8,2023,100,2000,Kharif,1900,2678.6716114019778,2812.3478260869565,3044.2994875080076,3017.515397082658
Maharashtra,Pune(Pimpri),Onion,10,2024,4900,4900,Kharif,0,2678.6716114019778,2966.2162162162163,3044.2994875080076,3462.48231511254
Maharashtra,Pune,Onion,12,2023,2000,4600,Rabi,2600,2678.6716114019778,3186.013986013986,2626.972396486826,2933.8104448742747
Maharashtra,Pune(Pimpri),Onion,7,2024,2500,3000,Kharif,500,2678.6716114019778,2966.2162162162163,3044.2994875080076,3289.337912087912
Maharashtra,Tasgaon,Wheat,10,2023,2560,2850,Kharif,290,2816.3259195893925,2896.875,3044.2994875080076,3462.48231511254
Maharashtra,Nanded,Wheat,6,2023,2150,2500,Kharif,350,2816.3259195893925,2512.3076923076924,3044.2994875080076,2308.1819620253164
Maharashtra,Junnar(Narayangaon),Onion,5,2024,500,2000,Zaid,1500,2678.6716114019778,2861.8518518518517,1915.1666666666667,1988.592672413793
Maharashtra,Pune(Khadiki),Onion,9,2024,1700,3500,Kharif,1800,2678.6716114019778,2011.926605504587,3044.2994875080076,3127.0038240917784
Maharashtra,Rahuri,Potato,6,2023,1600,2000,Kharif,400,2183.5218855218855,2826.0106382978724,3044.2994875080076,2308.1819620253164
Maharashtra,Manmad,Onion,11,2023,1000,3175,Rabi,2175,2678.6716114019778,2515.4166666666665,2626.972396486826,3859.0679611650485
Maharashtra,Pimpalgaon Baswant(Saykheda),Onion,11,2023,2300,3425,Rabi,1125,2678.6716114019778,2602.5479452054797,2626.972396486826,3859.0679611650485
Maharashtra,Savner,Wheat,11,2023,2400,2425,Rabi,25,2816.3259195893925,2425.5,2626.972396486826,3859.0679611650485
Maharashtra,Rahata,Onion,4,2024,200,1700,Zaid,1500,2678.6716114019778,2600.863309352518,1915.1666666666667,1829.9925
Maharashtra,Loha,Wheat,8,2023,2200,3001,Kharif,801,2816.3259195893925,2960.2,3044.2994875080076,3017.515397082658
Maharashtra,Vai,Potato,1,2024,1500,2300,Rabi,800,2183.5218855218855,3070.7865168539324,2626.972396486826,2202.0962441314555
Maharashtra,Dhule,Wheat,2,2024,2400,3450,Rabi,1050,2816.3259195893925,2516.8552631578946,2626.972396486826,2104.9403341288785
Maharashtra,Amrawati(Frui & Veg. Market),Potato,6,2024,1500,2700,Kharif,1200,2183.5218855218855,2546.923076923077,3044.2994875080076,2308.1819620253164
Maharashtra,Sakri,Onion,1,2024,905,1610,Rabi,705,2678.6716114019778,2829.8611111111113,2626.972396486826,2202.0962441314555
Maharashtra,Solapur,Onion,9,2023,100,3000,Kharif,2900,2678.6716114019778,3247.752808988764,3044.2994875080076,3127.0038240917784
Maharashtra,Ulhasnagar,Wheat,8,2023,3000,3600,Kharif,600,2816.3259195893925,3895.8333333333335,3044.2994875080076,3017.515397082658
Maharashtra,Akola,Wheat,6,2023,2100,2490,Kharif,390,2816.3259195893925,2421.8840579710145,3044.2994875080076,2308.1819620253164
Maharashtra,Karjat(Raigad),Wheat,9,2023,2000,2700,Kharif,700,2816.3259195893925,2770.2380952380954,3044.2994875080076,3127.0038240917784
Maharashtra,Junnar(Narayangaon),Potato,3,2025,500,1800,Rabi,1300,2183.5218855218855,2861.8518518518517,2626.972396486826,1861.5330739299611
Maharashtra,Devala,Onion,6,2023,250,1600,Kharif,1350,2678.6716114019778,2586.3793103448274,3044.2994875080076,2308.1819620253164
Maharashtra,Parshiwani,Tomato,7,2023,7000,11000,Kharif,4000,6168.357446808511,9750.0,3044.2994875080076,3289.337912087912
Maharashtra,Ahmednagar,Potato,10,2023,1400,1500,Kharif,100,2183.5218855218855,2678.2608695652175,3044.2994875080076,3462.48231511254
Maharashtra,Dhule,Wheat,12,2023,2650,3155,Rabi,505,2816.3259195893925,2516.8552631578946,2626.972396486826,2933.8104448742747
Maharashtra,Akluj,Potato,8,2024,1900,3000,Kharif,1100,2183.5218855218855,2208.2716049382716,3044.2994875080076,3017.515397082658
Maharashtra,Nagpur,Onion,6,2025,800,1600,Kharif,800,2678.6716114019778,2756.266666666667,3044.2994875080076,2308.1819620253164
Maharashtra,Nandgaon,Onion,6,2024,451,2155,Kharif,1704,2678.6716114019778,2752.116666666667,3044.2994875080076,2308.1819620253164
Maharashtra,Akola,Potato,11,2024,1800,2800,Rabi,1000,2183.5218855218855,2421.8840579710145,2626.972396486826,3859.0679611650485
Maharashtra,Pimpalgaon,Onion,12,2024,1000,4599,Rabi,3599,2678.6716114019778,3416.065934065934,2626.972396486826,2933.8104448742747
Maharashtra,Newasa(Ghodegaon),Onion,8,2024,1000,4000,Kharif,3000,2678.6716114019778,2765.151515151515,3044.2994875080076,3017.515397082658
Maharashtra,Shrirampur,Onion,5,2024,200,1500,Zaid,1300,2678.6716114019778,2334.11,1915.1666666666667,1988.592672413793
Maharashtra,Vadgaonpeth,Onion,1,2024,1000,2000,Rabi,1000,2678.6716114019778,2767.5675675675675,2626.972396486826,2202.0962441314555
Maharashtra,Junnar(Narayangaon),Potato,1,2024,200,1600,Rabi,1400,2183.5218855218855,2861.8518518518517,2626.972396486826,2202.0962441314555
Maharashtra,Pune,Onion,1,2024,600,1700,Rabi,1100,2678.6716114019778,3186.013986013986,2626.972396486826,2202.0962441314555
Maharashtra,Nagpur,Wheat,1,2024,2500,2868,Rabi,368,2816.3259195893925,2756.266666666667,2626.972396486826,2202.0962441314555
Maharashtra,Tasgaon,Wheat,6,2023,2460,2680,Kharif,220,2816.3259195893925,2896.875,3044.2994875080076,2308.1819620253164
Maharashtra,Solapur,Wheat,9,2023,2290,3655,Kharif,1365,2816.3259195893925,3247.752808988764,3044.2994875080076,3127.0038240917784
Maharashtra,Umrane,Onion,3,2024,600,1470,Rabi,870,2678.6716114019778,2608.282608695652,2626.972396486826,1861.5330739299611
Maharashtra,Parner,Onion,5,2024,300,1600,Zaid,1300,2678.6716114019778,2909.6153846153848,1915.1666666666667,1988.592672413793
Maharashtra,Solapur,Onion,3,2024,200,1850,Rabi,1650,2678.6716114019778,3247.752808988764,2626.972396486826,1861.5330739299611
Maharashtra,Solapur,Wheat,1,2024,2530,4075,Rabi,1545,2816.3259195893925,3247.752808988764,2626.972396486826,2202.0962441314555
Maharashtra,Manchar,Potato,12,2024,1000,1900,Rabi,900,2183.5218855218855,2335.757575757576,2626.972396486826,2933.8104448742747
Maharashtra,Pune(Manjri),Potato,8,2023,1400,2000,Kharif,600,2183.5218855218855,2804.7619047619046,3044.2994875080076,3017.515397082658
Maharashtra,Junnar(Otur),Onion,3,2025,1000,2000,Rabi,1000,2678.6716114019778,2554.5283018867926,2626.972396486826,1861.5330739299611
Maharashtra,Shrigonda,Onion,1,2024,300,1400,Rabi,1100,2678.6716114019778,2012.5,2626.972396486826,2202.0962441314555
Maharashtra,Karjat(Raigad),Wheat,7,2023,2000,2600,Kharif,600,2816.3259195893925,2770.2380952380954,3044.2994875080076,3289.337912087912
Maharashtra,Yeola,Onion,7,2023,200,1391,Kharif,1191,2678.6716114019778,2692.5254237288136,3044.2994875080076,3289.337912087912
Maharashtra,Amrawati(Frui & Veg. Market),Onion,6,2023,500,2200,Kharif,1700,2678.6716114019778,2546.923076923077,3044.2994875080076,2308.1819620253164
Maharashtra,Manmad,Onion,4,2025,400,1340,Zaid,940,2678.6716114019778,2515.4166666666665,1915.1666666666667,1829.9925
Maharashtra,Ahmednagar,Wheat,6,2023,2200,2600,Kharif,400,2816.3259195893925,2678.2608695652175,3044.2994875080076,2308.1819620253164
Maharashtra,Lasalgaon(Niphad),Onion,2,2024,900,1820,Rabi,920,2678.6716114019778,2520.8804347826085,2626.972396486826,2104.9403341288785
Maharashtra,Chandrapur(Ganjwad),Potato,2,2024,1000,1600,Rabi,600,2183.5218855218855,2858.8607594936707,2626.972396486826,2104.9403341288785
Maharashtra,Ahmednagar,Onion,1,2024,200,2400,Rabi,2200,2678.6716114019778,2678.2608695652175,2626.972396486826,2202.0962441314555
Maharashtra,Akluj,Potato,7,2023,1300,1700,Kharif,400,2183.5218855218855,2208.2716049382716,3044.2994875080076,3289.337912087912
Maharashtra,Akola,Onion,5,2024,700,1400,Zaid,700,2678.6716114019778,2421.8840579710145,1915.1666666666667,1988.592672413793
Maharashtra,Mangal Wedha,Onion,10,2024,300,3000,Kharif,2700,2678.6716114019778,2928.322033898305,3044.2994875080076,3462.48231511254
Maharashtra,Lasalgaon(Vinchur),Onion,5,2025,500,1700,Zaid,1200,2678.6716114019778,2574.311320754717,1915.1666666666667,1988.592672413793
Maharashtra,Sinner,Wheat,10,2023,2485,2600,Kharif,115,2816.3259195893925,2542.6071428571427,3044.2994875080076,3462.48231511254
Maharashtra,Akola,Wheat,11,2023,2370,2900,Rabi,530,2816.3259195893925,2421.8840579710145,2626.972396486826,3859.0679611650485
Maharashtra,Rahuri(Vambori),Onion,12,2023,200,2500,Rabi,2300,2678.6716114019778,2812.3478260869565,2626.972396486826,2933.8104448742747
Maharashtra,Ahmedpur,Wheat,7,2023,2250,2890,Kharif,640,2816.3259195893925,3063.3333333333335,3044.2994875080076,3289.337912087912
Maharashtra,Solapur,Onion,2,2024,100,1800,Rabi,1700,2678.6716114019778,3247.752808988764,2626.972396486826,2104.9403341288785
Maharashtra,Mangal Wedha,Onion,7,2023,300,1900,Kharif,1600,2678.6716114019778,2928.322033898305,3044.2994875080076,3289.337912087912
Maharashtra,Akluj,Onion,12,2023,500,2500,Rabi,2000,2678.6716114019778,2208.2716049382716,2626.972396486826,2933.8104448742747
Maharashtra,Bhokar,Wheat,6,2023,2000,2000,Kharif,0,2816.3259195893925,2335.125,3044.2994875080076,2308.1819620253164
Maharashtra,Mangal Wedha,Onion,8,2024,3000,3000,Kharif,0,2678.6716114019778,2928.322033898305,3044.2994875080076,3017.515397082658
Maharashtra,Rahata,Potato,2,2024,800,1700,Rabi,900,2183.5218855218855,2600.863309352518,2626.972396486826,2104.9403341288785
Maharashtra,Pune(Manjri),Onion,12,2023,3300,4400,Rabi,1100,2678.6716114019778,2804.7619047619046,2626.972396486826,2933.8104448742747
Maharashtra,Lasalgaon(Niphad),Wheat,7,2023,2193,2290,Kharif,97,2816.3259195893925,2520.8804347826085,3044.2994875080076,3289.337912087912
Maharashtra,Vai,Potato,9,2023,1600,2200,Kharif,600,2183.5218855218855,3070.7865168539324,3044.2994875080076,3127.0038240917784
Maharashtra,Varud,Wheat,1,2024,2500,2500,Rabi,0,2816.3259195893925,2500.0,2626.972396486826,2202.0962441314555
Maharashtra,Shevgaon,Onion,9,2024,3400,4400,Kharif,1000,2678.6716114019778,2106.75,3044.2994875080076,3127.0038240917784
Maharashtra,Loha,Wheat,8,2023,2175,2552,Kharif,377,2816.3259195893925,2960.2,3044.2994875080076,3017.515397082658
Maharashtra,Kolhapur,Onion,8,2024,1000,3100,Kharif,2100,2678.6716114019778,3576.785714285714,3044.2994875080076,3017.515397082658
Maharashtra,Shrirampur,Potato,9,2023,950,1300,Kharif,350,2183.5218855218855,2334.11,3044.2994875080076,3127.0038240917784
Maharashtra,Bhusaval,Potato,7,2024,2200,3000,Kharif,800,2183.5218855218855,2348.8,3044.2994875080076,3289.337912087912
Maharashtra,Kalyan,Onion,2,2025,2800,3000,Rabi,200,2678.6716114019778,2589.4736842105262,2626.972396486826,2104.9403341288785
Maharashtra,Manchar,Onion,12,2023,1200,1800,Rabi,600,2678.6716114019778,2335.757575757576,2626.972396486826,2933.8104448742747
Maharashtra,Pen,Onion,12,2023,3000,3200,Rabi,200,2678.6716114019778,2790.909090909091,2626.972396486826,2933.8104448742747
Maharashtra,Pune(Manjri),Potato,12,2024,1800,2600,Rabi,800,2183.5218855218855,2804.7619047619046,2626.972396486826,2933.8104448742747
Maharashtra,Pune(Moshi),Potato,9,2024,1600,2500,Kharif,900,2183.5218855218855,2277.6119402985073,3044.2994875080076,3127.0038240917784
Maharashtra,Baramati,Onion,10,2024,1000,4200,Kharif,3200,2678.6716114019778,2769.054054054054,3044.2994875080076,3462.48231511254
Maharashtra,Lasalgaon(Vinchur),Onion,3,2025,800,1342,Rabi,542,2678.6716114019778,2574.311320754717,2626.972396486826,1861.5330739299611
Maharashtra,Shevgaon,Wheat,7,2023,2200,2400,Kharif,200,2816.3259195893925,2106.75,3044.2994875080076,3289.337912087912
Maharashtra,Pimpalgaon,Onion,6,2024,800,2555,Kharif,1755,2678.6716114019778,3416.065934065934,3044.2994875080076,2308.1819620253164
Maharashtra,Nasik,Potato,11,2023,900,1500,Rabi,600,2183.5218855218855,2656.4253731343283,2626.972396486826,3859.0679611650485
Maharashtra,Pune(Khadiki),Onion,2,2024,1200,1600,Rabi,400,2678.6716114019778,2011.926605504587,2626.972396486826,2104.9403341288785
Maharashtra,Om Chaitanya Multistate Agro Purpose CoOp Society,Wheat,10,2023,2500,2700,Kharif,200,2816.3259195893925,2918.3333333333335,3044.2994875080076,3462.48231511254
Maharashtra,Malharshree Farmers Producer Co Ltd,Onion,12,2024,2256,4910,Rabi,2654,2678.6716114019778,3063.2,2626.972396486826,2933.8104448742747
Maharashtra,Nasik,Onion,12,2023,1200,3800,Rabi,2600,2678.6716114019778,2656.4253731343283,2626.972396486826,2933.8104448742747
Maharashtra,Kaij,Wheat,9,2023,2300,2500,Kharif,200,2816.3259195893925,2718.0,3044.2994875080076,3127.0038240917784
Maharashtra,"Sangli(Phale, Bhajipura Market)",Onion,9,2024,1900,4800,Kharif,2900,2678.6716114019778,2561.711711711712,3044.2994875080076,3127.0038240917784
Maharashtra,Nampur,Onion,3,2024,500,1610,Rabi,1110,2678.6716114019778,2499.769230769231,2626.972396486826,1861.5330739299611
Maharashtra,Pune,Onion,2,2024,700,2100,Rabi,1400,2678.6716114019778,3186.013986013986,2626.972396486826,2104.9403341288785
Maharashtra,Junnar,Onion,12,2023,200,2200,Rabi,2000,2678.6716114019778,2172.0833333333335,2626.972396486826,2933.8104448742747
Maharashtra,Kalyan,Potato,6,2024,2200,2600,Kharif,400,2183.5218855218855,2589.4736842105262,3044.2994875080076,2308.1819620253164
Maharashtra,Kada,Onion,2,2024,200,2000,Rabi,1800,2678.6716114019778,2177.2727272727275,2626.972396486826,2104.9403341288785
Maharashtra,Hingna,Potato,10,2024,2300,2800,Kharif,500,2183.5218855218855,2675.875,3044.2994875080076,3462.48231511254
Maharashtra,Kopargaon,Onion,3,2024,500,1350,Rabi,850,2678.6716114019778,2558.2608695652175,2626.972396486826,1861.5330739299611
Maharashtra,Satara,Potato,3,2024,1300,2200,Rabi,900,2183.5218855218855,2750.0,2626.972396486826,1861.5330739299611
Maharashtra,Sangamner,Onion,2,2025,500,3011,Rabi,2511,2678.6716114019778,3329.057142857143,2626.972396486826,2104.9403341288785
Maharashtra,Vashi New Mumbai,Potato,1,2025,1400,2200,Rabi,800,2183.5218855218855,2508.130081300813,2626.972396486826,2202.0962441314555
Maharashtra,Amrawati(Frui & Veg. Market),Onion,10,2023,700,4800,Kharif,4100,2678.6716114019778,2546.923076923077,3044.2994875080076,3462.48231511254
Maharashtra,Palghar,Wheat,6,2023,2975,2975,Kharif,0,2816.3259195893925,3742.5384615384614,3044.2994875080076,2308.1819620253164
Maharashtra,Akola,Onion,1,2024,1200,2000,Rabi,800,2678.6716114019778,2421.8840579710145,2626.972396486826,2202.0962441314555
Maharashtra,Kolhapur,Onion,2,2025,1000,3000,Rabi,2000,2678.6716114019778,3576.785714285714,2626.972396486826,2104.9403341288785
Maharashtra,Jalgaon,Potato,10,2024,2000,2600,Kharif,600,2183.5218855218855,2410.159420289855,3044.2994875080076,3462.48231511254
Maharashtra,Vai,Potato,10,2024,3000,3700,Kharif,700,2183.5218855218855,3070.7865168539324,3044.2994875080076,3462.48231511254
Maharashtra,Sindi(Selu),Wheat,11,2023,2300,2400,Rabi,100,2816.3259195893925,2372.222222222222,2626.972396486826,3859.0679611650485
Maharashtra,Pune(Manjri),Onion,10,2024,1700,3500,Kharif,1800,2678.6716114019778,2804.7619047619046,3044.2994875080076,3462.48231511254
Maharashtra,Pune(Moshi),Potato,7,2024,1800,2800,Kharif,1000,2183.5218855218855,2277.6119402985073,3044.2994875080076,3289.337912087912
Maharashtra,"Sangli(Phale, Bhajipura Market)",Potato,1,2025,1000,2200,Rabi,1200,2183.5218855218855,2561.711711711712,2626.972396486826,2202.0962441314555
Maharashtra,Rahata,Potato,4,2024,2000,2200,Zaid,200,2183.5218855218855,2600.863309352518,1915.1666666666667,1829.9925
Maharashtra,Rahata,Wheat,11,2023,2520,2900,Rabi,380,2816.3259195893925,2600.863309352518,2626.972396486826,3859.0679611650485
Maharashtra,Shree Sairaj Krushi Market,Onion,10,2023,700,5600,Kharif,4900,2678.6716114019778,3469.375,3044.2994875080076,3462.48231511254
Maharashtra,Satara,Tomato,7,2023,4000,8000,Kharif,4000,6168.357446808511,2750.0,3044.2994875080076,3289.337912087912
Maharashtra,Chandrapur(Ganjwad),Onion,12,2023,2000,3000,Rabi,1000,2678.6716114019778,2858.8607594936707,2626.972396486826,2933.8104448742747
Maharashtra,Shree Sairaj Krushi Market,Onion,10,2023,600,2800,Kharif,2200,2678.6716114019778,3469.375,3044.2994875080076,3462.48231511254
Maharashtra,Manchar,Potato,1,2024,1000,1400,Rabi,400,2183.5218855218855,2335.757575757576,2626.972396486826,2202.0962441314555
Maharashtra,Chandvad,Onion,3,2024,1000,1750,Rabi,750,2678.6716114019778,3065.671875,2626.972396486826,1861.5330739299611
Maharashtra,Satara,Onion,3,2024,1200,1500,Rabi,300,2678.6716114019778,2750.0,2626.972396486826,1861.5330739299611
Maharashtra,Dindori(Vani),Onion,7,2023,1000,1855,Kharif,855,2678.6716114019778,2426.6388888888887,3044.2994875080076,3289.337912087912
Maharashtra,Newasa(Ghodegaon),Onion,4,2025,300,1200,Zaid,900,2678.6716114019778,2765.151515151515,1915.1666666666667,1829.9925
Maharashtra,Pune(Moshi),Potato,4,2025,1000,1300,Zaid,300,2183.5218855218855,2277.6119402985073,1915.1666666666667,1829.9925
Maharashtra,Umrane,Onion,10,2023,1000,4700,Kharif,3700,2678.6716114019778,2608.282608695652,3044.2994875080076,3462.48231511254
Maharashtra,Dhule,Wheat,1,2024,2260,2972,Rabi,712,2816.3259195893925,2516.8552631578946,2626.972396486826,2202.0962441314555
Maharashtra,"Sangli(Phale, Bhajipura Market)",Potato,7,2023,1000,1800,Kharif,800,2183.5218855218855,2561.711711711712,3044.2994875080076,3289.337912087912
Maharashtra,Shevgaon(Bodhegaon),Wheat,6,2023,2500,2500,Kharif,0,2816.3259195893925,2473.684210526316,3044.2994875080076,2308.1819620253164
Maharashtra,Rahata,Potato,12,2024,500,2800,Rabi,2300,2183.5218855218855,2600.863309352518,2626.972396486826,2933.8104448742747
Maharashtra,Kopargaon,Onion,2,2024,500,1281,Rabi,781,2678.6716114019778,2558.2608695652175,2626.972396486826,2104.9403341288785
Maharashtra,Nagpur,Wheat,8,2023,2404,2510,Kharif,106,2816.3259195893925,2756.266666666667,3044.2994875080076,3017.515397082658
Maharashtra,Rahuri,Wheat,1,2024,2400,2600,Rabi,200,2816.3259195893925,2826.0106382978724,2626.972396486826,2202.0962441314555
Maharashtra,Manchar,Potato,1,2025,1000,1800,Rabi,800,2183.5218855218855,2335.757575757576,2626.972396486826,2202.0962441314555
Maharashtra,Akola,Potato,3,2025,1000,1500,Rabi,500,2183.5218855218855,2421.8840579710145,2626.972396486826,1861.5330739299611
Maharashtra,Karjat(Raigad),Wheat,12,2023,2500,2800,Rabi,300,2816.3259195893925,2770.2380952380954,2626.972396486826,2933.8104448742747
Maharashtra,Lonand,Onion,11,2023,2000,4300,Rabi,2300,2678.6716114019778,2603.235294117647,2626.972396486826,3859.0679611650485
Maharashtra,Palghar,Wheat,9,2023,3100,3100,Kharif,0,2816.3259195893925,3742.5384615384614,3044.2994875080076,3127.0038240917784
Maharashtra,Sangamner,Onion,8,2023,200,2600,Kharif,2400,2678.6716114019778,3329.057142857143,3044.2994875080076,3017.515397082658
Maharashtra,Nasik,Onion,6,2024,900,2701,Kharif,1801,2678.6716114019778,2656.4253731343283,3044.2994875080076,2308.1819620253164
Maharashtra,Shevgaon(Bodhegaon),Wheat,7,2023,2450,2450,Kharif,0,2816.3259195893925,2473.684210526316,3044.2994875080076,3289.337912087912
Maharashtra,Jamkhed,Onion,3,2024,200,2000,Rabi,1800,2678.6716114019778,2610.4651162790697,2626.972396486826,1861.5330739299611
Maharashtra,Shevgaon,Onion,5,2024,600,900,Zaid,300,2678.6716114019778,2106.75,1915.1666666666667,1988.592672413793
Maharashtra,Satana,Onion,10,2023,600,2500,Kharif,1900,2678.6716114019778,2894.45,3044.2994875080076,3462.48231511254
Maharashtra,Phaltan,Tomato,8,2023,1000,10000,Kharif,9000,6168.357446808511,5066.785714285715,3044.2994875080076,3017.515397082658
Maharashtra,Jalgaon,Potato,6,2024,1900,2400,Kharif,500,2183.5218855218855,2410.159420289855,3044.2994875080076,2308.1819620253164
Maharashtra,"Sangli(Phale, Bhajipura Market)",Potato,6,2023,1400,1800,Kharif,400,2183.5218855218855,2561.711711711712,3044.2994875080076,2308.1819620253164
Maharashtra,Nasik,Onion,2,2024,450,1400,Rabi,950,2678.6716114019778,2656.4253731343283,2626.972396486826,2104.9403341288785
Maharashtra,Nagpur,Tomato,7,2023,7000,9000,Kharif,2000,6168.357446808511,2756.266666666667,3044.2994875080076,3289.337912087912
Maharashtra,Shevgaon(Bodhegaon),Wheat,7,2023,2200,2200,Kharif,0,2816.3259195893925,2473.684210526316,3044.2994875080076,3289.337912087912
Maharashtra,Lasalgaon(Niphad),Onion,10,2023,2500,4899,Kharif,2399,2678.6716114019778,2520.8804347826085,3044.2994875080076,3462.48231511254
Maharashtra,Tasgaon,Wheat,1,2024,3250,3460,Rabi,210,2816.3259195893925,2896.875,2626.972396486826,2202.0962441314555
Maharashtra,Sangamner,Onion,3,2024,100,1611,Rabi,1511,2678.6716114019778,3329.057142857143,2626.972396486826,1861.5330739299611
Maharashtra,Lasalgaon(Niphad),Onion,10,2023,1000,2520,Kharif,1520,2678.6716114019778,2520.8804347826085,3044.2994875080076,3462.48231511254
Maharashtra,Pimpalgaon Baswant(Saykheda),Onion,2,2025,1500,3500,Rabi,2000,2678.6716114019778,2602.5479452054797,2626.972396486826,2104.9403341288785
Maharashtra,Pathari,Wheat,8,2023,2250,2601,Kharif,351,2816.3259195893925,2668.5,3044.2994875080076,3017.515397082658
Maharashtra,Pune(Moshi),Onion,6,2024,600,1800,Kharif,1200,2678.6716114019778,2277.6119402985073,3044.2994875080076,2308.1819620253164
Maharashtra,Hinganghat,Wheat,9,2023,2245,2525,Kharif,280,2816.3259195893925,2467.7272727272725,3044.2994875080076,3127.0038240917784
Maharashtra,Lasalgaon,Onion,3,2024,603,1803,Rabi,1200,2678.6716114019778,2867.190476190476,2626.972396486826,1861.5330739299611
Maharashtra,Akola,Potato,4,2025,1200,1800,Zaid,600,2183.5218855218855,2421.8840579710145,1915.1666666666667,1829.9925
Maharashtra,Hingoli(Kanegoan Naka),Wheat,7,2023,1950,2100,Kharif,150,2816.3259195893925,2100.0,3044.2994875080076,3289.337912087912
Maharashtra,Umrane,Onion,3,2024,651,1750,Rabi,1099,2678.6716114019778,2608.282608695652,2626.972396486826,1861.5330739299611
Maharashtra,Nampur,Onion,7,2023,100,1680,Kharif,1580,2678.6716114019778,2499.769230769231,3044.2994875080076,3289.337912087912
Maharashtra,Lasalgaon(Vinchur),Onion,8,2023,800,2490,Kharif,1690,2678.6716114019778,2574.311320754717,3044.2994875080076,3017.515397082658
Maharashtra,Pimpalgaon Baswant(Saykheda),Onion,12,2023,2000,4052,Rabi,2052,2678.6716114019778,2602.5479452054797,2626.972396486826,2933.8104448742747
Maharashtra,Kurdwadi(Modnimb),Onion,7,2023,500,1390,Kharif,890,2678.6716114019778,2242.88,3044.2994875080076,3289.337912087912
Maharashtra,Akole,Onion,7,2023,151,1711,Kharif,1560,2678.6716114019778,2706.52,3044.2994875080076,3289.337912087912
Maharashtra,Rahuri,Onion,5,2024,100,1900,Zaid,1800,2678.6716114019778,2826.0106382978724,1915.1666666666667,1988.592672413793
Maharashtra,Khed(Chakan),Onion,4,2025,1000,1500,Zaid,500,2678.6716114019778,2519.4174757281553,1915.1666666666667,1829.9925
Maharashtra,Rahuri,Potato,10,2023,1500,2000,Kharif,500,2183.5218855218855,2826.0106382978724,3044.2994875080076,3462.48231511254
Maharashtra,Junnar(Otur),Onion,7,2023,800,1650,Kharif,850,2678.6716114019778,2554.5283018867926,3044.2994875080076,3289.337912087912
Maharashtra,Pune,Potato,10,2024,2100,3800,Kharif,1700,2183.5218855218855,3186.013986013986,3044.2994875080076,3462.48231511254
Maharashtra,Chalisgaon,Wheat,11,2023,2401,3111,Rabi,710,2816.3259195893925,2719.05,2626.972396486826,3859.0679611650485
Maharashtra,Amrawati(Frui & Veg. Market),Potato,2,2025,800,1500,Rabi,700,2183.5218855218855,2546.923076923077,2626.972396486826,2104.9403341288785
Maharashtra,Nagpur,Potato,7,2023,1000,1300,Kharif,300,2183.5218855218855,2756.266666666667,3044.2994875080076,3289.337912087912
Maharashtra,Ratnagiri (Nachane),Tomato,7,2023,3000,9000,Kharif,6000,6168.357446808511,7375.0,3044.2994875080076,3289.337912087912
Maharashtra,Pune(Moshi),Potato,12,2024,2200,2600,Rabi,400,2183.5218855218855,2277.6119402985073,2626.972396486826,2933.8104448742747
Maharashtra,Bhusaval,Potato,8,2023,1500,1800,Kharif,300,2183.5218855218855,2348.8,3044.2994875080076,3017.515397082658
Maharashtra,Pune(Khadiki),Onion,8,2024,1400,3800,Kharif,2400,2678.6716114019778,2011.926605504587,3044.2994875080076,3017.515397082658
Maharashtra,Bhusaval,Onion,3,2025,1800,2200,Rabi,400,2678.6716114019778,2348.8,2626.972396486826,1861.5330739299611
Maharashtra,Rahata,Potato,10,2024,2700,2800,Kharif,100,2183.5218855218855,2600.863309352518,3044.2994875080076,3462.48231511254
Maharashtra,Vai,Tomato,6,2023,1500,4000,Kharif,2500,6168.357446808511,3070.7865168539324,3044.2994875080076,2308.1819620253164
Maharashtra,Manchar,Potato,3,2025,1200,3000,Rabi,1800,2183.5218855218855,2335.757575757576,2626.972396486826,1861.5330739299611
Maharashtra,Savner,Wheat,7,2023,2166,2200,Kharif,34,2816.3259195893925,2425.5,3044.2994875080076,3289.337912087912
Maharashtra,Solapur,Onion,5,2025,100,1600,Zaid,1500,2678.6716114019778,3247.752808988764,1915.1666666666667,1988.592672413793
Maharashtra,Dindori(Vani),Onion,3,2025,1351,1740,Rabi,389,2678.6716114019778,2426.6388888888887,2626.972396486826,1861.5330739299611
Maharashtra,Dhamngaon-Railway,Wheat,9,2023,2350,2475,Kharif,125,2816.3259195893925,2481.25,3044.2994875080076,3127.0038240917784
Maharashtra,Yeola,Onion,12,2023,1503,3898,Rabi,2395,2678.6716114019778,2692.5254237288136,2626.972396486826,2933.8104448742747
Maharashtra,Shrirampur,Onion,5,2025,200,1700,Zaid,1500,2678.6716114019778,2334.11,1915.1666666666667,1988.592672413793
Maharashtra,Amrawati(Frui & Veg. Market),Potato,6,2024,1500,2500,Kharif,1000,2183.5218855218855,2546.923076923077,3044.2994875080076,2308.1819620253164
Maharashtra,Manmad,Onion,2,2025,581,1185,Rabi,604,2678.6716114019778,2515.4166666666665,2626.972396486826,2104.9403341288785
Maharashtra,Kolhapur,Onion,11,2023,1500,4800,Rabi,3300,2678.6716114019778,3576.785714285714,2626.972396486826,3859.0679611650485
Maharashtra,Kolhapur,Onion,9,2024,1500,5200,Kharif,3700,2678.6716114019778,3576.785714285714,3044.2994875080076,3127.0038240917784
Maharashtra,"Sangli(Phale, Bhajipura Market)",Onion,10,2023,1600,5500,Kharif,3900,2678.6716114019778,2561.711711711712,3044.2994875080076,3462.48231511254
Maharashtra,Manchar,Onion,10,2024,3800,5110,Kharif,1310,2678.6716114019778,2335.757575757576,3044.2994875080076,3462.48231511254
Maharashtra,Kamthi,Onion,2,2025,1500,2500,Rabi,1000,2678.6716114019778,3486.904761904762,2626.972396486826,2104.9403341288785
Maharashtra,Khed(Chakan),Potato,5,2025,1300,1800,Zaid,500,2183.5218855218855,2519.4174757281553,1915.1666666666667,1988.592672413793
Maharashtra,Chandvad,Tomato,7,2023,2500,7755,Kharif,5255,6168.357446808511,3065.671875,3044.2994875080076,3289.337912087912
Maharashtra,Pune(Khadiki),Onion,4,2025,600,1300,Zaid,700,2678.6716114019778,2011.926605504587,1915.1666666666667,1829.9925
Maharashtra,Rahuri,Potato,11,2024,2700,3500,Rabi,800,2183.5218855218855,2826.0106382978724,2626.972396486826,3859.0679611650485
Maharashtra,Pune,Onion,11,2024,2500,6500,Rabi,4000,2678.6716114019778,3186.013986013986,2626.972396486826,3859.0679611650485
Maharashtra,Akole,Onion,6,2023,111,1251,Kharif,1140,2678.6716114019778,2706.52,3044.2994875080076,2308.1819620253164
Maharashtra,Karjat,Onion,4,2025,500,1500,Zaid,1000,2678.6716114019778,2275.0,1915.1666666666667,1829.9925
Maharashtra,Nasik,Onion,10,2024,3500,4450,Kharif,950,2678.6716114019778,2656.4253731343283,3044.2994875080076,3462.48231511254
Maharashtra,Shirpur,Onion,3,2025,350,350,Rabi,0,2678.6716114019778,2791.733333333333,2626.972396486826,1861.5330739299611
Maharashtra,Nagpur,Onion,4,2025,1000,1600,Zaid,600,2678.6716114019778,2756.266666666667,1915.1666666666667,1829.9925
Maharashtra,Vai,Onion,9,2023,500,1000,Kharif,500,2678.6716114019778,3070.7865168539324,3044.2994875080076,3127.0038240917784
Maharashtra,Manmad,Onion,5,2025,200,1501,Zaid,1301,2678.6716114019778,2515.4166666666665,1915.1666666666667,1988.592672413793
Maharashtra,Rahuri,Potato,5,2024,2100,2700,Zaid,600,2183.5218855218855,2826.0106382978724,1915.1666666666667,1988.592672413793
Maharashtra,Dhule,Onion,6,2024,100,2060,Kharif,1960,2678.6716114019778,2516.8552631578946,3044.2994875080076,2308.1819620253164
Maharashtra,Umrane,Onion,7,2024,1000,2925,Kharif,1925,2678.6716114019778,2608.282608695652,3044.2994875080076,3289.337912087912
Maharashtra,"Sangli(Phale, Bhajipura Market)",Onion,2,2025,1300,3300,Rabi,2000,2678.6716114019778,2561.711711711712,2626.972396486826,2104.9403341288785
Maharashtra,Kolhapur,Onion,8,2024,1500,4500,Kharif,3000,2678.6716114019778,3576.785714285714,3044.2994875080076,3017.515397082658
Maharashtra,Manmad,Onion,8,2023,500,1860,Kharif,1360,2678.6716114019778,2515.4166666666665,3044.2994875080076,3017.515397082658
Maharashtra,Kamthi,Tomato,6,2023,1500,2500,Kharif,1000,6168.357446808511,3486.904761904762,3044.2994875080076,2308.1819620253164
Maharashtra,Lasalgaon(Niphad),Onion,3,2024,700,1551,Rabi,851,2678.6716114019778,2520.8804347826085,2626.972396486826,1861.5330739299611
Maharashtra,Jalgaon,Potato,3,2025,1000,1800,Rabi,800,2183.5218855218855,2410.159420289855,2626.972396486826,1861.5330739299611
Maharashtra,Pune(Moshi),Onion,4,2024,500,1400,Zaid,900,2678.6716114019778,2277.6119402985073,1915.1666666666667,1829.9925
Maharashtra,Manmad,Wheat,7,2023,2225,2512,Kharif,287,2816.3259195893925,2515.4166666666665,3044.2994875080076,3289.337912087912
Maharashtra,Umrane,Onion,3,2025,700,1551,Rabi,851,2678.6716114019778,2608.282608695652,2626.972396486826,1861.5330739299611
Maharashtra,Kolhapur,Onion,8,2024,1200,3800,Kharif,2600,2678.6716114019778,3576.785714285714,3044.2994875080076,3017.515397082658
Maharashtra,Malegaon,Wheat,8,2023,2352,2712,Kharif,360,2816.3259195893925,2828.2608695652175,3044.2994875080076,3017.515397082658
Maharashtra,Bhusaval,Potato,5,2024,1800,2200,Zaid,400,2183.5218855218855,2348.8,1915.1666666666667,1988.592672413793
Maharashtra,Katol,Wheat,7,2023,2221,2226,Kharif,5,2816.3259195893925,2448.962962962963,3044.2994875080076,3289.337912087912
Maharashtra,Vashi New Mumbai,Onion,11,2023,2800,4600,Rabi,1800,2678.6716114019778,2508.130081300813,2626.972396486826,3859.0679611650485
Maharashtra,Satana,Onion,10,2024,1500,5050,Kharif,3550,2678.6716114019778,2894.45,3044.2994875080076,3462.48231511254
Maharashtra,Pune(Moshi),Potato,1,2024,1000,1500,Rabi,500,2183.5218855218855,2277.6119402985073,2626.972396486826,2202.0962441314555
Maharashtra,Baramati,Onion,2,2025,801,2500,Rabi,1699,2678.6716114019778,2769.054054054054,2626.972396486826,2104.9403341288785
Maharashtra,Vadgaonpeth,Onion,6,2024,1800,2300,Kharif,500,2678.6716114019778,2767.5675675675675,3044.2994875080076,2308.1819620253164
Maharashtra,Lasalgaon(Vinchur),Onion,2,2025,1901,2570,Rabi,669,2678.6716114019778,2574.311320754717,2626.972396486826,2104.9403341288785
Maharashtra,Solapur,Wheat,9,2023,2295,3680,Kharif,1385,2816.3259195893925,3247.752808988764,3044.2994875080076,3127.0038240917784
Maharashtra,Vashi New Mumbai,Onion,11,2023,2900,4500,Rabi,1600,2678.6716114019778,2508.130081300813,2626.972396486826,3859.0679611650485
Maharashtra,Sangamner,Onion,10,2024,1200,4600,Kharif,3400,2678.6716114019778,3329.057142857143,3044.2994875080076,3462.48231511254
Maharashtra,Jalgaon,Onion,3,2024,550,1902,Rabi,1352,2678.6716114019778,2410.159420289855,2626.972396486826,1861.5330739299611
Maharashtra,Sangamner,Onion,10,2023,300,5500,Kharif,5200,2678.6716114019778,3329.057142857143,3044.2994875080076,3462.48231511254
Maharashtra,Kolhapur,Onion,12,2023,1500,4600,Rabi,3100,2678.6716114019778,3576.785714285714,2626.972396486826,2933.8104448742747
Maharashtra,Chandvad,Onion,7,2024,1500,3291,Kharif,1791,2678.6716114019778,3065.671875,3044.2994875080076,3289.337912087912
Maharashtra,Vai,Potato,1,2025,2000,2800,Rabi,800,2183.5218855218855,3070.7865168539324,2626.972396486826,2202.0962441314555
Maharashtra,Vashi New Mumbai,Potato,5,2024,1900,2400,Zaid,500,2183.5218855218855,2508.130081300813,1915.1666666666667,1988.592672413793
Maharashtra,Rahuri(Vambori),Onion,10,2024,300,4000,Kharif,3700,2678.6716114019778,2812.3478260869565,3044.2994875080076,3462.48231511254
Maharashtra,Nagpur,Potato,3,2024,1400,1800,Rabi,400,2183.5218855218855,2756.266666666667,2626.972396486826,1861.5330739299611
Maharashtra,Nandgaon,Wheat,11,2023,2751,3365,Rabi,614,2816.3259195893925,2752.116666666667,2626.972396486826,3859.0679611650485
Maharashtra,Vashi New Mumbai,Onion,4,2025,1000,1700,Zaid,700,2678.6716114019778,2508.130081300813,1915.1666666666667,1829.9925
Maharashtra,Jalgaon,Potato,11,2023,700,1200,Rabi,500,2183.5218855218855,2410.159420289855,2626.972396486826,3859.0679611650485
Maharashtra,Pune(Moshi),Potato,9,2024,2400,2400,Kharif,0,2183.5218855218855,2277.6119402985073,3044.2994875080076,3127.0038240917784
Maharashtra,Vai,Onion,12,2023,1500,3000,Rabi,1500,2678.6716114019778,3070.7865168539324,2626.972396486826,2933.8104448742747
Maharashtra,Kolhapur,Onion,9,2024,1500,4500,Kharif,3000,2678.6716114019778,3576.785714285714,3044.2994875080076,3127.0038240917784
Maharashtra,Lasalgaon(Niphad),Onion,2,2025,1000,2800,Rabi,1800,2678.6716114019778,2520.8804347826085,2626.972396486826,2104.9403341288785
Maharashtra,Junnar(Narayangaon),Onion,12,2023,500,4000,Rabi,3500,2678.6716114019778,2861.8518518518517,2626.972396486826,2933.8104448742747
Maharashtra,Amrawati(Frui & Veg. Market),Tomato,8,2023,5500,6000,Kharif,500,6168.357446808511,2546.923076923077,3044.2994875080076,3017.515397082658
Maharashtra,Nanded,Wheat,12,2023,2200,2400,Rabi,200,2816.3259195893925,2512.3076923076924,2626.972396486826,2933.8104448742747
Maharashtra,Sakri,Onion,10,2024,4250,4845,Kharif,595,2678.6716114019778,2829.8611111111113,3044.2994875080076,3462.48231511254
Maharashtra,Pimpalgaon Baswant(Saykheda),Onion,7,2024,1500,2950,Kharif,1450,2678.6716114019778,2602.5479452054797,3044.2994875080076,3289.337912087912
Maharashtra,Nagpur,Onion,11,2024,2200,4400,Rabi,2200,2678.6716114019778,2756.266666666667,2626.972396486826,3859.0679611650485
Maharashtra,Vadgaonpeth,Onion,7,2024,2800,3000,Kharif,200,2678.6716114019778,2767.5675675675675,3044.2994875080076,3289.337912087912
Maharashtra,Chandrapur(Ganjwad),Potato,6,2023,1200,1500,Kharif,300,2183.5218855218855,2858.8607594936707,3044.2994875080076,2308.1819620253164
Maharashtra,Parner,Onion,10,2024,1500,5200,Kharif,3700,2678.6716114019778,2909.6153846153848,3044.2994875080076,3462.48231511254
Maharashtra,Pune(Khadiki),Onion,1,2024,1500,2000,Rabi,500,2678.6716114019778,2011.926605504587,2626.972396486826,2202.0962441314555
Maharashtra,Pune,Potato,2,2024,800,1600,Rabi,800,2183.5218855218855,3186.013986013986,2626.972396486826,2104.9403341288785
Maharashtra,Lasalgaon(Vinchur),Wheat,10,2023,2441,2731,Kharif,290,2816.3259195893925,2574.311320754717,3044.2994875080076,3462.48231511254
Maharashtra,Shree Rameshwar Krushi Market,Onion,8,2023,200,1800,Kharif,1600,2678.6716114019778,3118.64,3044.2994875080076,3017.515397082658
Maharashtra,Lasalgaon(Niphad),Onion,8,2023,800,2324,Kharif,1524,2678.6716114019778,2520.8804347826085,3044.2994875080076,3017.515397082658
Maharashtra,Rahuri(Vambori),Onion,4,2024,300,1700,Zaid,1400,2678.6716114019778,2812.3478260869565,1915.1666666666667,1829.9925
Maharashtra,Nasik,Potato,1,2025,1200,2300,Rabi,1100,2183.5218855218855,2656.4253731343283,2626.972396486826,2202.0962441314555
Maharashtra,Newasa,Wheat,12,2023,2450,2450,Rabi,0,2816.3259195893925,2400.0,2626.972396486826,2933.8104448742747
Maharashtra,Yeola,Onion,3,2025,400,1460,Rabi,1060,2678.6716114019778,2692.5254237288136,2626.972396486826,1861.5330739299611
Maharashtra,Shahada,Wheat,10,2023,2575,2851,Kharif,276,2816.3259195893925,2744.6111111111113,3044.2994875080076,3462.48231511254
Maharashtra,Solapur,Tomato,7,2023,1500,9500,Kharif,8000,6168.357446808511,3247.752808988764,3044.2994875080076,3289.337912087912
Maharashtra,Phaltan,Tomato,7,2023,2100,8399,Kharif,6299,6168.357446808511,5066.785714285715,3044.2994875080076,3289.337912087912
Maharashtra,Junnar(Narayangaon),Potato,5,2025,400,2000,Zaid,1600,2183.5218855218855,2861.8518518518517,1915.1666666666667,1988.592672413793
Maharashtra,Solapur,Potato,12,2024,1500,2500,Rabi,1000,2183.5218855218855,3247.752808988764,2626.972396486826,2933.8104448742747
Maharashtra,Satana,Onion,10,2024,1100,5000,Kharif,3900,2678.6716114019778,2894.45,3044.2994875080076,3462.48231511254
Maharashtra,Junnar(Narayangaon),Onion,12,2023,500,2200,Rabi,1700,2678.6716114019778,2861.8518518518517,2626.972396486826,2933.8104448742747
Maharashtra,"Sangli(Phale, Bhajipura Market)",Onion,1,2024,400,2300,Rabi,1900,2678.6716114019778,2561.711711711712,2626.972396486826,2202.0962441314555
Maharashtra,Lasalgaon(Niphad),Onion,4,2025,1055,1142,Zaid,87,2678.6716114019778,2520.8804347826085,1915.1666666666667,1829.9925
Maharashtra,Alibagh,Rice,6,2025,2500,2700,Kharif,200,4928.92,2700.0,3044.2994875080076,2308.1819620253164
Maharashtra,Sangamner,Tomato,6,2023,500,4750,Kharif,4250,6168.357446808511,3329.057142857143,3044.2994875080076,2308.1819620253164
Maharashtra,Mangal Wedha,Wheat,9,2023,2950,3210,Kharif,260,2816.3259195893925,2928.322033898305,3044.2994875080076,3127.0038240917784
Maharashtra,Rahata,Potato,1,2024,700,1500,Rabi,800,2183.5218855218855,2600.863309352518,2626.972396486826,2202.0962441314555
Maharashtra,Shirpur,Onion,10,2023,1225,4125,Kharif,2900,2678.6716114019778,2791.733333333333,3044.2994875080076,3462.48231511254
Maharashtra,Manmad,Onion,5,2024,500,2100,Zaid,1600,2678.6716114019778,2515.4166666666665,1915.1666666666667,1988.592672413793
Maharashtra,Newasa(Ghodegaon),Onion,7,2023,400,2550,Kharif,2150,2678.6716114019778,2765.151515151515,3044.2994875080076,3289.337912087912
Maharashtra,Vashi New Mumbai,Potato,6,2024,2100,2700,Kharif,600,2183.5218855218855,2508.130081300813,3044.2994875080076,2308.1819620253164
Maharashtra,Junnar(Otur),Onion,8,2024,1500,4510,Kharif,3010,2678.6716114019778,2554.5283018867926,3044.2994875080076,3017.515397082658
Maharashtra,Devala,Onion,9,2024,1500,4425,Kharif,2925,2678.6716114019778,2586.3793103448274,3044.2994875080076,3127.0038240917784
Maharashtra,Manchar,Potato,4,2024,1000,2200,Zaid,1200,2183.5218855218855,2335.757575757576,1915.1666666666667,1829.9925
Maharashtra,Solapur,Potato,1,2025,1400,2100,Rabi,700,2183.5218855218855,3247.752808988764,2626.972396486826,2202.0962441314555
Maharashtra,Kamthi,Potato,6,2024,3000,4000,Kharif,1000,2183.5218855218855,3486.904761904762,3044.2994875080076,2308.1819620253164
Maharashtra,Rahata,Potato,6,2024,2600,3100,Kharif,500,2183.5218855218855,2600.863309352518,3044.2994875080076,2308.1819620253164
Maharashtra,Vashi New Mumbai,Onion,9,2023,800,2300,Kharif,1500,2678.6716114019778,2508.130081300813,3044.2994875080076,3127.0038240917784
Maharashtra,Phaltan,Wheat,12,2023,2300,3250,Rabi,950,2816.3259195893925,5066.785714285715,2626.972396486826,2933.8104448742747
Maharashtra,Pimpalgaon Baswant(Saykheda),Onion,10,2024,2300,4260,Kharif,1960,2678.6716114019778,2602.5479452054797,3044.2994875080076,3462.48231511254
Maharashtra,Kopargaon,Wheat,1,2024,2500,2776,Rabi,276,2816.3259195893925,2558.2608695652175,2626.972396486826,2202.0962441314555
Maharashtra,Satana,Onion,3,2025,205,1460,Rabi,1255,2678.6716114019778,2894.45,2626.972396486826,1861.5330739299611
Maharashtra,Ahmednagar,Tomato,7,2023,4000,8500,Kharif,4500,6168.357446808511,2678.2608695652175,3044.2994875080076,3289.337912087912
Maharashtra,Yeola,Onion,3,2025,500,1512,Rabi,1012,2678.6716114019778,2692.5254237288136,2626.972396486826,1861.5330739299611
Maharashtra,Bhusaval,Potato,9,2024,2000,2500,Kharif,500,2183.5218855218855,2348.8,3044.2994875080076,3127.0038240917784
Maharashtra,Lasalgaon(Niphad),Onion,10,2024,2500,4400,Kharif,1900,2678.6716114019778,2520.8804347826085,3044.2994875080076,3462.48231511254
Maharashtra,Manmad,Onion,6,2023,110,1170,Kharif,1060,2678.6716114019778,2515.4166666666665,3044.2994875080076,2308.1819620253164
Maharashtra,Pune(Pimpri),Potato,3,2024,1800,1800,Rabi,0,2183.5218855218855,2966.2162162162163,2626.972396486826,1861.5330739299611
Maharashtra,Mangal Wedha,Onion,7,2024,1000,3500,Kharif,2500,2678.6716114019778,2928.322033898305,3044.2994875080076,3289.337912087912
Maharashtra,Karjat(Raigad),Onion,1,2024,500,2000,Rabi,1500,2678.6716114019778,2770.2380952380954,2626.972396486826,2202.0962441314555
Maharashtra,Kolhapur,Onion,12,2023,700,4000,Rabi,3300,2678.6716114019778,3576.785714285714,2626.972396486826,2933.8104448742747
Maharashtra,Pune,Potato,10,2024,2000,3500,Kharif,1500,2183.5218855218855,3186.013986013986,3044.2994875080076,3462.48231511254
Maharashtra,Pune(Manjri),Potato,4,2025,2000,2500,Zaid,500,2183.5218855218855,2804.7619047619046,1915.1666666666667,1829.9925
Maharashtra,Pune(Moshi),Onion,2,2024,200,1000,Rabi,800,2678.6716114019778,2277.6119402985073,2626.972396486826,2104.9403341288785
Maharashtra,Lasalgaon,Onion,4,2025,300,880,Zaid,580,2678.6716114019778,2867.190476190476,1915.1666666666667,1829.9925
Maharashtra,Akola,Onion,6,2023,700,1500,Kharif,800,2678.6716114019778,2421.8840579710145,3044.2994875080076,2308.1819620253164
Maharashtra,Karmala,Wheat,6,2023,2051,2425,Kharif,374,2816.3259195893925,2593.1666666666665,3044.2994875080076,2308.1819620253164
Maharashtra,Amrawati(Frui & Veg. Market),Potato,6,2023,700,1400,Kharif,700,2183.5218855218855,2546.923076923077,3044.2994875080076,2308.1819620253164
Maharashtra,Nagpur,Wheat,6,2023,2246,2372,Kharif,126,2816.3259195893925,2756.266666666667,3044.2994875080076,2308.1819620253164
Maharashtra,Shevgaon,Wheat,10,2023,2350,2600,Kharif,250,2816.3259195893925,2106.75,3044.2994875080076,3462.48231511254
Maharashtra,Nagpur,Onion,2,2024,800,1600,Rabi,800,2678.6716114019778,2756.266666666667,2626.972396486826,2104.9403341288785
Maharashtra,Pathardi,Wheat,12,2023,2000,2500,Rabi,500,2816.3259195893925,2397.093023255814,2626.972396486826,2933.8104448742747
Maharashtra,Akole,Onion,10,2024,1200,4400,Kharif,3200,2678.6716114019778,2706.52,3044.2994875080076,3462.48231511254
Maharashtra,Nagpur,Onion,3,2025,1000,1800,Rabi,800,2678.6716114019778,2756.266666666667,2626.972396486826,1861.5330739299611
Maharashtra,Vashi New Mumbai,Onion,6,2023,700,1500,Kharif,800,2678.6716114019778,2508.130081300813,3044.2994875080076,2308.1819620253164
Maharashtra,Pune(Khadiki),Onion,8,2024,1200,2800,Kharif,1600,2678.6716114019778,2011.926605504587,3044.2994875080076,3017.515397082658
Maharashtra,Kolhapur,Onion,6,2025,500,1700,Kharif,1200,2678.6716114019778,3576.785714285714,3044.2994875080076,2308.1819620253164
Maharashtra,Satana,Wheat,10,2023,2401,3560,Kharif,1159,2816.3259195893925,2894.45,3044.2994875080076,3462.48231511254
Maharashtra,Solapur,Potato,6,2023,600,2300,Kharif,1700,2183.5218855218855,3247.752808988764,3044.2994875080076,2308.1819620253164
Maharashtra,Akola,Wheat,10,2023,2100,2780,Kharif,680,2816.3259195893925,2421.8840579710145,3044.2994875080076,3462.48231511254
Maharashtra,Rahuri,Onion,9,2024,500,4300,Kharif,3800,2678.6716114019778,2826.0106382978724,3044.2994875080076,3127.0038240917784
Maharashtra,Katol,Wheat,7,2023,2245,2300,Kharif,55,2816.3259195893925,2448.962962962963,3044.2994875080076,3289.337912087912
Maharashtra,Vashi New Mumbai,Potato,1,2024,900,1300,Rabi,400,2183.5218855218855,2508.130081300813,2626.972396486826,2202.0962441314555
Maharashtra,Pachora,Wheat,1,2024,2400,2631,Rabi,231,2816.3259195893925,2541.85,2626.972396486826,2202.0962441314555
Maharashtra,Khed(Chakan),Potato,11,2024,2500,3700,Rabi,1200,2183.5218855218855,2519.4174757281553,2626.972396486826,3859.0679611650485
Maharashtra,Pune,Potato,7,2024,2500,3000,Kharif,500,2183.5218855218855,3186.013986013986,3044.2994875080076,3289.337912087912
Maharashtra,Pandharpur,Onion,2,2024,200,1500,Rabi,1300,2678.6716114019778,3293.846153846154,2626.972396486826,2104.9403341288785
Maharashtra,Dindori(Vani),Onion,6,2023,500,1415,Kharif,915,2678.6716114019778,2426.6388888888887,3044.2994875080076,2308.1819620253164
Maharashtra,Nasik,Onion,8,2024,2800,3950,Kharif,1150,2678.6716114019778,2656.4253731343283,3044.2994875080076,3017.515397082658
Maharashtra,Akola,Onion,4,2025,700,1400,Zaid,700,2678.6716114019778,2421.8840579710145,1915.1666666666667,1829.9925
Maharashtra,Dindori,Onion,7,2023,1001,1506,Kharif,505,2678.6716114019778,1774.4666666666667,3044.2994875080076,3289.337912087912
Maharashtra,Dhule,Wheat,12,2023,2500,3276,Rabi,776,2816.3259195893925,2516.8552631578946,2626.972396486826,2933.8104448742747
Maharashtra,Akola,Potato,12,2024,2000,2600,Rabi,600,2183.5218855218855,2421.8840579710145,2626.972396486826,2933.8104448742747
Maharashtra,Jalgaon,Tomato,7,2023,4000,8000,Kharif,4000,6168.357446808511,2410.159420289855,3044.2994875080076,3289.337912087912
Maharashtra,Mangal Wedha,Tomato,6,2023,2000,3800,Kharif,1800,6168.357446808511,2928.322033898305,3044.2994875080076,2308.1819620253164
Maharashtra,Rahuri(Vambori),Wheat,12,2023,2300,3061,Rabi,761,2816.3259195893925,2812.3478260869565,2626.972396486826,2933.8104448742747
Maharashtra,Kalvan,Onion,9,2024,2000,4855,Kharif,2855,2678.6716114019778,2726.1132075471696,3044.2994875080076,3127.0038240917784
Maharashtra,Lasalgaon(Niphad),Onion,3,2024,1000,1716,Rabi,716,2678.6716114019778,2520.8804347826085,2626.972396486826,1861.5330739299611
Maharashtra,Lasalgaon(Vinchur),Onion,6,2025,500,1700,Kharif,1200,2678.6716114019778,2574.311320754717,3044.2994875080076,2308.1819620253164
Maharashtra,Nasik,Onion,10,2024,3400,4600,Kharif,1200,2678.6716114019778,2656.4253731343283,3044.2994875080076,3462.48231511254
Maharashtra,"Sangli(Phale, Bhajipura Market)",Onion,12,2023,700,2500,Rabi,1800,2678.6716114019778,2561.711711711712,2626.972396486826,2933.8104448742747
Maharashtra,Nagpur,Onion,8,2024,3200,4200,Kharif,1000,2678.6716114019778,2756.266666666667,3044.2994875080076,3017.515397082658
Maharashtra,Amrawati(Frui & Veg. Market),Onion,10,2023,1200,4200,Kharif,3000,2678.6716114019778,2546.923076923077,3044.2994875080076,3462.48231511254
Maharashtra,Solapur,Potato,7,2023,800,1650,Kharif,850,2183.5218855218855,3247.752808988764,3044.2994875080076,3289.337912087912
Maharashtra,Nagpur,Potato,6,2023,1000,1200,Kharif,200,2183.5218855218855,2756.266666666667,3044.2994875080076,2308.1819620253164
Maharashtra,Tasgaon,Wheat,11,2023,2560,2820,Rabi,260,2816.3259195893925,2896.875,2626.972396486826,3859.0679611650485
Maharashtra,Nagpur,Onion,8,2023,1500,2500,Kharif,1000,2678.6716114019778,2756.266666666667,3044.2994875080076,3017.515397082658
Maharashtra,Lasalgaon,Onion,10,2023,2000,5252,Kharif,3252,2678.6716114019778,2867.190476190476,3044.2994875080076,3462.48231511254
Maharashtra,Nandurbar,Onion,2,2024,980,1235,Rabi,255,2678.6716114019778,2220.733333333333,2626.972396486826,2104.9403341288785
Maharashtra,Pune(Pimpri),Onion,7,2024,2700,3300,Kharif,600,2678.6716114019778,2966.2162162162163,3044.2994875080076,3289.337912087912
Maharashtra,Karad,Tomato,7,2023,7000,8500,Kharif,1500,6168.357446808511,2862.31884057971,3044.2994875080076,3289.337912087912
Maharashtra,Nasik,Onion,1,2024,550,1950,Rabi,1400,2678.6716114019778,2656.4253731343283,2626.972396486826,2202.0962441314555
Maharashtra,Shrirampur,Potato,1,2024,1000,1300,Rabi,300,2183.5218855218855,2334.11,2626.972396486826,2202.0962441314555
Maharashtra,Yeola,Onion,3,2025,300,1381,Rabi,1081,2678.6716114019778,2692.5254237288136,2626.972396486826,1861.5330739299611
Maharashtra,Sangamner,Onion,3,2025,200,1701,Rabi,1501,2678.6716114019778,3329.057142857143,2626.972396486826,1861.5330739299611
Maharashtra,Dhule,Onion,4,2025,200,1130,Zaid,930,2678.6716114019778,2516.8552631578946,1915.1666666666667,1829.9925
Maharashtra,Nasik,Onion,5,2024,600,1700,Zaid,1100,2678.6716114019778,2656.4253731343283,1915.1666666666667,1988.592672413793
Maharashtra,Pune,Onion,3,2024,500,1500,Rabi,1000,2678.6716114019778,3186.013986013986,2626.972396486826,1861.5330739299611
Maharashtra,Jamkhed,Onion,11,2023,300,4000,Rabi,3700,2678.6716114019778,2610.4651162790697,2626.972396486826,3859.0679611650485
Maharashtra,Lasalgaon(Vinchur),Wheat,6,2023,2200,2402,Kharif,202,2816.3259195893925,2574.311320754717,3044.2994875080076,2308.1819620253164
Maharashtra,Sangli,Rice,4,2025,4500,9000,Zaid,4500,4928.92,4790.625,1915.1666666666667,1829.9925
Maharashtra,Nampur,Onion,2,2024,100,1265,Rabi,1165,2678.6716114019778,2499.769230769231,2626.972396486826,2104.9403341288785
Maharashtra,Yeola,Wheat,10,2023,2476,2981,Kharif,505,2816.3259195893925,2692.5254237288136,3044.2994875080076,3462.48231511254
Maharashtra,"Sangli(Phale, Bhajipura Market)",Potato,3,2024,1500,2000,Rabi,500,2183.5218855218855,2561.711711711712,2626.972396486826,1861.5330739299611
Maharashtra,Junnar(Narayangaon),Onion,1,2024,500,2200,Rabi,1700,2678.6716114019778,2861.8518518518517,2626.972396486826,2202.0962441314555
Maharashtra,Vadgaonpeth,Onion,10,2023,2000,2800,Kharif,800,2678.6716114019778,2767.5675675675675,3044.2994875080076,3462.48231511254
Maharashtra,Lonand,Onion,3,2025,700,1700,Rabi,1000,2678.6716114019778,2603.235294117647,2626.972396486826,1861.5330739299611
Maharashtra,Pimpalgaon,Onion,11,2024,1551,4425,Rabi,2874,2678.6716114019778,3416.065934065934,2626.972396486826,3859.0679611650485
Maharashtra,Vai,Potato,9,2024,2600,3300,Kharif,700,2183.5218855218855,3070.7865168539324,3044.2994875080076,3127.0038240917784
Maharashtra,Nagpur,Potato,12,2024,1700,2300,Rabi,600,2183.5218855218855,2756.266666666667,2626.972396486826,2933.8104448742747
Maharashtra,Lasalgaon(Vinchur),Onion,4,2025,700,1595,Zaid,895,2678.6716114019778,2574.311320754717,1915.1666666666667,1829.9925
Maharashtra,Rahuri,Potato,6,2023,1000,2000,Kharif,1000,2183.5218855218855,2826.0106382978724,3044.2994875080076,2308.1819620253164
Maharashtra,Khed(Chakan),Onion,3,2025,1800,2300,Rabi,500,2678.6716114019778,2519.4174757281553,2626.972396486826,1861.5330739299611
Maharashtra,Karad,Onion,9,2023,1000,2500,Kharif,1500,2678.6716114019778,2862.31884057971,3044.2994875080076,3127.0038240917784
Maharashtra,Sinner,Onion,7,2024,500,2850,Kharif,2350,2678.6716114019778,2542.6071428571427,3044.2994875080076,3289.337912087912
Maharashtra,Jalgaon,Onion,6,2023,400,1150,Kharif,750,2678.6716114019778,2410.159420289855,3044.2994875080076,2308.1819620253164
Maharashtra,Kalyan,Potato,3,2024,600,1200,Rabi,600,2183.5218855218855,2589.4736842105262,2626.972396486826,1861.5330739299611
Maharashtra,Palghar,Rice,4,2025,4950,4950,Zaid,0,4928.92,3742.5384615384614,1915.1666666666667,1829.9925
Maharashtra,Pune,Potato,11,2023,800,2000,Rabi,1200,2183.5218855218855,3186.013986013986,2626.972396486826,3859.0679611650485
Maharashtra,Rahuri(Vambori),Wheat,1,2024,1951,2916,Rabi,965,2816.3259195893925,2812.3478260869565,2626.972396486826,2202.0962441314555
Maharashtra,Mangal Wedha,Onion,4,2025,200,1450,Zaid,1250,2678.6716114019778,2928.322033898305,1915.1666666666667,1829.9925
Maharashtra,Baramati,Onion,8,2024,800,3000,Kharif,2200,2678.6716114019778,2769.054054054054,3044.2994875080076,3017.515397082658
Maharashtra,Amalner,Wheat,10,2023,2351,2900,Kharif,549,2816.3259195893925,2787.5714285714284,3044.2994875080076,3462.48231511254
Maharashtra,Kamthi,Tomato,7,2023,10000,12000,Kharif,2000,6168.357446808511,3486.904761904762,3044.2994875080076,3289.337912087912
Maharashtra,Satana,Onion,12,2023,600,2620,Rabi,2020,2678.6716114019778,2894.45,2626.972396486826,2933.8104448742747
Maharashtra,Nagpur,Onion,11,2023,5000,6000,Rabi,1000,2678.6716114019778,2756.266666666667,2626.972396486826,3859.0679611650485
Maharashtra,Junnar(Otur),Onion,11,2023,2000,4510,Rabi,2510,2678.6716114019778,2554.5283018867926,2626.972396486826,3859.0679611650485
Maharashtra,Rahata,Potato,8,2024,2200,2900,Kharif,700,2183.5218855218855,2600.863309352518,3044.2994875080076,3017.515397082658
Maharashtra,Khed(Chakan),Potato,2,2024,1200,1500,Rabi,300,2183.5218855218855,2519.4174757281553,2626.972396486826,2104.9403341288785
Maharashtra,Dindori(Vani),Onion,10,2024,3191,4752,Kharif,1561,2678.6716114019778,2426.6388888888887,3044.2994875080076,3462.48231511254
Maharashtra,Jamkhed,Onion,10,2024,400,3500,Kharif,3100,2678.6716114019778,2610.4651162790697,3044.2994875080076,3462.48231511254
Maharashtra,Rahuri,Onion,6,2025,100,1600,Kharif,1500,2678.6716114019778,2826.0106382978724,3044.2994875080076,2308.1819620253164
Maharashtra,Malegaon,Wheat,1,2024,2312,2998,Rabi,686,2816.3259195893925,2828.2608695652175,2626.972396486826,2202.0962441314555
Maharashtra,Jalgaon,Potato,12,2024,1500,1800,Rabi,300,2183.5218855218855,2410.159420289855,2626.972396486826,2933.8104448742747
Maharashtra,Akola,Potato,4,2024,1500,2300,Zaid,800,2183.5218855218855,2421.8840579710145,1915.1666666666667,1829.9925
Maharashtra,Tumsar,Wheat,6,2023,2050,2352,Kharif,302,2816.3259195893925,2576.0833333333335,3044.2994875080076,2308.1819620253164
Maharashtra,Gevrai,Wheat,6,2023,2000,2801,Kharif,801,2816.3259195893925,2950.590909090909,3044.2994875080076,2308.1819620253164
Maharashtra,Shevgaon,Onion,8,2023,200,1000,Kharif,800,2678.6716114019778,2106.75,3044.2994875080076,3017.515397082658
Maharashtra,Chandrapur(Ganjwad),Onion,8,2024,3000,4000,Kharif,1000,2678.6716114019778,2858.8607594936707,3044.2994875080076,3017.515397082658
Maharashtra,Parner,Onion,5,2025,150,1400,Zaid,1250,2678.6716114019778,2909.6153846153848,1915.1666666666667,1988.592672413793
Maharashtra,Pune(Khadiki),Potato,2,2025,700,1400,Rabi,700,2183.5218855218855,2011.926605504587,2626.972396486826,2104.9403341288785
Maharashtra,Ramtek,Potato,7,2023,1400,1600,Kharif,200,2183.5218855218855,3246.0169491525426,3044.2994875080076,3289.337912087912
Maharashtra,Baramati,Onion,8,2024,1000,3600,Kharif,2600,2678.6716114019778,2769.054054054054,3044.2994875080076,3017.515397082658
Maharashtra,Sakri,Onion,5,2024,900,1900,Zaid,1000,2678.6716114019778,2829.8611111111113,1915.1666666666667,1988.592672413793
Maharashtra,Khed(Chakan),Onion,12,2024,2000,4500,Rabi,2500,2678.6716114019778,2519.4174757281553,2626.972396486826,2933.8104448742747
Maharashtra,Telhara,Wheat,6,2023,2125,2240,Kharif,115,2816.3259195893925,2441.0,3044.2994875080076,2308.1819620253164
Maharashtra,Satana,Wheat,9,2023,1818,2675,Kharif,857,2816.3259195893925,2894.45,3044.2994875080076,3127.0038240917784
Maharashtra,Pathardi,Onion,3,2025,300,1425,Rabi,1125,2678.6716114019778,2397.093023255814,2626.972396486826,1861.5330739299611
Maharashtra,Kolhapur,Onion,4,2025,600,1700,Zaid,1100,2678.6716114019778,3576.785714285714,1915.1666666666667,1829.9925
Maharashtra,Akluj,Potato,1,2025,1500,2200,Rabi,700,2183.5218855218855,2208.2716049382716,2626.972396486826,2202.0962441314555
Maharashtra,Ausa,Wheat,9,2023,2251,2301,Kharif,50,2816.3259195893925,3000.6,3044.2994875080076,3127.0038240917784
Maharashtra,Khed(Chakan),Onion,10,2023,1000,2300,Kharif,1300,2678.6716114019778,2519.4174757281553,3044.2994875080076,3462.48231511254
Maharashtra,Pimpalgaon Baswant(Saykheda),Onion,4,2025,700,1311,Zaid,611,2678.6716114019778,2602.5479452054797,1915.1666666666667,1829.9925
Maharashtra,Vadgaonpeth,Onion,8,2023,1800,2500,Kharif,700,2678.6716114019778,2767.5675675675675,3044.2994875080076,3017.515397082658
Maharashtra,Satara,Potato,4,2025,1500,2000,Zaid,500,2183.5218855218855,2750.0,1915.1666666666667,1829.9925
Maharashtra,Pune(Pimpri),Onion,5,2024,1400,2000,Zaid,600,2678.6716114019778,2966.2162162162163,1915.1666666666667,1988.592672413793
Maharashtra,Dhamngaon-Railway,Wheat,8,2023,2450,2475,Kharif,25,2816.3259195893925,2481.25,3044.2994875080076,3017.515397082658
Maharashtra,Lasalgaon(Vinchur),Onion,9,2023,600,2302,Kharif,1702,2678.6716114019778,2574.311320754717,3044.2994875080076,3127.0038240917784
Maharashtra,Palghar,Rice,4,2025,4080,4080,Zaid,0,4928.92,3742.5384615384614,1915.1666666666667,1829.9925
Maharashtra,Pune(Manjri),Onion,3,2025,2200,2800,Rabi,600,2678.6716114019778,2804.7619047619046,2626.972396486826,1861.5330739299611
Maharashtra,Pimpalgaon Baswant(Saykheda),Onion,5,2024,600,1800,Zaid,1200,2678.6716114019778,2602.5479452054797,1915.1666666666667,1988.592672413793
Maharashtra,Manmad,Onion,8,2023,350,2120,Kharif,1770,2678.6716114019778,2515.4166666666665,3044.2994875080076,3017.515397082658
Maharashtra,Nandgaon,Wheat,2,2024,2400,3101,Rabi,701,2816.3259195893925,2752.116666666667,2626.972396486826,2104.9403341288785
Maharashtra,Majalgaon,Wheat,12,2023,2400,2900,Rabi,500,2816.3259195893925,3154.5384615384614,2626.972396486826,2933.8104448742747
Maharashtra,Nasik,Onion,10,2024,4200,5150,Kharif,950,2678.6716114019778,2656.4253731343283,3044.2994875080076,3462.48231511254
Maharashtra,Rahuri,Potato,6,2025,600,2500,Kharif,1900,2183.5218855218855,2826.0106382978724,3044.2994875080076,2308.1819620253164
Maharashtra,Barshi(Vairag),Wheat,9,2023,2201,2500,Kharif,299,2816.3259195893925,2469.0,3044.2994875080076,3127.0038240917784
Maharashtra,Pen,Potato,12,2023,2600,2800,Rabi,200,2183.5218855218855,2790.909090909091,2626.972396486826,2933.8104448742747
Maharashtra,Sindi(Selu),Wheat,9,2023,2200,2355,Kharif,155,2816.3259195893925,2372.222222222222,3044.2994875080076,3127.0038240917784
Maharashtra,Junnar(Otur),Onion,5,2025,1000,1700,Zaid,700,2678.6716114019778,2554.5283018867926,1915.1666666666667,1988.592672413793
Maharashtra,Nagpur,Onion,4,2025,800,1600,Zaid,800,2678.6716114019778,2756.266666666667,1915.1666666666667,1829.9925
Maharashtra,Lasalgaon(Vinchur),Onion,11,2024,2500,5040,Rabi,2540,2678.6716114019778,2574.311320754717,2626.972396486826,3859.0679611650485
Maharashtra,Rahuri,Onion,4,2025,100,1355,Zaid,1255,2678.6716114019778,2826.0106382978724,1915.1666666666667,1829.9925
Maharashtra,Lasalgaon(Vinchur),Onion,5,2025,500,1561,Zaid,1061,2678.6716114019778,2574.311320754717,1915.1666666666667,1988.592672413793
Maharashtra,Solapur,Onion,7,2023,100,2400,Kharif,2300,2678.6716114019778,3247.752808988764,3044.2994875080076,3289.337912087912
Maharashtra,Pune(Khadiki),Onion,5,2024,1000,1600,Zaid,600,2678.6716114019778,2011.926605504587,1915.1666666666667,1988.592672413793
Maharashtra,Nampur,Onion,10,2024,1000,4510,Kharif,3510,2678.6716114019778,2499.769230769231,3044.2994875080076,3462.48231511254
Maharashtra,Ulhasnagar,Wheat,12,2023,3200,3600,Rabi,400,2816.3259195893925,3895.8333333333335,2626.972396486826,2933.8104448742747
Maharashtra,Jalgaon,Potato,1,2024,1200,1700,Rabi,500,2183.5218855218855,2410.159420289855,2626.972396486826,2202.0962441314555
Maharashtra,Lasalgaon,Onion,2,2024,700,1445,Rabi,745,2678.6716114019778,2867.190476190476,2626.972396486826,2104.9403341288785
Maharashtra,Dhule,Onion,2,2024,250,2000,Rabi,1750,2678.6716114019778,2516.8552631578946,2626.972396486826,2104.9403341288785
Maharashtra,Nagpur,Potato,7,2024,2200,2800,Kharif,600,2183.5218855218855,2756.266666666667,3044.2994875080076,3289.337912087912
Maharashtra,Rahata,Wheat,7,2023,2250,2545,Kharif,295,2816.3259195893925,2600.863309352518,3044.2994875080076,3289.337912087912
Maharashtra,Sangamner,Onion,12,2023,500,3361,Rabi,2861,2678.6716114019778,3329.057142857143,2626.972396486826,2933.8104448742747
Maharashtra,Karad,Onion,4,2024,500,1300,Zaid,800,2678.6716114019778,2862.31884057971,1915.1666666666667,1829.9925
Maharashtra,Lasalgaon,Wheat,9,2023,1500,3031,Kharif,1531,2816.3259195893925,2867.190476190476,3044.2994875080076,3127.0038240917784
Maharashtra,Pune(Khadiki),Potato,9,2024,2000,2600,Kharif,600,2183.5218855218855,2011.926605504587,3044.2994875080076,3127.0038240917784
Maharashtra,Chandvad,Onion,11,2024,1725,5556,Rabi,3831,2678.6716114019778,3065.671875,2626.972396486826,3859.0679611650485
Maharashtra,Mangaon,Rice,6,2025,1900,4800,Kharif,2900,4928.92,4800.0,3044.2994875080076,2308.1819620253164
Maharashtra,Khed(Chakan),Potato,9,2024,2000,3000,Kharif,1000,2183.5218855218855,2519.4174757281553,3044.2994875080076,3127.0038240917784
Maharashtra,Pimpalgaon Baswant(Saykheda),Onion,10,2023,2000,5030,Kharif,3030,2678.6716114019778,2602.5479452054797,3044.2994875080076,3462.48231511254
Maharashtra,Vashi New Mumbai,Potato,8,2023,1000,1500,Kharif,500,2183.5218855218855,2508.130081300813,3044.2994875080076,3017.515397082658
Maharashtra,Umrane,Onion,3,2024,751,1900,Rabi,1149,2678.6716114019778,2608.282608695652,2626.972396486826,1861.5330739299611
Maharashtra,Shree Rameshwar Krushi Market,Onion,7,2024,500,3100,Kharif,2600,2678.6716114019778,3118.64,3044.2994875080076,3289.337912087912
Maharashtra,Islampur,Potato,6,2023,1400,2000,Kharif,600,2183.5218855218855,2422.7272727272725,3044.2994875080076,2308.1819620253164
Maharashtra,Vai,Onion,8,2023,700,1500,Kharif,800,2678.6716114019778,3070.7865168539324,3044.2994875080076,3017.515397082658
Maharashtra,Amrawati(Frui & Veg. Market),Potato,4,2025,700,2200,Zaid,1500,2183.5218855218855,2546.923076923077,1915.1666666666667,1829.9925
Maharashtra,Lasalgaon(Niphad),Onion,3,2024,870,1551,Rabi,681,2678.6716114019778,2520.8804347826085,2626.972396486826,1861.5330739299611
Maharashtra,Newasa(Ghodegaon),Onion,7,2023,300,2500,Kharif,2200,2678.6716114019778,2765.151515151515,3044.2994875080076,3289.337912087912
Maharashtra,Khed(Chakan),Potato,5,2025,1300,2000,Zaid,700,2183.5218855218855,2519.4174757281553,1915.1666666666667,1988.592672413793
Maharashtra,Chandvad,Onion,11,2024,2525,4551,Rabi,2026,2678.6716114019778,3065.671875,2626.972396486826,3859.0679611650485
Maharashtra,Shevgaon(Bodhegaon),Wheat,6,2023,2150,2400,Kharif,250,2816.3259195893925,2473.684210526316,3044.2994875080076,2308.1819620253164
Maharashtra,Katol,Wheat,10,2023,2491,2511,Kharif,20,2816.3259195893925,2448.962962962963,3044.2994875080076,3462.48231511254
Maharashtra,Amarawati,Wheat,6,2023,2200,2300,Kharif,100,2816.3259195893925,2544.848484848485,3044.2994875080076,2308.1819620253164
Maharashtra,Dhule,Wheat,12,2023,2200,3125,Rabi,925,2816.3259195893925,2516.8552631578946,2626.972396486826,2933.8104448742747
Maharashtra,Manmad,Onion,3,2025,600,1645,Rabi,1045,2678.6716114019778,2515.4166666666665,2626.972396486826,1861.5330739299611
Maharashtra,Nagpur,Onion,10,2023,4400,6000,Kharif,1600,2678.6716114019778,2756.266666666667,3044.2994875080076,3462.48231511254
Maharashtra,Sangamner,Onion,5,2024,200,2001,Zaid,1801,2678.6716114019778,3329.057142857143,1915.1666666666667,1988.592672413793
Maharashtra,Rahuri(Vambori),Onion,3,2025,200,1800,Rabi,1600,2678.6716114019778,2812.3478260869565,2626.972396486826,1861.5330739299611
Maharashtra,Ahmednagar,Onion,8,2023,200,2400,Kharif,2200,2678.6716114019778,2678.2608695652175,3044.2994875080076,3017.515397082658
Maharashtra,Hingna,Onion,4,2025,1300,1500,Zaid,200,2678.6716114019778,2675.875,1915.1666666666667,1829.9925
Maharashtra,Manchar,Potato,3,2024,1000,2200,Rabi,1200,2183.5218855218855,2335.757575757576,2626.972396486826,1861.5330739299611
Maharashtra,Nagpur,Potato,2,2024,800,1200,Rabi,400,2183.5218855218855,2756.266666666667,2626.972396486826,2104.9403341288785
Maharashtra,Karad,Onion,10,2024,2000,5000,Kharif,3000,2678.6716114019778,2862.31884057971,3044.2994875080076,3462.48231511254
Maharashtra,Manmad,Onion,1,2024,300,1708,Rabi,1408,2678.6716114019778,2515.4166666666665,2626.972396486826,2202.0962441314555
Maharashtra,Navapur,Tomato,6,2023,800,1250,Kharif,450,6168.357446808511,2945.5882352941176,3044.2994875080076,2308.1819620253164
Maharashtra,Pune(Moshi),Potato,8,2024,2200,2500,Kharif,300,2183.5218855218855,2277.6119402985073,3044.2994875080076,3017.515397082658
Maharashtra,Nagpur,Onion,4,2024,1100,1500,Zaid,400,2678.6716114019778,2756.266666666667,1915.1666666666667,1829.9925
Maharashtra,Bhusaval,Onion,11,2024,3000,3000,Rabi,0,2678.6716114019778,2348.8,2626.972396486826,3859.0679611650485
Maharashtra,Rahata,Onion,2,2024,200,1600,Rabi,1400,2678.6716114019778,2600.863309352518,2626.972396486826,2104.9403341288785
Maharashtra,Akola,Potato,5,2024,1800,2400,Zaid,600,2183.5218855218855,2421.8840579710145,1915.1666666666667,1988.592672413793
Maharashtra,Ahmednagar,Onion,2,2024,200,2300,Rabi,2100,2678.6716114019778,2678.2608695652175,2626.972396486826,2104.9403341288785
Maharashtra,Nandgaon,Onion,10,2024,880,3962,Kharif,3082,2678.6716114019778,2752.116666666667,3044.2994875080076,3462.48231511254
Maharashtra,Manmad,Onion,9,2024,1360,4000,Kharif,2640,2678.6716114019778,2515.4166666666665,3044.2994875080076,3127.0038240917784
Maharashtra,Pimpalgaon,Onion,6,2025,400,2576,Kharif,2176,2678.6716114019778,3416.065934065934,3044.2994875080076,2308.1819620253164
Maharashtra,Shrirampur,Potato,1,2024,1100,1400,Rabi,300,2183.5218855218855,2334.11,2626.972396486826,2202.0962441314555
Maharashtra,Dhule,Onion,1,2024,200,1700,Rabi,1500,2678.6716114019778,2516.8552631578946,2626.972396486826,2202.0962441314555
Maharashtra,Kurdwadi(Modnimb),Wheat,12,2023,2501,3252,Rabi,751,2816.3259195893925,2242.88,2626.972396486826,2933.8104448742747
Maharashtra,Pune(Pimpri),Onion,10,2024,3400,4400,Kharif,1000,2678.6716114019778,2966.2162162162163,3044.2994875080076,3462.48231511254
Maharashtra,Khed(Chakan),Potato,3,2024,1700,2000,Rabi,300,2183.5218855218855,2519.4174757281553,2626.972396486826,1861.5330739299611
Maharashtra,Newasa(Ghodegaon),Onion,6,2023,200,1600,Kharif,1400,2678.6716114019778,2765.151515151515,3044.2994875080076,2308.1819620253164
Maharashtra,Lasalgaon(Niphad),Onion,9,2023,700,2020,Kharif,1320,2678.6716114019778,2520.8804347826085,3044.2994875080076,3127.0038240917784
Maharashtra,Satara,Potato,12,2024,1500,2200,Rabi,700,2183.5218855218855,2750.0,2626.972396486826,2933.8104448742747
Maharashtra,Khed(Chakan),Potato,3,2024,1800,2400,Rabi,600,2183.5218855218855,2519.4174757281553,2626.972396486826,1861.5330739299611
Maharashtra,Shrirampur,Potato,12,2023,1200,1500,Rabi,300,2183.5218855218855,2334.11,2626.972396486826,2933.8104448742747
Maharashtra,Palghar,Rice,6,2025,4575,4575,Kharif,0,4928.92,3742.5384615384614,3044.2994875080076,2308.1819620253164
Maharashtra,Jalgaon,Potato,11,2023,800,1200,Rabi,400,2183.5218855218855,2410.159420289855,2626.972396486826,3859.0679611650485
Maharashtra,Hingna,Potato,9,2024,2200,3000,Kharif,800,2183.5218855218855,2675.875,3044.2994875080076,3127.0038240917784
Maharashtra,Akola,Wheat,8,2023,2375,2400,Kharif,25,2816.3259195893925,2421.8840579710145,3044.2994875080076,3017.515397082658
Maharashtra,Shree Sairaj Krushi Market,Onion,3,2025,400,2700,Rabi,2300,2678.6716114019778,3469.375,2626.972396486826,1861.5330739299611
Maharashtra,Akola,Potato,3,2024,1000,1400,Rabi,400,2183.5218855218855,2421.8840579710145,2626.972396486826,1861.5330739299611
Maharashtra,Shahada,Wheat,6,2023,2150,2465,Kharif,315,2816.3259195893925,2744.6111111111113,3044.2994875080076,2308.1819620253164
Maharashtra,Akola,Potato,2,2025,1400,1700,Rabi,300,2183.5218855218855,2421.8840579710145,2626.972396486826,2104.9403341288785
Maharashtra,Yawal,Wheat,7,2023,2350,2890,Kharif,540,2816.3259195893925,1866.578947368421,3044.2994875080076,3289.337912087912
Maharashtra,Satara,Potato,7,2023,1300,1600,Kharif,300,2183.5218855218855,2750.0,3044.2994875080076,3289.337912087912
Maharashtra,Shahada,Wheat,8,2023,2552,2675,Kharif,123,2816.3259195893925,2744.6111111111113,3044.2994875080076,3017.515397082658
Maharashtra,Nasik,Potato,6,2024,2200,2600,Kharif,400,2183.5218855218855,2656.4253731343283,3044.2994875080076,2308.1819620253164
Maharashtra,Pune(Khadiki),Onion,2,2025,1200,2500,Rabi,1300,2678.6716114019778,2011.926605504587,2626.972396486826,2104.9403341288785
Maharashtra,Rahata,Onion,6,2025,400,1700,Kharif,1300,2678.6716114019778,2600.863309352518,3044.2994875080076,2308.1819620253164
Maharashtra,Vashi New Mumbai,Potato,11,2024,1800,3000,Rabi,1200,2183.5218855218855,2508.130081300813,2626.972396486826,3859.0679611650485
Maharashtra,Kalyan,Onion,9,2024,4800,5000,Kharif,200,2678.6716114019778,2589.4736842105262,3044.2994875080076,3127.0038240917784
Maharashtra,Bhusaval,Onion,12,2024,3500,4000,Rabi,500,2678.6716114019778,2348.8,2626.972396486826,2933.8104448742747
Maharashtra,Katol,Wheat,12,2023,2575,2600,Rabi,25,2816.3259195893925,2448.962962962963,2626.972396486826,2933.8104448742747
Maharashtra,Pathari,Wheat,11,2023,2500,2881,Rabi,381,2816.3259195893925,2668.5,2626.972396486826,3859.0679611650485
Maharashtra,Om Chaitanya Multistate Agro Purpose CoOp Society,Onion,10,2024,1000,4700,Kharif,3700,2678.6716114019778,2918.3333333333335,3044.2994875080076,3462.48231511254
Maharashtra,Jalgaon,Onion,7,2024,800,2927,Kharif,2127,2678.6716114019778,2410.159420289855,3044.2994875080076,3289.337912087912
Maharashtra,Pune(Moshi),Potato,3,2024,1000,1500,Rabi,500,2183.5218855218855,2277.6119402985073,2626.972396486826,1861.5330739299611
Maharashtra,Shevgaon,Wheat,1,2024,2500,2500,Rabi,0,2816.3259195893925,2106.75,2626.972396486826,2202.0962441314555
Maharashtra,Rahuri,Onion,7,2023,100,1500,Kharif,1400,2678.6716114019778,2826.0106382978724,3044.2994875080076,3289.337912087912
Maharashtra,Pune,Potato,9,2024,2500,3000,Kharif,500,2183.5218855218855,3186.013986013986,3044.2994875080076,3127.0038240917784
Maharashtra,Rahuri,Potato,9,2023,1600,2100,Kharif,500,2183.5218855218855,2826.0106382978724,3044.2994875080076,3127.0038240917784
Maharashtra,Shrirampur,Tomato,6,2023,1000,2000,Kharif,1000,6168.357446808511,2334.11,3044.2994875080076,2308.1819620253164
Maharashtra,Pune(Khadiki),Onion,3,2025,1000,1700,Rabi,700,2678.6716114019778,2011.926605504587,2626.972396486826,1861.5330739299611
Maharashtra,Chandrapur(Ganjwad),Onion,5,2025,1000,1600,Zaid,600,2678.6716114019778,2858.8607594936707,1915.1666666666667,1988.592672413793
Maharashtra,Kolhapur,Onion,3,2025,600,1800,Rabi,1200,2678.6716114019778,3576.785714285714,2626.972396486826,1861.5330739299611
Maharashtra,Satana,Onion,10,2024,800,4500,Kharif,3700,2678.6716114019778,2894.45,3044.2994875080076,3462.48231511254
Maharashtra,Majalgaon,Wheat,10,2023,2300,2800,Kharif,500,2816.3259195893925,3154.5384615384614,3044.2994875080076,3462.48231511254
Maharashtra,Pune(Manjri),Tomato,7,2023,4500,8100,Kharif,3600,6168.357446808511,2804.7619047619046,3044.2994875080076,3289.337912087912
Maharashtra,Shevgaon,Wheat,8,2023,2150,2400,Kharif,250,2816.3259195893925,2106.75,3044.2994875080076,3017.515397082658
Maharashtra,Lasalgaon(Vinchur),Onion,3,2025,1800,2401,Rabi,601,2678.6716114019778,2574.311320754717,2626.972396486826,1861.5330739299611
Maharashtra,Pen,Onion,5,2024,2400,2600,Zaid,200,2678.6716114019778,2790.909090909091,1915.1666666666667,1988.592672413793
Maharashtra,Pune(Khadiki),Potato,11,2023,1300,1600,Rabi,300,2183.5218855218855,2011.926605504587,2626.972396486826,3859.0679611650485
Maharashtra,Vita,Potato,8,2024,2700,3200,Kharif,500,2183.5218855218855,2686.9565217391305,3044.2994875080076,3017.515397082658
Maharashtra,Solapur,Onion,3,2024,100,1700,Rabi,1600,2678.6716114019778,3247.752808988764,2626.972396486826,1861.5330739299611
Maharashtra,Amarawati,Wheat,11,2023,2350,2500,Rabi,150,2816.3259195893925,2544.848484848485,2626.972396486826,3859.0679611650485
Maharashtra,Chandrapur(Ganjwad),Potato,12,2023,1400,1600,Rabi,200,2183.5218855218855,2858.8607594936707,2626.972396486826,2933.8104448742747
Maharashtra,Junnar(Narayangaon),Onion,6,2023,600,800,Kharif,200,2678.6716114019778,2861.8518518518517,3044.2994875080076,2308.1819620253164
Maharashtra,Nasik,Onion,12,2023,2800,4551,Rabi,1751,2678.6716114019778,2656.4253731343283,2626.972396486826,2933.8104448742747
Maharashtra,Nandgaon,Wheat,9,2023,2560,2930,Kharif,370,2816.3259195893925,2752.116666666667,3044.2994875080076,3127.0038240917784
Maharashtra,Kolhapur,Onion,3,2025,700,2000,Rabi,1300,2678.6716114019778,3576.785714285714,2626.972396486826,1861.5330739299611
Maharashtra,Amrawati(Frui & Veg. Market),Potato,12,2024,1000,2800,Rabi,1800,2183.5218855218855,2546.923076923077,2626.972396486826,2933.8104448742747
Maharashtra,Amarawati,Wheat,9,2023,2350,2540,Kharif,190,2816.3259195893925,2544.848484848485,3044.2994875080076,3127.0038240917784
Maharashtra,Karjat(Raigad),Wheat,6,2023,2200,2500,Kharif,300,2816.3259195893925,2770.2380952380954,3044.2994875080076,2308.1819620253164
Maharashtra,Dhule,Wheat,8,2023,2000,2747,Kharif,747,2816.3259195893925,2516.8552631578946,3044.2994875080076,3017.515397082658
Maharashtra,Nasik,Onion,4,2024,650,1550,Zaid,900,2678.6716114019778,2656.4253731343283,1915.1666666666667,1829.9925
Maharashtra,Amrawati(Frui & Veg. Market),Potato,11,2023,700,1600,Rabi,900,2183.5218855218855,2546.923076923077,2626.972396486826,3859.0679611650485
Maharashtra,Sangli,Wheat,7,2023,2800,3800,Kharif,1000,2816.3259195893925,4790.625,3044.2994875080076,3289.337912087912
Maharashtra,Sangamner,Onion,7,2024,400,3251,Kharif,2851,2678.6716114019778,3329.057142857143,3044.2994875080076,3289.337912087912
Maharashtra,Pune(Moshi),Onion,7,2024,2200,2800,Kharif,600,2678.6716114019778,2277.6119402985073,3044.2994875080076,3289.337912087912
Maharashtra,Sangamner,Onion,8,2023,200,2601,Kharif,2401,2678.6716114019778,3329.057142857143,3044.2994875080076,3017.515397082658
Maharashtra,Pune(Pimpri),Onion,5,2024,1200,1800,Zaid,600,2678.6716114019778,2966.2162162162163,1915.1666666666667,1988.592672413793
Maharashtra,Nagpur,Wheat,7,2023,2240,2360,Kharif,120,2816.3259195893925,2756.266666666667,3044.2994875080076,3289.337912087912
Maharashtra,Pune(Khadiki),Onion,3,2025,700,1600,Rabi,900,2678.6716114019778,2011.926605504587,2626.972396486826,1861.5330739299611
Maharashtra,Akola,Onion,6,2025,500,1600,Kharif,1100,2678.6716114019778,2421.8840579710145,3044.2994875080076,2308.1819620253164
Maharashtra,Manmad,Onion,8,2024,800,2771,Kharif,1971,2678.6716114019778,2515.4166666666665,3044.2994875080076,3017.515397082658
Maharashtra,Bori,Wheat,12,2023,2150,2305,Rabi,155,2816.3259195893925,2305.0,2626.972396486826,2933.8104448742747
Maharashtra,Amarawati,Wheat,1,2024,2450,2625,Rabi,175,2816.3259195893925,2544.848484848485,2626.972396486826,2202.0962441314555
Maharashtra,Chandur Bazar,Wheat,1,2024,2200,2700,Rabi,500,2816.3259195893925,2503.3333333333335,2626.972396486826,2202.0962441314555
Maharashtra,Shrirampur,Potato,10,2023,1000,1200,Kharif,200,2183.5218855218855,2334.11,3044.2994875080076,3462.48231511254
Maharashtra,Manchar,Potato,10,2023,1000,1600,Kharif,600,2183.5218855218855,2335.757575757576,3044.2994875080076,3462.48231511254
Maharashtra,Shrirampur,Potato,7,2023,900,1100,Kharif,200,2183.5218855218855,2334.11,3044.2994875080076,3289.337912087912
Maharashtra,Shevgaon,Wheat,9,2023,2300,2500,Kharif,200,2816.3259195893925,2106.75,3044.2994875080076,3127.0038240917784
Maharashtra,Solapur,Potato,3,2024,950,1810,Rabi,860,2183.5218855218855,3247.752808988764,2626.972396486826,1861.5330739299611
Maharashtra,Vai,Onion,8,2023,800,2500,Kharif,1700,2678.6716114019778,3070.7865168539324,3044.2994875080076,3017.515397082658
Maharashtra,Dhule,Wheat,9,2023,2400,2813,Kharif,413,2816.3259195893925,2516.8552631578946,3044.2994875080076,3127.0038240917784
Maharashtra,Satara,Potato,8,2024,2800,3100,Kharif,300,2183.5218855218855,2750.0,3044.2994875080076,3017.515397082658
Maharashtra,Shree Sairaj Krushi Market,Onion,7,2024,1000,3100,Kharif,2100,2678.6716114019778,3469.375,3044.2994875080076,3289.337912087912
Maharashtra,Junnar(Narayangaon),Potato,11,2024,500,2500,Rabi,2000,2183.5218855218855,2861.8518518518517,2626.972396486826,3859.0679611650485
Maharashtra,Nasik,Potato,3,2024,1250,1750,Rabi,500,2183.5218855218855,2656.4253731343283,2626.972396486826,1861.5330739299611
Maharashtra,Rahuri,Onion,11,2024,500,6250,Rabi,5750,2678.6716114019778,2826.0106382978724,2626.972396486826,3859.0679611650485
Maharashtra,Akluj,Onion,6,2023,300,1100,Kharif,800,2678.6716114019778,2208.2716049382716,3044.2994875080076,2308.1819620253164
Maharashtra,Dindori,Onion,7,2024,2500,2776,Kharif,276,2678.6716114019778,1774.4666666666667,3044.2994875080076,3289.337912087912
Maharashtra,Dound,Wheat,7,2023,2125,2701,Kharif,576,2816.3259195893925,2757.5714285714284,3044.2994875080076,3289.337912087912
Maharashtra,Vashi New Mumbai,Onion,3,2024,1300,1900,Rabi,600,2678.6716114019778,2508.130081300813,2626.972396486826,1861.5330739299611
Maharashtra,Amrawati(Frui & Veg. Market),Onion,3,2024,400,1800,Rabi,1400,2678.6716114019778,2546.923076923077,2626.972396486826,1861.5330739299611
Maharashtra,Solapur,Potato,11,2024,1550,2600,Rabi,1050,2183.5218855218855,3247.752808988764,2626.972396486826,3859.0679611650485
Maharashtra,Mangal Wedha,Onion,4,2025,100,1400,Zaid,1300,2678.6716114019778,2928.322033898305,1915.1666666666667,1829.9925
Maharashtra,Mangal Wedha,Onion,12,2023,200,2100,Rabi,1900,2678.6716114019778,2928.322033898305,2626.972396486826,2933.8104448742747
Maharashtra,Vita,Onion,1,2024,1000,1600,Rabi,600,2678.6716114019778,2686.9565217391305,2626.972396486826,2202.0962441314555
Maharashtra,Kalyan,Potato,7,2024,3000,3100,Kharif,100,2183.5218855218855,2589.4736842105262,3044.2994875080076,3289.337912087912
Maharashtra,Solapur,Potato,10,2023,1000,1700,Kharif,700,2183.5218855218855,3247.752808988764,3044.2994875080076,3462.48231511254
Maharashtra,Akola,Wheat,6,2023,1900,2700,Kharif,800,2816.3259195893925,2421.8840579710145,3044.2994875080076,2308.1819620253164
Maharashtra,Raver,Wheat,8,2023,2400,2575,Kharif,175,2816.3259195893925,2602.769230769231,3044.2994875080076,3017.515397082658
Maharashtra,Lonand,Onion,5,2025,500,1300,Zaid,800,2678.6716114019778,2603.235294117647,1915.1666666666667,1988.592672413793
Maharashtra,Nagpur,Onion,11,2024,2000,4200,Rabi,2200,2678.6716114019778,2756.266666666667,2626.972396486826,3859.0679611650485
Maharashtra,Shrirampur,Onion,7,2023,400,1500,Kharif,1100,2678.6716114019778,2334.11,3044.2994875080076,3289.337912087912
Maharashtra,Solapur,Potato,1,2024,710,2000,Rabi,1290,2183.5218855218855,3247.752808988764,2626.972396486826,2202.0962441314555
Maharashtra,Parbhani,Wheat,7,2023,2250,2950,Kharif,700,2816.3259195893925,2860.0,3044.2994875080076,3289.337912087912
Maharashtra,Lasalgaon,Onion,11,2023,2752,4647,Rabi,1895,2678.6716114019778,2867.190476190476,2626.972396486826,3859.0679611650485
Maharashtra,Umrane,Onion,11,2023,1001,4511,Rabi,3510,2678.6716114019778,2608.282608695652,2626.972396486826,3859.0679611650485
Maharashtra,Solapur,Potato,3,2025,1200,1750,Rabi,550,2183.5218855218855,3247.752808988764,2626.972396486826,1861.5330739299611
Maharashtra,Pune,Potato,4,2025,1200,2100,Zaid,900,2183.5218855218855,3186.013986013986,1915.1666666666667,1829.9925
Maharashtra,Lasalgaon(Niphad),Onion,6,2023,300,1300,Kharif,1000,2678.6716114019778,2520.8804347826085,3044.2994875080076,2308.1819620253164
Maharashtra,Mumbai,Tomato,7,2023,7000,9000,Kharif,2000,6168.357446808511,6127.272727272727,3044.2994875080076,3289.337912087912
Maharashtra,Shrirampur,Potato,12,2024,2500,3000,Rabi,500,2183.5218855218855,2334.11,2626.972396486826,2933.8104448742747
Maharashtra,Pune(Moshi),Onion,12,2024,1000,5000,Rabi,4000,2678.6716114019778,2277.6119402985073,2626.972396486826,2933.8104448742747
Maharashtra,Kalvan,Onion,12,2023,900,2960,Rabi,2060,2678.6716114019778,2726.1132075471696,2626.972396486826,2933.8104448742747
Maharashtra,Pachora,Wheat,1,2024,2291,2600,Rabi,309,2816.3259195893925,2541.85,2626.972396486826,2202.0962441314555
Maharashtra,Nandgaon,Onion,7,2023,100,1600,Kharif,1500,2678.6716114019778,2752.116666666667,3044.2994875080076,3289.337912087912
Maharashtra,Kalvan,Onion,8,2023,250,2100,Kharif,1850,2678.6716114019778,2726.1132075471696,3044.2994875080076,3017.515397082658
Maharashtra,Shree Sairaj Krushi Market,Onion,8,2024,1000,3000,Kharif,2000,2678.6716114019778,3469.375,3044.2994875080076,3017.515397082658
Maharashtra,Solapur,Wheat,9,2023,2300,3700,Kharif,1400,2816.3259195893925,3247.752808988764,3044.2994875080076,3127.0038240917784
Maharashtra,Satara,Potato,1,2024,1000,1800,Rabi,800,2183.5218855218855,2750.0,2626.972396486826,2202.0962441314555
Maharashtra,Palghar,Rice,4,2025,4801,4801,Zaid,0,4928.92,3742.5384615384614,1915.1666666666667,1829.9925
Maharashtra,Nampur,Onion,3,2025,300,1535,Rabi,1235,2678.6716114019778,2499.769230769231,2626.972396486826,1861.5330739299611
Maharashtra,Pune(Khadiki),Onion,3,2025,1500,2300,Rabi,800,2678.6716114019778,2011.926605504587,2626.972396486826,1861.5330739299611
Maharashtra,Pune(Pimpri),Onion,9,2024,3200,4500,Kharif,1300,2678.6716114019778,2966.2162162162163,3044.2994875080076,3127.0038240917784
Maharashtra,Om Chaitanya Multistate Agro Purpose CoOp Society,Onion,11,2023,1000,4500,Rabi,3500,2678.6716114019778,2918.3333333333335,2626.972396486826,3859.0679611650485
Maharashtra,Kalvan,Onion,5,2025,400,1610,Zaid,1210,2678.6716114019778,2726.1132075471696,1915.1666666666667,1988.592672413793
Maharashtra,Shrigonda,Onion,6,2023,150,1000,Kharif,850,2678.6716114019778,2012.5,3044.2994875080076,2308.1819620253164
Maharashtra,Jalgaon,Onion,3,2025,500,1330,Rabi,830,2678.6716114019778,2410.159420289855,2626.972396486826,1861.5330739299611
Maharashtra,Junnar(Narayangaon),Onion,3,2024,300,1500,Rabi,1200,2678.6716114019778,2861.8518518518517,2626.972396486826,1861.5330739299611
Maharashtra,Pune(Manjri),Potato,10,2023,1200,1800,Kharif,600,2183.5218855218855,2804.7619047619046,3044.2994875080076,3462.48231511254
Maharashtra,Junnar(Otur),Potato,2,2024,500,1350,Rabi,850,2183.5218855218855,2554.5283018867926,2626.972396486826,2104.9403341288785
Maharashtra,Pune,Wheat,9,2023,4300,5500,Kharif,1200,2816.3259195893925,3186.013986013986,3044.2994875080076,3127.0038240917784
Maharashtra,Ramtek,Onion,6,2024,1400,2400,Kharif,1000,2678.6716114019778,3246.0169491525426,3044.2994875080076,2308.1819620253164
Maharashtra,Rahuri,Potato,7,2024,2400,2600,Kharif,200,2183.5218855218855,2826.0106382978724,3044.2994875080076,3289.337912087912
Maharashtra,Jalgaon,Potato,8,2023,800,1200,Kharif,400,2183.5218855218855,2410.159420289855,3044.2994875080076,3017.515397082658
Maharashtra,Khed(Chakan),Potato,9,2024,2000,3200,Kharif,1200,2183.5218855218855,2519.4174757281553,3044.2994875080076,3127.0038240917784
Maharashtra,Satara,Onion,1,2024,1500,1900,Rabi,400,2678.6716114019778,2750.0,2626.972396486826,2202.0962441314555
Maharashtra,Sakri,Onion,4,2024,455,1455,Zaid,1000,2678.6716114019778,2829.8611111111113,1915.1666666666667,1829.9925
Maharashtra,Ulhasnagar,Wheat,10,2023,3200,3600,Kharif,400,2816.3259195893925,3895.8333333333335,3044.2994875080076,3462.48231511254
Maharashtra,Rahuri,Wheat,10,2023,2200,2600,Kharif,400,2816.3259195893925,2826.0106382978724,3044.2994875080076,3462.48231511254
Maharashtra,Sangamner,Onion,7,2024,1000,2951,Kharif,1951,2678.6716114019778,3329.057142857143,3044.2994875080076,3289.337912087912
Maharashtra,Solapur,Onion,10,2024,500,5300,Kharif,4800,2678.6716114019778,3247.752808988764,3044.2994875080076,3462.48231511254
Maharashtra,Kada,Onion,3,2025,300,1750,Rabi,1450,2678.6716114019778,2177.2727272727275,2626.972396486826,1861.5330739299611
Maharashtra,Laxmi Sopan Agriculture Produce Marketing Co Ltd,Onion,11,2024,500,3100,Rabi,2600,2678.6716114019778,2508.3928571428573,2626.972396486826,3859.0679611650485
Maharashtra,Kalyan,Onion,3,2024,1600,1900,Rabi,300,2678.6716114019778,2589.4736842105262,2626.972396486826,1861.5330739299611
Maharashtra,Vai,Potato,8,2023,1800,2300,Kharif,500,2183.5218855218855,3070.7865168539324,3044.2994875080076,3017.515397082658
Maharashtra,Ramtek,Tomato,7,2023,6000,8000,Kharif,2000,6168.357446808511,3246.0169491525426,3044.2994875080076,3289.337912087912
Maharashtra,Jalgaon,Potato,2,2025,1500,2000,Rabi,500,2183.5218855218855,2410.159420289855,2626.972396486826,2104.9403341288785
Maharashtra,Amarawati,Wheat,7,2023,2400,2550,Kharif,150,2816.3259195893925,2544.848484848485,3044.2994875080076,3289.337912087912
Maharashtra,Vita,Potato,6,2024,2600,2700,Kharif,100,2183.5218855218855,2686.9565217391305,3044.2994875080076,2308.1819620253164
Maharashtra,Sangamner,Onion,2,2025,400,3251,Rabi,2851,2678.6716114019778,3329.057142857143,2626.972396486826,2104.9403341288785
Maharashtra,Bhusaval,Onion,5,2024,1200,1500,Zaid,300,2678.6716114019778,2348.8,1915.1666666666667,1988.592672413793
Maharashtra,Vashi New Mumbai,Potato,7,2023,1100,1600,Kharif,500,2183.5218855218855,2508.130081300813,3044.2994875080076,3289.337912087912
Maharashtra,Pune(Moshi),Potato,4,2025,800,1600,Zaid,800,2183.5218855218855,2277.6119402985073,1915.1666666666667,1829.9925
Maharashtra,Kalyan,Onion,3,2025,1500,1900,Rabi,400,2678.6716114019778,2589.4736842105262,2626.972396486826,1861.5330739299611
Maharashtra,Manmad,Onion,9,2024,1392,4682,Kharif,3290,2678.6716114019778,2515.4166666666665,3044.2994875080076,3127.0038240917784
Maharashtra,Nagpur,Tomato,8,2023,10000,14000,Kharif,4000,6168.357446808511,2756.266666666667,3044.2994875080076,3017.515397082658
Maharashtra,Satara,Onion,11,2023,1500,4200,Rabi,2700,2678.6716114019778,2750.0,2626.972396486826,3859.0679611650485
Maharashtra,Sangamner,Onion,8,2023,200,2811,Kharif,2611,2678.6716114019778,3329.057142857143,3044.2994875080076,3017.515397082658
Maharashtra,Kamthi,Tomato,6,2023,5000,6000,Kharif,1000,6168.357446808511,3486.904761904762,3044.2994875080076,2308.1819620253164
Maharashtra,Lasalgaon,Onion,10,2023,1500,4099,Kharif,2599,2678.6716114019778,2867.190476190476,3044.2994875080076,3462.48231511254
Maharashtra,Jamkhed,Wheat,1,2024,2200,2500,Rabi,300,2816.3259195893925,2610.4651162790697,2626.972396486826,2202.0962441314555
Maharashtra,Khed(Chakan),Potato,12,2023,1100,1600,Rabi,500,2183.5218855218855,2519.4174757281553,2626.972396486826,2933.8104448742747
Maharashtra,Bhusaval,Onion,8,2024,2000,2200,Kharif,200,2678.6716114019778,2348.8,3044.2994875080076,3017.515397082658
Maharashtra,Jalgaon,Onion,8,2024,750,2887,Kharif,2137,2678.6716114019778,2410.159420289855,3044.2994875080076,3017.515397082658
Maharashtra,Lasalgaon(Vinchur),Onion,3,2024,1000,2100,Rabi,1100,2678.6716114019778,2574.311320754717,2626.972396486826,1861.5330739299611
Maharashtra,Ahmednagar,Onion,9,2024,1500,4400,Kharif,2900,2678.6716114019778,2678.2608695652175,3044.2994875080076,3127.0038240917784
Maharashtra,Palghar,Wheat,7,2023,3150,3150,Kharif,0,2816.3259195893925,3742.5384615384614,3044.2994875080076,3289.337912087912
Maharashtra,Nandgaon,Onion,11,2024,1801,5799,Rabi,3998,2678.6716114019778,2752.116666666667,2626.972396486826,3859.0679611650485
Maharashtra,Pune(Manjri),Potato,8,2023,1200,1800,Kharif,600,2183.5218855218855,2804.7619047619046,3044.2994875080076,3017.515397082658
Maharashtra,Akola,Potato,6,2024,2000,2400,Kharif,400,2183.5218855218855,2421.8840579710145,3044.2994875080076,2308.1819620253164
Maharashtra,Satara,Potato,4,2025,1800,2100,Zaid,300,2183.5218855218855,2750.0,1915.1666666666667,1829.9925
Maharashtra,Junnar(Narayangaon),Onion,7,2023,600,1750,Kharif,1150,2678.6716114019778,2861.8518518518517,3044.2994875080076,3289.337912087912
Maharashtra,Akole,Onion,3,2025,300,1851,Rabi,1551,2678.6716114019778,2706.52,2626.972396486826,1861.5330739299611
Maharashtra,Pune(Khadiki),Onion,8,2023,1000,1700,Kharif,700,2678.6716114019778,2011.926605504587,3044.2994875080076,3017.515397082658
Maharashtra,Solapur,Onion,2,2025,300,3500,Rabi,3200,2678.6716114019778,3247.752808988764,2626.972396486826,2104.9403341288785
Maharashtra,Lasalgaon(Vinchur),Onion,2,2024,500,1552,Rabi,1052,2678.6716114019778,2574.311320754717,2626.972396486826,2104.9403341288785
Maharashtra,Lasalgaon(Niphad),Onion,1,2024,1151,2200,Rabi,1049,2678.6716114019778,2520.8804347826085,2626.972396486826,2202.0962441314555
Maharashtra,Rahuri,Onion,9,2023,200,2500,Kharif,2300,2678.6716114019778,2826.0106382978724,3044.2994875080076,3127.0038240917784
Maharashtra,Khed(Chakan),Onion,1,2024,1400,2000,Rabi,600,2678.6716114019778,2519.4174757281553,2626.972396486826,2202.0962441314555
Maharashtra,Solapur,Tomato,7,2023,1500,10200,Kharif,8700,6168.357446808511,3247.752808988764,3044.2994875080076,3289.337912087912
Maharashtra,Manmad,Onion,3,2024,300,2001,Rabi,1701,2678.6716114019778,2515.4166666666665,2626.972396486826,1861.5330739299611
Maharashtra,Lasalgaon,Onion,2,2025,1000,3401,Rabi,2401,2678.6716114019778,2867.190476190476,2626.972396486826,2104.9403341288785
Maharashtra,Ramtek,Onion,8,2024,3000,3500,Kharif,500,2678.6716114019778,3246.0169491525426,3044.2994875080076,3017.515397082658
Maharashtra,Rahuri,Potato,2,2025,700,1900,Rabi,1200,2183.5218855218855,2826.0106382978724,2626.972396486826,2104.9403341288785
Maharashtra,Amrawati(Frui & Veg. Market),Onion,12,2023,500,2200,Rabi,1700,2678.6716114019778,2546.923076923077,2626.972396486826,2933.8104448742747
Maharashtra,Sangamner,Onion,11,2023,500,4500,Rabi,4000,2678.6716114019778,3329.057142857143,2626.972396486826,3859.0679611650485
Maharashtra,Pune(Moshi),Potato,7,2024,2200,2600,Kharif,400,2183.5218855218855,2277.6119402985073,3044.2994875080076,3289.337912087912
Maharashtra,Vashi New Mumbai,Potato,4,2025,1000,1700,Zaid,700,2183.5218855218855,2508.130081300813,1915.1666666666667,1829.9925
Maharashtra,Sangli,Wheat,1,2024,3150,3850,Rabi,700,2816.3259195893925,4790.625,2626.972396486826,2202.0962441314555
Maharashtra,Rahuri(Vambori),Wheat,11,2023,2451,3145,Rabi,694,2816.3259195893925,2812.3478260869565,2626.972396486826,3859.0679611650485
Maharashtra,Parner,Onion,3,2025,500,1800,Rabi,1300,2678.6716114019778,2909.6153846153848,2626.972396486826,1861.5330739299611
Maharashtra,Lasalgaon(Niphad),Onion,9,2023,1000,2411,Kharif,1411,2678.6716114019778,2520.8804347826085,3044.2994875080076,3127.0038240917784
Maharashtra,Nagpur,Onion,4,2024,1100,1600,Zaid,500,2678.6716114019778,2756.266666666667,1915.1666666666667,1829.9925
Maharashtra,Barshi,Wheat,7,2023,2300,3100,Kharif,800,2816.3259195893925,3191.6666666666665,3044.2994875080076,3289.337912087912
Maharashtra,Om Chaitanya Multistate Agro Purpose CoOp Society,Wheat,7,2023,2500,2500,Kharif,0,2816.3259195893925,2918.3333333333335,3044.2994875080076,3289.337912087912
Maharashtra,Akluj,Potato,3,2024,1600,2000,Rabi,400,2183.5218855218855,2208.2716049382716,2626.972396486826,1861.5330739299611
Maharashtra,Manmad,Onion,12,2023,1000,2228,Rabi,1228,2678.6716114019778,2515.4166666666665,2626.972396486826,2933.8104448742747
Maharashtra,Rahata,Potato,12,2024,1000,2600,Rabi,1600,2183.5218855218855,2600.863309352518,2626.972396486826,2933.8104448742747
Maharashtra,Shahada,Wheat,12,2023,2500,3152,Rabi,652,2816.3259195893925,2744.6111111111113,2626.972396486826,2933.8104448742747
Maharashtra,Pune,Wheat,8,2023,4500,5000,Kharif,500,2816.3259195893925,3186.013986013986,3044.2994875080076,3017.515397082658
Maharashtra,Hingna,Tomato,8,2023,8000,10000,Kharif,2000,6168.357446808511,2675.875,3044.2994875080076,3017.515397082658
Maharashtra,Dhule,Wheat,2,2024,2150,3150,Rabi,1000,2816.3259195893925,2516.8552631578946,2626.972396486826,2104.9403341288785
Maharashtra,Satara,Onion,12,2023,1000,3500,Rabi,2500,2678.6716114019778,2750.0,2626.972396486826,2933.8104448742747
Maharashtra,Umared,Wheat,11,2023,2200,3000,Rabi,800,2816.3259195893925,2960.0,2626.972396486826,3859.0679611650485
Maharashtra,Kopargaon,Onion,1,2024,500,1200,Rabi,700,2678.6716114019778,2558.2608695652175,2626.972396486826,2202.0962441314555
Maharashtra,Nagpur,Rice,5,2025,3000,3200,Zaid,200,4928.92,2756.266666666667,1915.1666666666667,1988.592672413793
Maharashtra,"Sangli(Phale, Bhajipura Market)",Potato,10,2024,2400,3200,Kharif,800,2183.5218855218855,2561.711711711712,3044.2994875080076,3462.48231511254
Maharashtra,Satana,Onion,3,2025,300,1475,Rabi,1175,2678.6716114019778,2894.45,2626.972396486826,1861.5330739299611
Maharashtra,Khed(Chakan),Potato,6,2024,2400,2900,Kharif,500,2183.5218855218855,2519.4174757281553,3044.2994875080076,2308.1819620253164
Maharashtra,Akola,Potato,7,2024,2400,3300,Kharif,900,2183.5218855218855,2421.8840579710145,3044.2994875080076,3289.337912087912
Maharashtra,Chandvad,Onion,10,2023,1311,3552,Kharif,2241,2678.6716114019778,3065.671875,3044.2994875080076,3462.48231511254
Maharashtra,Chandvad,Onion,2,2025,901,2386,Rabi,1485,2678.6716114019778,3065.671875,2626.972396486826,2104.9403341288785
Maharashtra,Pachora,Wheat,9,2023,2370,2551,Kharif,181,2816.3259195893925,2541.85,3044.2994875080076,3127.0038240917784
Maharashtra,Manmad,Onion,10,2024,1100,2751,Kharif,1651,2678.6716114019778,2515.4166666666665,3044.2994875080076,3462.48231511254
Maharashtra,Om Chaitanya Multistate Agro Purpose CoOp Society,Onion,5,2024,300,2600,Zaid,2300,2678.6716114019778,2918.3333333333335,1915.1666666666667,1988.592672413793
Maharashtra,Pathardi,Onion,10,2023,500,3000,Kharif,2500,2678.6716114019778,2397.093023255814,3044.2994875080076,3462.48231511254
Maharashtra,Kolhapur,Onion,2,2025,1000,2800,Rabi,1800,2678.6716114019778,3576.785714285714,2626.972396486826,2104.9403341288785
Maharashtra,Sangamner,Tomato,7,2023,3500,11500,Kharif,8000,6168.357446808511,3329.057142857143,3044.2994875080076,3289.337912087912
Maharashtra,Shrirampur,Onion,8,2023,1300,2300,Kharif,1000,2678.6716114019778,2334.11,3044.2994875080076,3017.515397082658
Maharashtra,Manchar,Onion,10,2024,4300,5200,Kharif,900,2678.6716114019778,2335.757575757576,3044.2994875080076,3462.48231511254
Maharashtra,Chandvad,Onion,5,2024,1000,2571,Zaid,1571,2678.6716114019778,3065.671875,1915.1666666666667,1988.592672413793
Maharashtra,Mangal Wedha,Onion,11,2024,200,4000,Rabi,3800,2678.6716114019778,2928.322033898305,2626.972396486826,3859.0679611650485
Maharashtra,Pune,Onion,10,2024,2000,5000,Kharif,3000,2678.6716114019778,3186.013986013986,3044.2994875080076,3462.48231511254
Maharashtra,Telhara,Wheat,9,2023,2300,2480,Kharif,180,2816.3259195893925,2441.0,3044.2994875080076,3127.0038240917784
Maharashtra,Shevgaon,Onion,10,2023,300,1000,Kharif,700,2678.6716114019778,2106.75,3044.2994875080076,3462.48231511254
Maharashtra,Lasalgaon,Onion,3,2024,900,1975,Rabi,1075,2678.6716114019778,2867.190476190476,2626.972396486826,1861.5330739299611
Maharashtra,Junnar,Potato,2,2025,1200,1700,Rabi,500,2183.5218855218855,2172.0833333333335,2626.972396486826,2104.9403341288785
Maharashtra,Lasalgaon,Onion,5,2024,500,1701,Zaid,1201,2678.6716114019778,2867.190476190476,1915.1666666666667,1988.592672413793
Maharashtra,Rahuri,Tomato,8,2023,2500,8500,Kharif,6000,6168.357446808511,2826.0106382978724,3044.2994875080076,3017.515397082658
Maharashtra,Jamkhed,Onion,12,2023,200,2200,Rabi,2000,2678.6716114019778,2610.4651162790697,2626.972396486826,2933.8104448742747
Maharashtra,Jalgaon,Potato,8,2023,900,1400,Kharif,500,2183.5218855218855,2410.159420289855,3044.2994875080076,3017.515397082658
Maharashtra,Chandrapur(Ganjwad),Potato,6,2023,1300,1500,Kharif,200,2183.5218855218855,2858.8607594936707,3044.2994875080076,2308.1819620253164
Maharashtra,Pune,Onion,12,2023,2200,4800,Rabi,2600,2678.6716114019778,3186.013986013986,2626.972396486826,2933.8104448742747
Maharashtra,Vashi New Mumbai,Onion,11,2023,2800,4800,Rabi,2000,2678.6716114019778,2508.130081300813,2626.972396486826,3859.0679611650485
Maharashtra,Kalyan,Potato,4,2025,1200,1800,Zaid,600,2183.5218855218855,2589.4736842105262,1915.1666666666667,1829.9925
Maharashtra,Lasalgaon,Onion,4,2025,500,1541,Zaid,1041,2678.6716114019778,2867.190476190476,1915.1666666666667,1829.9925
Maharashtra,Pimpalgaon Baswant(Saykheda),Onion,3,2025,700,2000,Rabi,1300,2678.6716114019778,2602.5479452054797,2626.972396486826,1861.5330739299611
Maharashtra,Kolhapur,Tomato,7,2023,1000,8300,Kharif,7300,6168.357446808511,3576.785714285714,3044.2994875080076,3289.337912087912
Maharashtra,Junnar(Narayangaon),Potato,5,2024,1000,2700,Zaid,1700,2183.5218855218855,2861.8518518518517,1915.1666666666667,1988.592672413793
Maharashtra,Kurdwadi(Modnimb),Wheat,1,2024,2626,3600,Rabi,974,2816.3259195893925,2242.88,2626.972396486826,2202.0962441314555
Maharashtra,Kolhapur,Onion,9,2024,1500,5100,Kharif,3600,2678.6716114019778,3576.785714285714,3044.2994875080076,3127.0038240917784
Maharashtra,Nandgaon,Onion,7,2023,100,1617,Kharif,1517,2678.6716114019778,2752.116666666667,3044.2994875080076,3289.337912087912
Maharashtra,Pune(Moshi),Onion,5,2025,400,1200,Zaid,800,2678.6716114019778,2277.6119402985073,1915.1666666666667,1988.592672413793
Maharashtra,Lasalgaon(Vinchur),Onion,7,2024,1000,3131,Kharif,2131,2678.6716114019778,2574.311320754717,3044.2994875080076,3289.337912087912
Maharashtra,Kamthi,Tomato,8,2023,13000,15000,Kharif,2000,6168.357446808511,3486.904761904762,3044.2994875080076,3017.515397082658
Maharashtra,Khed(Chakan),Potato,2,2024,1300,1900,Rabi,600,2183.5218855218855,2519.4174757281553,2626.972396486826,2104.9403341288785
Maharashtra,Shree Sairaj Krushi Market,Onion,9,2024,1700,4100,Kharif,2400,2678.6716114019778,3469.375,3044.2994875080076,3127.0038240917784
Maharashtra,Hingna,Onion,9,2024,4200,4200,Kharif,0,2678.6716114019778,2675.875,3044.2994875080076,3127.0038240917784
Maharashtra,Shree Salasar Krushi Bazar,Wheat,10,2023,2000,2000,Kharif,0,2816.3259195893925,2000.0,3044.2994875080076,3462.48231511254
Maharashtra,Chandrapur(Ganjwad),Potato,4,2025,1700,1900,Zaid,200,2183.5218855218855,2858.8607594936707,1915.1666666666667,1829.9925
Maharashtra,Mankamneshwar Farmar Producer CoLtd Sanchalit Mank,Onion,5,2024,900,2200,Zaid,1300,2678.6716114019778,2072.0666666666666,1915.1666666666667,1988.592672413793
Maharashtra,Lasalgaon(Niphad),Wheat,6,2023,2000,2258,Kharif,258,2816.3259195893925,2520.8804347826085,3044.2994875080076,2308.1819620253164
Maharashtra,Manchar,Onion,9,2024,3500,4510,Kharif,1010,2678.6716114019778,2335.757575757576,3044.2994875080076,3127.0038240917784
Maharashtra,Hingoli,Wheat,12,2023,1880,3030,Rabi,1150,2816.3259195893925,3146.6153846153848,2626.972396486826,2933.8104448742747
Maharashtra,Jalgaon,Potato,4,2025,1000,1500,Zaid,500,2183.5218855218855,2410.159420289855,1915.1666666666667,1829.9925
Maharashtra,"Sangli(Phale, Bhajipura Market)",Onion,1,2024,400,2200,Rabi,1800,2678.6716114019778,2561.711711711712,2626.972396486826,2202.0962441314555
Maharashtra,Bhusaval,Tomato,7,2023,6600,8000,Kharif,1400,6168.357446808511,2348.8,3044.2994875080076,3289.337912087912
Maharashtra,Manchar,Onion,10,2023,1800,3010,Kharif,1210,2678.6716114019778,2335.757575757576,3044.2994875080076,3462.48231511254
Maharashtra,Beed,Wheat,10,2023,2550,2890,Kharif,340,2816.3259195893925,3114.3636363636365,3044.2994875080076,3462.48231511254
Maharashtra,Lasalgaon,Onion,1,2024,801,2001,Rabi,1200,2678.6716114019778,2867.190476190476,2626.972396486826,2202.0962441314555
Maharashtra,Barshi,Wheat,8,2023,2500,3000,Kharif,500,2816.3259195893925,3191.6666666666665,3044.2994875080076,3017.515397082658
Maharashtra,Pathardi,Wheat,11,2023,2000,2500,Rabi,500,2816.3259195893925,2397.093023255814,2626.972396486826,3859.0679611650485
Maharashtra,Lasalgaon,Onion,3,2024,800,1730,Rabi,930,2678.6716114019778,2867.190476190476,2626.972396486826,1861.5330739299611
Maharashtra,Nasik,Potato,6,2024,2500,2900,Kharif,400,2183.5218855218855,2656.4253731343283,3044.2994875080076,2308.1819620253164
Maharashtra,Sinner,Onion,8,2024,1500,3851,Kharif,2351,2678.6716114019778,2542.6071428571427,3044.2994875080076,3017.515397082658
Maharashtra,Devala,Onion,3,2024,300,1800,Rabi,1500,2678.6716114019778,2586.3793103448274,2626.972396486826,1861.5330739299611
Maharashtra,Chandrapur(Ganjwad),Onion,4,2025,1200,1500,Zaid,300,2678.6716114019778,2858.8607594936707,1915.1666666666667,1829.9925
Maharashtra,Chandrapur(Ganjwad),Potato,11,2023,1450,1550,Rabi,100,2183.5218855218855,2858.8607594936707,2626.972396486826,3859.0679611650485
Maharashtra,Pimpalgaon,Onion,11,2023,2000,4353,Rabi,2353,2678.6716114019778,3416.065934065934,2626.972396486826,3859.0679611650485
Maharashtra,Amrawati(Frui & Veg. Market),Tomato,7,2023,6500,7000,Kharif,500,6168.357446808511,2546.923076923077,3044.2994875080076,3289.337912087912
Maharashtra,Pune(Pimpri),Onion,6,2025,1200,1600,Kharif,400,2678.6716114019778,2966.2162162162163,3044.2994875080076,2308.1819620253164
Maharashtra,Yeola,Wheat,8,2023,2375,2800,Kharif,425,2816.3259195893925,2692.5254237288136,3044.2994875080076,3017.515397082658
Maharashtra,Jamkhed,Wheat,11,2023,2000,2400,Rabi,400,2816.3259195893925,2610.4651162790697,2626.972396486826,3859.0679611650485
Maharashtra,Pune(Khadiki),Onion,9,2024,2200,3600,Kharif,1400,2678.6716114019778,2011.926605504587,3044.2994875080076,3127.0038240917784
Maharashtra,Kalyan,Onion,11,2024,5200,5800,Rabi,600,2678.6716114019778,2589.4736842105262,2626.972396486826,3859.0679611650485
Maharashtra,Manmad,Onion,8,2024,1301,3375,Kharif,2074,2678.6716114019778,2515.4166666666665,3044.2994875080076,3017.515397082658
Maharashtra,Vashi New Mumbai,Onion,10,2023,1000,2500,Kharif,1500,2678.6716114019778,2508.130081300813,3044.2994875080076,3462.48231511254
Maharashtra,Vadgaonpeth,Potato,12,2023,2000,3000,Rabi,1000,2183.5218855218855,2767.5675675675675,2626.972396486826,2933.8104448742747
Maharashtra,Jalgaon,Onion,2,2025,800,2850,Rabi,2050,2678.6716114019778,2410.159420289855,2626.972396486826,2104.9403341288785
Maharashtra,Vadgaonpeth,Onion,5,2024,1600,1800,Zaid,200,2678.6716114019778,2767.5675675675675,1915.1666666666667,1988.592672413793
Maharashtra,Laxmi Sopan Agriculture Produce Marketing Co Ltd,Onion,7,2023,500,1400,Kharif,900,2678.6716114019778,2508.3928571428573,3044.2994875080076,3289.337912087912
Maharashtra,Jamkhed,Onion,3,2025,300,2600,Rabi,2300,2678.6716114019778,2610.4651162790697,2626.972396486826,1861.5330739299611
Maharashtra,Bhusaval,Potato,9,2023,1500,1800,Kharif,300,2183.5218855218855,2348.8,3044.2994875080076,3127.0038240917784
Maharashtra,Ahmednagar,Potato,9,2024,2000,3200,Kharif,1200,2183.5218855218855,2678.2608695652175,3044.2994875080076,3127.0038240917784
Maharashtra,Yawal,Onion,3,2025,1560,2080,Rabi,520,2678.6716114019778,1866.578947368421,2626.972396486826,1861.5330739299611
Maharashtra,Manmad,Onion,11,2023,1200,3498,Rabi,2298,2678.6716114019778,2515.4166666666665,2626.972396486826,3859.0679611650485
Maharashtra,Jamkhed,Onion,1,2024,200,1800,Rabi,1600,2678.6716114019778,2610.4651162790697,2626.972396486826,2202.0962441314555
Maharashtra,Solapur,Wheat,12,2023,2440,4000,Rabi,1560,2816.3259195893925,3247.752808988764,2626.972396486826,2933.8104448742747
Maharashtra,Pathardi,Onion,6,2024,300,2300,Kharif,2000,2678.6716114019778,2397.093023255814,3044.2994875080076,2308.1819620253164
Maharashtra,Manmad,Onion,6,2023,100,1175,Kharif,1075,2678.6716114019778,2515.4166666666665,3044.2994875080076,2308.1819620253164
Maharashtra,Umrane,Onion,10,2024,1500,5001,Kharif,3501,2678.6716114019778,2608.282608695652,3044.2994875080076,3462.48231511254
Maharashtra,Newasa(Ghodegaon),Onion,10,2023,400,3500,Kharif,3100,2678.6716114019778,2765.151515151515,3044.2994875080076,3462.48231511254
Maharashtra,Lasalgaon(Vinchur),Onion,6,2024,1000,2452,Kharif,1452,2678.6716114019778,2574.311320754717,3044.2994875080076,2308.1819620253164
Maharashtra,Sangamner,Onion,12,2023,500,4051,Rabi,3551,2678.6716114019778,3329.057142857143,2626.972396486826,2933.8104448742747
Maharashtra,Islampur,Potato,9,2023,1600,1800,Kharif,200,2183.5218855218855,2422.7272727272725,3044.2994875080076,3127.0038240917784
Maharashtra,Nasik,Onion,7,2024,700,2900,Kharif,2200,2678.6716114019778,2656.4253731343283,3044.2994875080076,3289.337912087912
Maharashtra,Solapur,Potato,2,2024,800,1950,Rabi,1150,2183.5218855218855,3247.752808988764,2626.972396486826,2104.9403341288785
Maharashtra,Chandrapur(Ganjwad),Onion,10,2024,1800,4000,Kharif,2200,2678.6716114019778,2858.8607594936707,3044.2994875080076,3462.48231511254
Maharashtra,Kurdwadi(Modnimb),Onion,5,2024,100,1500,Zaid,1400,2678.6716114019778,2242.88,1915.1666666666667,1988.592672413793
Maharashtra,Shree Sairaj Krushi Market,Onion,4,2025,300,1700,Zaid,1400,2678.6716114019778,3469.375,1915.1666666666667,1829.9925
Maharashtra,Katol,Wheat,10,2023,2525,2525,Kharif,0,2816.3259195893925,2448.962962962963,3044.2994875080076,3462.48231511254
Maharashtra,"Sangli(Phale, Bhajipura Market)",Onion,2,2025,1200,2800,Rabi,1600,2678.6716114019778,2561.711711711712,2626.972396486826,2104.9403341288785
Maharashtra,Bhusaval,Onion,12,2023,1500,2500,Rabi,1000,2678.6716114019778,2348.8,2626.972396486826,2933.8104448742747
Maharashtra,Pathardi,Onion,5,2025,300,1700,Zaid,1400,2678.6716114019778,2397.093023255814,1915.1666666666667,1988.592672413793
Maharashtra,Manchar,Potato,10,2023,1000,1510,Kharif,510,2183.5218855218855,2335.757575757576,3044.2994875080076,3462.48231511254
Maharashtra,Solapur,Potato,6,2024,800,2800,Kharif,2000,2183.5218855218855,3247.752808988764,3044.2994875080076,2308.1819620253164
Maharashtra,Manmad,Onion,12,2023,1000,2445,Rabi,1445,2678.6716114019778,2515.4166666666665,2626.972396486826,2933.8104448742747
Maharashtra,Dindori(Vani),Onion,7,2023,1100,1800,Kharif,700,2678.6716114019778,2426.6388888888887,3044.2994875080076,3289.337912087912
Maharashtra,Lasalgaon,Onion,8,2023,700,2450,Kharif,1750,2678.6716114019778,2867.190476190476,3044.2994875080076,3017.515397082658
Maharashtra,Pune(Moshi),Potato,6,2024,1800,2200,Kharif,400,2183.5218855218855,2277.6119402985073,3044.2994875080076,2308.1819620253164
Maharashtra,Pathardi,Onion,11,2023,500,4200,Rabi,3700,2678.6716114019778,2397.093023255814,2626.972396486826,3859.0679611650485
Maharashtra,Kolhapur,Onion,8,2024,1200,3700,Kharif,2500,2678.6716114019778,3576.785714285714,3044.2994875080076,3017.515397082658
Maharashtra,Ahmednagar,Potato,7,2023,1000,1650,Kharif,650,2183.5218855218855,2678.2608695652175,3044.2994875080076,3289.337912087912
Maharashtra,Dhule,Onion,5,2025,100,850,Zaid,750,2678.6716114019778,2516.8552631578946,1915.1666666666667,1988.592672413793
Maharashtra,Rahuri,Potato,12,2024,2000,3000,Rabi,1000,2183.5218855218855,2826.0106382978724,2626.972396486826,2933.8104448742747
Maharashtra,Pune(Manjri),Potato,8,2024,2500,3500,Kharif,1000,2183.5218855218855,2804.7619047619046,3044.2994875080076,3017.515397082658
Maharashtra,Pune,Potato,1,2025,1400,2000,Rabi,600,2183.5218855218855,3186.013986013986,2626.972396486826,2202.0962441314555
Maharashtra,Nasik,Potato,4,2025,1050,1900,Zaid,850,2183.5218855218855,2656.4253731343283,1915.1666666666667,1829.9925
Maharashtra,Amrawati(Frui & Veg. Market),Onion,11,2023,1800,5500,Rabi,3700,2678.6716114019778,2546.923076923077,2626.972396486826,3859.0679611650485
Maharashtra,Kopargaon,Onion,11,2024,1000,6037,Rabi,5037,2678.6716114019778,2558.2608695652175,2626.972396486826,3859.0679611650485
Maharashtra,Pachora,Wheat,10,2023,2411,2625,Kharif,214,2816.3259195893925,2541.85,3044.2994875080076,3462.48231511254
Maharashtra,Lasalgaon,Onion,12,2023,800,2200,Rabi,1400,2678.6716114019778,2867.190476190476,2626.972396486826,2933.8104448742747
Maharashtra,Kopargaon,Onion,3,2025,1000,1750,Rabi,750,2678.6716114019778,2558.2608695652175,2626.972396486826,1861.5330739299611
Maharashtra,Akola,Onion,11,2023,2500,4500,Rabi,2000,2678.6716114019778,2421.8840579710145,2626.972396486826,3859.0679611650485
Maharashtra,Junnar(Narayangaon),Onion,9,2024,1800,4800,Kharif,3000,2678.6716114019778,2861.8518518518517,3044.2994875080076,3127.0038240917784
Maharashtra,Rahuri,Tomato,7,2023,1000,7000,Kharif,6000,6168.357446808511,2826.0106382978724,3044.2994875080076,3289.337912087912
Maharashtra,Pimpalgaon Baswant(Saykheda),Onion,1,2024,400,1496,Rabi,1096,2678.6716114019778,2602.5479452054797,2626.972396486826,2202.0962441314555
Maharashtra,Barshi(Vairag),Wheat,6,2023,2100,2281,Kharif,181,2816.3259195893925,2469.0,3044.2994875080076,2308.1819620253164
Maharashtra,Dindori(Vani),Onion,3,2024,1200,2078,Rabi,878,2678.6716114019778,2426.6388888888887,2626.972396486826,1861.5330739299611
Maharashtra,Baramati,Onion,9,2023,500,2400,Kharif,1900,2678.6716114019778,2769.054054054054,3044.2994875080076,3127.0038240917784
Maharashtra,Phaltan,Tomato,7,2023,1500,9500,Kharif,8000,6168.357446808511,5066.785714285715,3044.2994875080076,3289.337912087912
Maharashtra,Nagpur,Potato,1,2025,1400,2200,Rabi,800,2183.5218855218855,2756.266666666667,2626.972396486826,2202.0962441314555
Maharashtra,Nagpur,Onion,9,2023,1500,2500,Kharif,1000,2678.6716114019778,2756.266666666667,3044.2994875080076,3127.0038240917784
Maharashtra,Karjat,Onion,3,2024,300,1700,Rabi,1400,2678.6716114019778,2275.0,2626.972396486826,1861.5330739299611
Maharashtra,Nasik,Potato,12,2024,1100,2300,Rabi,1200,2183.5218855218855,2656.4253731343283,2626.972396486826,2933.8104448742747
Maharashtra,Pune(Moshi),Potato,7,2023,1000,1300,Kharif,300,2183.5218855218855,2277.6119402985073,3044.2994875080076,3289.337912087912
Maharashtra,Laxmi Sopan Agriculture Produce Marketing Co Ltd,Onion,8,2024,500,2500,Kharif,2000,2678.6716114019778,2508.3928571428573,3044.2994875080076,3017.515397082658
Maharashtra,Pune(Moshi),Potato,5,2024,1800,2000,Zaid,200,2183.5218855218855,2277.6119402985073,1915.1666666666667,1988.592672413793
Maharashtra,Pimpalgaon,Tomato,6,2023,1250,3350,Kharif,2100,6168.357446808511,3416.065934065934,3044.2994875080076,2308.1819620253164
Maharashtra,Karad,Onion,7,2023,1000,1600,Kharif,600,2678.6716114019778,2862.31884057971,3044.2994875080076,3289.337912087912
Maharashtra,Tumsar,Rice,5,2025,4000,4000,Zaid,0,4928.92,2576.0833333333335,1915.1666666666667,1988.592672413793
Maharashtra,Morshi,Wheat,8,2023,2250,2425,Kharif,175,2816.3259195893925,2524.375,3044.2994875080076,3017.515397082658
Maharashtra,Vai,Onion,6,2023,500,1300,Kharif,800,2678.6716114019778,3070.7865168539324,3044.2994875080076,2308.1819620253164
Maharashtra,Mangal Wedha,Onion,6,2025,100,1800,Kharif,1700,2678.6716114019778,2928.322033898305,3044.2994875080076,2308.1819620253164
Maharashtra,Nasik,Onion,11,2023,2100,4100,Rabi,2000,2678.6716114019778,2656.4253731343283,2626.972396486826,3859.0679611650485
Maharashtra,Pathardi,Onion,3,2024,300,1800,Rabi,1500,2678.6716114019778,2397.093023255814,2626.972396486826,1861.5330739299611
Maharashtra,Lasalgaon(Niphad),Wheat,12,2023,2611,2980,Rabi,369,2816.3259195893925,2520.8804347826085,2626.972396486826,2933.8104448742747
Maharashtra,Rahuri(Vambori),Onion,12,2023,500,4300,Rabi,3800,2678.6716114019778,2812.3478260869565,2626.972396486826,2933.8104448742747
Maharashtra,Karmala,Wheat,6,2023,2325,2601,Kharif,276,2816.3259195893925,2593.1666666666665,3044.2994875080076,2308.1819620253164
Maharashtra,Jalgaon,Onion,11,2023,1300,3877,Rabi,2577,2678.6716114019778,2410.159420289855,2626.972396486826,3859.0679611650485
Maharashtra,Rahata,Potato,9,2024,2500,3000,Kharif,500,2183.5218855218855,2600.863309352518,3044.2994875080076,3127.0038240917784
Maharashtra,Lasalgaon,Wheat,6,2023,2191,2952,Kharif,761,2816.3259195893925,2867.190476190476,3044.2994875080076,2308.1819620253164
Maharashtra,"Sangli(Phale, Bhajipura Market)",Onion,6,2023,300,1200,Kharif,900,2678.6716114019778,2561.711711711712,3044.2994875080076,2308.1819620253164
Maharashtra,Lasalgaon(Niphad),Onion,3,2024,1151,1921,Rabi,770,2678.6716114019778,2520.8804347826085,2626.972396486826,1861.5330739299611
Maharashtra,Manmad,Onion,11,2023,1000,3850,Rabi,2850,2678.6716114019778,2515.4166666666665,2626.972396486826,3859.0679611650485
Maharashtra,Lasalgaon,Onion,3,2025,700,1726,Rabi,1026,2678.6716114019778,2867.190476190476,2626.972396486826,1861.5330739299611
Maharashtra,Pune(Khadiki),Potato,7,2024,2000,2600,Kharif,600,2183.5218855218855,2011.926605504587,3044.2994875080076,3289.337912087912
Maharashtra,Devala,Onion,5,2024,300,1955,Zaid,1655,2678.6716114019778,2586.3793103448274,1915.1666666666667,1988.592672413793
Maharashtra,Nagpur,Wheat,12,2023,3000,3500,Rabi,500,2816.3259195893925,2756.266666666667,2626.972396486826,2933.8104448742747
Maharashtra,Jalgaon,Potato,12,2024,1500,2200,Rabi,700,2183.5218855218855,2410.159420289855,2626.972396486826,2933.8104448742747
Maharashtra,Shrigonda,Onion,2,2025,400,2400,Rabi,2000,2678.6716114019778,2012.5,2626.972396486826,2104.9403341288785
Maharashtra,Jalgaon,Onion,12,2024,625,3625,Rabi,3000,2678.6716114019778,2410.159420289855,2626.972396486826,2933.8104448742747
Maharashtra,Shevgaon,Wheat,8,2023,2400,2500,Kharif,100,2816.3259195893925,2106.75,3044.2994875080076,3017.515397082658
Maharashtra,Devala,Onion,3,2025,600,1530,Rabi,930,2678.6716114019778,2586.3793103448274,2626.972396486826,1861.5330739299611
Maharashtra,Shrirampur,Onion,6,2023,200,1300,Kharif,1100,2678.6716114019778,2334.11,3044.2994875080076,2308.1819620253164
Maharashtra,Satara,Potato,6,2024,2600,3000,Kharif,400,2183.5218855218855,2750.0,3044.2994875080076,2308.1819620253164
Maharashtra,Sinner,Wheat,7,2023,2305,2350,Kharif,45,2816.3259195893925,2542.6071428571427,3044.2994875080076,3289.337912087912
Maharashtra,Dhule,Onion,12,2023,200,2000,Rabi,1800,2678.6716114019778,2516.8552631578946,2626.972396486826,2933.8104448742747
Maharashtra,Newasa(Ghodegaon),Onion,4,2025,300,1300,Zaid,1000,2678.6716114019778,2765.151515151515,1915.1666666666667,1829.9925
Maharashtra,Manchar,Tomato,7,2023,1000,4000,Kharif,3000,6168.357446808511,2335.757575757576,3044.2994875080076,3289.337912087912
Maharashtra,Nasik,Onion,9,2024,3100,4650,Kharif,1550,2678.6716114019778,2656.4253731343283,3044.2994875080076,3127.0038240917784
Maharashtra,Rahata,Potato,12,2024,1800,2500,Rabi,700,2183.5218855218855,2600.863309352518,2626.972396486826,2933.8104448742747
Maharashtra,Akole,Onion,9,2024,1500,4300,Kharif,2800,2678.6716114019778,2706.52,3044.2994875080076,3127.0038240917784
Maharashtra,Pimpalgaon,Onion,12,2024,3200,6080,Rabi,2880,2678.6716114019778,3416.065934065934,2626.972396486826,2933.8104448742747
Maharashtra,Yeola,Onion,8,2023,300,2450,Kharif,2150,2678.6716114019778,2692.5254237288136,3044.2994875080076,3017.515397082658
Maharashtra,Sakri,Onion,9,2024,2500,4400,Kharif,1900,2678.6716114019778,2829.8611111111113,3044.2994875080076,3127.0038240917784
Maharashtra,Shivsiddha Govind Producer Company Limited Sanchal,Onion,7,2024,2800,3075,Kharif,275,2678.6716114019778,3288.75,3044.2994875080076,3289.337912087912
Maharashtra,Palus,Tomato,7,2023,5000,7000,Kharif,2000,6168.357446808511,6000.0,3044.2994875080076,3289.337912087912
Maharashtra,Pune(Moshi),Potato,3,2025,1000,1300,Rabi,300,2183.5218855218855,2277.6119402985073,2626.972396486826,1861.5330739299611
Maharashtra,Ahmednagar,Potato,8,2024,2000,3200,Kharif,1200,2183.5218855218855,2678.2608695652175,3044.2994875080076,3017.515397082658
Maharashtra,Rahuri,Onion,6,2023,100,1500,Kharif,1400,2678.6716114019778,2826.0106382978724,3044.2994875080076,2308.1819620253164
Maharashtra,Pune(Manjri),Onion,9,2023,1300,1600,Kharif,300,2678.6716114019778,2804.7619047619046,3044.2994875080076,3127.0038240917784
Maharashtra,Yeola,Onion,7,2024,801,2766,Kharif,1965,2678.6716114019778,2692.5254237288136,3044.2994875080076,3289.337912087912
Maharashtra,Chandvad,Onion,11,2023,1400,4100,Rabi,2700,2678.6716114019778,3065.671875,2626.972396486826,3859.0679611650485
Maharashtra,Ramtek,Wheat,11,2023,2500,2621,Rabi,121,2816.3259195893925,3246.0169491525426,2626.972396486826,3859.0679611650485
Maharashtra,Karjat(Raigad),Onion,1,2024,200,1200,Rabi,1000,2678.6716114019778,2770.2380952380954,2626.972396486826,2202.0962441314555
Maharashtra,Akole,Onion,6,2023,151,1311,Kharif,1160,2678.6716114019778,2706.52,3044.2994875080076,2308.1819620253164
Maharashtra,Bhusaval,Potato,6,2023,1200,1800,Kharif,600,2183.5218855218855,2348.8,3044.2994875080076,2308.1819620253164
Maharashtra,Devala,Onion,2,2024,100,1165,Rabi,1065,2678.6716114019778,2586.3793103448274,2626.972396486826,2104.9403341288785
Maharashtra,Pune(Moshi),Potato,10,2023,1000,1600,Kharif,600,2183.5218855218855,2277.6119402985073,3044.2994875080076,3462.48231511254
Maharashtra,Akola,Potato,7,2023,1200,1500,Kharif,300,2183.5218855218855,2421.8840579710145,3044.2994875080076,3289.337912087912
Maharashtra,Mangal Wedha,Onion,11,2024,550,5500,Rabi,4950,2678.6716114019778,2928.322033898305,2626.972396486826,3859.0679611650485
Maharashtra,Karjat(Raigad),Wheat,10,2023,2200,2600,Kharif,400,2816.3259195893925,2770.2380952380954,3044.2994875080076,3462.48231511254
Maharashtra,Anajngaon,Wheat,10,2023,2000,2500,Kharif,500,2816.3259195893925,2501.2,3044.2994875080076,3462.48231511254
Maharashtra,Pune(Moshi),Potato,5,2024,1300,2000,Zaid,700,2183.5218855218855,2277.6119402985073,1915.1666666666667,1988.592672413793
Maharashtra,Bhusaval,Onion,9,2023,1500,1800,Kharif,300,2678.6716114019778,2348.8,3044.2994875080076,3127.0038240917784
Maharashtra,Bhusaval,Potato,10,2023,1400,1600,Kharif,200,2183.5218855218855,2348.8,3044.2994875080076,3462.48231511254
Maharashtra,Nagpur,Potato,1,2024,1600,2200,Rabi,600,2183.5218855218855,2756.266666666667,2626.972396486826,2202.0962441314555
Maharashtra,"Sangli(Phale, Bhajipura Market)",Onion,7,2023,400,1800,Kharif,1400,2678.6716114019778,2561.711711711712,3044.2994875080076,3289.337912087912
Maharashtra,Shrirampur,Potato,6,2023,1000,1400,Kharif,400,2183.5218855218855,2334.11,3044.2994875080076,2308.1819620253164
Maharashtra,Akola,Wheat,12,2023,2500,2900,Rabi,400,2816.3259195893925,2421.8840579710145,2626.972396486826,2933.8104448742747
Maharashtra,Rahuri(Vambori),Onion,8,2024,500,3400,Kharif,2900,2678.6716114019778,2812.3478260869565,3044.2994875080076,3017.515397082658
Maharashtra,Om Chaitanya Multistate Agro Purpose CoOp Society,Onion,3,2025,500,2500,Rabi,2000,2678.6716114019778,2918.3333333333335,2626.972396486826,1861.5330739299611
Maharashtra,Kalmeshwar,Tomato,7,2023,9030,10000,Kharif,970,6168.357446808511,6000.0,3044.2994875080076,3289.337912087912
Maharashtra,Pune(Manjri),Potato,10,2024,2400,2800,Kharif,400,2183.5218855218855,2804.7619047619046,3044.2994875080076,3462.48231511254
Maharashtra,Akola,Wheat,8,2023,2295,2585,Kharif,290,2816.3259195893925,2421.8840579710145,3044.2994875080076,3017.515397082658
Maharashtra,Mumbai,Wheat,12,2023,2800,6000,Rabi,3200,2816.3259195893925,6127.272727272727,2626.972396486826,2933.8104448742747
Maharashtra,Solapur,Wheat,11,2023,2363,3930,Rabi,1567,2816.3259195893925,3247.752808988764,2626.972396486826,3859.0679611650485
Maharashtra,Tasgaon,Wheat,9,2023,2780,3100,Kharif,320,2816.3259195893925,2896.875,3044.2994875080076,3127.0038240917784
Maharashtra,Vadgaonpeth,Onion,7,2023,1000,1500,Kharif,500,2678.6716114019778,2767.5675675675675,3044.2994875080076,3289.337912087912
Maharashtra,Gevrai,Wheat,11,2023,2500,3200,Rabi,700,2816.3259195893925,2950.590909090909,2626.972396486826,3859.0679611650485
Maharashtra,Sindi(Selu),Wheat,8,2023,2250,2425,Kharif,175,2816.3259195893925,2372.222222222222,3044.2994875080076,3017.515397082658
Maharashtra,Junnar(Narayangaon),Onion,5,2024,300,1750,Zaid,1450,2678.6716114019778,2861.8518518518517,1915.1666666666667,1988.592672413793
Maharashtra,Karjat,Onion,5,2025,300,1000,Zaid,700,2678.6716114019778,2275.0,1915.1666666666667,1988.592672413793
Maharashtra,Chandvad,Onion,3,2024,1500,1969,Rabi,469,2678.6716114019778,3065.671875,2626.972396486826,1861.5330739299611
Maharashtra,Satana,Wheat,12,2023,2350,2751,Rabi,401,2816.3259195893925,2894.45,2626.972396486826,2933.8104448742747
Maharashtra,Dindori(Vani),Onion,6,2023,500,1599,Kharif,1099,2678.6716114019778,2426.6388888888887,3044.2994875080076,2308.1819620253164
Maharashtra,Pune(Manjri),Onion,2,2024,1700,2200,Rabi,500,2678.6716114019778,2804.7619047619046,2626.972396486826,2104.9403341288785
Maharashtra,Ahmednagar,Onion,7,2023,150,1700,Kharif,1550,2678.6716114019778,2678.2608695652175,3044.2994875080076,3289.337912087912
Maharashtra,Junnar(Narayangaon),Tomato,7,2023,3000,10750,Kharif,7750,6168.357446808511,2861.8518518518517,3044.2994875080076,3289.337912087912
Maharashtra,Pimpalgaon Baswant(Saykheda),Onion,4,2025,500,1160,Zaid,660,2678.6716114019778,2602.5479452054797,1915.1666666666667,1829.9925
Maharashtra,Akola,Wheat,10,2023,2200,2775,Kharif,575,2816.3259195893925,2421.8840579710145,3044.2994875080076,3462.48231511254
Maharashtra,Solapur,Onion,2,2024,100,1900,Rabi,1800,2678.6716114019778,3247.752808988764,2626.972396486826,2104.9403341288785
Maharashtra,Kamthi,Potato,3,2024,1500,2500,Rabi,1000,2183.5218855218855,3486.904761904762,2626.972396486826,1861.5330739299611
Maharashtra,Akola,Onion,7,2023,700,1500,Kharif,800,2678.6716114019778,2421.8840579710145,3044.2994875080076,3289.337912087912
Maharashtra,Manchar,Potato,12,2023,1000,1450,Rabi,450,2183.5218855218855,2335.757575757576,2626.972396486826,2933.8104448742747
Maharashtra,Junnar(Narayangaon),Onion,10,2024,1500,4650,Kharif,3150,2678.6716114019778,2861.8518518518517,3044.2994875080076,3462.48231511254
Maharashtra,Nagpur,Onion,1,2024,1500,2000,Rabi,500,2678.6716114019778,2756.266666666667,2626.972396486826,2202.0962441314555
Maharashtra,Islampur,Potato,6,2023,1600,1800,Kharif,200,2183.5218855218855,2422.7272727272725,3044.2994875080076,2308.1819620253164
Maharashtra,Pune(Khadiki),Potato,8,2024,2000,2400,Kharif,400,2183.5218855218855,2011.926605504587,3044.2994875080076,3017.515397082658
Maharashtra,Rahata,Potato,1,2025,800,1800,Rabi,1000,2183.5218855218855,2600.863309352518,2626.972396486826,2202.0962441314555
Maharashtra,Newasa(Ghodegaon),Onion,4,2024,200,1700,Zaid,1500,2678.6716114019778,2765.151515151515,1915.1666666666667,1829.9925
Maharashtra,Shrirampur,Potato,5,2024,2000,2650,Zaid,650,2183.5218855218855,2334.11,1915.1666666666667,1988.592672413793
Maharashtra,Baramati,Wheat,7,2023,1850,2400,Kharif,550,2816.3259195893925,2769.054054054054,3044.2994875080076,3289.337912087912
Maharashtra,Yeola,Onion,5,2025,50,1170,Zaid,1120,2678.6716114019778,2692.5254237288136,1915.1666666666667,1988.592672413793
Maharashtra,Satara,Potato,8,2024,2500,3000,Kharif,500,2183.5218855218855,2750.0,3044.2994875080076,3017.515397082658
Maharashtra,Lasalgaon(Niphad),Onion,3,2024,1415,1754,Rabi,339,2678.6716114019778,2520.8804347826085,2626.972396486826,1861.5330739299611
Maharashtra,Pimpalgaon Baswant(Saykheda),Onion,1,2024,600,1840,Rabi,1240,2678.6716114019778,2602.5479452054797,2626.972396486826,2202.0962441314555
Maharashtra,Vashi New Mumbai,Potato,3,2024,1300,1800,Rabi,500,2183.5218855218855,2508.130081300813,2626.972396486826,1861.5330739299611
Maharashtra,Jalgaon,Onion,11,2024,875,3877,Rabi,3002,2678.6716114019778,2410.159420289855,2626.972396486826,3859.0679611650485
Maharashtra,Manchar,Onion,8,2024,3500,4510,Kharif,1010,2678.6716114019778,2335.757575757576,3044.2994875080076,3017.515397082658
Maharashtra,Junnar(Narayangaon),Onion,3,2025,1700,2510,Rabi,810,2678.6716114019778,2861.8518518518517,2626.972396486826,1861.5330739299611
Maharashtra,Akluj,Potato,1,2024,1600,1800,Rabi,200,2183.5218855218855,2208.2716049382716,2626.972396486826,2202.0962441314555
Maharashtra,Amrawati(Frui & Veg. Market),Onion,5,2024,600,2000,Zaid,1400,2678.6716114019778,2546.923076923077,1915.1666666666667,1988.592672413793
Maharashtra,Kolhapur,Onion,10,2024,1500,5000,Kharif,3500,2678.6716114019778,3576.785714285714,3044.2994875080076,3462.48231511254
Maharashtra,Pachora,Wheat,1,2024,2400,3000,Rabi,600,2816.3259195893925,2541.85,2626.972396486826,2202.0962441314555
Maharashtra,Devala,Onion,5,2024,350,1860,Zaid,1510,2678.6716114019778,2586.3793103448274,1915.1666666666667,1988.592672413793
Maharashtra,Junnar(Narayangaon),Potato,1,2025,500,1600,Rabi,1100,2183.5218855218855,2861.8518518518517,2626.972396486826,2202.0962441314555
Maharashtra,Lasalgaon(Vinchur),Onion,1,2024,700,1875,Rabi,1175,2678.6716114019778,2574.311320754717,2626.972396486826,2202.0962441314555
Maharashtra,Pune,Onion,8,2023,700,1600,Kharif,900,2678.6716114019778,3186.013986013986,3044.2994875080076,3017.515397082658
Maharashtra,Ramtek,Onion,8,2024,3500,4000,Kharif,500,2678.6716114019778,3246.0169491525426,3044.2994875080076,3017.515397082658
Maharashtra,Satara,Onion,12,2024,1500,5300,Rabi,3800,2678.6716114019778,2750.0,2626.972396486826,2933.8104448742747
Maharashtra,Mangal Wedha,Tomato,6,2023,1200,2000,Kharif,800,6168.357446808511,2928.322033898305,3044.2994875080076,2308.1819620253164
Maharashtra,Tasgaon,Wheat,7,2023,2560,2780,Kharif,220,2816.3259195893925,2896.875,3044.2994875080076,3289.337912087912
Maharashtra,Khed(Chakan),Onion,5,2024,1300,1800,Zaid,500,2678.6716114019778,2519.4174757281553,1915.1666666666667,1988.592672413793
Maharashtra,Rahata,Potato,1,2025,1500,2000,Rabi,500,2183.5218855218855,2600.863309352518,2626.972396486826,2202.0962441314555
Maharashtra,Lasalgaon(Niphad),Onion,10,2024,2300,4511,Kharif,2211,2678.6716114019778,2520.8804347826085,3044.2994875080076,3462.48231511254
Maharashtra,Malegaon,Wheat,9,2023,2601,2681,Kharif,80,2816.3259195893925,2828.2608695652175,3044.2994875080076,3127.0038240917784
Maharashtra,Junnar(Narayangaon),Onion,9,2024,2000,4450,Kharif,2450,2678.6716114019778,2861.8518518518517,3044.2994875080076,3127.0038240917784
Maharashtra,Pen,Tomato,6,2023,2400,2600,Kharif,200,6168.357446808511,2790.909090909091,3044.2994875080076,2308.1819620253164
Maharashtra,Amrawati(Frui & Veg. Market),Onion,4,2024,1000,2200,Zaid,1200,2678.6716114019778,2546.923076923077,1915.1666666666667,1829.9925
Maharashtra,Shrirampur,Potato,4,2025,1800,2100,Zaid,300,2183.5218855218855,2334.11,1915.1666666666667,1829.9925
Maharashtra,Sangamner,Onion,5,2025,200,1500,Zaid,1300,2678.6716114019778,3329.057142857143,1915.1666666666667,1988.592672413793
Maharashtra,Umrane,Onion,12,2024,1500,4751,Rabi,3251,2678.6716114019778,2608.282608695652,2626.972396486826,2933.8104448742747
Maharashtra,Rahata,Potato,3,2025,500,1700,Rabi,1200,2183.5218855218855,2600.863309352518,2626.972396486826,1861.5330739299611
Maharashtra,Pune(Manjri),Potato,8,2024,2000,3000,Kharif,1000,2183.5218855218855,2804.7619047619046,3044.2994875080076,3017.515397082658
Maharashtra,Akluj,Potato,1,2025,1800,2000,Rabi,200,2183.5218855218855,2208.2716049382716,2626.972396486826,2202.0962441314555
Maharashtra,Vai,Potato,3,2025,1600,2300,Rabi,700,2183.5218855218855,3070.7865168539324,2626.972396486826,1861.5330739299611
Maharashtra,Rahata,Potato,4,2024,2500,2700,Zaid,200,2183.5218855218855,2600.863309352518,1915.1666666666667,1829.9925
Maharashtra,Baramati,Onion,7,2023,300,1700,Kharif,1400,2678.6716114019778,2769.054054054054,3044.2994875080076,3289.337912087912
Maharashtra,Shree Sairaj Krushi Market,Onion,5,2025,100,1500,Zaid,1400,2678.6716114019778,3469.375,1915.1666666666667,1988.592672413793
Maharashtra,Pune(Moshi),Potato,1,2024,1000,1400,Rabi,400,2183.5218855218855,2277.6119402985073,2626.972396486826,2202.0962441314555
Maharashtra,Rahata,Wheat,12,2023,2401,2896,Rabi,495,2816.3259195893925,2600.863309352518,2626.972396486826,2933.8104448742747
Maharashtra,Amrawati(Frui & Veg. Market),Tomato,9,2023,1200,1600,Kharif,400,6168.357446808511,2546.923076923077,3044.2994875080076,3127.0038240917784
Maharashtra,Chandvad,Tomato,6,2023,3000,6055,Kharif,3055,6168.357446808511,3065.671875,3044.2994875080076,2308.1819620253164
Maharashtra,Devala,Onion,1,2024,450,2060,Rabi,1610,2678.6716114019778,2586.3793103448274,2626.972396486826,2202.0962441314555
Maharashtra,Baramati,Onion,12,2023,800,3600,Rabi,2800,2678.6716114019778,2769.054054054054,2626.972396486826,2933.8104448742747
Maharashtra,Khed(Chakan),Potato,1,2025,1200,2200,Rabi,1000,2183.5218855218855,2519.4174757281553,2626.972396486826,2202.0962441314555
Maharashtra,Akola,Potato,8,2024,2200,3000,Kharif,800,2183.5218855218855,2421.8840579710145,3044.2994875080076,3017.515397082658
Maharashtra,Ramtek,Potato,5,2025,1800,2000,Zaid,200,2183.5218855218855,3246.0169491525426,1915.1666666666667,1988.592672413793
Maharashtra,Vai,Potato,4,2024,2200,2800,Zaid,600,2183.5218855218855,3070.7865168539324,1915.1666666666667,1829.9925
Maharashtra,Manmad,Onion,12,2023,1700,3725,Rabi,2025,2678.6716114019778,2515.4166666666665,2626.972396486826,2933.8104448742747
Maharashtra,Telhara,Wheat,8,2023,2250,2390,Kharif,140,2816.3259195893925,2441.0,3044.2994875080076,3017.515397082658
Maharashtra,Pune(Manjri),Potato,12,2023,1200,1600,Rabi,400,2183.5218855218855,2804.7619047619046,2626.972396486826,2933.8104448742747
Maharashtra,Nandgaon,Onion,7,2023,100,1552,Kharif,1452,2678.6716114019778,2752.116666666667,3044.2994875080076,3289.337912087912
Maharashtra,Manchar,Onion,6,2025,1500,1800,Kharif,300,2678.6716114019778,2335.757575757576,3044.2994875080076,2308.1819620253164
Maharashtra,Shevgaon,Onion,9,2024,2800,3800,Kharif,1000,2678.6716114019778,2106.75,3044.2994875080076,3127.0038240917784
Maharashtra,Ahmedpur,Wheat,7,2023,2100,3100,Kharif,1000,2816.3259195893925,3063.3333333333335,3044.2994875080076,3289.337912087912
Maharashtra,Yeola,Onion,3,2025,400,2337,Rabi,1937,2678.6716114019778,2692.5254237288136,2626.972396486826,1861.5330739299611
Maharashtra,Khed(Chakan),Onion,2,2024,600,1500,Rabi,900,2678.6716114019778,2519.4174757281553,2626.972396486826,2104.9403341288785
Maharashtra,Kalvan,Onion,6,2023,150,1550,Kharif,1400,2678.6716114019778,2726.1132075471696,3044.2994875080076,2308.1819620253164
Maharashtra,Pimpalgaon,Onion,3,2025,400,1699,Rabi,1299,2678.6716114019778,3416.065934065934,2626.972396486826,1861.5330739299611
Maharashtra,Yawal,Wheat,9,2023,2460,2970,Kharif,510,2816.3259195893925,1866.578947368421,3044.2994875080076,3127.0038240917784
Maharashtra,Selu,Wheat,1,2024,2450,2450,Rabi,0,2816.3259195893925,2517.5,2626.972396486826,2202.0962441314555
Maharashtra,Jalgaon,Onion,7,2023,300,1250,Kharif,950,2678.6716114019778,2410.159420289855,3044.2994875080076,3289.337912087912
Maharashtra,Devala,Onion,7,2023,100,1455,Kharif,1355,2678.6716114019778,2586.3793103448274,3044.2994875080076,3289.337912087912
Maharashtra,Pathardi,Wheat,9,2023,2200,2500,Kharif,300,2816.3259195893925,2397.093023255814,3044.2994875080076,3127.0038240917784
Maharashtra,Dhule,Onion,3,2025,350,1600,Rabi,1250,2678.6716114019778,2516.8552631578946,2626.972396486826,1861.5330739299611
Maharashtra,Laxmi Sopan Agriculture Produce Marketing Co Ltd,Onion,7,2024,400,2600,Kharif,2200,2678.6716114019778,2508.3928571428573,3044.2994875080076,3289.337912087912
Maharashtra,Kalyan,Potato,1,2025,2000,2500,Rabi,500,2183.5218855218855,2589.4736842105262,2626.972396486826,2202.0962441314555
Maharashtra,Akluj,Potato,4,2024,2500,2800,Zaid,300,2183.5218855218855,2208.2716049382716,1915.1666666666667,1829.9925
Maharashtra,Yeola,Onion,11,2023,1200,3700,Rabi,2500,2678.6716114019778,2692.5254237288136,2626.972396486826,3859.0679611650485
Maharashtra,Pathardi,Onion,3,2024,300,1600,Rabi,1300,2678.6716114019778,2397.093023255814,2626.972396486826,1861.5330739299611
Maharashtra,Lasalgaon(Niphad),Onion,11,2023,1950,3600,Rabi,1650,2678.6716114019778,2520.8804347826085,2626.972396486826,3859.0679611650485
Maharashtra,Amrawati(Frui & Veg. Market),Potato,8,2023,1000,1500,Kharif,500,2183.5218855218855,2546.923076923077,3044.2994875080076,3017.515397082658
Maharashtra,Navapur,Onion,3,2024,800,1500,Rabi,700,2678.6716114019778,2945.5882352941176,2626.972396486826,1861.5330739299611
Maharashtra,Nandgaon,Wheat,7,2023,2150,2750,Kharif,600,2816.3259195893925,2752.116666666667,3044.2994875080076,3289.337912087912
Maharashtra,Lasalgaon(Niphad),Onion,12,2023,2100,3975,Rabi,1875,2678.6716114019778,2520.8804347826085,2626.972396486826,2933.8104448742747
Maharashtra,Lasalgaon(Vinchur),Onion,4,2024,700,1630,Zaid,930,2678.6716114019778,2574.311320754717,1915.1666666666667,1829.9925
Maharashtra,Chandrapur(Ganjwad),Onion,5,2025,1200,1500,Zaid,300,2678.6716114019778,2858.8607594936707,1915.1666666666667,1988.592672413793
Maharashtra,Kopargaon,Onion,8,2024,1000,4001,Kharif,3001,2678.6716114019778,2558.2608695652175,3044.2994875080076,3017.515397082658
Maharashtra,Nampur,Onion,2,2025,400,2855,Rabi,2455,2678.6716114019778,2499.769230769231,2626.972396486826,2104.9403341288785
Maharashtra,Vita,Onion,8,2024,2500,3000,Kharif,500,2678.6716114019778,2686.9565217391305,3044.2994875080076,3017.515397082658
Maharashtra,Om Chaitanya Multistate Agro Purpose CoOp Society,Wheat,10,2023,2600,2600,Kharif,0,2816.3259195893925,2918.3333333333335,3044.2994875080076,3462.48231511254
Maharashtra,Mangaon,Rice,4,2025,1900,4800,Zaid,2900,4928.92,4800.0,1915.1666666666667,1829.9925
Maharashtra,Junnar(Narayangaon),Potato,11,2024,500,4000,Rabi,3500,2183.5218855218855,2861.8518518518517,2626.972396486826,3859.0679611650485
Maharashtra,Jalgaon,Onion,10,2024,1850,4327,Kharif,2477,2678.6716114019778,2410.159420289855,3044.2994875080076,3462.48231511254
Maharashtra,Yeola,Wheat,7,2023,2325,2420,Kharif,95,2816.3259195893925,2692.5254237288136,3044.2994875080076,3289.337912087912
Maharashtra,Rahuri,Wheat,6,2023,1500,2200,Kharif,700,2816.3259195893925,2826.0106382978724,3044.2994875080076,2308.1819620253164
Maharashtra,Khed(Chakan),Onion,12,2023,3000,4000,Rabi,1000,2678.6716114019778,2519.4174757281553,2626.972396486826,2933.8104448742747
Maharashtra,Shevgaon,Onion,1,2024,900,1200,Rabi,300,2678.6716114019778,2106.75,2626.972396486826,2202.0962441314555
Maharashtra,Yeola,Wheat,1,2024,2399,3000,Rabi,601,2816.3259195893925,2692.5254237288136,2626.972396486826,2202.0962441314555
Maharashtra,Amrawati(Frui & Veg. Market),Onion,10,2024,3000,4800,Kharif,1800,2678.6716114019778,2546.923076923077,3044.2994875080076,3462.48231511254
Maharashtra,Umrane,Onion,3,2025,1000,2245,Rabi,1245,2678.6716114019778,2608.282608695652,2626.972396486826,1861.5330739299611
Maharashtra,Kalyan,Potato,11,2024,3000,3200,Rabi,200,2183.5218855218855,2589.4736842105262,2626.972396486826,3859.0679611650485
Maharashtra,Manmad,Onion,10,2023,1601,4949,Kharif,3348,2678.6716114019778,2515.4166666666665,3044.2994875080076,3462.48231511254
Maharashtra,Mangal Wedha,Onion,10,2023,500,5300,Kharif,4800,2678.6716114019778,2928.322033898305,3044.2994875080076,3462.48231511254
Maharashtra,Vashi New Mumbai,Potato,9,2023,1000,1400,Kharif,400,2183.5218855218855,2508.130081300813,3044.2994875080076,3127.0038240917784
Maharashtra,Ulhasnagar,Wheat,10,2023,3000,3600,Kharif,600,2816.3259195893925,3895.8333333333335,3044.2994875080076,3462.48231511254
Maharashtra,Chandrapur(Ganjwad),Onion,9,2024,2500,5000,Kharif,2500,2678.6716114019778,2858.8607594936707,3044.2994875080076,3127.0038240917784
Maharashtra,Kalvan,Onion,12,2023,400,2505,Rabi,2105,2678.6716114019778,2726.1132075471696,2626.972396486826,2933.8104448742747
Maharashtra,Phaltan,Onion,3,2025,300,1700,Rabi,1400,2678.6716114019778,5066.785714285715,2626.972396486826,1861.5330739299611
Maharashtra,Karjat,Onion,10,2024,500,2500,Kharif,2000,2678.6716114019778,2275.0,3044.2994875080076,3462.48231511254
Maharashtra,Rahata,Onion,10,2023,700,2800,Kharif,2100,2678.6716114019778,2600.863309352518,3044.2994875080076,3462.48231511254
Maharashtra,Akluj,Onion,3,2024,200,1600,Rabi,1400,2678.6716114019778,2208.2716049382716,2626.972396486826,1861.5330739299611
Maharashtra,Bhivandi,Potato,6,2025,3500,5500,Kharif,2000,2183.5218855218855,5500.0,3044.2994875080076,2308.1819620253164
Maharashtra,Ramtek,Potato,7,2023,1800,2000,Kharif,200,2183.5218855218855,3246.0169491525426,3044.2994875080076,3289.337912087912
Maharashtra,Rahata,Potato,1,2025,1000,2400,Rabi,1400,2183.5218855218855,2600.863309352518,2626.972396486826,2202.0962441314555
Maharashtra,Dhule,Onion,5,2024,100,1270,Zaid,1170,2678.6716114019778,2516.8552631578946,1915.1666666666667,1988.592672413793
Maharashtra,Pune,Potato,11,2023,1000,2000,Rabi,1000,2183.5218855218855,3186.013986013986,2626.972396486826,3859.0679611650485
Maharashtra,Lasalgaon(Niphad),Onion,2,2025,1446,2448,Rabi,1002,2678.6716114019778,2520.8804347826085,2626.972396486826,2104.9403341288785
Maharashtra,Yawal,Onion,3,2024,900,1290,Rabi,390,2678.6716114019778,1866.578947368421,2626.972396486826,1861.5330739299611
Maharashtra,"Sangli(Phale, Bhajipura Market)",Potato,8,2024,2000,3000,Kharif,1000,2183.5218855218855,2561.711711711712,3044.2994875080076,3017.515397082658
Maharashtra,Pen,Tomato,6,2023,4400,4600,Kharif,200,6168.357446808511,2790.909090909091,3044.2994875080076,2308.1819620253164
Maharashtra,Gevrai,Wheat,9,2023,2451,2900,Kharif,449,2816.3259195893925,2950.590909090909,3044.2994875080076,3127.0038240917784
Maharashtra,"Sangli(Phale, Bhajipura Market)",Potato,2,2025,1400,2200,Rabi,800,2183.5218855218855,2561.711711711712,2626.972396486826,2104.9403341288785
Maharashtra,Chandvad,Onion,5,2024,812,1909,Zaid,1097,2678.6716114019778,3065.671875,1915.1666666666667,1988.592672413793
Maharashtra,Kalmeshwar,Tomato,6,2023,1005,1500,Kharif,495,6168.357446808511,6000.0,3044.2994875080076,2308.1819620253164
Maharashtra,Lasalgaon(Vinchur),Onion,2,2024,550,1341,Rabi,791,2678.6716114019778,2574.311320754717,2626.972396486826,2104.9403341288785
Maharashtra,Pune,Onion,6,2025,400,1600,Kharif,1200,2678.6716114019778,3186.013986013986,3044.2994875080076,2308.1819620253164
Maharashtra,Karjat(Raigad),Wheat,12,2023,2000,2700,Rabi,700,2816.3259195893925,2770.2380952380954,2626.972396486826,2933.8104448742747
Maharashtra,Solapur,Onion,3,2025,200,2260,Rabi,2060,2678.6716114019778,3247.752808988764,2626.972396486826,1861.5330739299611
Maharashtra,Shirpur,Onion,11,2024,175,4800,Rabi,4625,2678.6716114019778,2791.733333333333,2626.972396486826,3859.0679611650485
Maharashtra,Lasalgaon(Niphad),Onion,2,2024,1000,1800,Rabi,800,2678.6716114019778,2520.8804347826085,2626.972396486826,2104.9403341288785
Maharashtra,Newasa(Ghodegaon),Onion,10,2024,1000,4300,Kharif,3300,2678.6716114019778,2765.151515151515,3044.2994875080076,3462.48231511254
Maharashtra,Pune(Moshi),Onion,8,2023,500,1800,Kharif,1300,2678.6716114019778,2277.6119402985073,3044.2994875080076,3017.515397082658
Maharashtra,Nandgaon,Onion,10,2023,1000,5200,Kharif,4200,2678.6716114019778,2752.116666666667,3044.2994875080076,3462.48231511254
Maharashtra,Om Chaitanya Multistate Agro Purpose CoOp Society,Onion,8,2023,300,1600,Kharif,1300,2678.6716114019778,2918.3333333333335,3044.2994875080076,3017.515397082658
Maharashtra,Kopargaon,Onion,2,2024,500,1901,Rabi,1401,2678.6716114019778,2558.2608695652175,2626.972396486826,2104.9403341288785
Maharashtra,Vaduj,Wheat,9,2023,2200,2400,Kharif,200,2816.3259195893925,2440.0,3044.2994875080076,3127.0038240917784
Maharashtra,Chandrapur(Ganjwad),Onion,8,2024,2845,4500,Kharif,1655,2678.6716114019778,2858.8607594936707,3044.2994875080076,3017.515397082658
Maharashtra,Malegaon,Wheat,12,2023,2682,2860,Rabi,178,2816.3259195893925,2828.2608695652175,2626.972396486826,2933.8104448742747
Maharashtra,Pimpalgaon,Onion,11,2024,2600,5460,Rabi,2860,2678.6716114019778,3416.065934065934,2626.972396486826,3859.0679611650485
Maharashtra,Rahata,Potato,12,2024,2400,2900,Rabi,500,2183.5218855218855,2600.863309352518,2626.972396486826,2933.8104448742747
Maharashtra,Murtizapur,Wheat,6,2023,2080,2385,Kharif,305,2816.3259195893925,2505.0,3044.2994875080076,2308.1819620253164
Maharashtra,Nandgaon Khandeshwar,Wheat,11,2023,2170,2350,Rabi,180,2816.3259195893925,2336.6666666666665,2626.972396486826,3859.0679611650485
Maharashtra,"Sangli(Phale, Bhajipura Market)",Onion,5,2024,700,2500,Zaid,1800,2678.6716114019778,2561.711711711712,1915.1666666666667,1988.592672413793
Maharashtra,Malharshree Farmers Producer Co Ltd,Onion,7,2024,1097,2904,Kharif,1807,2678.6716114019778,3063.2,3044.2994875080076,3289.337912087912
Maharashtra,Sinner,Onion,12,2023,500,2175,Rabi,1675,2678.6716114019778,2542.6071428571427,2626.972396486826,2933.8104448742747
Maharashtra,Wardha,Wheat,10,2023,2430,2515,Kharif,85,2816.3259195893925,2226.3333333333335,3044.2994875080076,3462.48231511254
Maharashtra,Manchar,Onion,12,2023,3000,4750,Rabi,1750,2678.6716114019778,2335.757575757576,2626.972396486826,2933.8104448742747
Maharashtra,Amarawati,Wheat,10,2023,2350,2525,Kharif,175,2816.3259195893925,2544.848484848485,3044.2994875080076,3462.48231511254
Maharashtra,Ramtek,Potato,12,2023,1000,1400,Rabi,400,2183.5218855218855,3246.0169491525426,2626.972396486826,2933.8104448742747
Maharashtra,Pune(Pimpri),Tomato,6,2023,2000,3000,Kharif,1000,6168.357446808511,2966.2162162162163,3044.2994875080076,2308.1819620253164
Maharashtra,Nasik,Onion,8,2023,500,2511,Kharif,2011,2678.6716114019778,2656.4253731343283,3044.2994875080076,3017.515397082658
Maharashtra,Hingna,Potato,5,2025,1500,2200,Zaid,700,2183.5218855218855,2675.875,1915.1666666666667,1988.592672413793
Maharashtra,Kalyan,Onion,4,2025,1400,1600,Zaid,200,2678.6716114019778,2589.4736842105262,1915.1666666666667,1829.9925
Maharashtra,Islampur,Tomato,6,2023,1000,1500,Kharif,500,6168.357446808511,2422.7272727272725,3044.2994875080076,2308.1819620253164
Maharashtra,Parner,Onion,12,2023,300,3000,Rabi,2700,2678.6716114019778,2909.6153846153848,2626.972396486826,2933.8104448742747
Maharashtra,Kopargaon,Onion,5,2024,500,1975,Zaid,1475,2678.6716114019778,2558.2608695652175,1915.1666666666667,1988.592672413793
Maharashtra,Vashi New Mumbai,Potato,5,2025,1100,1800,Zaid,700,2183.5218855218855,2508.130081300813,1915.1666666666667,1988.592672413793
Maharashtra,"Sangli(Phale, Bhajipura Market)",Onion,5,2024,500,2150,Zaid,1650,2678.6716114019778,2561.711711711712,1915.1666666666667,1988.592672413793
Maharashtra,Vashi New Mumbai,Onion,9,2024,3200,4000,Kharif,800,2678.6716114019778,2508.130081300813,3044.2994875080076,3127.0038240917784
Maharashtra,Sakri,Onion,4,2024,900,1380,Zaid,480,2678.6716114019778,2829.8611111111113,1915.1666666666667,1829.9925
Maharashtra,Shrigonda,Onion,2,2024,200,1350,Rabi,1150,2678.6716114019778,2012.5,2626.972396486826,2104.9403341288785
Maharashtra,Dhule,Wheat,12,2023,2100,3020,Rabi,920,2816.3259195893925,2516.8552631578946,2626.972396486826,2933.8104448742747
Maharashtra,Newasa(Ghodegaon),Onion,10,2024,1000,4800,Kharif,3800,2678.6716114019778,2765.151515151515,3044.2994875080076,3462.48231511254
Maharashtra,Bhusaval,Onion,6,2025,900,1200,Kharif,300,2678.6716114019778,2348.8,3044.2994875080076,2308.1819620253164
Maharashtra,Pune(Moshi),Potato,6,2024,1700,2800,Kharif,1100,2183.5218855218855,2277.6119402985073,3044.2994875080076,2308.1819620253164
Maharashtra,Manchar,Onion,5,2024,1200,2210,Zaid,1010,2678.6716114019778,2335.757575757576,1915.1666666666667,1988.592672413793
Maharashtra,Umrane,Onion,11,2024,2000,6068,Rabi,4068,2678.6716114019778,2608.282608695652,2626.972396486826,3859.0679611650485
Maharashtra,Chandrapur(Ganjwad),Onion,11,2024,2000,5000,Rabi,3000,2678.6716114019778,2858.8607594936707,2626.972396486826,3859.0679611650485
Maharashtra,Yeola,Onion,2,2024,500,1359,Rabi,859,2678.6716114019778,2692.5254237288136,2626.972396486826,2104.9403341288785
Maharashtra,Shrirampur,Potato,7,2023,900,1150,Kharif,250,2183.5218855218855,2334.11,3044.2994875080076,3289.337912087912
Maharashtra,Ramtek,Onion,12,2024,4000,5000,Rabi,1000,2678.6716114019778,3246.0169491525426,2626.972396486826,2933.8104448742747
Maharashtra,Chandrapur(Ganjwad),Potato,11,2024,2800,3000,Rabi,200,2183.5218855218855,2858.8607594936707,2626.972396486826,3859.0679611650485
Maharashtra,Nasik,Onion,10,2023,800,3951,Kharif,3151,2678.6716114019778,2656.4253731343283,3044.2994875080076,3462.48231511254
Maharashtra,Dhule,Onion,4,2024,200,1200,Zaid,1000,2678.6716114019778,2516.8552631578946,1915.1666666666667,1829.9925
Maharashtra,Shrirampur,Onion,6,2023,200,1100,Kharif,900,2678.6716114019778,2334.11,3044.2994875080076,2308.1819620253164
Maharashtra,Pune(Khadiki),Onion,4,2024,1000,1500,Zaid,500,2678.6716114019778,2011.926605504587,1915.1666666666667,1829.9925
Maharashtra,Sinner,Onion,10,2023,500,3400,Kharif,2900,2678.6716114019778,2542.6071428571427,3044.2994875080076,3462.48231511254
Maharashtra,"Sangli(Phale, Bhajipura Market)",Onion,11,2023,600,4500,Rabi,3900,2678.6716114019778,2561.711711711712,2626.972396486826,3859.0679611650485
Maharashtra,Vashi New Mumbai,Onion,7,2024,2400,3100,Kharif,700,2678.6716114019778,2508.130081300813,3044.2994875080076,3289.337912087912
Maharashtra,Achalpur,Wheat,1,2024,2500,2650,Rabi,150,2816.3259195893925,2534.4444444444443,2626.972396486826,2202.0962441314555
Maharashtra,Chandvad,Onion,5,2025,326,1425,Zaid,1099,2678.6716114019778,3065.671875,1915.1666666666667,1988.592672413793
Maharashtra,Shahada,Wheat,12,2023,2550,3176,Rabi,626,2816.3259195893925,2744.6111111111113,2626.972396486826,2933.8104448742747
Maharashtra,Mangal Wedha,Onion,5,2024,400,3000,Zaid,2600,2678.6716114019778,2928.322033898305,1915.1666666666667,1988.592672413793
Maharashtra,Raver,Wheat,1,2024,2575,2680,Rabi,105,2816.3259195893925,2602.769230769231,2626.972396486826,2202.0962441314555
Maharashtra,Pune,Onion,8,2024,1400,3000,Kharif,1600,2678.6716114019778,3186.013986013986,3044.2994875080076,3017.515397082658
Maharashtra,Pathari,Wheat,2,2024,2000,2500,Rabi,500,2816.3259195893925,2668.5,2626.972396486826,2104.9403341288785
Maharashtra,Pathardi,Onion,8,2023,500,1800,Kharif,1300,2678.6716114019778,2397.093023255814,3044.2994875080076,3017.515397082658
Maharashtra,Dhule,Onion,8,2023,150,1400,Kharif,1250,2678.6716114019778,2516.8552631578946,3044.2994875080076,3017.515397082658
Maharashtra,Amalner,Wheat,1,2024,2300,2600,Rabi,300,2816.3259195893925,2787.5714285714284,2626.972396486826,2202.0962441314555
Maharashtra,Shirur,Onion,10,2024,500,4900,Kharif,4400,2678.6716114019778,5250.0,3044.2994875080076,3462.48231511254
Maharashtra,Shrirampur,Onion,8,2023,300,2400,Kharif,2100,2678.6716114019778,2334.11,3044.2994875080076,3017.515397082658
Maharashtra,Manchar,Potato,4,2025,1000,1600,Zaid,600,2183.5218855218855,2335.757575757576,1915.1666666666667,1829.9925
Maharashtra,Satana,Onion,5,2024,300,1950,Zaid,1650,2678.6716114019778,2894.45,1915.1666666666667,1988.592672413793
Maharashtra,Kopargaon,Wheat,8,2023,2460,2475,Kharif,15,2816.3259195893925,2558.2608695652175,3044.2994875080076,3017.515397082658
Maharashtra,Shrirampur,Wheat,12,2023,2650,2900,Rabi,250,2816.3259195893925,2334.11,2626.972396486826,2933.8104448742747
Maharashtra,Kalyan,Potato,11,2024,2500,3000,Rabi,500,2183.5218855218855,2589.4736842105262,2626.972396486826,3859.0679611650485
Maharashtra,Pune(Moshi),Onion,8,2024,2000,3000,Kharif,1000,2678.6716114019778,2277.6119402985073,3044.2994875080076,3017.515397082658
Maharashtra,Pimpalgaon,Onion,3,2025,700,1700,Rabi,1000,2678.6716114019778,3416.065934065934,2626.972396486826,1861.5330739299611
Maharashtra,Kamthi,Onion,10,2023,4500,5500,Kharif,1000,2678.6716114019778,3486.904761904762,3044.2994875080076,3462.48231511254
Maharashtra,Devala,Onion,12,2023,500,2595,Rabi,2095,2678.6716114019778,2586.3793103448274,2626.972396486826,2933.8104448742747
Maharashtra,Dindori(Vani),Onion,4,2025,800,1600,Zaid,800,2678.6716114019778,2426.6388888888887,1915.1666666666667,1829.9925
Maharashtra,Nampur,Onion,5,2024,200,2000,Zaid,1800,2678.6716114019778,2499.769230769231,1915.1666666666667,1988.592672413793
Maharashtra,Khed(Chakan),Potato,11,2024,2400,3700,Rabi,1300,2183.5218855218855,2519.4174757281553,2626.972396486826,3859.0679611650485
Maharashtra,Amrawati(Frui & Veg. Market),Potato,6,2023,900,1400,Kharif,500,2183.5218855218855,2546.923076923077,3044.2994875080076,2308.1819620253164
Maharashtra,Akluj,Onion,7,2023,500,1700,Kharif,1200,2678.6716114019778,2208.2716049382716,3044.2994875080076,3289.337912087912
Maharashtra,Mangal Wedha,Onion,7,2024,1210,2600,Kharif,1390,2678.6716114019778,2928.322033898305,3044.2994875080076,3289.337912087912
Maharashtra,Ahmednagar,Wheat,11,2023,1800,2700,Rabi,900,2816.3259195893925,2678.2608695652175,2626.972396486826,3859.0679611650485
Maharashtra,Rahata,Potato,10,2024,2600,2900,Kharif,300,2183.5218855218855,2600.863309352518,3044.2994875080076,3462.48231511254
Maharashtra,Nasik,Onion,6,2023,300,1301,Kharif,1001,2678.6716114019778,2656.4253731343283,3044.2994875080076,2308.1819620253164
Maharashtra,Jalgaon,Onion,3,2024,600,1600,Rabi,1000,2678.6716114019778,2410.159420289855,2626.972396486826,1861.5330739299611
Maharashtra,Yeola,Wheat,12,2023,2305,2800,Rabi,495,2816.3259195893925,2692.5254237288136,2626.972396486826,2933.8104448742747
Maharashtra,Pimpalgaon Baswant(Saykheda),Onion,5,2025,500,1204,Zaid,704,2678.6716114019778,2602.5479452054797,1915.1666666666667,1988.592672413793
Maharashtra,Dondaicha,Wheat,9,2023,2400,2876,Kharif,476,2816.3259195893925,2795.7727272727275,3044.2994875080076,3127.0038240917784
Maharashtra,Pathardi,Onion,9,2023,500,2200,Kharif,1700,2678.6716114019778,2397.093023255814,3044.2994875080076,3127.0038240917784
Maharashtra,Baramati,Onion,8,2023,500,2700,Kharif,2200,2678.6716114019778,2769.054054054054,3044.2994875080076,3017.515397082658
Maharashtra,Shevgaon,Onion,7,2024,700,1800,Kharif,1100,2678.6716114019778,2106.75,3044.2994875080076,3289.337912087912
Maharashtra,Murtizapur,Wheat,7,2023,2205,2550,Kharif,345,2816.3259195893925,2505.0,3044.2994875080076,3289.337912087912
Maharashtra,Karmala,Wheat,8,2023,2600,2600,Kharif,0,2816.3259195893925,2593.1666666666665,3044.2994875080076,3017.515397082658
Maharashtra,Kurdwadi(Modnimb),Onion,12,2023,100,2000,Rabi,1900,2678.6716114019778,2242.88,2626.972396486826,2933.8104448742747
Maharashtra,Nagpur,Onion,9,2023,2500,3300,Kharif,800,2678.6716114019778,2756.266666666667,3044.2994875080076,3127.0038240917784
Maharashtra,Pune(Manjri),Onion,11,2024,4400,4800,Rabi,400,2678.6716114019778,2804.7619047619046,2626.972396486826,3859.0679611650485
Maharashtra,Bhusaval,Potato,12,2024,2500,3000,Rabi,500,2183.5218855218855,2348.8,2626.972396486826,2933.8104448742747
Maharashtra,Devala,Onion,9,2024,1500,4300,Kharif,2800,2678.6716114019778,2586.3793103448274,3044.2994875080076,3127.0038240917784
Maharashtra,Ahmednagar,Wheat,8,2023,2200,2750,Kharif,550,2816.3259195893925,2678.2608695652175,3044.2994875080076,3017.515397082658
Maharashtra,Shevgaon,Onion,5,2025,150,500,Zaid,350,2678.6716114019778,2106.75,1915.1666666666667,1988.592672413793
Maharashtra,Loha,Wheat,7,2023,2100,2761,Kharif,661,2816.3259195893925,2960.2,3044.2994875080076,3289.337912087912
Maharashtra,Jalgaon,Potato,4,2024,1500,2000,Zaid,500,2183.5218855218855,2410.159420289855,1915.1666666666667,1829.9925
Maharashtra,Solapur,Wheat,9,2023,2290,3690,Kharif,1400,2816.3259195893925,3247.752808988764,3044.2994875080076,3127.0038240917784
Maharashtra,Shrirampur,Onion,9,2023,400,2400,Kharif,2000,2678.6716114019778,2334.11,3044.2994875080076,3127.0038240917784
Maharashtra,Manchar,Potato,3,2025,1000,1800,Rabi,800,2183.5218855218855,2335.757575757576,2626.972396486826,1861.5330739299611
Maharashtra,Kurdwadi(Modnimb),Onion,4,2024,200,1311,Zaid,1111,2678.6716114019778,2242.88,1915.1666666666667,1829.9925
Maharashtra,Junnar(Narayangaon),Potato,8,2024,2300,3000,Kharif,700,2183.5218855218855,2861.8518518518517,3044.2994875080076,3017.515397082658
Maharashtra,Akola,Onion,11,2024,1500,3700,Rabi,2200,2678.6716114019778,2421.8840579710145,2626.972396486826,3859.0679611650485
Maharashtra,Kolhapur,Onion,3,2025,700,2100,Rabi,1400,2678.6716114019778,3576.785714285714,2626.972396486826,1861.5330739299611
Maharashtra,Parner,Onion,4,2025,400,1600,Zaid,1200,2678.6716114019778,2909.6153846153848,1915.1666666666667,1829.9925
Maharashtra,Amarawati,Wheat,8,2023,2450,2650,Kharif,200,2816.3259195893925,2544.848484848485,3044.2994875080076,3017.515397082658
Maharashtra,Pune(Manjri),Tomato,6,2023,2300,4500,Kharif,2200,6168.357446808511,2804.7619047619046,3044.2994875080076,2308.1819620253164
Maharashtra,Karad,Onion,11,2024,2000,3500,Rabi,1500,2678.6716114019778,2862.31884057971,2626.972396486826,3859.0679611650485
Maharashtra,Rahuri,Potato,7,2023,1300,2100,Kharif,800,2183.5218855218855,2826.0106382978724,3044.2994875080076,3289.337912087912
Maharashtra,Kolhapur,Onion,8,2024,1000,3300,Kharif,2300,2678.6716114019778,3576.785714285714,3044.2994875080076,3017.515397082658
Maharashtra,Akola,Onion,5,2025,500,1300,Zaid,800,2678.6716114019778,2421.8840579710145,1915.1666666666667,1988.592672413793
Maharashtra,Hingna,Potato,12,2024,2500,2500,Rabi,0,2183.5218855218855,2675.875,2626.972396486826,2933.8104448742747
Maharashtra,Palghar,Wheat,1,2024,3045,3045,Rabi,0,2816.3259195893925,3742.5384615384614,2626.972396486826,2202.0962441314555
Maharashtra,Vai,Potato,7,2023,2000,2500,Kharif,500,2183.5218855218855,3070.7865168539324,3044.2994875080076,3289.337912087912
Maharashtra,Devala,Onion,7,2024,900,3100,Kharif,2200,2678.6716114019778,2586.3793103448274,3044.2994875080076,3289.337912087912
Maharashtra,Nasik,Potato,4,2024,1800,2450,Zaid,650,2183.5218855218855,2656.4253731343283,1915.1666666666667,1829.9925
Maharashtra,Parner,Onion,1,2024,300,2000,Rabi,1700,2678.6716114019778,2909.6153846153848,2626.972396486826,2202.0962441314555
Maharashtra,Khed(Chakan),Potato,2,2025,1500,2000,Rabi,500,2183.5218855218855,2519.4174757281553,2626.972396486826,2104.9403341288785
Maharashtra,Lonand,Onion,6,2024,900,2800,Kharif,1900,2678.6716114019778,2603.235294117647,3044.2994875080076,2308.1819620253164
Maharashtra,Kamthi,Onion,11,2024,4000,5000,Rabi,1000,2678.6716114019778,3486.904761904762,2626.972396486826,3859.0679611650485
Maharashtra,Jalgaon,Potato,2,2025,1500,2300,Rabi,800,2183.5218855218855,2410.159420289855,2626.972396486826,2104.9403341288785
Maharashtra,Khed(Chakan),Onion,8,2023,900,1600,Kharif,700,2678.6716114019778,2519.4174757281553,3044.2994875080076,3017.515397082658
Maharashtra,Chandrapur(Ganjwad),Onion,9,2023,2000,4200,Kharif,2200,2678.6716114019778,2858.8607594936707,3044.2994875080076,3127.0038240917784
Maharashtra,Jalgaon,Onion,12,2024,625,3750,Rabi,3125,2678.6716114019778,2410.159420289855,2626.972396486826,2933.8104448742747
Maharashtra,Rahata,Wheat,2,2024,2646,2770,Rabi,124,2816.3259195893925,2600.863309352518,2626.972396486826,2104.9403341288785
Maharashtra,Junnar(Alephata),Onion,2,2024,1000,3010,Rabi,2010,2678.6716114019778,3320.3846153846152,2626.972396486826,2104.9403341288785
Maharashtra,Junnar(Narayangaon),Potato,2,2025,500,1900,Rabi,1400,2183.5218855218855,2861.8518518518517,2626.972396486826,2104.9403341288785
Maharashtra,Nampur,Onion,3,2025,300,1380,Rabi,1080,2678.6716114019778,2499.769230769231,2626.972396486826,1861.5330739299611
Maharashtra,Kalyan,Onion,5,2025,1500,1700,Zaid,200,2678.6716114019778,2589.4736842105262,1915.1666666666667,1988.592672413793
Maharashtra,Shevgaon,Onion,11,2024,2000,3800,Rabi,1800,2678.6716114019778,2106.75,2626.972396486826,3859.0679611650485
Maharashtra,Kurdwadi(Modnimb),Onion,9,2023,1500,2201,Kharif,701,2678.6716114019778,2242.88,3044.2994875080076,3127.0038240917784
Maharashtra,Vai,Potato,3,2024,1800,2500,Rabi,700,2183.5218855218855,3070.7865168539324,2626.972396486826,1861.5330739299611
Maharashtra,Akola,Potato,11,2024,2000,2800,Rabi,800,2183.5218855218855,2421.8840579710145,2626.972396486826,3859.0679611650485
Maharashtra,Amrawati(Frui & Veg. Market),Onion,8,2024,3000,3800,Kharif,800,2678.6716114019778,2546.923076923077,3044.2994875080076,3017.515397082658
Maharashtra,Kamthi,Onion,7,2023,1000,2000,Kharif,1000,2678.6716114019778,3486.904761904762,3044.2994875080076,3289.337912087912
Maharashtra,Nagpur,Onion,12,2024,2400,4400,Rabi,2000,2678.6716114019778,2756.266666666667,2626.972396486826,2933.8104448742747
Maharashtra,Dhule,Wheat,1,2024,2400,3105,Rabi,705,2816.3259195893925,2516.8552631578946,2626.972396486826,2202.0962441314555
Maharashtra,Pune(Pimpri),Onion,3,2025,2500,2800,Rabi,300,2678.6716114019778,2966.2162162162163,2626.972396486826,1861.5330739299611
Maharashtra,Chalisgaon,Wheat,8,2023,2200,2651,Kharif,451,2816.3259195893925,2719.05,3044.2994875080076,3017.515397082658
Maharashtra,Sangamner,Onion,8,2023,200,2801,Kharif,2601,2678.6716114019778,3329.057142857143,3044.2994875080076,3017.515397082658
Maharashtra,Shevgaon,Onion,5,2025,750,1350,Zaid,600,2678.6716114019778,2106.75,1915.1666666666667,1988.592672413793
Maharashtra,Jalgaon,Potato,9,2024,1700,2800,Kharif,1100,2183.5218855218855,2410.159420289855,3044.2994875080076,3127.0038240917784
Maharashtra,Akluj,Potato,6,2023,1400,1600,Kharif,200,2183.5218855218855,2208.2716049382716,3044.2994875080076,2308.1819620253164
Maharashtra,Lasalgaon(Niphad),Wheat,6,2023,2261,2304,Kharif,43,2816.3259195893925,2520.8804347826085,3044.2994875080076,2308.1819620253164
Maharashtra,Nasik,Potato,3,2025,1050,2000,Rabi,950,2183.5218855218855,2656.4253731343283,2626.972396486826,1861.5330739299611
Maharashtra,Bhusaval,Tomato,10,2023,1000,1500,Kharif,500,6168.357446808511,2348.8,3044.2994875080076,3462.48231511254
Maharashtra,Bhusaval,Potato,2,2025,2400,3000,Rabi,600,2183.5218855218855,2348.8,2626.972396486826,2104.9403341288785
Maharashtra,Pune,Potato,1,2025,1000,2200,Rabi,1200,2183.5218855218855,3186.013986013986,2626.972396486826,2202.0962441314555
Maharashtra,Karjat,Onion,5,2025,300,1400,Zaid,1100,2678.6716114019778,2275.0,1915.1666666666667,1988.592672413793
Maharashtra,Barshi,Wheat,10,2023,2400,4000,Kharif,1600,2816.3259195893925,3191.6666666666665,3044.2994875080076,3462.48231511254
Maharashtra,Kopargaon,Onion,9,2023,500,2451,Kharif,1951,2678.6716114019778,2558.2608695652175,3044.2994875080076,3127.0038240917784
Maharashtra,Pune(Khadiki),Onion,8,2024,1500,2800,Kharif,1300,2678.6716114019778,2011.926605504587,3044.2994875080076,3017.515397082658
Maharashtra,Rahuri,Potato,9,2024,2500,3000,Kharif,500,2183.5218855218855,2826.0106382978724,3044.2994875080076,3127.0038240917784
Maharashtra,Pune,Onion,9,2023,900,2500,Kharif,1600,2678.6716114019778,3186.013986013986,3044.2994875080076,3127.0038240917784
Maharashtra,Ahmednagar,Onion,12,2023,150,2500,Rabi,2350,2678.6716114019778,2678.2608695652175,2626.972396486826,2933.8104448742747
Maharashtra,Pune(Moshi),Onion,12,2023,500,2000,Rabi,1500,2678.6716114019778,2277.6119402985073,2626.972396486826,2933.8104448742747
Maharashtra,Pune(Manjri),Onion,5,2025,600,1300,Zaid,700,2678.6716114019778,2804.7619047619046,1915.1666666666667,1988.592672413793
Maharashtra,Pune(Khadiki),Onion,10,2023,1200,2000,Kharif,800,2678.6716114019778,2011.926605504587,3044.2994875080076,3462.48231511254
Maharashtra,Bhusaval,Onion,7,2024,2200,3000,Kharif,800,2678.6716114019778,2348.8,3044.2994875080076,3289.337912087912
Maharashtra,Pimpalgaon,Onion,11,2024,1400,4751,Rabi,3351,2678.6716114019778,3416.065934065934,2626.972396486826,3859.0679611650485
Maharashtra,Kurdwadi(Modnimb),Onion,7,2023,350,1451,Kharif,1101,2678.6716114019778,2242.88,3044.2994875080076,3289.337912087912
Maharashtra,Amrawati(Frui & Veg. Market),Onion,10,2023,1000,4500,Kharif,3500,2678.6716114019778,2546.923076923077,3044.2994875080076,3462.48231511254
Maharashtra,Pune(Moshi),Onion,9,2024,2000,5000,Kharif,3000,2678.6716114019778,2277.6119402985073,3044.2994875080076,3127.0038240917784
Maharashtra,Nandgaon,Onion,5,2025,100,1499,Zaid,1399,2678.6716114019778,2752.116666666667,1915.1666666666667,1988.592672413793
Maharashtra,Om Chaitanya Multistate Agro Purpose CoOp Society,Onion,11,2023,800,4000,Rabi,3200,2678.6716114019778,2918.3333333333335,2626.972396486826,3859.0679611650485
Maharashtra,Karad,Onion,7,2023,1200,1600,Kharif,400,2678.6716114019778,2862.31884057971,3044.2994875080076,3289.337912087912
Maharashtra,Junnar(Otur),Onion,9,2023,1200,3000,Kharif,1800,2678.6716114019778,2554.5283018867926,3044.2994875080076,3127.0038240917784
Maharashtra,Lonand,Onion,5,2024,800,1750,Zaid,950,2678.6716114019778,2603.235294117647,1915.1666666666667,1988.592672413793
Maharashtra,Tadkalas,Wheat,8,2023,2000,2200,Kharif,200,2816.3259195893925,2100.0,3044.2994875080076,3017.515397082658
Maharashtra,Dound,Wheat,12,2023,2300,2750,Rabi,450,2816.3259195893925,2757.5714285714284,2626.972396486826,2933.8104448742747
Maharashtra,Pimpalgaon,Onion,1,2024,300,1681,Rabi,1381,2678.6716114019778,3416.065934065934,2626.972396486826,2202.0962441314555
Maharashtra,Kalvan,Onion,3,2024,700,1800,Rabi,1100,2678.6716114019778,2726.1132075471696,2626.972396486826,1861.5330739299611
Maharashtra,Dondaicha,Wheat,7,2023,1900,2430,Kharif,530,2816.3259195893925,2795.7727272727275,3044.2994875080076,3289.337912087912
Maharashtra,Rahuri,Potato,9,2024,2400,2800,Kharif,400,2183.5218855218855,2826.0106382978724,3044.2994875080076,3127.0038240917784
Maharashtra,Kalvan,Onion,6,2025,400,1850,Kharif,1450,2678.6716114019778,2726.1132075471696,3044.2994875080076,2308.1819620253164
Maharashtra,Pimpalgaon,Onion,1,2024,300,2056,Rabi,1756,2678.6716114019778,3416.065934065934,2626.972396486826,2202.0962441314555
Maharashtra,Shevgaon,Onion,11,2024,400,2000,Rabi,1600,2678.6716114019778,2106.75,2626.972396486826,3859.0679611650485
Maharashtra,Rahuri(Vambori),Wheat,6,2023,2052,2451,Kharif,399,2816.3259195893925,2812.3478260869565,3044.2994875080076,2308.1819620253164
Maharashtra,Amrawati(Frui & Veg. Market),Onion,7,2023,1000,2800,Kharif,1800,2678.6716114019778,2546.923076923077,3044.2994875080076,3289.337912087912
Maharashtra,Nasik,Onion,2,2024,700,2050,Rabi,1350,2678.6716114019778,2656.4253731343283,2626.972396486826,2104.9403341288785
Maharashtra,Pune(Moshi),Onion,11,2023,1000,3500,Rabi,2500,2678.6716114019778,2277.6119402985073,2626.972396486826,3859.0679611650485
Maharashtra,Pimpalgaon,Onion,3,2025,1700,2359,Rabi,659,2678.6716114019778,3416.065934065934,2626.972396486826,1861.5330739299611
Maharashtra,Karjat(Raigad),Onion,8,2023,200,1450,Kharif,1250,2678.6716114019778,2770.2380952380954,3044.2994875080076,3017.515397082658
Maharashtra,Manchar,Onion,12,2023,1000,2700,Rabi,1700,2678.6716114019778,2335.757575757576,2626.972396486826,2933.8104448742747
Maharashtra,Mumbai,Tomato,6,2023,2000,2400,Kharif,400,6168.357446808511,6127.272727272727,3044.2994875080076,2308.1819620253164
Maharashtra,Shrirampur,Tomato,8,2023,1600,2000,Kharif,400,6168.357446808511,2334.11,3044.2994875080076,3017.515397082658
Maharashtra,Chandur Bazar,Wheat,1,2024,2200,2600,Rabi,400,2816.3259195893925,2503.3333333333335,2626.972396486826,2202.0962441314555
Maharashtra,Shrirampur,Onion,11,2023,500,4550,Rabi,4050,2678.6716114019778,2334.11,2626.972396486826,3859.0679611650485
Maharashtra,Karad,Onion,8,2024,1500,3600,Kharif,2100,2678.6716114019778,2862.31884057971,3044.2994875080076,3017.515397082658
Maharashtra,Rahata,Potato,2,2025,500,1800,Rabi,1300,2183.5218855218855,2600.863309352518,2626.972396486826,2104.9403341288785
Maharashtra,Karjat,Onion,4,2024,300,1600,Zaid,1300,2678.6716114019778,2275.0,1915.1666666666667,1829.9925
Maharashtra,Vashi New Mumbai,Potato,10,2023,900,1400,Kharif,500,2183.5218855218855,2508.130081300813,3044.2994875080076,3462.48231511254
Maharashtra,Umrane,Onion,11,2024,2000,5151,Rabi,3151,2678.6716114019778,2608.282608695652,2626.972396486826,3859.0679611650485
Maharashtra,Jamkhed,Onion,8,2024,2000,2800,Kharif,800,2678.6716114019778,2610.4651162790697,3044.2994875080076,3017.515397082658
Maharashtra,Vita,Potato,3,2024,2500,2600,Rabi,100,2183.5218855218855,2686.9565217391305,2626.972396486826,1861.5330739299611
Maharashtra,Akole,Onion,6,2025,251,2111,Kharif,1860,2678.6716114019778,2706.52,3044.2994875080076,2308.1819620253164
Maharashtra,Satara,Onion,10,2023,1000,2800,Kharif,1800,2678.6716114019778,2750.0,3044.2994875080076,3462.48231511254
Maharashtra,Khed(Chakan),Potato,7,2023,1400,2200,Kharif,800,2183.5218855218855,2519.4174757281553,3044.2994875080076,3289.337912087912
Maharashtra,Tumsar,Wheat,8,2023,2028,2028,Kharif,0,2816.3259195893925,2576.0833333333335,3044.2994875080076,3017.515397082658
Maharashtra,Sakri,Onion,11,2023,1550,3450,Rabi,1900,2678.6716114019778,2829.8611111111113,2626.972396486826,3859.0679611650485
Maharashtra,Nandgaon,Onion,3,2024,430,1702,Rabi,1272,2678.6716114019778,2752.116666666667,2626.972396486826,1861.5330739299611
Maharashtra,Kamthi,Onion,10,2023,3000,4000,Kharif,1000,2678.6716114019778,3486.904761904762,3044.2994875080076,3462.48231511254
Maharashtra,Vasai,Wheat,6,2023,2850,3860,Kharif,1010,2816.3259195893925,4115.555555555556,3044.2994875080076,2308.1819620253164
Maharashtra,Ramtek,Potato,6,2025,1800,2000,Kharif,200,2183.5218855218855,3246.0169491525426,3044.2994875080076,2308.1819620253164
Maharashtra,Dhule,Onion,8,2023,150,2200,Kharif,2050,2678.6716114019778,2516.8552631578946,3044.2994875080076,3017.515397082658
Maharashtra,Chandrapur(Ganjwad),Potato,9,2023,1450,1550,Kharif,100,2183.5218855218855,2858.8607594936707,3044.2994875080076,3127.0038240917784
Maharashtra,Shrigonda,Onion,6,2025,300,1600,Kharif,1300,2678.6716114019778,2012.5,3044.2994875080076,2308.1819620253164
Maharashtra,Manmad,Onion,8,2024,1063,2840,Kharif,1777,2678.6716114019778,2515.4166666666665,3044.2994875080076,3017.515397082658
Maharashtra,Pune(Khadiki),Onion,8,2023,1100,1600,Kharif,500,2678.6716114019778,2011.926605504587,3044.2994875080076,3017.515397082658
Maharashtra,Laxmi Sopan Agriculture Produce Marketing Co Ltd,Onion,4,2025,400,1400,Zaid,1000,2678.6716114019778,2508.3928571428573,1915.1666666666667,1829.9925
Maharashtra,Kalmeshwar,Tomato,6,2023,1555,2000,Kharif,445,6168.357446808511,6000.0,3044.2994875080076,2308.1819620253164
Maharashtra,Satana,Onion,8,2023,400,2295,Kharif,1895,2678.6716114019778,2894.45,3044.2994875080076,3017.515397082658
Maharashtra,Shrirampur(Belapur),Wheat,12,2023,2400,2400,Rabi,0,2816.3259195893925,2212.5,2626.972396486826,2933.8104448742747
Maharashtra,Satana,Onion,3,2025,400,1630,Rabi,1230,2678.6716114019778,2894.45,2626.972396486826,1861.5330739299611
Maharashtra,Satara,Onion,2,2025,700,2800,Rabi,2100,2678.6716114019778,2750.0,2626.972396486826,2104.9403341288785
Maharashtra,Vai,Onion,4,2025,800,1500,Zaid,700,2678.6716114019778,3070.7865168539324,1915.1666666666667,1829.9925
Maharashtra,Kamthi,Potato,2,2024,1200,1600,Rabi,400,2183.5218855218855,3486.904761904762,2626.972396486826,2104.9403341288785
Maharashtra,Pachora,Wheat,6,2023,2151,2311,Kharif,160,2816.3259195893925,2541.85,3044.2994875080076,2308.1819620253164
Maharashtra,Dhule,Onion,1,2024,160,1810,Rabi,1650,2678.6716114019778,2516.8552631578946,2626.972396486826,2202.0962441314555
Maharashtra,Lonand,Onion,7,2023,350,1445,Kharif,1095,2678.6716114019778,2603.235294117647,3044.2994875080076,3289.337912087912
Maharashtra,Kopargaon,Onion,10,2024,1000,4200,Kharif,3200,2678.6716114019778,2558.2608695652175,3044.2994875080076,3462.48231511254
Maharashtra,Pune(Manjri),Potato,4,2024,2000,2400,Zaid,400,2183.5218855218855,2804.7619047619046,1915.1666666666667,1829.9925
Maharashtra,Kopargaon,Onion,3,2025,1000,2200,Rabi,1200,2678.6716114019778,2558.2608695652175,2626.972396486826,1861.5330739299611
Maharashtra,Palghar,Wheat,10,2023,3100,3100,Kharif,0,2816.3259195893925,3742.5384615384614,3044.2994875080076,3462.48231511254
Maharashtra,Sinner,Onion,4,2025,500,1376,Zaid,876,2678.6716114019778,2542.6071428571427,1915.1666666666667,1829.9925
Maharashtra,Gevrai,Wheat,12,2023,2200,3000,Rabi,800,2816.3259195893925,2950.590909090909,2626.972396486826,2933.8104448742747
Maharashtra,Vashi New Mumbai,Potato,9,2024,2000,3100,Kharif,1100,2183.5218855218855,2508.130081300813,3044.2994875080076,3127.0038240917784
Maharashtra,Amrawati(Frui & Veg. Market),Potato,5,2025,1000,2000,Zaid,1000,2183.5218855218855,2546.923076923077,1915.1666666666667,1988.592672413793
Maharashtra,Karjat(Raigad),Onion,7,2023,700,1100,Kharif,400,2678.6716114019778,2770.2380952380954,3044.2994875080076,3289.337912087912
Maharashtra,Rahata,Tomato,7,2023,1500,6000,Kharif,4500,6168.357446808511,2600.863309352518,3044.2994875080076,3289.337912087912
Maharashtra,Ulhasnagar,Rice,6,2025,3500,4500,Kharif,1000,4928.92,3895.8333333333335,3044.2994875080076,2308.1819620253164
Maharashtra,"Sangli(Phale, Bhajipura Market)",Onion,12,2023,700,2200,Rabi,1500,2678.6716114019778,2561.711711711712,2626.972396486826,2933.8104448742747
Maharashtra,Karad,Onion,4,2024,1000,1600,Zaid,600,2678.6716114019778,2862.31884057971,1915.1666666666667,1829.9925
Maharashtra,Achalpur,Wheat,9,2023,2300,2450,Kharif,150,2816.3259195893925,2534.4444444444443,3044.2994875080076,3127.0038240917784
Maharashtra,Nandgaon,Onion,11,2023,500,4499,Rabi,3999,2678.6716114019778,2752.116666666667,2626.972396486826,3859.0679611650485
Maharashtra,Junnar(Narayangaon),Potato,6,2024,2800,2800,Kharif,0,2183.5218855218855,2861.8518518518517,3044.2994875080076,2308.1819620253164
Maharashtra,Kamthi,Potato,7,2024,3000,4000,Kharif,1000,2183.5218855218855,3486.904761904762,3044.2994875080076,3289.337912087912
Maharashtra,Nagpur,Wheat,9,2023,2438,2566,Kharif,128,2816.3259195893925,2756.266666666667,3044.2994875080076,3127.0038240917784
Maharashtra,"Sangli(Phale, Bhajipura Market)",Onion,9,2024,1700,4500,Kharif,2800,2678.6716114019778,2561.711711711712,3044.2994875080076,3127.0038240917784
Maharashtra,Akluj,Onion,9,2024,1500,4000,Kharif,2500,2678.6716114019778,2208.2716049382716,3044.2994875080076,3127.0038240917784
Maharashtra,Junnar(Otur),Onion,3,2025,500,2500,Rabi,2000,2678.6716114019778,2554.5283018867926,2626.972396486826,1861.5330739299611
Maharashtra,Nandgaon,Wheat,8,2023,2560,3030,Kharif,470,2816.3259195893925,2752.116666666667,3044.2994875080076,3017.515397082658
Maharashtra,Chalisgaon,Wheat,12,2023,2451,3166,Rabi,715,2816.3259195893925,2719.05,2626.972396486826,2933.8104448742747
Maharashtra,Hingna,Onion,3,2025,2500,3000,Rabi,500,2678.6716114019778,2675.875,2626.972396486826,1861.5330739299611
Maharashtra,Shree Rameshwar Krushi Market,Onion,7,2023,200,1702,Kharif,1502,2678.6716114019778,3118.64,3044.2994875080076,3289.337912087912
Maharashtra,Baramati,Onion,9,2023,450,2200,Kharif,1750,2678.6716114019778,2769.054054054054,3044.2994875080076,3127.0038240917784
Maharashtra,Rahata,Potato,11,2023,1000,1500,Rabi,500,2183.5218855218855,2600.863309352518,2626.972396486826,3859.0679611650485
Maharashtra,Chopada,Wheat,12,2023,2600,2750,Rabi,150,2816.3259195893925,2651.222222222222,2626.972396486826,2933.8104448742747
Maharashtra,Shevgaon,Onion,2,2024,800,1100,Rabi,300,2678.6716114019778,2106.75,2626.972396486826,2104.9403341288785
Maharashtra,Kopargaon,Onion,7,2023,300,1600,Kharif,1300,2678.6716114019778,2558.2608695652175,3044.2994875080076,3289.337912087912
Maharashtra,Umrane,Onion,6,2023,501,1340,Kharif,839,2678.6716114019778,2608.282608695652,3044.2994875080076,2308.1819620253164
Maharashtra,Vai,Potato,9,2024,2600,3200,Kharif,600,2183.5218855218855,3070.7865168539324,3044.2994875080076,3127.0038240917784
Maharashtra,Kolhapur,Onion,7,2023,600,1800,Kharif,1200,2678.6716114019778,3576.785714285714,3044.2994875080076,3289.337912087912
Maharashtra,Anajngaon,Wheat,11,2023,2201,2501,Rabi,300,2816.3259195893925,2501.2,2626.972396486826,3859.0679611650485
Maharashtra,Ahmednagar,Potato,3,2024,600,1900,Rabi,1300,2183.5218855218855,2678.2608695652175,2626.972396486826,1861.5330739299611
Maharashtra,Dhule,Onion,10,2023,300,2360,Kharif,2060,2678.6716114019778,2516.8552631578946,3044.2994875080076,3462.48231511254
Maharashtra,Karjat(Raigad),Wheat,9,2023,2000,2600,Kharif,600,2816.3259195893925,2770.2380952380954,3044.2994875080076,3127.0038240917784
Maharashtra,Katol,Wheat,7,2023,2300,2311,Kharif,11,2816.3259195893925,2448.962962962963,3044.2994875080076,3289.337912087912
Maharashtra,Pimpalgaon Baswant(Saykheda),Onion,6,2023,300,1200,Kharif,900,2678.6716114019778,2602.5479452054797,3044.2994875080076,2308.1819620253164
Maharashtra,Lasalgaon(Vinchur),Onion,7,2023,500,1602,Kharif,1102,2678.6716114019778,2574.311320754717,3044.2994875080076,3289.337912087912
Maharashtra,Ahmednagar,Potato,2,2024,500,1500,Rabi,1000,2183.5218855218855,2678.2608695652175,2626.972396486826,2104.9403341288785
Maharashtra,Devala,Onion,8,2023,650,2500,Kharif,1850,2678.6716114019778,2586.3793103448274,3044.2994875080076,3017.515397082658
Maharashtra,Solapur,Onion,7,2023,100,2100,Kharif,2000,2678.6716114019778,3247.752808988764,3044.2994875080076,3289.337912087912
Maharashtra,Ulhasnagar,Rice,5,2025,4500,5500,Zaid,1000,4928.92,3895.8333333333335,1915.1666666666667,1988.592672413793
Maharashtra,Kopargaon,Onion,3,2025,1000,1666,Rabi,666,2678.6716114019778,2558.2608695652175,2626.972396486826,1861.5330739299611
Maharashtra,Rahuri(Vambori),Onion,11,2024,300,4600,Rabi,4300,2678.6716114019778,2812.3478260869565,2626.972396486826,3859.0679611650485
Maharashtra,Rahuri(Vambori),Onion,10,2023,300,3500,Kharif,3200,2678.6716114019778,2812.3478260869565,3044.2994875080076,3462.48231511254
Maharashtra,Pune(Khadiki),Onion,8,2023,900,1400,Kharif,500,2678.6716114019778,2011.926605504587,3044.2994875080076,3017.515397082658
Maharashtra,Pune,Onion,12,2023,1800,3800,Rabi,2000,2678.6716114019778,3186.013986013986,2626.972396486826,2933.8104448742747
Maharashtra,Dhule,Onion,1,2024,200,1820,Rabi,1620,2678.6716114019778,2516.8552631578946,2626.972396486826,2202.0962441314555
Maharashtra,Shevgaon,Onion,10,2024,300,1800,Kharif,1500,2678.6716114019778,2106.75,3044.2994875080076,3462.48231511254
Maharashtra,Shevgaon(Bodhegaon),Wheat,12,2023,2600,2600,Rabi,0,2816.3259195893925,2473.684210526316,2626.972396486826,2933.8104448742747
Maharashtra,Lasalgaon,Onion,2,2025,1000,2490,Rabi,1490,2678.6716114019778,2867.190476190476,2626.972396486826,2104.9403341288785
Maharashtra,Dhamngaon-Railway,Wheat,9,2023,2465,2505,Kharif,40,2816.3259195893925,2481.25,3044.2994875080076,3127.0038240917784
Maharashtra,Vai,Potato,1,2025,1800,2600,Rabi,800,2183.5218855218855,3070.7865168539324,2626.972396486826,2202.0962441314555
Maharashtra,Pathardi,Onion,8,2024,700,3100,Kharif,2400,2678.6716114019778,2397.093023255814,3044.2994875080076,3017.515397082658
Maharashtra,Devala,Onion,7,2023,100,1500,Kharif,1400,2678.6716114019778,2586.3793103448274,3044.2994875080076,3289.337912087912
Maharashtra,Navapur,Wheat,10,2023,2100,2100,Kharif,0,2816.3259195893925,2945.5882352941176,3044.2994875080076,3462.48231511254
Maharashtra,Amarawati,Wheat,9,2023,2450,2650,Kharif,200,2816.3259195893925,2544.848484848485,3044.2994875080076,3127.0038240917784
Maharashtra,Pune(Manjri),Potato,11,2024,2200,3400,Rabi,1200,2183.5218855218855,2804.7619047619046,2626.972396486826,3859.0679611650485
Maharashtra,Manmad,Onion,9,2023,300,2360,Kharif,2060,2678.6716114019778,2515.4166666666665,3044.2994875080076,3127.0038240917784
Maharashtra,Pune(Moshi),Onion,2,2024,400,1000,Rabi,600,2678.6716114019778,2277.6119402985073,2626.972396486826,2104.9403341288785
Maharashtra,Bhusaval,Onion,6,2025,1000,1400,Kharif,400,2678.6716114019778,2348.8,3044.2994875080076,2308.1819620253164
Maharashtra,Nasik,Onion,5,2024,800,2251,Zaid,1451,2678.6716114019778,2656.4253731343283,1915.1666666666667,1988.592672413793
Maharashtra,Kamthi,Onion,10,2024,3500,4500,Kharif,1000,2678.6716114019778,3486.904761904762,3044.2994875080076,3462.48231511254
Maharashtra,Nampur,Onion,7,2023,100,1605,Kharif,1505,2678.6716114019778,2499.769230769231,3044.2994875080076,3289.337912087912
Maharashtra,Chandvad,Tomato,7,2023,1850,6000,Kharif,4150,6168.357446808511,3065.671875,3044.2994875080076,3289.337912087912
Maharashtra,Vai,Tomato,7,2023,4000,10000,Kharif,6000,6168.357446808511,3070.7865168539324,3044.2994875080076,3289.337912087912
Maharashtra,Junnar(Narayangaon),Potato,11,2023,1400,1700,Rabi,300,2183.5218855218855,2861.8518518518517,2626.972396486826,3859.0679611650485
Maharashtra,Lasalgaon,Onion,2,2024,700,1321,Rabi,621,2678.6716114019778,2867.190476190476,2626.972396486826,2104.9403341288785
Maharashtra,Vadgaonpeth,Onion,11,2023,3700,5000,Rabi,1300,2678.6716114019778,2767.5675675675675,2626.972396486826,3859.0679611650485
Maharashtra,Pune(Khadiki),Potato,2,2024,1000,1300,Rabi,300,2183.5218855218855,2011.926605504587,2626.972396486826,2104.9403341288785
Maharashtra,Junnar(Narayangaon),Onion,10,2023,500,2300,Kharif,1800,2678.6716114019778,2861.8518518518517,3044.2994875080076,3462.48231511254
Maharashtra,Pachora,Wheat,6,2023,2131,2151,Kharif,20,2816.3259195893925,2541.85,3044.2994875080076,2308.1819620253164
Maharashtra,Newasa(Ghodegaon),Onion,7,2024,1000,3100,Kharif,2100,2678.6716114019778,2765.151515151515,3044.2994875080076,3289.337912087912
Maharashtra,Palghar,Wheat,12,2023,3100,3100,Rabi,0,2816.3259195893925,3742.5384615384614,2626.972396486826,2933.8104448742747
Maharashtra,Kada,Wheat,10,2023,2800,3000,Kharif,200,2816.3259195893925,2177.2727272727275,3044.2994875080076,3462.48231511254
Maharashtra,Lasalgaon(Vinchur),Onion,4,2025,1070,1241,Zaid,171,2678.6716114019778,2574.311320754717,1915.1666666666667,1829.9925
Maharashtra,"Sangli(Phale, Bhajipura Market)",Potato,7,2024,1000,3200,Kharif,2200,2183.5218855218855,2561.711711711712,3044.2994875080076,3289.337912087912
Maharashtra,Bhusaval,Potato,11,2024,2000,2500,Rabi,500,2183.5218855218855,2348.8,2626.972396486826,3859.0679611650485
Maharashtra,Nasik,Potato,5,2025,1500,2100,Zaid,600,2183.5218855218855,2656.4253731343283,1915.1666666666667,1988.592672413793
Maharashtra,Khed(Chakan),Onion,6,2023,700,1100,Kharif,400,2678.6716114019778,2519.4174757281553,3044.2994875080076,2308.1819620253164
Maharashtra,Sinner,Wheat,10,2023,2200,2750,Kharif,550,2816.3259195893925,2542.6071428571427,3044.2994875080076,3462.48231511254
Maharashtra,Kamthi,Onion,12,2024,4000,5000,Rabi,1000,2678.6716114019778,3486.904761904762,2626.972396486826,2933.8104448742747
Maharashtra,Shevgaon,Onion,6,2023,400,700,Kharif,300,2678.6716114019778,2106.75,3044.2994875080076,2308.1819620253164
Maharashtra,Vashi New Mumbai,Potato,6,2023,900,1300,Kharif,400,2183.5218855218855,2508.130081300813,3044.2994875080076,2308.1819620253164
Maharashtra,Vai,Potato,12,2024,1800,3500,Rabi,1700,2183.5218855218855,3070.7865168539324,2626.972396486826,2933.8104448742747
Maharashtra,Satana,Onion,12,2024,1205,6865,Rabi,5660,2678.6716114019778,2894.45,2626.972396486826,2933.8104448742747
Maharashtra,Pune,Wheat,11,2023,4200,5200,Rabi,1000,2816.3259195893925,3186.013986013986,2626.972396486826,3859.0679611650485
Maharashtra,Solapur,Potato,6,2023,800,2250,Kharif,1450,2183.5218855218855,3247.752808988764,3044.2994875080076,2308.1819620253164
Maharashtra,Vashi New Mumbai,Onion,10,2024,2000,4600,Kharif,2600,2678.6716114019778,2508.130081300813,3044.2994875080076,3462.48231511254
Maharashtra,Pimpalgaon,Onion,1,2024,400,2091,Rabi,1691,2678.6716114019778,3416.065934065934,2626.972396486826,2202.0962441314555
Maharashtra,Karjat,Onion,8,2024,1500,4000,Kharif,2500,2678.6716114019778,2275.0,3044.2994875080076,3017.515397082658
Maharashtra,Vaduj,Wheat,10,2023,2200,2400,Kharif,200,2816.3259195893925,2440.0,3044.2994875080076,3462.48231511254
Maharashtra,Jalgaon,Onion,11,2024,650,4025,Rabi,3375,2678.6716114019778,2410.159420289855,2626.972396486826,3859.0679611650485
Maharashtra,Bhusaval,Onion,8,2024,2500,3300,Kharif,800,2678.6716114019778,2348.8,3044.2994875080076,3017.515397082658
Maharashtra,"Sangli(Phale, Bhajipura Market)",Onion,5,2025,500,1500,Zaid,1000,2678.6716114019778,2561.711711711712,1915.1666666666667,1988.592672413793
Maharashtra,Junnar(Otur),Onion,8,2023,1100,2700,Kharif,1600,2678.6716114019778,2554.5283018867926,3044.2994875080076,3017.515397082658
Maharashtra,Rahuri(Vambori),Onion,8,2023,200,2500,Kharif,2300,2678.6716114019778,2812.3478260869565,3044.2994875080076,3017.515397082658
Maharashtra,Kalyan,Tomato,6,2023,2000,2400,Kharif,400,6168.357446808511,2589.4736842105262,3044.2994875080076,2308.1819620253164
Maharashtra,Yeola,Wheat,8,2023,2346,2444,Kharif,98,2816.3259195893925,2692.5254237288136,3044.2994875080076,3017.515397082658
Maharashtra,Pune(Moshi),Onion,9,2023,800,2000,Kharif,1200,2678.6716114019778,2277.6119402985073,3044.2994875080076,3127.0038240917784
Maharashtra,"Sangli(Phale, Bhajipura Market)",Potato,6,2023,1200,1400,Kharif,200,2183.5218855218855,2561.711711711712,3044.2994875080076,2308.1819620253164
Maharashtra,Kurdwadi(Modnimb),Onion,1,2024,200,1800,Rabi,1600,2678.6716114019778,2242.88,2626.972396486826,2202.0962441314555
Maharashtra,Loha,Wheat,12,2023,2000,3000,Rabi,1000,2816.3259195893925,2960.2,2626.972396486826,2933.8104448742747
Maharashtra,Lasalgaon(Vinchur),Onion,4,2025,700,1390,Zaid,690,2678.6716114019778,2574.311320754717,1915.1666666666667,1829.9925
Maharashtra,Pune(Moshi),Onion,5,2024,500,1400,Zaid,900,2678.6716114019778,2277.6119402985073,1915.1666666666667,1988.592672413793
Maharashtra,Chopada,Wheat,8,2023,2227,2552,Kharif,325,2816.3259195893925,2651.222222222222,3044.2994875080076,3017.515397082658
Maharashtra,Shirpur,Wheat,8,2023,2045,2575,Kharif,530,2816.3259195893925,2791.733333333333,3044.2994875080076,3017.515397082658
Maharashtra,Pimpalgaon,Onion,12,2023,1000,3400,Rabi,2400,2678.6716114019778,3416.065934065934,2626.972396486826,2933.8104448742747
Maharashtra,Devala,Onion,8,2023,225,2555,Kharif,2330,2678.6716114019778,2586.3793103448274,3044.2994875080076,3017.515397082658
Maharashtra,Katol,Wheat,7,2023,2225,2261,Kharif,36,2816.3259195893925,2448.962962962963,3044.2994875080076,3289.337912087912
Maharashtra,Khed(Chakan),Onion,2,2024,1000,1600,Rabi,600,2678.6716114019778,2519.4174757281553,2626.972396486826,2104.9403341288785
Maharashtra,Akluj,Potato,6,2024,2700,3000,Kharif,300,2183.5218855218855,2208.2716049382716,3044.2994875080076,2308.1819620253164
Maharashtra,Pune(Moshi),Potato,12,2023,300,1500,Rabi,1200,2183.5218855218855,2277.6119402985073,2626.972396486826,2933.8104448742747
Maharashtra,Nagpur,Onion,12,2023,1600,2200,Rabi,600,2678.6716114019778,2756.266666666667,2626.972396486826,2933.8104448742747
Maharashtra,Lasalgaon(Vinchur),Onion,8,2023,800,2452,Kharif,1652,2678.6716114019778,2574.311320754717,3044.2994875080076,3017.515397082658
Maharashtra,Nasik,Onion,5,2024,850,2301,Zaid,1451,2678.6716114019778,2656.4253731343283,1915.1666666666667,1988.592672413793
Maharashtra,Chandvad,Onion,5,2024,700,1981,Zaid,1281,2678.6716114019778,3065.671875,1915.1666666666667,1988.592672413793
Maharashtra,Nagpur,Wheat,10,2023,2440,2612,Kharif,172,2816.3259195893925,2756.266666666667,3044.2994875080076,3462.48231511254
Maharashtra,Laxmi Sopan Agriculture Produce Marketing Co Ltd,Onion,6,2025,600,1500,Kharif,900,2678.6716114019778,2508.3928571428573,3044.2994875080076,2308.1819620253164
Maharashtra,Sakri,Onion,8,2024,1300,3695,Kharif,2395,2678.6716114019778,2829.8611111111113,3044.2994875080076,3017.515397082658
Maharashtra,Jalgaon,Onion,12,2023,1125,3387,Rabi,2262,2678.6716114019778,2410.159420289855,2626.972396486826,2933.8104448742747
Maharashtra,Ulhasnagar,Wheat,11,2023,3000,3500,Rabi,500,2816.3259195893925,3895.8333333333335,2626.972396486826,3859.0679611650485
Maharashtra,Hingna,Onion,3,2025,2400,3000,Rabi,600,2678.6716114019778,2675.875,2626.972396486826,1861.5330739299611
Maharashtra,Ahmednagar,Onion,11,2024,1000,5000,Rabi,4000,2678.6716114019778,2678.2608695652175,2626.972396486826,3859.0679611650485
Maharashtra,Amrawati(Frui & Veg. Market),Onion,10,2024,1500,3800,Kharif,2300,2678.6716114019778,2546.923076923077,3044.2994875080076,3462.48231511254
Maharashtra,Katol,Wheat,8,2023,2360,2400,Kharif,40,2816.3259195893925,2448.962962962963,3044.2994875080076,3017.515397082658
Maharashtra,Sangamner,Onion,10,2023,500,4011,Kharif,3511,2678.6716114019778,3329.057142857143,3044.2994875080076,3462.48231511254
Maharashtra,Nasik,Onion,10,2024,3300,4450,Kharif,1150,2678.6716114019778,2656.4253731343283,3044.2994875080076,3462.48231511254
Maharashtra,Rahata,Potato,3,2024,500,1900,Rabi,1400,2183.5218855218855,2600.863309352518,2626.972396486826,1861.5330739299611
Maharashtra,Akluj,Potato,5,2025,2000,2200,Zaid,200,2183.5218855218855,2208.2716049382716,1915.1666666666667,1988.592672413793
Maharashtra,Lasalgaon,Wheat,7,2023,2300,2971,Kharif,671,2816.3259195893925,2867.190476190476,3044.2994875080076,3289.337912087912
Maharashtra,Kamthi,Onion,8,2023,1600,2000,Kharif,400,2678.6716114019778,3486.904761904762,3044.2994875080076,3017.515397082658
Maharashtra,Jalgaon,Onion,12,2024,750,2750,Rabi,2000,2678.6716114019778,2410.159420289855,2626.972396486826,2933.8104448742747
Maharashtra,Shrirampur,Potato,4,2025,1500,2000,Zaid,500,2183.5218855218855,2334.11,1915.1666666666667,1829.9925
Maharashtra,Shrirampur,Potato,3,2024,1800,2000,Rabi,200,2183.5218855218855,2334.11,2626.972396486826,1861.5330739299611
Maharashtra,Junnar(Narayangaon),Potato,7,2023,1800,2000,Kharif,200,2183.5218855218855,2861.8518518518517,3044.2994875080076,3289.337912087912
Maharashtra,Ahmednagar,Potato,1,2025,500,2400,Rabi,1900,2183.5218855218855,2678.2608695652175,2626.972396486826,2202.0962441314555
Maharashtra,Pimpalgaon Baswant(Saykheda),Onion,6,2023,300,1230,Kharif,930,2678.6716114019778,2602.5479452054797,3044.2994875080076,2308.1819620253164
Maharashtra,Khed(Chakan),Onion,4,2025,800,1400,Zaid,600,2678.6716114019778,2519.4174757281553,1915.1666666666667,1829.9925
Maharashtra,Jamkhed,Onion,4,2024,200,1600,Zaid,1400,2678.6716114019778,2610.4651162790697,1915.1666666666667,1829.9925
Maharashtra,Rahuri(Vambori),Onion,7,2024,300,3200,Kharif,2900,2678.6716114019778,2812.3478260869565,3044.2994875080076,3289.337912087912
Maharashtra,Mumbai,Wheat,9,2023,2800,6000,Kharif,3200,2816.3259195893925,6127.272727272727,3044.2994875080076,3127.0038240917784
Maharashtra,Lasalgaon,Wheat,1,2024,2351,3100,Rabi,749,2816.3259195893925,2867.190476190476,2626.972396486826,2202.0962441314555
Maharashtra,Amrawati(Frui & Veg. Market),Potato,4,2024,700,2400,Zaid,1700,2183.5218855218855,2546.923076923077,1915.1666666666667,1829.9925
Maharashtra,Ramtek,Potato,7,2024,2400,2800,Kharif,400,2183.5218855218855,3246.0169491525426,3044.2994875080076,3289.337912087912
Maharashtra,Solapur,Onion,8,2023,100,3300,Kharif,3200,2678.6716114019778,3247.752808988764,3044.2994875080076,3017.515397082658
Maharashtra,Pune(Khadiki),Tomato,6,2023,1100,2000,Kharif,900,6168.357446808511,2011.926605504587,3044.2994875080076,2308.1819620253164
Maharashtra,Amrawati(Frui & Veg. Market),Potato,3,2025,800,1700,Rabi,900,2183.5218855218855,2546.923076923077,2626.972396486826,1861.5330739299611
Maharashtra,Manmad,Onion,10,2024,870,3460,Kharif,2590,2678.6716114019778,2515.4166666666665,3044.2994875080076,3462.48231511254
Maharashtra,Kurdwadi(Modnimb),Onion,9,2024,500,2800,Kharif,2300,2678.6716114019778,2242.88,3044.2994875080076,3127.0038240917784
Maharashtra,Jalgaon,Onion,9,2024,1500,4700,Kharif,3200,2678.6716114019778,2410.159420289855,3044.2994875080076,3127.0038240917784
Maharashtra,Kada,Onion,4,2025,300,1600,Zaid,1300,2678.6716114019778,2177.2727272727275,1915.1666666666667,1829.9925
Maharashtra,Nandurbar,Onion,4,2024,1280,1400,Zaid,120,2678.6716114019778,2220.733333333333,1915.1666666666667,1829.9925
Maharashtra,Shree Rameshwar Krushi Market,Onion,11,2023,300,4153,Rabi,3853,2678.6716114019778,3118.64,2626.972396486826,3859.0679611650485
Maharashtra,Satara,Potato,1,2024,1500,1900,Rabi,400,2183.5218855218855,2750.0,2626.972396486826,2202.0962441314555
Maharashtra,Khed(Chakan),Onion,3,2025,1300,1800,Rabi,500,2678.6716114019778,2519.4174757281553,2626.972396486826,1861.5330739299611
Maharashtra,Ashti(Karanja),Wheat,6,2023,2100,2250,Kharif,150,2816.3259195893925,2250.0,3044.2994875080076,2308.1819620253164
Maharashtra,Shrirampur,Potato,7,2023,900,1300,Kharif,400,2183.5218855218855,2334.11,3044.2994875080076,3289.337912087912
Maharashtra,Devala,Onion,7,2024,1250,3195,Kharif,1945,2678.6716114019778,2586.3793103448274,3044.2994875080076,3289.337912087912
Maharashtra,Kalmeshwar,Tomato,7,2023,9055,10000,Kharif,945,6168.357446808511,6000.0,3044.2994875080076,3289.337912087912
Maharashtra,Pune,Wheat,8,2023,4500,5600,Kharif,1100,2816.3259195893925,3186.013986013986,3044.2994875080076,3017.515397082658
Maharashtra,Gevrai,Wheat,1,2024,2400,3200,Rabi,800,2816.3259195893925,2950.590909090909,2626.972396486826,2202.0962441314555
Maharashtra,Kopargaon,Wheat,9,2023,2500,2621,Kharif,121,2816.3259195893925,2558.2608695652175,3044.2994875080076,3127.0038240917784
Maharashtra,Shrirampur,Onion,8,2023,600,2000,Kharif,1400,2678.6716114019778,2334.11,3044.2994875080076,3017.515397082658
Maharashtra,Sangamner,Onion,5,2025,200,1415,Zaid,1215,2678.6716114019778,3329.057142857143,1915.1666666666667,1988.592672413793
Maharashtra,Junnar(Narayangaon),Onion,8,2023,500,3000,Kharif,2500,2678.6716114019778,2861.8518518518517,3044.2994875080076,3017.515397082658
Maharashtra,Ramtek,Potato,1,2025,1800,2000,Rabi,200,2183.5218855218855,3246.0169491525426,2626.972396486826,2202.0962441314555
Maharashtra,Sangli,Wheat,6,2023,2700,3500,Kharif,800,2816.3259195893925,4790.625,3044.2994875080076,2308.1819620253164
Maharashtra,Kalyan,Onion,5,2025,1000,1200,Zaid,200,2678.6716114019778,2589.4736842105262,1915.1666666666667,1988.592672413793
Maharashtra,Mangal Wedha,Onion,7,2024,1300,3300,Kharif,2000,2678.6716114019778,2928.322033898305,3044.2994875080076,3289.337912087912
Maharashtra,Nagpur,Onion,5,2024,1000,1500,Zaid,500,2678.6716114019778,2756.266666666667,1915.1666666666667,1988.592672413793
Maharashtra,Nampur,Onion,9,2024,2000,4500,Kharif,2500,2678.6716114019778,2499.769230769231,3044.2994875080076,3127.0038240917784
Maharashtra,Shirpur,Wheat,12,2023,2501,3172,Rabi,671,2816.3259195893925,2791.733333333333,2626.972396486826,2933.8104448742747
Maharashtra,Manmad,Onion,2,2025,400,2501,Rabi,2101,2678.6716114019778,2515.4166666666665,2626.972396486826,2104.9403341288785
Maharashtra,Rahata,Potato,1,2024,800,1600,Rabi,800,2183.5218855218855,2600.863309352518,2626.972396486826,2202.0962441314555
Maharashtra,Shivsiddha Govind Producer Company Limited Sanchal,Onion,8,2024,3500,4000,Kharif,500,2678.6716114019778,3288.75,3044.2994875080076,3017.515397082658
Maharashtra,Rahata,Potato,7,2024,2700,3000,Kharif,300,2183.5218855218855,2600.863309352518,3044.2994875080076,3289.337912087912
Maharashtra,Ahmednagar,Potato,12,2024,700,2800,Rabi,2100,2183.5218855218855,2678.2608695652175,2626.972396486826,2933.8104448742747
Maharashtra,Vashi New Mumbai,Potato,1,2025,1200,1900,Rabi,700,2183.5218855218855,2508.130081300813,2626.972396486826,2202.0962441314555
Maharashtra,Bhusaval,Onion,5,2024,1000,1500,Zaid,500,2678.6716114019778,2348.8,1915.1666666666667,1988.592672413793
Maharashtra,Pimpalgaon,Onion,7,2024,1200,3101,Kharif,1901,2678.6716114019778,3416.065934065934,3044.2994875080076,3289.337912087912
Maharashtra,Hingna,Potato,7,2024,1500,2800,Kharif,1300,2183.5218855218855,2675.875,3044.2994875080076,3289.337912087912
Maharashtra,Junnar,Onion,2,2025,280,3200,Rabi,2920,2678.6716114019778,2172.0833333333335,2626.972396486826,2104.9403341288785
Maharashtra,Satana,Onion,1,2024,320,1890,Rabi,1570,2678.6716114019778,2894.45,2626.972396486826,2202.0962441314555
Maharashtra,Nandurbar,Wheat,2,2024,2400,3172,Rabi,772,2816.3259195893925,2220.733333333333,2626.972396486826,2104.9403341288785
Maharashtra,Jalgaon,Onion,9,2024,1527,4113,Kharif,2586,2678.6716114019778,2410.159420289855,3044.2994875080076,3127.0038240917784
Maharashtra,Shirpur,Wheat,11,2023,2200,2651,Rabi,451,2816.3259195893925,2791.733333333333,2626.972396486826,3859.0679611650485
Maharashtra,Solapur,Wheat,6,2023,2275,3560,Kharif,1285,2816.3259195893925,3247.752808988764,3044.2994875080076,2308.1819620253164
Maharashtra,Akluj,Onion,9,2023,500,2300,Kharif,1800,2678.6716114019778,2208.2716049382716,3044.2994875080076,3127.0038240917784
Maharashtra,Dondaicha,Wheat,1,2024,2200,2781,Rabi,581,2816.3259195893925,2795.7727272727275,2626.972396486826,2202.0962441314555
Maharashtra,Pune(Manjri),Potato,7,2024,2600,3000,Kharif,400,2183.5218855218855,2804.7619047619046,3044.2994875080076,3289.337912087912
Maharashtra,Pune(Moshi),Onion,3,2024,500,1500,Rabi,1000,2678.6716114019778,2277.6119402985073,2626.972396486826,1861.5330739299611
Maharashtra,Shivsiddha Govind Producer Company Limited Sanchal,Onion,5,2024,1700,2450,Zaid,750,2678.6716114019778,3288.75,1915.1666666666667,1988.592672413793
Maharashtra,Parner,Onion,9,2023,300,2700,Kharif,2400,2678.6716114019778,2909.6153846153848,3044.2994875080076,3127.0038240917784
Maharashtra,Tasgaon,Wheat,10,2023,2540,2820,Kharif,280,2816.3259195893925,2896.875,3044.2994875080076,3462.48231511254
Maharashtra,Bhusaval,Onion,9,2024,3000,3500,Kharif,500,2678.6716114019778,2348.8,3044.2994875080076,3127.0038240917784
Maharashtra,Karad,Onion,5,2024,1000,1800,Zaid,800,2678.6716114019778,2862.31884057971,1915.1666666666667,1988.592672413793
Maharashtra,Savner,Wheat,6,2023,2190,2339,Kharif,149,2816.3259195893925,2425.5,3044.2994875080076,2308.1819620253164
Maharashtra,Pathardi,Onion,10,2023,2000,4500,Kharif,2500,2678.6716114019778,2397.093023255814,3044.2994875080076,3462.48231511254
Maharashtra,Dharangaon,Wheat,10,2023,2575,2612,Kharif,37,2816.3259195893925,2620.0,3044.2994875080076,3462.48231511254
Maharashtra,Karjat(Raigad),Wheat,1,2024,2200,2800,Rabi,600,2816.3259195893925,2770.2380952380954,2626.972396486826,2202.0962441314555
Maharashtra,Kolhapur,Onion,12,2023,500,3500,Rabi,3000,2678.6716114019778,3576.785714285714,2626.972396486826,2933.8104448742747
Maharashtra,Vita,Tomato,8,2023,6000,7000,Kharif,1000,6168.357446808511,2686.9565217391305,3044.2994875080076,3017.515397082658
Maharashtra,Rahuri,Onion,4,2025,100,1655,Zaid,1555,2678.6716114019778,2826.0106382978724,1915.1666666666667,1829.9925
Maharashtra,Beed,Wheat,6,2023,2240,3010,Kharif,770,2816.3259195893925,3114.3636363636365,3044.2994875080076,2308.1819620253164
Maharashtra,Laxmi Sopan Agriculture Produce Marketing Co Ltd,Onion,5,2025,500,1400,Zaid,900,2678.6716114019778,2508.3928571428573,1915.1666666666667,1988.592672413793
Maharashtra,Junnar(Narayangaon),Onion,7,2023,300,1400,Kharif,1100,2678.6716114019778,2861.8518518518517,3044.2994875080076,3289.337912087912
Maharashtra,Satara,Onion,12,2023,1500,2500,Rabi,1000,2678.6716114019778,2750.0,2626.972396486826,2933.8104448742747
Maharashtra,Dhule,Wheat,1,2024,2275,3210,Rabi,935,2816.3259195893925,2516.8552631578946,2626.972396486826,2202.0962441314555
Maharashtra,Lasalgaon(Niphad),Onion,3,2025,900,1620,Rabi,720,2678.6716114019778,2520.8804347826085,2626.972396486826,1861.5330739299611
Maharashtra,Nasik,Potato,1,2024,1200,2100,Rabi,900,2183.5218855218855,2656.4253731343283,2626.972396486826,2202.0962441314555
Maharashtra,Kopargaon,Onion,2,2025,900,2451,Rabi,1551,2678.6716114019778,2558.2608695652175,2626.972396486826,2104.9403341288785
Maharashtra,Vashi New Mumbai,Potato,11,2024,2000,3400,Rabi,1400,2183.5218855218855,2508.130081300813,2626.972396486826,3859.0679611650485
Maharashtra,Rahata,Onion,5,2025,400,1500,Zaid,1100,2678.6716114019778,2600.863309352518,1915.1666666666667,1988.592672413793
Maharashtra,Jamkhed,Onion,11,2024,100,5500,Rabi,5400,2678.6716114019778,2610.4651162790697,2626.972396486826,3859.0679611650485
Maharashtra,Jalgaon,Onion,8,2024,1152,3750,Kharif,2598,2678.6716114019778,2410.159420289855,3044.2994875080076,3017.515397082658
Maharashtra,Akola,Potato,1,2025,1200,2000,Rabi,800,2183.5218855218855,2421.8840579710145,2626.972396486826,2202.0962441314555
Maharashtra,Pune(Moshi),Potato,4,2024,1200,2000,Zaid,800,2183.5218855218855,2277.6119402985073,1915.1666666666667,1829.9925
Maharashtra,Devala,Onion,10,2023,550,2620,Kharif,2070,2678.6716114019778,2586.3793103448274,3044.2994875080076,3462.48231511254
Maharashtra,Nasik,Potato,7,2023,1200,1550,Kharif,350,2183.5218855218855,2656.4253731343283,3044.2994875080076,3289.337912087912
Maharashtra,Hinganghat,Wheat,1,2024,2320,2470,Rabi,150,2816.3259195893925,2467.7272727272725,2626.972396486826,2202.0962441314555
Maharashtra,Solapur,Potato,8,2023,8000,14500,Kharif,6500,2183.5218855218855,3247.752808988764,3044.2994875080076,3017.515397082658
Maharashtra,Pune(Moshi),Onion,10,2024,1500,3000,Kharif,1500,2678.6716114019778,2277.6119402985073,3044.2994875080076,3462.48231511254
Maharashtra,Khed(Chakan),Potato,2,2025,1200,2000,Rabi,800,2183.5218855218855,2519.4174757281553,2626.972396486826,2104.9403341288785
Maharashtra,Vadgaonpeth,Onion,8,2024,4000,4600,Kharif,600,2678.6716114019778,2767.5675675675675,3044.2994875080076,3017.515397082658
Maharashtra,Vashi New Mumbai,Potato,6,2023,1000,1400,Kharif,400,2183.5218855218855,2508.130081300813,3044.2994875080076,2308.1819620253164
Maharashtra,Umared,Wheat,7,2023,2000,2800,Kharif,800,2816.3259195893925,2960.0,3044.2994875080076,3289.337912087912
Maharashtra,Nandgaon,Onion,5,2025,100,1621,Zaid,1521,2678.6716114019778,2752.116666666667,1915.1666666666667,1988.592672413793
Maharashtra,Pune,Potato,8,2023,1200,2000,Kharif,800,2183.5218855218855,3186.013986013986,3044.2994875080076,3017.515397082658
Maharashtra,Rahuri,Tomato,7,2023,500,3500,Kharif,3000,6168.357446808511,2826.0106382978724,3044.2994875080076,3289.337912087912
Maharashtra,Kopargaon,Wheat,1,2024,2495,2836,Rabi,341,2816.3259195893925,2558.2608695652175,2626.972396486826,2202.0962441314555
Maharashtra,Navapur,Onion,2,2024,800,1500,Rabi,700,2678.6716114019778,2945.5882352941176,2626.972396486826,2104.9403341288785
Maharashtra,Satana,Wheat,6,2023,2182,2250,Kharif,68,2816.3259195893925,2894.45,3044.2994875080076,2308.1819620253164
Maharashtra,Akot,Wheat,9,2023,2265,2450,Kharif,185,2816.3259195893925,2450.0,3044.2994875080076,3127.0038240917784
Maharashtra,Amrawati(Frui & Veg. Market),Potato,10,2024,1000,2800,Kharif,1800,2183.5218855218855,2546.923076923077,3044.2994875080076,3462.48231511254
Maharashtra,Junnar(Narayangaon),Potato,3,2024,300,2000,Rabi,1700,2183.5218855218855,2861.8518518518517,2626.972396486826,1861.5330739299611
Maharashtra,Rahuri,Wheat,6,2023,2150,2350,Kharif,200,2816.3259195893925,2826.0106382978724,3044.2994875080076,2308.1819620253164
Maharashtra,Nandgaon,Onion,10,2024,700,4126,Kharif,3426,2678.6716114019778,2752.116666666667,3044.2994875080076,3462.48231511254
Maharashtra,Satana,Onion,6,2023,50,1375,Kharif,1325,2678.6716114019778,2894.45,3044.2994875080076,2308.1819620253164
Maharashtra,Junnar(Narayangaon),Onion,4,2025,300,1510,Zaid,1210,2678.6716114019778,2861.8518518518517,1915.1666666666667,1829.9925
Maharashtra,Manmad,Onion,7,2024,904,2969,Kharif,2065,2678.6716114019778,2515.4166666666665,3044.2994875080076,3289.337912087912
Maharashtra,Pen,Potato,1,2024,2000,2200,Rabi,200,2183.5218855218855,2790.909090909091,2626.972396486826,2202.0962441314555
Maharashtra,Nasik,Onion,1,2024,650,2200,Rabi,1550,2678.6716114019778,2656.4253731343283,2626.972396486826,2202.0962441314555
Maharashtra,Akola,Onion,7,2023,1000,1700,Kharif,700,2678.6716114019778,2421.8840579710145,3044.2994875080076,3289.337912087912
Maharashtra,Pune,Potato,5,2025,1000,2100,Zaid,1100,2183.5218855218855,3186.013986013986,1915.1666666666667,1988.592672413793
Maharashtra,Khed(Chakan),Onion,6,2023,700,1200,Kharif,500,2678.6716114019778,2519.4174757281553,3044.2994875080076,2308.1819620253164
Maharashtra,Shevgaon,Wheat,9,2023,2450,2500,Kharif,50,2816.3259195893925,2106.75,3044.2994875080076,3127.0038240917784
Maharashtra,Pune,Onion,10,2023,900,2500,Kharif,1600,2678.6716114019778,3186.013986013986,3044.2994875080076,3462.48231511254
Maharashtra,Bhusaval,Potato,4,2024,1400,1800,Zaid,400,2183.5218855218855,2348.8,1915.1666666666667,1829.9925
Maharashtra,Jamkhed,Wheat,12,2023,2000,2800,Rabi,800,2816.3259195893925,2610.4651162790697,2626.972396486826,2933.8104448742747
Maharashtra,Kopargaon,Onion,2,2024,500,1304,Rabi,804,2678.6716114019778,2558.2608695652175,2626.972396486826,2104.9403341288785
Maharashtra,Dindori,Onion,7,2023,900,1396,Kharif,496,2678.6716114019778,1774.4666666666667,3044.2994875080076,3289.337912087912
Maharashtra,Hinganghat,Wheat,6,2023,2000,2465,Kharif,465,2816.3259195893925,2467.7272727272725,3044.2994875080076,2308.1819620253164
Maharashtra,Junnar(Narayangaon),Potato,7,2024,3000,3000,Kharif,0,2183.5218855218855,2861.8518518518517,3044.2994875080076,3289.337912087912
Maharashtra,Nasik,Onion,11,2024,2700,4500,Rabi,1800,2678.6716114019778,2656.4253731343283,2626.972396486826,3859.0679611650485
Maharashtra,Lasalgaon(Niphad),Wheat,8,2023,2481,2531,Kharif,50,2816.3259195893925,2520.8804347826085,3044.2994875080076,3017.515397082658
Maharashtra,Manmad,Onion,3,2024,407,1600,Rabi,1193,2678.6716114019778,2515.4166666666665,2626.972396486826,1861.5330739299611
Maharashtra,Pune(Manjri),Tomato,6,2023,3600,5500,Kharif,1900,6168.357446808511,2804.7619047619046,3044.2994875080076,2308.1819620253164
Maharashtra,Amrawati(Frui & Veg. Market),Potato,8,2024,2200,2800,Kharif,600,2183.5218855218855,2546.923076923077,3044.2994875080076,3017.515397082658
Maharashtra,Pune,Potato,10,2024,2000,3600,Kharif,1600,2183.5218855218855,3186.013986013986,3044.2994875080076,3462.48231511254
Maharashtra,Pune,Onion,4,2025,700,1600,Zaid,900,2678.6716114019778,3186.013986013986,1915.1666666666667,1829.9925
Maharashtra,Pune,Onion,7,2023,600,1600,Kharif,1000,2678.6716114019778,3186.013986013986,3044.2994875080076,3289.337912087912
Maharashtra,Vita,Potato,5,2025,2000,2300,Zaid,300,2183.5218855218855,2686.9565217391305,1915.1666666666667,1988.592672413793
Maharashtra,Solapur,Potato,12,2023,900,1500,Rabi,600,2183.5218855218855,3247.752808988764,2626.972396486826,2933.8104448742747
Maharashtra,Lasalgaon,Wheat,1,2024,2500,3299,Rabi,799,2816.3259195893925,2867.190476190476,2626.972396486826,2202.0962441314555
Maharashtra,Panvel,Tomato,7,2023,10000,12000,Kharif,2000,6168.357446808511,7250.0,3044.2994875080076,3289.337912087912
Maharashtra,Solapur,Potato,4,2024,1200,2400,Zaid,1200,2183.5218855218855,3247.752808988764,1915.1666666666667,1829.9925
Maharashtra,Pune(Manjri),Onion,11,2024,2600,5300,Rabi,2700,2678.6716114019778,2804.7619047619046,2626.972396486826,3859.0679611650485
Maharashtra,Junnar(Narayangaon),Potato,3,2024,800,2000,Rabi,1200,2183.5218855218855,2861.8518518518517,2626.972396486826,1861.5330739299611
Maharashtra,Chandrapur(Ganjwad),Potato,6,2024,2300,2500,Kharif,200,2183.5218855218855,2858.8607594936707,3044.2994875080076,2308.1819620253164
Maharashtra,Rahuri,Onion,3,2024,100,1700,Rabi,1600,2678.6716114019778,2826.0106382978724,2626.972396486826,1861.5330739299611
Maharashtra,Nasik,Potato,5,2025,1500,2000,Zaid,500,2183.5218855218855,2656.4253731343283,1915.1666666666667,1988.592672413793
Maharashtra,Pune(Khadiki),Onion,10,2024,2400,3600,Kharif,1200,2678.6716114019778,2011.926605504587,3044.2994875080076,3462.48231511254
Maharashtra,Lasalgaon(Vinchur),Onion,6,2023,400,1300,Kharif,900,2678.6716114019778,2574.311320754717,3044.2994875080076,2308.1819620253164
Maharashtra,Nagpur,Onion,7,2023,1000,1500,Kharif,500,2678.6716114019778,2756.266666666667,3044.2994875080076,3289.337912087912
Maharashtra,Katol,Wheat,11,2023,2675,2675,Rabi,0,2816.3259195893925,2448.962962962963,2626.972396486826,3859.0679611650485
Maharashtra,Amarawati,Wheat,8,2023,2450,2625,Kharif,175,2816.3259195893925,2544.848484848485,3044.2994875080076,3017.515397082658
Maharashtra,Dhule,Onion,2,2024,250,1450,Rabi,1200,2678.6716114019778,2516.8552631578946,2626.972396486826,2104.9403341288785
Maharashtra,Junnar,Onion,10,2024,2000,4510,Kharif,2510,2678.6716114019778,2172.0833333333335,3044.2994875080076,3462.48231511254
Maharashtra,Mangal Wedha,Onion,8,2023,740,2550,Kharif,1810,2678.6716114019778,2928.322033898305,3044.2994875080076,3017.515397082658
Maharashtra,Sinner,Onion,9,2023,300,2241,Kharif,1941,2678.6716114019778,2542.6071428571427,3044.2994875080076,3127.0038240917784
Maharashtra,Chalisgaon,Wheat,6,2023,2100,2400,Kharif,300,2816.3259195893925,2719.05,3044.2994875080076,2308.1819620253164
Maharashtra,Kamthi,Onion,8,2023,1200,1600,Kharif,400,2678.6716114019778,3486.904761904762,3044.2994875080076,3017.515397082658
Maharashtra,Nandgaon,Onion,8,2023,100,1670,Kharif,1570,2678.6716114019778,2752.116666666667,3044.2994875080076,3017.515397082658
Maharashtra,Akola,Potato,2,2025,1500,2200,Rabi,700,2183.5218855218855,2421.8840579710145,2626.972396486826,2104.9403341288785
Maharashtra,Junnar(Otur),Potato,12,2024,500,2000,Rabi,1500,2183.5218855218855,2554.5283018867926,2626.972396486826,2933.8104448742747
Maharashtra,Akola,Onion,2,2025,2500,4000,Rabi,1500,2678.6716114019778,2421.8840579710145,2626.972396486826,2104.9403341288785
Maharashtra,Amarawati,Wheat,6,2023,2450,2625,Kharif,175,2816.3259195893925,2544.848484848485,3044.2994875080076,2308.1819620253164
Maharashtra,Amrawati(Frui & Veg. Market),Potato,9,2023,800,1500,Kharif,700,2183.5218855218855,2546.923076923077,3044.2994875080076,3127.0038240917784
Maharashtra,Vashi New Mumbai,Onion,8,2023,1100,1800,Kharif,700,2678.6716114019778,2508.130081300813,3044.2994875080076,3017.515397082658
Maharashtra,Pune(Pimpri),Onion,11,2024,3700,5700,Rabi,2000,2678.6716114019778,2966.2162162162163,2626.972396486826,3859.0679611650485
Maharashtra,Junnar(Alephata),Onion,11,2023,1000,4510,Rabi,3510,2678.6716114019778,3320.3846153846152,2626.972396486826,3859.0679611650485
Maharashtra,Solapur,Onion,9,2023,200,4300,Kharif,4100,2678.6716114019778,3247.752808988764,3044.2994875080076,3127.0038240917784
Maharashtra,Pune(Pimpri),Onion,10,2024,3000,4700,Kharif,1700,2678.6716114019778,2966.2162162162163,3044.2994875080076,3462.48231511254
Maharashtra,Chandrapur(Ganjwad),Potato,1,2024,1200,1700,Rabi,500,2183.5218855218855,2858.8607594936707,2626.972396486826,2202.0962441314555
Maharashtra,Malharshree Farmers Producer Co Ltd,Onion,9,2024,1985,3810,Kharif,1825,2678.6716114019778,3063.2,3044.2994875080076,3127.0038240917784
Maharashtra,Akola,Potato,8,2023,1100,1500,Kharif,400,2183.5218855218855,2421.8840579710145,3044.2994875080076,3017.515397082658
Maharashtra,Lasalgaon(Niphad),Wheat,1,2024,2650,3300,Rabi,650,2816.3259195893925,2520.8804347826085,2626.972396486826,2202.0962441314555
Maharashtra,Hinganghat,Wheat,7,2023,2200,2350,Kharif,150,2816.3259195893925,2467.7272727272725,3044.2994875080076,3289.337912087912
Maharashtra,Kalyan,Potato,5,2025,1700,1800,Zaid,100,2183.5218855218855,2589.4736842105262,1915.1666666666667,1988.592672413793
Maharashtra,Pune(Moshi),Potato,4,2025,1000,1600,Zaid,600,2183.5218855218855,2277.6119402985073,1915.1666666666667,1829.9925
Maharashtra,Baramati,Wheat,2,2024,2200,3175,Rabi,975,2816.3259195893925,2769.054054054054,2626.972396486826,2104.9403341288785
Maharashtra,Bhandara,Rice,4,2025,4100,4100,Zaid,0,4928.92,3256.25,1915.1666666666667,1829.9925
Maharashtra,Shrigonda,Wheat,8,2023,2150,2300,Kharif,150,2816.3259195893925,2012.5,3044.2994875080076,3017.515397082658
Maharashtra,Dound,Wheat,8,2023,2100,2550,Kharif,450,2816.3259195893925,2757.5714285714284,3044.2994875080076,3017.515397082658
Maharashtra,Nasik,Potato,8,2024,2350,3000,Kharif,650,2183.5218855218855,2656.4253731343283,3044.2994875080076,3017.515397082658
Maharashtra,Palghar,Rice,4,2025,3845,3845,Zaid,0,4928.92,3742.5384615384614,1915.1666666666667,1829.9925
Maharashtra,Manmad,Onion,4,2025,400,1400,Zaid,1000,2678.6716114019778,2515.4166666666665,1915.1666666666667,1829.9925
Maharashtra,Beed,Wheat,2,2024,2450,3630,Rabi,1180,2816.3259195893925,3114.3636363636365,2626.972396486826,2104.9403341288785
Maharashtra,Parner,Onion,6,2023,300,2100,Kharif,1800,2678.6716114019778,2909.6153846153848,3044.2994875080076,2308.1819620253164
Maharashtra,Nasik,Onion,5,2024,550,1500,Zaid,950,2678.6716114019778,2656.4253731343283,1915.1666666666667,1988.592672413793
Maharashtra,Dhule,Onion,1,2024,150,2000,Rabi,1850,2678.6716114019778,2516.8552631578946,2626.972396486826,2202.0962441314555
Maharashtra,Pune(Moshi),Onion,9,2024,1500,4000,Kharif,2500,2678.6716114019778,2277.6119402985073,3044.2994875080076,3127.0038240917784
Maharashtra,Pimpalgaon Baswant(Saykheda),Onion,3,2025,700,1560,Rabi,860,2678.6716114019778,2602.5479452054797,2626.972396486826,1861.5330739299611
Maharashtra,Pimpalgaon,Onion,3,2025,650,1479,Rabi,829,2678.6716114019778,3416.065934065934,2626.972396486826,1861.5330739299611
Maharashtra,Junnar(Narayangaon),Potato,3,2025,400,1900,Rabi,1500,2183.5218855218855,2861.8518518518517,2626.972396486826,1861.5330739299611
Maharashtra,Pune(Moshi),Potato,5,2024,1400,2200,Zaid,800,2183.5218855218855,2277.6119402985073,1915.1666666666667,1988.592672413793
Maharashtra,Akola,Potato,9,2023,1200,1400,Kharif,200,2183.5218855218855,2421.8840579710145,3044.2994875080076,3127.0038240917784
Maharashtra,Rahuri,Onion,3,2025,100,1650,Rabi,1550,2678.6716114019778,2826.0106382978724,2626.972396486826,1861.5330739299611
Maharashtra,Shevgaon,Onion,7,2023,1600,2200,Kharif,600,2678.6716114019778,2106.75,3044.2994875080076,3289.337912087912
Maharashtra,Junnar(Otur),Potato,5,2025,500,1200,Zaid,700,2183.5218855218855,2554.5283018867926,1915.1666666666667,1988.592672413793
Maharashtra,Shivsiddha Govind Producer Company Limited Sanchal,Onion,12,2024,5500,6505,Rabi,1005,2678.6716114019778,3288.75,2626.972396486826,2933.8104448742747
Maharashtra,Kalyan,Onion,6,2025,1700,1800,Kharif,100,2678.6716114019778,2589.4736842105262,3044.2994875080076,2308.1819620253164
Maharashtra,Karjat,Onion,3,2024,500,1600,Rabi,1100,2678.6716114019778,2275.0,2626.972396486826,1861.5330739299611
Maharashtra,Chandrapur(Ganjwad),Tomato,9,2023,600,1000,Kharif,400,6168.357446808511,2858.8607594936707,3044.2994875080076,3127.0038240917784
Maharashtra,Lasalgaon,Onion,7,2023,600,2758,Kharif,2158,2678.6716114019778,2867.190476190476,3044.2994875080076,3289.337912087912
Maharashtra,Gevrai,Wheat,9,2023,2500,2940,Kharif,440,2816.3259195893925,2950.590909090909,3044.2994875080076,3127.0038240917784
Maharashtra,Chandrapur(Ganjwad),Onion,2,2024,1000,2000,Rabi,1000,2678.6716114019778,2858.8607594936707,2626.972396486826,2104.9403341288785
Maharashtra,Nagpur,Potato,11,2023,1000,1200,Rabi,200,2183.5218855218855,2756.266666666667,2626.972396486826,3859.0679611650485
Maharashtra,Pimpalgaon,Onion,11,2023,1300,4801,Rabi,3501,2678.6716114019778,3416.065934065934,2626.972396486826,3859.0679611650485
Maharashtra,Pune(Moshi),Potato,11,2023,800,1000,Rabi,200,2183.5218855218855,2277.6119402985073,2626.972396486826,3859.0679611650485
Maharashtra,Kada,Onion,3,2024,200,1400,Rabi,1200,2678.6716114019778,2177.2727272727275,2626.972396486826,1861.5330739299611
Maharashtra,Hingoli,Wheat,1,2024,2165,3351,Rabi,1186,2816.3259195893925,3146.6153846153848,2626.972396486826,2202.0962441314555
Maharashtra,Lasalgaon(Niphad),Onion,4,2025,800,1510,Zaid,710,2678.6716114019778,2520.8804347826085,1915.1666666666667,1829.9925
Maharashtra,Solapur,Onion,5,2025,100,1500,Zaid,1400,2678.6716114019778,3247.752808988764,1915.1666666666667,1988.592672413793
Maharashtra,Manmad,Onion,10,2024,2600,4100,Kharif,1500,2678.6716114019778,2515.4166666666665,3044.2994875080076,3462.48231511254
Maharashtra,Vashi New Mumbai,Potato,4,2025,1200,1900,Zaid,700,2183.5218855218855,2508.130081300813,1915.1666666666667,1829.9925
Maharashtra,Hinganghat,Wheat,8,2023,2260,2520,Kharif,260,2816.3259195893925,2467.7272727272725,3044.2994875080076,3017.515397082658
Maharashtra,Manmad,Onion,10,2023,1000,4100,Kharif,3100,2678.6716114019778,2515.4166666666665,3044.2994875080076,3462.48231511254
Maharashtra,Lonand,Onion,6,2023,300,1280,Kharif,980,2678.6716114019778,2603.235294117647,3044.2994875080076,2308.1819620253164
Maharashtra,Khed(Chakan),Onion,8,2023,1000,2000,Kharif,1000,2678.6716114019778,2519.4174757281553,3044.2994875080076,3017.515397082658
Maharashtra,Dhule,Onion,9,2023,150,2000,Kharif,1850,2678.6716114019778,2516.8552631578946,3044.2994875080076,3127.0038240917784
Maharashtra,Jalgaon,Onion,4,2024,452,1250,Zaid,798,2678.6716114019778,2410.159420289855,1915.1666666666667,1829.9925
Maharashtra,Solapur,Onion,9,2023,100,3100,Kharif,3000,2678.6716114019778,3247.752808988764,3044.2994875080076,3127.0038240917784
Maharashtra,Nagpur,Potato,6,2024,1800,2600,Kharif,800,2183.5218855218855,2756.266666666667,3044.2994875080076,2308.1819620253164
Maharashtra,Khed(Chakan),Onion,8,2023,800,1500,Kharif,700,2678.6716114019778,2519.4174757281553,3044.2994875080076,3017.515397082658
Maharashtra,Pune(Manjri),Onion,10,2023,2200,3100,Kharif,900,2678.6716114019778,2804.7619047619046,3044.2994875080076,3462.48231511254
Maharashtra,Jamkhed,Onion,10,2023,500,3500,Kharif,3000,2678.6716114019778,2610.4651162790697,3044.2994875080076,3462.48231511254
Maharashtra,Rahata,Potato,6,2023,1400,1600,Kharif,200,2183.5218855218855,2600.863309352518,3044.2994875080076,2308.1819620253164
Maharashtra,Vashi New Mumbai,Onion,8,2024,2400,3000,Kharif,600,2678.6716114019778,2508.130081300813,3044.2994875080076,3017.515397082658
Maharashtra,Vashi New Mumbai,Potato,4,2025,1000,1800,Zaid,800,2183.5218855218855,2508.130081300813,1915.1666666666667,1829.9925
Maharashtra,Pune(Moshi),Potato,3,2025,1000,1600,Rabi,600,2183.5218855218855,2277.6119402985073,2626.972396486826,1861.5330739299611
Maharashtra,Karad,Onion,9,2023,1500,2500,Kharif,1000,2678.6716114019778,2862.31884057971,3044.2994875080076,3127.0038240917784
Maharashtra,Hingna,Potato,12,2024,2000,3000,Rabi,1000,2183.5218855218855,2675.875,2626.972396486826,2933.8104448742747
Maharashtra,Yeola,Onion,8,2024,800,3570,Kharif,2770,2678.6716114019778,2692.5254237288136,3044.2994875080076,3017.515397082658
Maharashtra,Dhule,Onion,9,2024,850,4300,Kharif,3450,2678.6716114019778,2516.8552631578946,3044.2994875080076,3127.0038240917784
Maharashtra,Solapur,Onion,8,2024,500,4000,Kharif,3500,2678.6716114019778,3247.752808988764,3044.2994875080076,3017.515397082658
Maharashtra,Ramtek,Wheat,6,2023,2200,2320,Kharif,120,2816.3259195893925,3246.0169491525426,3044.2994875080076,2308.1819620253164
Maharashtra,Vasai,Wheat,9,2023,3160,3860,Kharif,700,2816.3259195893925,4115.555555555556,3044.2994875080076,3127.0038240917784
Maharashtra,Satara,Onion,7,2024,2000,3000,Kharif,1000,2678.6716114019778,2750.0,3044.2994875080076,3289.337912087912
Maharashtra,Amalner,Wheat,8,2023,2413,2801,Kharif,388,2816.3259195893925,2787.5714285714284,3044.2994875080076,3017.515397082658
Maharashtra,Pune(Moshi),Onion,11,2024,1000,6000,Rabi,5000,2678.6716114019778,2277.6119402985073,2626.972396486826,3859.0679611650485
Maharashtra,Hingna,Potato,12,2023,1100,2000,Rabi,900,2183.5218855218855,2675.875,2626.972396486826,2933.8104448742747
Maharashtra,Jalgaon,Onion,9,2024,1000,4127,Kharif,3127,2678.6716114019778,2410.159420289855,3044.2994875080076,3127.0038240917784
Maharashtra,Lasalgaon(Vinchur),Onion,9,2024,2500,5031,Kharif,2531,2678.6716114019778,2574.311320754717,3044.2994875080076,3127.0038240917784
Maharashtra,Junnar(Narayangaon),Potato,12,2024,400,2250,Rabi,1850,2183.5218855218855,2861.8518518518517,2626.972396486826,2933.8104448742747
Maharashtra,Junnar(Narayangaon),Tomato,6,2023,1000,3000,Kharif,2000,6168.357446808511,2861.8518518518517,3044.2994875080076,2308.1819620253164
Maharashtra,Baramati,Onion,3,2025,800,2500,Rabi,1700,2678.6716114019778,2769.054054054054,2626.972396486826,1861.5330739299611
Maharashtra,Manmad,Onion,6,2023,100,1275,Kharif,1175,2678.6716114019778,2515.4166666666665,3044.2994875080076,2308.1819620253164
Maharashtra,Amrawati(Frui & Veg. Market),Potato,9,2024,1500,3000,Kharif,1500,2183.5218855218855,2546.923076923077,3044.2994875080076,3127.0038240917784
Maharashtra,Nagpur,Onion,9,2023,2500,3200,Kharif,700,2678.6716114019778,2756.266666666667,3044.2994875080076,3127.0038240917784
Maharashtra,Lasalgaon,Onion,5,2024,401,1751,Zaid,1350,2678.6716114019778,2867.190476190476,1915.1666666666667,1988.592672413793
Maharashtra,Pathardi,Onion,5,2025,100,1300,Zaid,1200,2678.6716114019778,2397.093023255814,1915.1666666666667,1988.592672413793
Maharashtra,Lasalgaon(Vinchur),Onion,5,2025,500,1600,Zaid,1100,2678.6716114019778,2574.311320754717,1915.1666666666667,1988.592672413793
Maharashtra,Malegaon,Wheat,11,2023,2831,3100,Rabi,269,2816.3259195893925,2828.2608695652175,2626.972396486826,3859.0679611650485
Maharashtra,Rahuri,Onion,7,2023,100,1600,Kharif,1500,2678.6716114019778,2826.0106382978724,3044.2994875080076,3289.337912087912
Maharashtra,Satana,Onion,3,2024,200,1785,Rabi,1585,2678.6716114019778,2894.45,2626.972396486826,1861.5330739299611
Maharashtra,Malegaon,Wheat,10,2023,2600,2922,Kharif,322,2816.3259195893925,2828.2608695652175,3044.2994875080076,3462.48231511254
Maharashtra,Mangal Wedha,Onion,5,2024,300,1700,Zaid,1400,2678.6716114019778,2928.322033898305,1915.1666666666667,1988.592672413793
Maharashtra,Devala,Onion,4,2025,200,1450,Zaid,1250,2678.6716114019778,2586.3793103448274,1915.1666666666667,1829.9925
Maharashtra,Shirpur,Onion,4,2025,200,1125,Zaid,925,2678.6716114019778,2791.733333333333,1915.1666666666667,1829.9925
Maharashtra,Baramati,Onion,5,2024,300,1800,Zaid,1500,2678.6716114019778,2769.054054054054,1915.1666666666667,1988.592672413793
Maharashtra,Kurdwadi(Modnimb),Wheat,6,2023,2450,2791,Kharif,341,2816.3259195893925,2242.88,3044.2994875080076,2308.1819620253164
Maharashtra,Shevgaon,Wheat,7,2023,2150,2225,Kharif,75,2816.3259195893925,2106.75,3044.2994875080076,3289.337912087912
Maharashtra,Junnar(Narayangaon),Potato,3,2024,500,2000,Rabi,1500,2183.5218855218855,2861.8518518518517,2626.972396486826,1861.5330739299611
Maharashtra,Ratnagiri (Nachane),Tomato,7,2023,800,8500,Kharif,7700,6168.357446808511,7375.0,3044.2994875080076,3289.337912087912
Maharashtra,Hingna,Onion,4,2025,2000,2000,Zaid,0,2678.6716114019778,2675.875,1915.1666666666667,1829.9925
Maharashtra,Yeola,Onion,12,2023,500,2000,Rabi,1500,2678.6716114019778,2692.5254237288136,2626.972396486826,2933.8104448742747
Maharashtra,Khed(Chakan),Potato,10,2024,2500,3300,Kharif,800,2183.5218855218855,2519.4174757281553,3044.2994875080076,3462.48231511254
Maharashtra,Achalpur,Wheat,1,2024,2400,2600,Rabi,200,2816.3259195893925,2534.4444444444443,2626.972396486826,2202.0962441314555
Maharashtra,Pune(Moshi),Potato,3,2024,1000,1400,Rabi,400,2183.5218855218855,2277.6119402985073,2626.972396486826,1861.5330739299611
Maharashtra,Jalgaon,Tomato,7,2023,5000,8000,Kharif,3000,6168.357446808511,2410.159420289855,3044.2994875080076,3289.337912087912
Maharashtra,Vai,Potato,4,2025,1600,2300,Zaid,700,2183.5218855218855,3070.7865168539324,1915.1666666666667,1829.9925
Maharashtra,Sakri,Onion,2,2024,200,1100,Rabi,900,2678.6716114019778,2829.8611111111113,2626.972396486826,2104.9403341288785
Maharashtra,Satara,Onion,9,2023,2000,2500,Kharif,500,2678.6716114019778,2750.0,3044.2994875080076,3127.0038240917784
Maharashtra,Vai,Onion,11,2023,1500,4500,Rabi,3000,2678.6716114019778,3070.7865168539324,2626.972396486826,3859.0679611650485
Maharashtra,Rahuri,Potato,1,2025,600,2200,Rabi,1600,2183.5218855218855,2826.0106382978724,2626.972396486826,2202.0962441314555
Maharashtra,Kamthi,Onion,9,2023,1500,2500,Kharif,1000,2678.6716114019778,3486.904761904762,3044.2994875080076,3127.0038240917784
Maharashtra,Rahuri(Vambori),Onion,12,2023,100,2000,Rabi,1900,2678.6716114019778,2812.3478260869565,2626.972396486826,2933.8104448742747
Maharashtra,Pune,Onion,2,2024,500,1600,Rabi,1100,2678.6716114019778,3186.013986013986,2626.972396486826,2104.9403341288785
Maharashtra,Vasai,Rice,5,2025,3560,4960,Zaid,1400,4928.92,4115.555555555556,1915.1666666666667,1988.592672413793
Maharashtra,Akluj,Potato,7,2024,2700,3000,Kharif,300,2183.5218855218855,2208.2716049382716,3044.2994875080076,3289.337912087912
Maharashtra,Jalgaon(Masawat),Wheat,11,2023,2600,2600,Rabi,0,2816.3259195893925,2600.0,2626.972396486826,3859.0679611650485
Maharashtra,Manchar,Potato,3,2024,1000,2000,Rabi,1000,2183.5218855218855,2335.757575757576,2626.972396486826,1861.5330739299611
Maharashtra,Kalvan,Onion,10,2023,1000,3551,Kharif,2551,2678.6716114019778,2726.1132075471696,3044.2994875080076,3462.48231511254
Maharashtra,"Sangli(Phale, Bhajipura Market)",Potato,3,2025,1300,2200,Rabi,900,2183.5218855218855,2561.711711711712,2626.972396486826,1861.5330739299611
Maharashtra,Karad,Onion,11,2023,2500,4300,Rabi,1800,2678.6716114019778,2862.31884057971,2626.972396486826,3859.0679611650485
Maharashtra,Manmad,Onion,10,2024,2263,4501,Kharif,2238,2678.6716114019778,2515.4166666666665,3044.2994875080076,3462.48231511254
Maharashtra,Junnar(Narayangaon),Onion,7,2023,500,2000,Kharif,1500,2678.6716114019778,2861.8518518518517,3044.2994875080076,3289.337912087912
Maharashtra,Pune(Moshi),Potato,10,2023,800,1600,Kharif,800,2183.5218855218855,2277.6119402985073,3044.2994875080076,3462.48231511254
Maharashtra,Lasalgaon(Vinchur),Onion,4,2025,600,1611,Zaid,1011,2678.6716114019778,2574.311320754717,1915.1666666666667,1829.9925
Maharashtra,Ramtek,Onion,6,2023,1800,2000,Kharif,200,2678.6716114019778,3246.0169491525426,3044.2994875080076,2308.1819620253164
Maharashtra,Pune(Moshi),Onion,11,2024,1000,4000,Rabi,3000,2678.6716114019778,2277.6119402985073,2626.972396486826,3859.0679611650485
Maharashtra,Ramtek,Onion,7,2023,2000,2400,Kharif,400,2678.6716114019778,3246.0169491525426,3044.2994875080076,3289.337912087912
Maharashtra,Nandurbar,Wheat,10,2023,2636,2860,Kharif,224,2816.3259195893925,2220.733333333333,3044.2994875080076,3462.48231511254
Maharashtra,Nagpur,Tomato,6,2023,3000,3500,Kharif,500,6168.357446808511,2756.266666666667,3044.2994875080076,2308.1819620253164
Maharashtra,Dhule,Wheat,7,2023,2100,2670,Kharif,570,2816.3259195893925,2516.8552631578946,3044.2994875080076,3289.337912087912
Maharashtra,Mangal Wedha,Wheat,7,2023,2710,2710,Kharif,0,2816.3259195893925,2928.322033898305,3044.2994875080076,3289.337912087912
Maharashtra,Junnar(Alephata),Onion,3,2024,800,2010,Rabi,1210,2678.6716114019778,3320.3846153846152,2626.972396486826,1861.5330739299611
Maharashtra,Junnar(Narayangaon),Potato,6,2024,2000,2800,Kharif,800,2183.5218855218855,2861.8518518518517,3044.2994875080076,2308.1819620253164
Maharashtra,Sangamner,Onion,9,2023,200,2525,Kharif,2325,2678.6716114019778,3329.057142857143,3044.2994875080076,3127.0038240917784
Maharashtra,Manmad,Onion,12,2023,1453,2700,Rabi,1247,2678.6716114019778,2515.4166666666665,2626.972396486826,2933.8104448742747
Maharashtra,Jamkhed,Onion,8,2024,500,3000,Kharif,2500,2678.6716114019778,2610.4651162790697,3044.2994875080076,3017.515397082658
Maharashtra,Pune(Manjri),Onion,11,2023,2200,4400,Rabi,2200,2678.6716114019778,2804.7619047619046,2626.972396486826,3859.0679611650485
Maharashtra,Kolhapur,Tomato,7,2023,2000,7000,Kharif,5000,6168.357446808511,3576.785714285714,3044.2994875080076,3289.337912087912
Maharashtra,Nampur,Onion,10,2023,300,3190,Kharif,2890,2678.6716114019778,2499.769230769231,3044.2994875080076,3462.48231511254
Maharashtra,Majalgaon,Wheat,6,2023,2300,3101,Kharif,801,2816.3259195893925,3154.5384615384614,3044.2994875080076,2308.1819620253164
Maharashtra,Manchar,Potato,2,2024,1000,1600,Rabi,600,2183.5218855218855,2335.757575757576,2626.972396486826,2104.9403341288785
Maharashtra,Pune(Khadiki),Potato,5,2024,1800,1800,Zaid,0,2183.5218855218855,2011.926605504587,1915.1666666666667,1988.592672413793
Maharashtra,Yeola,Onion,9,2023,341,2335,Kharif,1994,2678.6716114019778,2692.5254237288136,3044.2994875080076,3127.0038240917784
Maharashtra,Amalner,Wheat,2,2024,2901,3071,Rabi,170,2816.3259195893925,2787.5714285714284,2626.972396486826,2104.9403341288785
Maharashtra,Rahuri,Potato,5,2025,500,2000,Zaid,1500,2183.5218855218855,2826.0106382978724,1915.1666666666667,1988.592672413793
Maharashtra,Hinganghat,Wheat,8,2023,2150,2585,Kharif,435,2816.3259195893925,2467.7272727272725,3044.2994875080076,3017.515397082658
Maharashtra,Beed,Wheat,10,2023,2450,3350,Kharif,900,2816.3259195893925,3114.3636363636365,3044.2994875080076,3462.48231511254
Maharashtra,Bhusaval,Potato,8,2023,1500,1700,Kharif,200,2183.5218855218855,2348.8,3044.2994875080076,3017.515397082658
Maharashtra,Pimpalgaon Baswant(Saykheda),Onion,4,2025,925,1364,Zaid,439,2678.6716114019778,2602.5479452054797,1915.1666666666667,1829.9925
Maharashtra,Ramtek,Potato,1,2025,2000,2400,Rabi,400,2183.5218855218855,3246.0169491525426,2626.972396486826,2202.0962441314555
Maharashtra,Sindi(Selu),Wheat,10,2023,2200,2450,Kharif,250,2816.3259195893925,2372.222222222222,3044.2994875080076,3462.48231511254
Maharashtra,Pune(Khadiki),Potato,9,2023,1400,1900,Kharif,500,2183.5218855218855,2011.926605504587,3044.2994875080076,3127.0038240917784
Maharashtra,Nagpur,Wheat,11,2023,2570,2744,Rabi,174,2816.3259195893925,2756.266666666667,2626.972396486826,3859.0679611650485
Maharashtra,"Sangli(Phale, Bhajipura Market)",Onion,12,2023,1500,4200,Rabi,2700,2678.6716114019778,2561.711711711712,2626.972396486826,2933.8104448742747
Maharashtra,Chalisgaon,Wheat,7,2023,1950,2171,Kharif,221,2816.3259195893925,2719.05,3044.2994875080076,3289.337912087912
Maharashtra,Shevgaon,Onion,10,2024,700,2000,Kharif,1300,2678.6716114019778,2106.75,3044.2994875080076,3462.48231511254
Maharashtra,Baramati,Onion,1,2024,600,2400,Rabi,1800,2678.6716114019778,2769.054054054054,2626.972396486826,2202.0962441314555
Maharashtra,Newasa(Ghodegaon),Onion,8,2024,1000,3600,Kharif,2600,2678.6716114019778,2765.151515151515,3044.2994875080076,3017.515397082658
Maharashtra,Raver,Wheat,6,2023,2100,2240,Kharif,140,2816.3259195893925,2602.769230769231,3044.2994875080076,2308.1819620253164
Maharashtra,Akola,Wheat,10,2023,2300,2655,Kharif,355,2816.3259195893925,2421.8840579710145,3044.2994875080076,3462.48231511254
Maharashtra,Devala,Onion,1,2024,200,1965,Rabi,1765,2678.6716114019778,2586.3793103448274,2626.972396486826,2202.0962441314555
Maharashtra,Khed(Chakan),Onion,8,2023,800,1600,Kharif,800,2678.6716114019778,2519.4174757281553,3044.2994875080076,3017.515397082658
Maharashtra,Vadgaonpeth,Onion,3,2025,2500,3400,Rabi,900,2678.6716114019778,2767.5675675675675,2626.972396486826,1861.5330739299611
Maharashtra,Nasik,Potato,8,2023,1150,1500,Kharif,350,2183.5218855218855,2656.4253731343283,3044.2994875080076,3017.515397082658
Maharashtra,Amalner,Wheat,12,2023,2401,2700,Rabi,299,2816.3259195893925,2787.5714285714284,2626.972396486826,2933.8104448742747
Maharashtra,Wardha,Wheat,8,2023,2310,2450,Kharif,140,2816.3259195893925,2226.3333333333335,3044.2994875080076,3017.515397082658
Maharashtra,Vashi New Mumbai,Potato,5,2024,1700,2300,Zaid,600,2183.5218855218855,2508.130081300813,1915.1666666666667,1988.592672413793
Maharashtra,Junnar,Onion,3,2024,800,1860,Rabi,1060,2678.6716114019778,2172.0833333333335,2626.972396486826,1861.5330739299611
Maharashtra,Ulhasnagar,Wheat,6,2023,3200,3600,Kharif,400,2816.3259195893925,3895.8333333333335,3044.2994875080076,2308.1819620253164
Maharashtra,Shirpur,Onion,1,2024,300,2400,Rabi,2100,2678.6716114019778,2791.733333333333,2626.972396486826,2202.0962441314555
Maharashtra,Ahmednagar,Potato,3,2024,600,2000,Rabi,1400,2183.5218855218855,2678.2608695652175,2626.972396486826,1861.5330739299611
Maharashtra,Kalyan,Onion,9,2024,3800,4000,Kharif,200,2678.6716114019778,2589.4736842105262,3044.2994875080076,3127.0038240917784
Maharashtra,Lasalgaon,Onion,11,2024,2001,4800,Rabi,2799,2678.6716114019778,2867.190476190476,2626.972396486826,3859.0679611650485
Maharashtra,Shevgaon(Bodhegaon),Wheat,6,2023,2150,2300,Kharif,150,2816.3259195893925,2473.684210526316,3044.2994875080076,2308.1819620253164
Maharashtra,Vita,Onion,5,2025,500,1300,Zaid,800,2678.6716114019778,2686.9565217391305,1915.1666666666667,1988.592672413793
Maharashtra,Jalgaon,Potato,9,2023,1000,1400,Kharif,400,2183.5218855218855,2410.159420289855,3044.2994875080076,3127.0038240917784
Maharashtra,Nasik,Potato,2,2024,1050,1650,Rabi,600,2183.5218855218855,2656.4253731343283,2626.972396486826,2104.9403341288785
Maharashtra,Khed(Chakan),Potato,12,2023,1200,1600,Rabi,400,2183.5218855218855,2519.4174757281553,2626.972396486826,2933.8104448742747
Maharashtra,Pune(Khadiki),Potato,12,2024,1700,2000,Rabi,300,2183.5218855218855,2011.926605504587,2626.972396486826,2933.8104448742747
Maharashtra,Vashi New Mumbai,Potato,1,2025,1200,2000,Rabi,800,2183.5218855218855,2508.130081300813,2626.972396486826,2202.0962441314555
Maharashtra,Kalvan,Onion,6,2023,200,1400,Kharif,1200,2678.6716114019778,2726.1132075471696,3044.2994875080076,2308.1819620253164
Maharashtra,Nasik,Potato,1,2024,850,1500,Rabi,650,2183.5218855218855,2656.4253731343283,2626.972396486826,2202.0962441314555
Maharashtra,Nasik,Tomato,7,2023,1000,9000,Kharif,8000,6168.357446808511,2656.4253731343283,3044.2994875080076,3289.337912087912
Maharashtra,Shevgaon,Wheat,11,2023,2550,3000,Rabi,450,2816.3259195893925,2106.75,2626.972396486826,3859.0679611650485
Maharashtra,Telhara,Wheat,9,2023,2275,2400,Kharif,125,2816.3259195893925,2441.0,3044.2994875080076,3127.0038240917784
Maharashtra,Nasik,Potato,8,2024,2300,3050,Kharif,750,2183.5218855218855,2656.4253731343283,3044.2994875080076,3017.515397082658
Maharashtra,Pune(Pimpri),Onion,11,2024,1000,6000,Rabi,5000,2678.6716114019778,2966.2162162162163,2626.972396486826,3859.0679611650485
Maharashtra,Bhusaval,Onion,4,2024,1000,1500,Zaid,500,2678.6716114019778,2348.8,1915.1666666666667,1829.9925
Maharashtra,Sakri,Onion,11,2023,2500,3785,Rabi,1285,2678.6716114019778,2829.8611111111113,2626.972396486826,3859.0679611650485
Maharashtra,Pimpalgaon,Onion,3,2025,450,1741,Rabi,1291,2678.6716114019778,3416.065934065934,2626.972396486826,1861.5330739299611
Maharashtra,Junnar(Narayangaon),Potato,7,2023,1500,1800,Kharif,300,2183.5218855218855,2861.8518518518517,3044.2994875080076,3289.337912087912
Maharashtra,Rahata,Wheat,12,2023,2670,2881,Rabi,211,2816.3259195893925,2600.863309352518,2626.972396486826,2933.8104448742747
Maharashtra,Nasik,Onion,2,2025,1400,3850,Rabi,2450,2678.6716114019778,2656.4253731343283,2626.972396486826,2104.9403341288785
Maharashtra,Pune(Khadiki),Potato,12,2024,2000,2400,Rabi,400,2183.5218855218855,2011.926605504587,2626.972396486826,2933.8104448742747
Maharashtra,Lasalgaon(Vinchur),Onion,11,2023,3000,4501,Rabi,1501,2678.6716114019778,2574.311320754717,2626.972396486826,3859.0679611650485
Maharashtra,Satara,Potato,4,2024,2000,2700,Zaid,700,2183.5218855218855,2750.0,1915.1666666666667,1829.9925
Maharashtra,Pune(Moshi),Onion,4,2025,400,1400,Zaid,1000,2678.6716114019778,2277.6119402985073,1915.1666666666667,1829.9925
Maharashtra,Sangli,Wheat,8,2023,2900,3800,Kharif,900,2816.3259195893925,4790.625,3044.2994875080076,3017.515397082658
Maharashtra,Umared,Wheat,9,2023,2000,3000,Kharif,1000,2816.3259195893925,2960.0,3044.2994875080076,3127.0038240917784
Maharashtra,Sangamner,Onion,6,2023,200,1475,Kharif,1275,2678.6716114019778,3329.057142857143,3044.2994875080076,2308.1819620253164
Maharashtra,Rahata,Onion,2,2025,350,2800,Rabi,2450,2678.6716114019778,2600.863309352518,2626.972396486826,2104.9403341288785
Maharashtra,Shrirampur,Potato,5,2024,2100,2700,Zaid,600,2183.5218855218855,2334.11,1915.1666666666667,1988.592672413793
Maharashtra,Lasalgaon(Niphad),Onion,10,2024,2200,4700,Kharif,2500,2678.6716114019778,2520.8804347826085,3044.2994875080076,3462.48231511254
Maharashtra,Akluj,Potato,2,2024,1400,1800,Rabi,400,2183.5218855218855,2208.2716049382716,2626.972396486826,2104.9403341288785
Maharashtra,Vashi New Mumbai,Potato,6,2023,1100,1700,Kharif,600,2183.5218855218855,2508.130081300813,3044.2994875080076,2308.1819620253164
Maharashtra,"Sangli(Phale, Bhajipura Market)",Potato,9,2024,1500,3100,Kharif,1600,2183.5218855218855,2561.711711711712,3044.2994875080076,3127.0038240917784
Maharashtra,Lasalgaon,Onion,3,2025,800,1800,Rabi,1000,2678.6716114019778,2867.190476190476,2626.972396486826,1861.5330739299611
Maharashtra,Rahata,Wheat,7,2023,2100,2450,Kharif,350,2816.3259195893925,2600.863309352518,3044.2994875080076,3289.337912087912
Maharashtra,Akola,Potato,2,2024,800,1600,Rabi,800,2183.5218855218855,2421.8840579710145,2626.972396486826,2104.9403341288785
Maharashtra,Chandvad,Onion,1,2024,400,1400,Rabi,1000,2678.6716114019778,3065.671875,2626.972396486826,2202.0962441314555
Maharashtra,Dound,Wheat,1,2024,2200,3000,Rabi,800,2816.3259195893925,2757.5714285714284,2626.972396486826,2202.0962441314555
Maharashtra,Pen,Onion,6,2023,1600,1800,Kharif,200,2678.6716114019778,2790.909090909091,3044.2994875080076,2308.1819620253164
Maharashtra,Rahata,Potato,9,2024,2800,3100,Kharif,300,2183.5218855218855,2600.863309352518,3044.2994875080076,3127.0038240917784
Maharashtra,Yeola,Onion,12,2023,700,2075,Rabi,1375,2678.6716114019778,2692.5254237288136,2626.972396486826,2933.8104448742747
Maharashtra,Yeola,Onion,11,2024,500,3976,Rabi,3476,2678.6716114019778,2692.5254237288136,2626.972396486826,3859.0679611650485
Maharashtra,Mankamneshwar Farmar Producer CoLtd Sanchalit Mank,Onion,6,2023,501,776,Kharif,275,2678.6716114019778,2072.0666666666666,3044.2994875080076,2308.1819620253164
Maharashtra,Lasalgaon(Niphad),Wheat,7,2023,2251,2313,Kharif,62,2816.3259195893925,2520.8804347826085,3044.2994875080076,3289.337912087912
Maharashtra,Parner,Onion,5,2024,300,2200,Zaid,1900,2678.6716114019778,2909.6153846153848,1915.1666666666667,1988.592672413793
Maharashtra,Navapur,Wheat,11,2023,2300,2500,Rabi,200,2816.3259195893925,2945.5882352941176,2626.972396486826,3859.0679611650485
Maharashtra,Lonand,Onion,11,2024,1500,5300,Rabi,3800,2678.6716114019778,2603.235294117647,2626.972396486826,3859.0679611650485
Maharashtra,Nandurbar,Wheat,6,2023,2190,2620,Kharif,430,2816.3259195893925,2220.733333333333,3044.2994875080076,2308.1819620253164
Maharashtra,Manmad,Onion,12,2024,400,4360,Rabi,3960,2678.6716114019778,2515.4166666666665,2626.972396486826,2933.8104448742747
Maharashtra,Pimpalgaon Baswant(Saykheda),Onion,8,2024,2000,4000,Kharif,2000,2678.6716114019778,2602.5479452054797,3044.2994875080076,3017.515397082658
Maharashtra,Chandrapur(Ganjwad),Potato,8,2023,1200,1500,Kharif,300,2183.5218855218855,2858.8607594936707,3044.2994875080076,3017.515397082658
Maharashtra,Sinner,Wheat,8,2023,2455,2590,Kharif,135,2816.3259195893925,2542.6071428571427,3044.2994875080076,3017.515397082658
Maharashtra,Dindori(Vani),Onion,2,2024,900,1600,Rabi,700,2678.6716114019778,2426.6388888888887,2626.972396486826,2104.9403341288785
Maharashtra,Nagpur,Potato,2,2024,1000,1500,Rabi,500,2183.5218855218855,2756.266666666667,2626.972396486826,2104.9403341288785
Maharashtra,Nandgaon,Onion,10,2023,450,2355,Kharif,1905,2678.6716114019778,2752.116666666667,3044.2994875080076,3462.48231511254
Maharashtra,Bhusaval,Onion,5,2024,1200,1700,Zaid,500,2678.6716114019778,2348.8,1915.1666666666667,1988.592672413793
Maharashtra,Akola,Wheat,12,2023,3100,3800,Rabi,700,2816.3259195893925,2421.8840579710145,2626.972396486826,2933.8104448742747
Maharashtra,Karjat(Raigad),Onion,9,2023,500,2300,Kharif,1800,2678.6716114019778,2770.2380952380954,3044.2994875080076,3127.0038240917784
Maharashtra,Junnar(Narayangaon),Onion,1,2024,300,2000,Rabi,1700,2678.6716114019778,2861.8518518518517,2626.972396486826,2202.0962441314555
Maharashtra,Nagpur,Onion,6,2025,1000,1800,Kharif,800,2678.6716114019778,2756.266666666667,3044.2994875080076,2308.1819620253164
Maharashtra,Sangamner,Tomato,7,2023,1500,7500,Kharif,6000,6168.357446808511,3329.057142857143,3044.2994875080076,3289.337912087912
Maharashtra,Akluj,Onion,8,2024,1500,5500,Kharif,4000,2678.6716114019778,2208.2716049382716,3044.2994875080076,3017.515397082658
Maharashtra,Yawal,Onion,5,2024,1370,1840,Zaid,470,2678.6716114019778,1866.578947368421,1915.1666666666667,1988.592672413793
Maharashtra,Lasalgaon(Niphad),Onion,11,2024,3000,4901,Rabi,1901,2678.6716114019778,2520.8804347826085,2626.972396486826,3859.0679611650485
Maharashtra,Rahata,Potato,2,2024,1100,1450,Rabi,350,2183.5218855218855,2600.863309352518,2626.972396486826,2104.9403341288785
Maharashtra,Baramati,Wheat,6,2023,2100,2500,Kharif,400,2816.3259195893925,2769.054054054054,3044.2994875080076,2308.1819620253164
Maharashtra,Malharshree Farmers Producer Co Ltd,Onion,7,2023,310,1395,Kharif,1085,2678.6716114019778,3063.2,3044.2994875080076,3289.337912087912
Maharashtra,Solapur,Onion,9,2024,500,5500,Kharif,5000,2678.6716114019778,3247.752808988764,3044.2994875080076,3127.0038240917784
Maharashtra,Solapur,Onion,10,2024,200,5600,Kharif,5400,2678.6716114019778,3247.752808988764,3044.2994875080076,3462.48231511254
Maharashtra,Karad,Onion,8,2024,2000,4200,Kharif,2200,2678.6716114019778,2862.31884057971,3044.2994875080076,3017.515397082658
Maharashtra,Vai,Onion,8,2024,2500,4500,Kharif,2000,2678.6716114019778,3070.7865168539324,3044.2994875080076,3017.515397082658
Maharashtra,Rahata,Wheat,1,2024,2461,2850,Rabi,389,2816.3259195893925,2600.863309352518,2626.972396486826,2202.0962441314555
Maharashtra,Shevgaon,Onion,4,2024,700,900,Zaid,200,2678.6716114019778,2106.75,1915.1666666666667,1829.9925
Maharashtra,Lasalgaon(Niphad),Onion,7,2023,400,1325,Kharif,925,2678.6716114019778,2520.8804347826085,3044.2994875080076,3289.337912087912
Maharashtra,Vadgaonpeth,Onion,3,2024,1000,2500,Rabi,1500,2678.6716114019778,2767.5675675675675,2626.972396486826,1861.5330739299611
Maharashtra,Shirpur,Onion,11,2023,1500,3700,Rabi,2200,2678.6716114019778,2791.733333333333,2626.972396486826,3859.0679611650485
Maharashtra,Barshi(Vairag),Wheat,10,2023,2201,3150,Kharif,949,2816.3259195893925,2469.0,3044.2994875080076,3462.48231511254
Maharashtra,Lasalgaon,Onion,5,2024,700,2301,Zaid,1601,2678.6716114019778,2867.190476190476,1915.1666666666667,1988.592672413793
Maharashtra,Rahata,Wheat,12,2023,2400,2851,Rabi,451,2816.3259195893925,2600.863309352518,2626.972396486826,2933.8104448742747
Maharashtra,Umrane,Onion,6,2025,700,1661,Kharif,961,2678.6716114019778,2608.282608695652,3044.2994875080076,2308.1819620253164
Maharashtra,"Sangli(Phale, Bhajipura Market)",Onion,7,2023,400,1700,Kharif,1300,2678.6716114019778,2561.711711711712,3044.2994875080076,3289.337912087912
Maharashtra,Junnar(Alephata),Onion,7,2024,1100,3210,Kharif,2110,2678.6716114019778,3320.3846153846152,3044.2994875080076,3289.337912087912
Maharashtra,Shrirampur,Potato,3,2024,1400,1600,Rabi,200,2183.5218855218855,2334.11,2626.972396486826,1861.5330739299611
Maharashtra,Pune(Khadiki),Potato,3,2025,700,1300,Rabi,600,2183.5218855218855,2011.926605504587,2626.972396486826,1861.5330739299611
Maharashtra,Khed(Chakan),Tomato,7,2023,5000,7500,Kharif,2500,6168.357446808511,2519.4174757281553,3044.2994875080076,3289.337912087912
Maharashtra,Bhusaval,Potato,9,2024,2000,2700,Kharif,700,2183.5218855218855,2348.8,3044.2994875080076,3127.0038240917784
Maharashtra,Kalvan,Onion,2,2025,1375,2785,Rabi,1410,2678.6716114019778,2726.1132075471696,2626.972396486826,2104.9403341288785
Maharashtra,Dindori(Vani),Onion,12,2023,1250,2050,Rabi,800,2678.6716114019778,2426.6388888888887,2626.972396486826,2933.8104448742747
Maharashtra,Pune(Moshi),Potato,3,2024,800,1200,Rabi,400,2183.5218855218855,2277.6119402985073,2626.972396486826,1861.5330739299611
Maharashtra,Amrawati(Frui & Veg. Market),Potato,3,2024,800,1700,Rabi,900,2183.5218855218855,2546.923076923077,2626.972396486826,1861.5330739299611
Maharashtra,Junnar(Alephata),Onion,7,2023,800,1850,Kharif,1050,2678.6716114019778,3320.3846153846152,3044.2994875080076,3289.337912087912
Maharashtra,Karad,Onion,3,2024,500,1800,Rabi,1300,2678.6716114019778,2862.31884057971,2626.972396486826,1861.5330739299611
Maharashtra,Shrigonda,Onion,3,2025,700,2500,Rabi,1800,2678.6716114019778,2012.5,2626.972396486826,1861.5330739299611
Maharashtra,Shrirampur,Potato,4,2024,1800,2200,Zaid,400,2183.5218855218855,2334.11,1915.1666666666667,1829.9925
Maharashtra,Lasalgaon,Onion,1,2024,600,1375,Rabi,775,2678.6716114019778,2867.190476190476,2626.972396486826,2202.0962441314555
Maharashtra,Junnar,Onion,3,2025,800,2000,Rabi,1200,2678.6716114019778,2172.0833333333335,2626.972396486826,1861.5330739299611
Maharashtra,Mankamneshwar Farmar Producer CoLtd Sanchalit Mank,Onion,6,2023,352,1100,Kharif,748,2678.6716114019778,2072.0666666666666,3044.2994875080076,2308.1819620253164
Maharashtra,"Sangli(Phale, Bhajipura Market)",Onion,4,2024,300,1650,Zaid,1350,2678.6716114019778,2561.711711711712,1915.1666666666667,1829.9925
Maharashtra,Katol,Wheat,2,2024,2500,2711,Rabi,211,2816.3259195893925,2448.962962962963,2626.972396486826,2104.9403341288785
Maharashtra,Vashi New Mumbai,Onion,5,2024,1300,1900,Zaid,600,2678.6716114019778,2508.130081300813,1915.1666666666667,1988.592672413793
Maharashtra,Parner,Onion,9,2024,1500,5350,Kharif,3850,2678.6716114019778,2909.6153846153848,3044.2994875080076,3127.0038240917784
Maharashtra,Pune(Moshi),Onion,8,2023,1000,2500,Kharif,1500,2678.6716114019778,2277.6119402985073,3044.2994875080076,3017.515397082658
Maharashtra,Amrawati(Frui & Veg. Market),Onion,5,2025,400,1300,Zaid,900,2678.6716114019778,2546.923076923077,1915.1666666666667,1988.592672413793
Maharashtra,Malegaon,Wheat,11,2023,2791,3153,Rabi,362,2816.3259195893925,2828.2608695652175,2626.972396486826,3859.0679611650485
Maharashtra,Chandvad,Onion,3,2024,600,1523,Rabi,923,2678.6716114019778,3065.671875,2626.972396486826,1861.5330739299611
Maharashtra,Jalgaon,Onion,2,2025,650,2605,Rabi,1955,2678.6716114019778,2410.159420289855,2626.972396486826,2104.9403341288785
Maharashtra,Karad,Tomato,6,2023,1500,2000,Kharif,500,6168.357446808511,2862.31884057971,3044.2994875080076,2308.1819620253164
Maharashtra,Khed(Chakan),Potato,12,2024,2000,3500,Rabi,1500,2183.5218855218855,2519.4174757281553,2626.972396486826,2933.8104448742747
Maharashtra,Pimpalgaon,Onion,4,2025,550,1300,Zaid,750,2678.6716114019778,3416.065934065934,1915.1666666666667,1829.9925
Maharashtra,Kalvan,Onion,10,2024,2100,4700,Kharif,2600,2678.6716114019778,2726.1132075471696,3044.2994875080076,3462.48231511254
Maharashtra,Rahuri,Onion,3,2024,100,1900,Rabi,1800,2678.6716114019778,2826.0106382978724,2626.972396486826,1861.5330739299611
Maharashtra,Solapur,Onion,10,2023,500,6000,Kharif,5500,2678.6716114019778,3247.752808988764,3044.2994875080076,3462.48231511254
Maharashtra,Shirpur,Onion,9,2024,1499,2609,Kharif,1110,2678.6716114019778,2791.733333333333,3044.2994875080076,3127.0038240917784
Maharashtra,Islampur,Potato,3,2024,1800,2500,Rabi,700,2183.5218855218855,2422.7272727272725,2626.972396486826,1861.5330739299611
Maharashtra,Nandgaon,Onion,9,2024,1240,4503,Kharif,3263,2678.6716114019778,2752.116666666667,3044.2994875080076,3127.0038240917784
Maharashtra,Akola,Potato,12,2024,1200,2000,Rabi,800,2183.5218855218855,2421.8840579710145,2626.972396486826,2933.8104448742747
Maharashtra,Umrane,Onion,1,2024,751,2067,Rabi,1316,2678.6716114019778,2608.282608695652,2626.972396486826,2202.0962441314555
Maharashtra,Akola,Potato,11,2024,2000,2700,Rabi,700,2183.5218855218855,2421.8840579710145,2626.972396486826,3859.0679611650485
Maharashtra,Manmad,Wheat,11,2023,2581,3200,Rabi,619,2816.3259195893925,2515.4166666666665,2626.972396486826,3859.0679611650485
Maharashtra,Ramtek,Tomato,7,2023,10000,12000,Kharif,2000,6168.357446808511,3246.0169491525426,3044.2994875080076,3289.337912087912
Maharashtra,Rahata,Onion,12,2023,400,2500,Rabi,2100,2678.6716114019778,2600.863309352518,2626.972396486826,2933.8104448742747
Maharashtra,Jalgaon,Potato,11,2024,1700,2100,Rabi,400,2183.5218855218855,2410.159420289855,2626.972396486826,3859.0679611650485
Maharashtra,Akola,Potato,9,2024,2000,2800,Kharif,800,2183.5218855218855,2421.8840579710145,3044.2994875080076,3127.0038240917784
Maharashtra,Ashti(Karanja),Wheat,6,2023,2100,2300,Kharif,200,2816.3259195893925,2250.0,3044.2994875080076,2308.1819620253164
Maharashtra,Pune(Manjri),Potato,5,2025,1500,2200,Zaid,700,2183.5218855218855,2804.7619047619046,1915.1666666666667,1988.592672413793
Maharashtra,Pimpalgaon,Onion,8,2024,1300,4126,Kharif,2826,2678.6716114019778,3416.065934065934,3044.2994875080076,3017.515397082658
Maharashtra,Nandgaon,Onion,10,2023,374,5100,Kharif,4726,2678.6716114019778,2752.116666666667,3044.2994875080076,3462.48231511254
Maharashtra,Tumsar,Wheat,12,2023,2200,2200,Rabi,0,2816.3259195893925,2576.0833333333335,2626.972396486826,2933.8104448742747
Maharashtra,Jalgaon,Onion,10,2024,750,3375,Kharif,2625,2678.6716114019778,2410.159420289855,3044.2994875080076,3462.48231511254
Maharashtra,Palghar,Wheat,1,2024,3025,3025,Rabi,0,2816.3259195893925,3742.5384615384614,2626.972396486826,2202.0962441314555
Maharashtra,Pimpalgaon,Onion,6,2024,800,2714,Kharif,1914,2678.6716114019778,3416.065934065934,3044.2994875080076,2308.1819620253164
Maharashtra,Junnar(Narayangaon),Onion,11,2023,1000,4000,Rabi,3000,2678.6716114019778,2861.8518518518517,2626.972396486826,3859.0679611650485
Maharashtra,Lasalgaon(Vinchur),Onion,5,2025,500,1491,Zaid,991,2678.6716114019778,2574.311320754717,1915.1666666666667,1988.592672413793
Maharashtra,Dhule,Wheat,7,2023,2000,2660,Kharif,660,2816.3259195893925,2516.8552631578946,3044.2994875080076,3289.337912087912
Maharashtra,Chandrapur(Ganjwad),Onion,8,2023,2400,4500,Kharif,2100,2678.6716114019778,2858.8607594936707,3044.2994875080076,3017.515397082658
Maharashtra,Katol,Wheat,10,2023,2460,2539,Kharif,79,2816.3259195893925,2448.962962962963,3044.2994875080076,3462.48231511254
Maharashtra,Pune(Manjri),Onion,8,2023,1700,2000,Kharif,300,2678.6716114019778,2804.7619047619046,3044.2994875080076,3017.515397082658
Maharashtra,Rahuri,Potato,9,2023,1400,2000,Kharif,600,2183.5218855218855,2826.0106382978724,3044.2994875080076,3127.0038240917784
Maharashtra,Pune(Moshi),Potato,12,2023,700,1500,Rabi,800,2183.5218855218855,2277.6119402985073,2626.972396486826,2933.8104448742747
Maharashtra,Morshi,Wheat,11,2023,2300,2550,Rabi,250,2816.3259195893925,2524.375,2626.972396486826,3859.0679611650485
Maharashtra,Bhusaval,Tomato,6,2023,2500,3300,Kharif,800,6168.357446808511,2348.8,3044.2994875080076,2308.1819620253164
Maharashtra,Rahata,Potato,9,2023,500,1700,Kharif,1200,2183.5218855218855,2600.863309352518,3044.2994875080076,3127.0038240917784
Maharashtra,Devala,Onion,11,2024,1400,4400,Rabi,3000,2678.6716114019778,2586.3793103448274,2626.972396486826,3859.0679611650485
Maharashtra,Shrirampur,Potato,5,2025,1600,2200,Zaid,600,2183.5218855218855,2334.11,1915.1666666666667,1988.592672413793
Maharashtra,Nandgaon,Wheat,7,2023,2198,2886,Kharif,688,2816.3259195893925,2752.116666666667,3044.2994875080076,3289.337912087912
Maharashtra,Chandur Bazar,Wheat,10,2023,2200,2450,Kharif,250,2816.3259195893925,2503.3333333333335,3044.2994875080076,3462.48231511254
Maharashtra,Karmala,Wheat,7,2023,2300,2811,Kharif,511,2816.3259195893925,2593.1666666666665,3044.2994875080076,3289.337912087912
Maharashtra,Akola,Onion,10,2024,1500,3000,Kharif,1500,2678.6716114019778,2421.8840579710145,3044.2994875080076,3462.48231511254
Maharashtra,Lasalgaon(Vinchur),Onion,7,2024,1000,3001,Kharif,2001,2678.6716114019778,2574.311320754717,3044.2994875080076,3289.337912087912
Maharashtra,Yeola,Onion,4,2024,375,1414,Zaid,1039,2678.6716114019778,2692.5254237288136,1915.1666666666667,1829.9925
Maharashtra,Bhusaval,Potato,11,2023,1500,2000,Rabi,500,2183.5218855218855,2348.8,2626.972396486826,3859.0679611650485
Maharashtra,Shivsiddha Govind Producer Company Limited Sanchal,Onion,9,2024,3800,4500,Kharif,700,2678.6716114019778,3288.75,3044.2994875080076,3127.0038240917784
Maharashtra,Shrirampur,Potato,8,2023,1000,1200,Kharif,200,2183.5218855218855,2334.11,3044.2994875080076,3017.515397082658
Maharashtra,Pimpalgaon,Onion,11,2024,3100,4226,Rabi,1126,2678.6716114019778,3416.065934065934,2626.972396486826,3859.0679611650485
Maharashtra,"Sangli(Phale, Bhajipura Market)",Potato,6,2023,1400,1900,Kharif,500,2183.5218855218855,2561.711711711712,3044.2994875080076,2308.1819620253164
Maharashtra,Hingna,Potato,1,2025,2500,3000,Rabi,500,2183.5218855218855,2675.875,2626.972396486826,2202.0962441314555
Maharashtra,Nandgaon,Onion,2,2024,110,1213,Rabi,1103,2678.6716114019778,2752.116666666667,2626.972396486826,2104.9403341288785
Maharashtra,Khed(Chakan),Potato,12,2024,1500,2300,Rabi,800,2183.5218855218855,2519.4174757281553,2626.972396486826,2933.8104448742747
Maharashtra,Pune(Moshi),Potato,11,2023,700,1000,Rabi,300,2183.5218855218855,2277.6119402985073,2626.972396486826,3859.0679611650485
Maharashtra,Lasalgaon,Onion,5,2025,600,1881,Zaid,1281,2678.6716114019778,2867.190476190476,1915.1666666666667,1988.592672413793
Maharashtra,Solapur,Potato,1,2024,700,1700,Rabi,1000,2183.5218855218855,3247.752808988764,2626.972396486826,2202.0962441314555
Maharashtra,Khed(Chakan),Potato,3,2024,1200,2000,Rabi,800,2183.5218855218855,2519.4174757281553,2626.972396486826,1861.5330739299611
Maharashtra,Dondaicha,Wheat,7,2023,2100,2511,Kharif,411,2816.3259195893925,2795.7727272727275,3044.2994875080076,3289.337912087912
Maharashtra,Nagpur,Onion,10,2023,2000,2800,Kharif,800,2678.6716114019778,2756.266666666667,3044.2994875080076,3462.48231511254
Maharashtra,Malegaon,Wheat,1,2024,2500,2820,Rabi,320,2816.3259195893925,2828.2608695652175,2626.972396486826,2202.0962441314555
Maharashtra,Vai,Potato,10,2024,2500,3500,Kharif,1000,2183.5218855218855,3070.7865168539324,3044.2994875080076,3462.48231511254
Maharashtra,Nasik,Onion,9,2024,3200,4500,Kharif,1300,2678.6716114019778,2656.4253731343283,3044.2994875080076,3127.0038240917784
Maharashtra,Pune(Pimpri),Onion,8,2023,1100,1600,Kharif,500,2678.6716114019778,2966.2162162162163,3044.2994875080076,3017.515397082658
Maharashtra,Manchar,Potato,5,2025,160,160,Zaid,0,2183.5218855218855,2335.757575757576,1915.1666666666667,1988.592672413793
Maharashtra,Dhule,Onion,7,2023,150,1340,Kharif,1190,2678.6716114019778,2516.8552631578946,3044.2994875080076,3289.337912087912
Maharashtra,Pune(Khadiki),Potato,7,2024,2200,2200,Kharif,0,2183.5218855218855,2011.926605504587,3044.2994875080076,3289.337912087912
Maharashtra,Pune(Khadiki),Potato,10,2024,1800,2200,Kharif,400,2183.5218855218855,2011.926605504587,3044.2994875080076,3462.48231511254
Maharashtra,Solapur,Potato,7,2023,700,2350,Kharif,1650,2183.5218855218855,3247.752808988764,3044.2994875080076,3289.337912087912
Maharashtra,Lasalgaon(Niphad),Onion,7,2024,1800,2911,Kharif,1111,2678.6716114019778,2520.8804347826085,3044.2994875080076,3289.337912087912
Maharashtra,Kalyan,Potato,4,2024,2000,2200,Zaid,200,2183.5218855218855,2589.4736842105262,1915.1666666666667,1829.9925
Maharashtra,Nampur,Onion,2,2025,300,2560,Rabi,2260,2678.6716114019778,2499.769230769231,2626.972396486826,2104.9403341288785
Maharashtra,Chalisgaon,Wheat,6,2023,2100,3000,Kharif,900,2816.3259195893925,2719.05,3044.2994875080076,2308.1819620253164
Maharashtra,Laxmi Sopan Agriculture Produce Marketing Co Ltd,Onion,8,2023,500,2025,Kharif,1525,2678.6716114019778,2508.3928571428573,3044.2994875080076,3017.515397082658
Maharashtra,Amrawati(Frui & Veg. Market),Tomato,8,2023,2000,2500,Kharif,500,6168.357446808511,2546.923076923077,3044.2994875080076,3017.515397082658
Maharashtra,Sakri,Onion,7,2024,1500,2700,Kharif,1200,2678.6716114019778,2829.8611111111113,3044.2994875080076,3289.337912087912
Maharashtra,Karjat(Raigad),Rice,4,2025,4100,5800,Zaid,1700,4928.92,2770.2380952380954,1915.1666666666667,1829.9925
Maharashtra,Solapur,Potato,7,2023,900,1450,Kharif,550,2183.5218855218855,3247.752808988764,3044.2994875080076,3289.337912087912
Maharashtra,Chandvad,Onion,7,2024,1201,3337,Kharif,2136,2678.6716114019778,3065.671875,3044.2994875080076,3289.337912087912
Maharashtra,Vadgaonpeth,Onion,11,2024,2100,4000,Rabi,1900,2678.6716114019778,2767.5675675675675,2626.972396486826,3859.0679611650485
Maharashtra,Junnar(Otur),Potato,3,2025,500,1400,Rabi,900,2183.5218855218855,2554.5283018867926,2626.972396486826,1861.5330739299611
Maharashtra,Yeola,Onion,11,2023,1000,3751,Rabi,2751,2678.6716114019778,2692.5254237288136,2626.972396486826,3859.0679611650485
Maharashtra,Kopargaon,Onion,5,2024,500,2050,Zaid,1550,2678.6716114019778,2558.2608695652175,1915.1666666666667,1988.592672413793
Maharashtra,Lasalgaon,Onion,4,2025,500,1301,Zaid,801,2678.6716114019778,2867.190476190476,1915.1666666666667,1829.9925
Maharashtra,Kolhapur,Onion,3,2024,600,1900,Rabi,1300,2678.6716114019778,3576.785714285714,2626.972396486826,1861.5330739299611
Maharashtra,Jalgaon,Onion,4,2024,500,1250,Zaid,750,2678.6716114019778,2410.159420289855,1915.1666666666667,1829.9925
Maharashtra,Akluj,Potato,12,2024,2700,3000,Rabi,300,2183.5218855218855,2208.2716049382716,2626.972396486826,2933.8104448742747
Maharashtra,Solapur,Onion,12,2023,100,3500,Rabi,3400,2678.6716114019778,3247.752808988764,2626.972396486826,2933.8104448742747
Maharashtra,Nampur,Onion,11,2023,435,4205,Rabi,3770,2678.6716114019778,2499.769230769231,2626.972396486826,3859.0679611650485
Maharashtra,Nandurbar,Wheat,8,2023,2370,2576,Kharif,206,2816.3259195893925,2220.733333333333,3044.2994875080076,3017.515397082658
Maharashtra,"Sangli(Phale, Bhajipura Market)",Onion,9,2023,400,2400,Kharif,2000,2678.6716114019778,2561.711711711712,3044.2994875080076,3127.0038240917784
Maharashtra,Kopargaon,Onion,2,2024,500,1400,Rabi,900,2678.6716114019778,2558.2608695652175,2626.972396486826,2104.9403341288785
Maharashtra,Sangamner,Tomato,7,2023,2000,10000,Kharif,8000,6168.357446808511,3329.057142857143,3044.2994875080076,3289.337912087912
Maharashtra,Nagpur,Onion,11,2024,2500,5000,Rabi,2500,2678.6716114019778,2756.266666666667,2626.972396486826,3859.0679611650485
Maharashtra,Lasalgaon(Niphad),Onion,1,2024,800,1349,Rabi,549,2678.6716114019778,2520.8804347826085,2626.972396486826,2202.0962441314555
Maharashtra,Hingna,Potato,2,2025,1700,2000,Rabi,300,2183.5218855218855,2675.875,2626.972396486826,2104.9403341288785
Maharashtra,Lasalgaon,Onion,10,2023,3400,3800,Kharif,400,2678.6716114019778,2867.190476190476,3044.2994875080076,3462.48231511254
Maharashtra,Manmad,Onion,10,2024,500,3400,Kharif,2900,2678.6716114019778,2515.4166666666665,3044.2994875080076,3462.48231511254
Maharashtra,Nasik,Onion,8,2023,500,2400,Kharif,1900,2678.6716114019778,2656.4253731343283,3044.2994875080076,3017.515397082658
Maharashtra,Shahada,Wheat,6,2023,2100,2520,Kharif,420,2816.3259195893925,2744.6111111111113,3044.2994875080076,2308.1819620253164
Maharashtra,Shree Rameshwar Krushi Market,Onion,7,2023,151,2121,Kharif,1970,2678.6716114019778,3118.64,3044.2994875080076,3289.337912087912
Maharashtra,Amalner,Wheat,1,2024,2200,2781,Rabi,581,2816.3259195893925,2787.5714285714284,2626.972396486826,2202.0962441314555
Maharashtra,Pathardi,Onion,6,2025,100,2000,Kharif,1900,2678.6716114019778,2397.093023255814,3044.2994875080076,2308.1819620253164
Maharashtra,Rahata,Potato,12,2024,2500,2600,Rabi,100,2183.5218855218855,2600.863309352518,2626.972396486826,2933.8104448742747
Maharashtra,Pimpalgaon,Onion,8,2023,400,2799,Kharif,2399,2678.6716114019778,3416.065934065934,3044.2994875080076,3017.515397082658
Maharashtra,Hinganghat,Wheat,7,2023,2240,2370,Kharif,130,2816.3259195893925,2467.7272727272725,3044.2994875080076,3289.337912087912
Maharashtra,"Sangli(Phale, Bhajipura Market)",Potato,4,2025,1300,2300,Zaid,1000,2183.5218855218855,2561.711711711712,1915.1666666666667,1829.9925
Maharashtra,Shrirampur,Potato,1,2025,1200,1500,Rabi,300,2183.5218855218855,2334.11,2626.972396486826,2202.0962441314555
Maharashtra,Solapur,Potato,4,2024,700,2300,Zaid,1600,2183.5218855218855,3247.752808988764,1915.1666666666667,1829.9925
Maharashtra,Lasalgaon,Onion,11,2024,1600,4900,Rabi,3300,2678.6716114019778,2867.190476190476,2626.972396486826,3859.0679611650485
Maharashtra,Pune(Manjri),Onion,9,2023,1500,2600,Kharif,1100,2678.6716114019778,2804.7619047619046,3044.2994875080076,3127.0038240917784
Maharashtra,Kada,Onion,8,2023,300,1500,Kharif,1200,2678.6716114019778,2177.2727272727275,3044.2994875080076,3017.515397082658
Maharashtra,Pune(Pimpri),Onion,7,2023,1000,1500,Kharif,500,2678.6716114019778,2966.2162162162163,3044.2994875080076,3289.337912087912
Maharashtra,Raver,Wheat,7,2023,2155,2275,Kharif,120,2816.3259195893925,2602.769230769231,3044.2994875080076,3289.337912087912
Maharashtra,Pimpalgaon,Onion,10,2023,2500,5701,Kharif,3201,2678.6716114019778,3416.065934065934,3044.2994875080076,3462.48231511254
Maharashtra,Solapur,Potato,3,2025,1200,1800,Rabi,600,2183.5218855218855,3247.752808988764,2626.972396486826,1861.5330739299611
Maharashtra,Devala,Onion,12,2023,500,4100,Rabi,3600,2678.6716114019778,2586.3793103448274,2626.972396486826,2933.8104448742747
Maharashtra,Nasik,Potato,4,2025,1550,2150,Zaid,600,2183.5218855218855,2656.4253731343283,1915.1666666666667,1829.9925
Maharashtra,Solapur,Wheat,8,2023,2285,3580,Kharif,1295,2816.3259195893925,3247.752808988764,3044.2994875080076,3017.515397082658
Maharashtra,Tasgaon,Wheat,11,2023,2460,2840,Rabi,380,2816.3259195893925,2896.875,2626.972396486826,3859.0679611650485
Maharashtra,Jamkhed,Onion,2,2024,300,2700,Rabi,2400,2678.6716114019778,2610.4651162790697,2626.972396486826,2104.9403341288785
Maharashtra,Yeola,Onion,11,2023,1500,4201,Rabi,2701,2678.6716114019778,2692.5254237288136,2626.972396486826,3859.0679611650485
Maharashtra,Vita,Potato,2,2025,1000,2000,Rabi,1000,2183.5218855218855,2686.9565217391305,2626.972396486826,2104.9403341288785
Maharashtra,Devala,Onion,6,2023,100,1270,Kharif,1170,2678.6716114019778,2586.3793103448274,3044.2994875080076,2308.1819620253164
Maharashtra,Morshi,Wheat,11,2023,2600,2750,Rabi,150,2816.3259195893925,2524.375,2626.972396486826,3859.0679611650485
Maharashtra,Jalgaon,Potato,11,2023,900,1500,Rabi,600,2183.5218855218855,2410.159420289855,2626.972396486826,3859.0679611650485
Maharashtra,Pune(Manjri),Onion,3,2025,2000,2600,Rabi,600,2678.6716114019778,2804.7619047619046,2626.972396486826,1861.5330739299611
Maharashtra,Kopargaon,Onion,9,2023,300,2361,Kharif,2061,2678.6716114019778,2558.2608695652175,3044.2994875080076,3127.0038240917784
Maharashtra,Pimpalgaon,Onion,4,2025,400,1700,Zaid,1300,2678.6716114019778,3416.065934065934,1915.1666666666667,1829.9925
Maharashtra,Shevgaon,Onion,1,2024,1000,1400,Rabi,400,2678.6716114019778,2106.75,2626.972396486826,2202.0962441314555
Maharashtra,Chandrapur(Ganjwad),Onion,5,2024,1000,1800,Zaid,800,2678.6716114019778,2858.8607594936707,1915.1666666666667,1988.592672413793
Maharashtra,Vita,Potato,4,2024,2600,2700,Zaid,100,2183.5218855218855,2686.9565217391305,1915.1666666666667,1829.9925
Maharashtra,Solapur,Potato,1,2025,1400,1900,Rabi,500,2183.5218855218855,3247.752808988764,2626.972396486826,2202.0962441314555
Maharashtra,Nasik,Onion,5,2025,350,1311,Zaid,961,2678.6716114019778,2656.4253731343283,1915.1666666666667,1988.592672413793
Maharashtra,Akola,Onion,5,2025,500,1400,Zaid,900,2678.6716114019778,2421.8840579710145,1915.1666666666667,1988.592672413793
Maharashtra,Karjat(Raigad),Onion,12,2023,1000,3000,Rabi,2000,2678.6716114019778,2770.2380952380954,2626.972396486826,2933.8104448742747
Maharashtra,Vashi New Mumbai,Potato,10,2024,2100,3300,Kharif,1200,2183.5218855218855,2508.130081300813,3044.2994875080076,3462.48231511254
Maharashtra,Junnar(Narayangaon),Onion,1,2024,500,2500,Rabi,2000,2678.6716114019778,2861.8518518518517,2626.972396486826,2202.0962441314555
Maharashtra,Jalgaon,Potato,7,2024,3000,3500,Kharif,500,2183.5218855218855,2410.159420289855,3044.2994875080076,3289.337912087912
Maharashtra,Akole,Onion,5,2024,300,2600,Zaid,2300,2678.6716114019778,2706.52,1915.1666666666667,1988.592672413793
Maharashtra,Dhule,Wheat,11,2023,2600,3035,Rabi,435,2816.3259195893925,2516.8552631578946,2626.972396486826,3859.0679611650485
Maharashtra,Bhusaval,Potato,10,2024,2000,2500,Kharif,500,2183.5218855218855,2348.8,3044.2994875080076,3462.48231511254
Maharashtra,Dhule,Onion,4,2024,200,1440,Zaid,1240,2678.6716114019778,2516.8552631578946,1915.1666666666667,1829.9925
Maharashtra,Jalgaon,Onion,11,2024,575,3500,Rabi,2925,2678.6716114019778,2410.159420289855,2626.972396486826,3859.0679611650485
Maharashtra,Karjat(Raigad),Onion,1,2024,500,2300,Rabi,1800,2678.6716114019778,2770.2380952380954,2626.972396486826,2202.0962441314555
Maharashtra,Wardha,Wheat,6,2023,2160,2410,Kharif,250,2816.3259195893925,2226.3333333333335,3044.2994875080076,2308.1819620253164
Maharashtra,Newasa(Ghodegaon),Onion,12,2023,500,2500,Rabi,2000,2678.6716114019778,2765.151515151515,2626.972396486826,2933.8104448742747
Maharashtra,Chandrapur(Ganjwad),Potato,1,2024,1200,1500,Rabi,300,2183.5218855218855,2858.8607594936707,2626.972396486826,2202.0962441314555
Maharashtra,Bhusaval,Potato,10,2024,2200,3000,Kharif,800,2183.5218855218855,2348.8,3044.2994875080076,3462.48231511254
Maharashtra,Junnar(Otur),Onion,10,2024,2000,5110,Kharif,3110,2678.6716114019778,2554.5283018867926,3044.2994875080076,3462.48231511254
Maharashtra,Ahmednagar,Potato,7,2023,1000,2050,Kharif,1050,2183.5218855218855,2678.2608695652175,3044.2994875080076,3289.337912087912
Maharashtra,Rahata,Potato,5,2025,1200,1600,Zaid,400,2183.5218855218855,2600.863309352518,1915.1666666666667,1988.592672413793
Maharashtra,Shevgaon(Bodhegaon),Wheat,6,2023,2100,2500,Kharif,400,2816.3259195893925,2473.684210526316,3044.2994875080076,2308.1819620253164
Maharashtra,Sakri,Onion,9,2023,800,2100,Kharif,1300,2678.6716114019778,2829.8611111111113,3044.2994875080076,3127.0038240917784
Maharashtra,Pune(Manjri),Onion,10,2023,1700,3200,Kharif,1500,2678.6716114019778,2804.7619047619046,3044.2994875080076,3462.48231511254
Maharashtra,Indapur,Onion,10,2023,1000,3600,Kharif,2600,2678.6716114019778,2276.8333333333335,3044.2994875080076,3462.48231511254
Maharashtra,Rahata,Onion,2,2024,200,1400,Rabi,1200,2678.6716114019778,2600.863309352518,2626.972396486826,2104.9403341288785
Maharashtra,Solapur,Wheat,7,2023,2285,3510,Kharif,1225,2816.3259195893925,3247.752808988764,3044.2994875080076,3289.337912087912
Maharashtra,Akluj,Potato,2,2025,1500,1900,Rabi,400,2183.5218855218855,2208.2716049382716,2626.972396486826,2104.9403341288785
Maharashtra,Pimpalgaon Baswant(Saykheda),Onion,11,2024,3000,5535,Rabi,2535,2678.6716114019778,2602.5479452054797,2626.972396486826,3859.0679611650485
Maharashtra,Yeola,Onion,5,2024,300,2000,Zaid,1700,2678.6716114019778,2692.5254237288136,1915.1666666666667,1988.592672413793
Maharashtra,Karjat,Onion,3,2025,1000,3200,Rabi,2200,2678.6716114019778,2275.0,2626.972396486826,1861.5330739299611
Maharashtra,Kamthi,Tomato,6,2023,5000,7000,Kharif,2000,6168.357446808511,3486.904761904762,3044.2994875080076,2308.1819620253164
Maharashtra,Rahata,Onion,10,2024,1000,5000,Kharif,4000,2678.6716114019778,2600.863309352518,3044.2994875080076,3462.48231511254
Maharashtra,Mangal Wedha,Tomato,7,2023,1700,9000,Kharif,7300,6168.357446808511,2928.322033898305,3044.2994875080076,3289.337912087912
Maharashtra,Shrirampur,Onion,8,2024,1000,3000,Kharif,2000,2678.6716114019778,2334.11,3044.2994875080076,3017.515397082658
Maharashtra,Chandvad,Onion,5,2025,452,1500,Zaid,1048,2678.6716114019778,3065.671875,1915.1666666666667,1988.592672413793
Maharashtra,Sangamner,Onion,9,2023,200,2701,Kharif,2501,2678.6716114019778,3329.057142857143,3044.2994875080076,3127.0038240917784
Maharashtra,Kopargaon,Onion,10,2024,1000,4661,Kharif,3661,2678.6716114019778,2558.2608695652175,3044.2994875080076,3462.48231511254
Maharashtra,Akola,Potato,6,2024,2200,2800,Kharif,600,2183.5218855218855,2421.8840579710145,3044.2994875080076,2308.1819620253164
Maharashtra,Rahuri,Tomato,7,2023,2100,10000,Kharif,7900,6168.357446808511,2826.0106382978724,3044.2994875080076,3289.337912087912
Maharashtra,Chandrapur(Ganjwad),Onion,2,2025,1500,2500,Rabi,1000,2678.6716114019778,2858.8607594936707,2626.972396486826,2104.9403341288785
Maharashtra,Shree Rameshwar Krushi Market,Onion,3,2025,500,2403,Rabi,1903,2678.6716114019778,3118.64,2626.972396486826,1861.5330739299611
Maharashtra,Malegaon,Wheat,1,2024,2860,3139,Rabi,279,2816.3259195893925,2828.2608695652175,2626.972396486826,2202.0962441314555
Maharashtra,Vita,Potato,8,2024,2800,3200,Kharif,400,2183.5218855218855,2686.9565217391305,3044.2994875080076,3017.515397082658
Maharashtra,Dhule,Onion,6,2023,150,900,Kharif,750,2678.6716114019778,2516.8552631578946,3044.2994875080076,2308.1819620253164
Maharashtra,Amrawati(Frui & Veg. Market),Onion,11,2024,1500,5500,Rabi,4000,2678.6716114019778,2546.923076923077,2626.972396486826,3859.0679611650485
Maharashtra,Rahuri,Potato,9,2023,1500,2000,Kharif,500,2183.5218855218855,2826.0106382978724,3044.2994875080076,3127.0038240917784
Maharashtra,Karad,Onion,6,2023,1000,1400,Kharif,400,2678.6716114019778,2862.31884057971,3044.2994875080076,2308.1819620253164
Maharashtra,Vasai,Wheat,12,2023,2860,3860,Rabi,1000,2816.3259195893925,4115.555555555556,2626.972396486826,2933.8104448742747
Maharashtra,Pune(Manjri),Potato,6,2024,2400,2600,Kharif,200,2183.5218855218855,2804.7619047619046,3044.2994875080076,2308.1819620253164
Maharashtra,Lasalgaon(Vinchur),Wheat,9,2023,2450,2700,Kharif,250,2816.3259195893925,2574.311320754717,3044.2994875080076,3127.0038240917784
Maharashtra,Shrirampur,Wheat,2,2024,2531,2600,Rabi,69,2816.3259195893925,2334.11,2626.972396486826,2104.9403341288785
Maharashtra,Lasalgaon(Vinchur),Onion,1,2024,800,1952,Rabi,1152,2678.6716114019778,2574.311320754717,2626.972396486826,2202.0962441314555
Maharashtra,Satara,Potato,2,2024,1500,2000,Rabi,500,2183.5218855218855,2750.0,2626.972396486826,2104.9403341288785
Maharashtra,Ramtek,Potato,12,2024,2400,2800,Rabi,400,2183.5218855218855,3246.0169491525426,2626.972396486826,2933.8104448742747
Maharashtra,Sangli,Wheat,9,2023,3100,3800,Kharif,700,2816.3259195893925,4790.625,3044.2994875080076,3127.0038240917784
Maharashtra,Nasik,Onion,5,2025,300,1550,Zaid,1250,2678.6716114019778,2656.4253731343283,1915.1666666666667,1988.592672413793
Maharashtra,Bhusaval,Onion,8,2024,1800,2500,Kharif,700,2678.6716114019778,2348.8,3044.2994875080076,3017.515397082658
Maharashtra,Rahata,Onion,6,2023,400,2300,Kharif,1900,2678.6716114019778,2600.863309352518,3044.2994875080076,2308.1819620253164
Maharashtra,Rahuri(Vambori),Onion,7,2023,100,1800,Kharif,1700,2678.6716114019778,2812.3478260869565,3044.2994875080076,3289.337912087912
Maharashtra,Ramtek,Potato,2,2025,1000,1400,Rabi,400,2183.5218855218855,3246.0169491525426,2626.972396486826,2104.9403341288785
Maharashtra,Pune,Onion,12,2023,2000,4200,Rabi,2200,2678.6716114019778,3186.013986013986,2626.972396486826,2933.8104448742747
Maharashtra,Shirpur,Wheat,8,2023,2171,2550,Kharif,379,2816.3259195893925,2791.733333333333,3044.2994875080076,3017.515397082658
Maharashtra,Amalner,Wheat,2,2024,2400,2800,Rabi,400,2816.3259195893925,2787.5714285714284,2626.972396486826,2104.9403341288785
Maharashtra,Kalvan,Wheat,10,2023,2401,2401,Kharif,0,2816.3259195893925,2726.1132075471696,3044.2994875080076,3462.48231511254
Maharashtra,Vasai,Wheat,9,2023,2795,3960,Kharif,1165,2816.3259195893925,4115.555555555556,3044.2994875080076,3127.0038240917784
Maharashtra,Nasik,Onion,8,2023,600,2651,Kharif,2051,2678.6716114019778,2656.4253731343283,3044.2994875080076,3017.515397082658
Maharashtra,"Sangli(Phale, Bhajipura Market)",Potato,12,2023,1000,2000,Rabi,1000,2183.5218855218855,2561.711711711712,2626.972396486826,2933.8104448742747
Maharashtra,Umrane,Onion,3,2024,700,2001,Rabi,1301,2678.6716114019778,2608.282608695652,2626.972396486826,1861.5330739299611
Maharashtra,Manmad,Onion,4,2025,300,1340,Zaid,1040,2678.6716114019778,2515.4166666666665,1915.1666666666667,1829.9925
Maharashtra,Om Chaitanya Multistate Agro Purpose CoOp Society,Onion,4,2024,300,1400,Zaid,1100,2678.6716114019778,2918.3333333333335,1915.1666666666667,1829.9925
Maharashtra,Vai,Onion,5,2024,1200,2300,Zaid,1100,2678.6716114019778,3070.7865168539324,1915.1666666666667,1988.592672413793
Maharashtra,Kamthi,Potato,2,2024,1000,2000,Rabi,1000,2183.5218855218855,3486.904761904762,2626.972396486826,2104.9403341288785
Maharashtra,Lasalgaon(Vinchur),Onion,11,2024,1500,4550,Rabi,3050,2678.6716114019778,2574.311320754717,2626.972396486826,3859.0679611650485
Maharashtra,Bhusaval,Onion,9,2023,1200,1800,Kharif,600,2678.6716114019778,2348.8,3044.2994875080076,3127.0038240917784
Maharashtra,Lasalgaon(Niphad),Onion,5,2024,700,2051,Zaid,1351,2678.6716114019778,2520.8804347826085,1915.1666666666667,1988.592672413793
Maharashtra,Pune(Manjri),Potato,9,2024,2000,3500,Kharif,1500,2183.5218855218855,2804.7619047619046,3044.2994875080076,3127.0038240917784
Maharashtra,Jalgaon,Onion,4,2024,400,1375,Zaid,975,2678.6716114019778,2410.159420289855,1915.1666666666667,1829.9925
Maharashtra,Kurdwadi(Modnimb),Wheat,8,2023,2500,2901,Kharif,401,2816.3259195893925,2242.88,3044.2994875080076,3017.515397082658
Maharashtra,Lasalgaon(Vinchur),Onion,3,2024,800,1760,Rabi,960,2678.6716114019778,2574.311320754717,2626.972396486826,1861.5330739299611
Maharashtra,Jalgaon,Onion,1,2024,500,1125,Rabi,625,2678.6716114019778,2410.159420289855,2626.972396486826,2202.0962441314555
Maharashtra,Lasalgaon,Wheat,7,2023,2426,2876,Kharif,450,2816.3259195893925,2867.190476190476,3044.2994875080076,3289.337912087912
Maharashtra,Pune(Moshi),Potato,12,2023,800,1200,Rabi,400,2183.5218855218855,2277.6119402985073,2626.972396486826,2933.8104448742747
Maharashtra,Lasalgaon(Niphad),Onion,3,2025,800,1600,Rabi,800,2678.6716114019778,2520.8804347826085,2626.972396486826,1861.5330739299611
Maharashtra,Devala,Onion,11,2024,1500,5500,Rabi,4000,2678.6716114019778,2586.3793103448274,2626.972396486826,3859.0679611650485
Maharashtra,Shrirampur(Belapur),Wheat,7,2023,2100,2100,Kharif,0,2816.3259195893925,2212.5,3044.2994875080076,3289.337912087912
Maharashtra,Islampur,Onion,5,2025,800,2000,Zaid,1200,2678.6716114019778,2422.7272727272725,1915.1666666666667,1988.592672413793
Maharashtra,Nagpur,Onion,12,2024,2600,4600,Rabi,2000,2678.6716114019778,2756.266666666667,2626.972396486826,2933.8104448742747
Maharashtra,Chandvad,Onion,8,2023,530,1836,Kharif,1306,2678.6716114019778,3065.671875,3044.2994875080076,3017.515397082658
Maharashtra,Pune(Manjri),Onion,9,2023,1500,1700,Kharif,200,2678.6716114019778,2804.7619047619046,3044.2994875080076,3127.0038240917784
Maharashtra,Khed(Chakan),Potato,12,2024,1400,2400,Rabi,1000,2183.5218855218855,2519.4174757281553,2626.972396486826,2933.8104448742747
Maharashtra,Rahata,Potato,1,2025,1300,1800,Rabi,500,2183.5218855218855,2600.863309352518,2626.972396486826,2202.0962441314555
Maharashtra,Mankamneshwar Farmar Producer CoLtd Sanchalit Mank,Onion,5,2024,700,2121,Zaid,1421,2678.6716114019778,2072.0666666666666,1915.1666666666667,1988.592672413793
Maharashtra,Shivsiddha Govind Producer Company Limited Sanchal,Onion,6,2025,1000,2105,Kharif,1105,2678.6716114019778,3288.75,3044.2994875080076,2308.1819620253164
Maharashtra,Amrawati(Frui & Veg. Market),Onion,11,2024,1500,5600,Rabi,4100,2678.6716114019778,2546.923076923077,2626.972396486826,3859.0679611650485
Maharashtra,Shree Rameshwar Krushi Market,Onion,3,2025,503,1552,Rabi,1049,2678.6716114019778,3118.64,2626.972396486826,1861.5330739299611
Maharashtra,Lasalgaon(Vinchur),Onion,6,2025,500,1500,Kharif,1000,2678.6716114019778,2574.311320754717,3044.2994875080076,2308.1819620253164
Maharashtra,Lasalgaon(Niphad),Wheat,10,2023,2351,2741,Kharif,390,2816.3259195893925,2520.8804347826085,3044.2994875080076,3462.48231511254
Maharashtra,Nandurbar,Onion,5,2024,1270,1460,Zaid,190,2678.6716114019778,2220.733333333333,1915.1666666666667,1988.592672413793
Maharashtra,Majalgaon,Wheat,6,2023,2200,3100,Kharif,900,2816.3259195893925,3154.5384615384614,3044.2994875080076,2308.1819620253164
Maharashtra,Junnar(Narayangaon),Onion,12,2023,600,3500,Rabi,2900,2678.6716114019778,2861.8518518518517,2626.972396486826,2933.8104448742747
Maharashtra,Baramati,Onion,6,2023,300,1250,Kharif,950,2678.6716114019778,2769.054054054054,3044.2994875080076,2308.1819620253164
Maharashtra,Rahuri,Onion,3,2025,100,1600,Rabi,1500,2678.6716114019778,2826.0106382978724,2626.972396486826,1861.5330739299611
Maharashtra,Jamkhed,Onion,8,2024,1000,3500,Kharif,2500,2678.6716114019778,2610.4651162790697,3044.2994875080076,3017.515397082658
Maharashtra,Lasalgaon(Vinchur),Onion,3,2025,1190,1516,Rabi,326,2678.6716114019778,2574.311320754717,2626.972396486826,1861.5330739299611
Maharashtra,Pune(Pimpri),Onion,8,2024,2600,3700,Kharif,1100,2678.6716114019778,2966.2162162162163,3044.2994875080076,3017.515397082658
Maharashtra,Dhule,Onion,6,2025,300,1280,Kharif,980,2678.6716114019778,2516.8552631578946,3044.2994875080076,2308.1819620253164
Maharashtra,Raver,Wheat,9,2023,2380,2565,Kharif,185,2816.3259195893925,2602.769230769231,3044.2994875080076,3127.0038240917784
Maharashtra,Yawal,Wheat,7,2023,2400,2910,Kharif,510,2816.3259195893925,1866.578947368421,3044.2994875080076,3289.337912087912
Maharashtra,Yeola,Onion,8,2023,300,1699,Kharif,1399,2678.6716114019778,2692.5254237288136,3044.2994875080076,3017.515397082658
Maharashtra,Junnar,Onion,5,2024,1000,3000,Zaid,2000,2678.6716114019778,2172.0833333333335,1915.1666666666667,1988.592672413793
Maharashtra,Pune(Manjri),Onion,10,2024,2200,4000,Kharif,1800,2678.6716114019778,2804.7619047619046,3044.2994875080076,3462.48231511254
Maharashtra,Pandharpur,Onion,10,2023,300,4000,Kharif,3700,2678.6716114019778,3293.846153846154,3044.2994875080076,3462.48231511254
Maharashtra,Shirpur,Wheat,1,2024,2200,2826,Rabi,626,2816.3259195893925,2791.733333333333,2626.972396486826,2202.0962441314555
Maharashtra,Akluj,Onion,10,2023,400,2300,Kharif,1900,2678.6716114019778,2208.2716049382716,3044.2994875080076,3462.48231511254
Maharashtra,Manmad,Onion,2,2025,300,2605,Rabi,2305,2678.6716114019778,2515.4166666666665,2626.972396486826,2104.9403341288785
Maharashtra,Parbhani,Wheat,10,2023,2100,2850,Kharif,750,2816.3259195893925,2860.0,3044.2994875080076,3462.48231511254
Maharashtra,Junnar,Potato,12,2023,1400,1800,Rabi,400,2183.5218855218855,2172.0833333333335,2626.972396486826,2933.8104448742747
Maharashtra,Pune(Moshi),Onion,3,2025,500,1800,Rabi,1300,2678.6716114019778,2277.6119402985073,2626.972396486826,1861.5330739299611
Maharashtra,Manchar,Onion,7,2023,1000,1700,Kharif,700,2678.6716114019778,2335.757575757576,3044.2994875080076,3289.337912087912
Maharashtra,Rahuri,Onion,11,2023,200,3700,Rabi,3500,2678.6716114019778,2826.0106382978724,2626.972396486826,3859.0679611650485
Maharashtra,Vai,Tomato,7,2023,2500,6500,Kharif,4000,6168.357446808511,3070.7865168539324,3044.2994875080076,3289.337912087912
Maharashtra,Manmad,Onion,5,2025,100,1100,Zaid,1000,2678.6716114019778,2515.4166666666665,1915.1666666666667,1988.592672413793
Maharashtra,Sinner,Onion,7,2023,100,1391,Kharif,1291,2678.6716114019778,2542.6071428571427,3044.2994875080076,3289.337912087912
Maharashtra,Vadgaonpeth,Onion,6,2024,1800,2400,Kharif,600,2678.6716114019778,2767.5675675675675,3044.2994875080076,2308.1819620253164
Maharashtra,Malegaon,Wheat,8,2023,2300,2701,Kharif,401,2816.3259195893925,2828.2608695652175,3044.2994875080076,3017.515397082658
Maharashtra,Nampur,Onion,3,2025,300,2310,Rabi,2010,2678.6716114019778,2499.769230769231,2626.972396486826,1861.5330739299611
Maharashtra,Hingna,Onion,8,2024,1600,3500,Kharif,1900,2678.6716114019778,2675.875,3044.2994875080076,3017.515397082658
Maharashtra,Laxmi Sopan Agriculture Produce Marketing Co Ltd,Onion,4,2025,500,1200,Zaid,700,2678.6716114019778,2508.3928571428573,1915.1666666666667,1829.9925
Maharashtra,Akole,Onion,3,2024,200,1751,Rabi,1551,2678.6716114019778,2706.52,2626.972396486826,1861.5330739299611
Maharashtra,Solapur,Rice,5,2025,3270,6940,Zaid,3670,4928.92,3247.752808988764,1915.1666666666667,1988.592672413793
Maharashtra,Chandvad,Onion,12,2023,511,1901,Rabi,1390,2678.6716114019778,3065.671875,2626.972396486826,2933.8104448742747
Maharashtra,Bhokar,Wheat,9,2023,2081,2137,Kharif,56,2816.3259195893925,2335.125,3044.2994875080076,3127.0038240917784
Maharashtra,Pimpalgaon,Tomato,6,2023,250,2000,Kharif,1750,6168.357446808511,3416.065934065934,3044.2994875080076,2308.1819620253164
Maharashtra,Parner,Onion,7,2024,1000,3100,Kharif,2100,2678.6716114019778,2909.6153846153848,3044.2994875080076,3289.337912087912
Maharashtra,Shirpur,Onion,2,2024,200,2250,Rabi,2050,2678.6716114019778,2791.733333333333,2626.972396486826,2104.9403341288785
Maharashtra,Akola,Onion,3,2024,1000,1600,Rabi,600,2678.6716114019778,2421.8840579710145,2626.972396486826,1861.5330739299611
Maharashtra,Pune,Onion,8,2024,2400,4000,Kharif,1600,2678.6716114019778,3186.013986013986,3044.2994875080076,3017.515397082658
Maharashtra,Pune(Manjri),Onion,8,2023,1000,1300,Kharif,300,2678.6716114019778,2804.7619047619046,3044.2994875080076,3017.515397082658
Maharashtra,Amrawati(Frui & Veg. Market),Potato,8,2023,800,1600,Kharif,800,2183.5218855218855,2546.923076923077,3044.2994875080076,3017.515397082658
Maharashtra,Vai,Onion,12,2024,3000,7000,Rabi,4000,2678.6716114019778,3070.7865168539324,2626.972396486826,2933.8104448742747
Maharashtra,Amrawati(Frui & Veg. Market),Tomato,6,2023,2000,2500,Kharif,500,6168.357446808511,2546.923076923077,3044.2994875080076,2308.1819620253164
Maharashtra,Pune,Onion,4,2025,800,1600,Zaid,800,2678.6716114019778,3186.013986013986,1915.1666666666667,1829.9925
Maharashtra,Shree Sairaj Krushi Market,Onion,11,2024,300,4800,Rabi,4500,2678.6716114019778,3469.375,2626.972396486826,3859.0679611650485
Maharashtra,Nasik,Onion,6,2023,300,1275,Kharif,975,2678.6716114019778,2656.4253731343283,3044.2994875080076,2308.1819620253164
Maharashtra,Chalisgaon,Wheat,1,2024,2525,2652,Rabi,127,2816.3259195893925,2719.05,2626.972396486826,2202.0962441314555
Maharashtra,Ramtek,Potato,10,2023,1600,1800,Kharif,200,2183.5218855218855,3246.0169491525426,3044.2994875080076,3462.48231511254
Maharashtra,Nagpur,Onion,10,2024,3000,4000,Kharif,1000,2678.6716114019778,2756.266666666667,3044.2994875080076,3462.48231511254
Maharashtra,Nandgaon,Onion,12,2023,310,2390,Rabi,2080,2678.6716114019778,2752.116666666667,2626.972396486826,2933.8104448742747
Maharashtra,Akola,Onion,9,2024,3000,4600,Kharif,1600,2678.6716114019778,2421.8840579710145,3044.2994875080076,3127.0038240917784
Maharashtra,Pimpalgaon,Onion,5,2024,500,2370,Zaid,1870,2678.6716114019778,3416.065934065934,1915.1666666666667,1988.592672413793
Maharashtra,Pune(Moshi),Potato,11,2023,1000,1200,Rabi,200,2183.5218855218855,2277.6119402985073,2626.972396486826,3859.0679611650485
Maharashtra,Sinner,Onion,2,2024,300,1285,Rabi,985,2678.6716114019778,2542.6071428571427,2626.972396486826,2104.9403341288785
Maharashtra,Chandur Bazar,Wheat,7,2023,2000,2400,Kharif,400,2816.3259195893925,2503.3333333333335,3044.2994875080076,3289.337912087912
Maharashtra,Devala,Onion,12,2023,700,2320,Rabi,1620,2678.6716114019778,2586.3793103448274,2626.972396486826,2933.8104448742747
Maharashtra,Baramati,Onion,10,2023,700,2500,Kharif,1800,2678.6716114019778,2769.054054054054,3044.2994875080076,3462.48231511254
Maharashtra,Pathardi,Onion,11,2024,500,4300,Rabi,3800,2678.6716114019778,2397.093023255814,2626.972396486826,3859.0679611650485
Maharashtra,Panvel,Tomato,6,2023,2300,2500,Kharif,200,6168.357446808511,7250.0,3044.2994875080076,2308.1819620253164
Maharashtra,Pune(Manjri),Onion,7,2023,800,1100,Kharif,300,2678.6716114019778,2804.7619047619046,3044.2994875080076,3289.337912087912
Maharashtra,Satara,Onion,10,2024,1000,5100,Kharif,4100,2678.6716114019778,2750.0,3044.2994875080076,3462.48231511254
Maharashtra,Bhusaval,Onion,11,2024,3500,4000,Rabi,500,2678.6716114019778,2348.8,2626.972396486826,3859.0679611650485
Maharashtra,Newasa(Ghodegaon),Onion,2,2025,1000,3200,Rabi,2200,2678.6716114019778,2765.151515151515,2626.972396486826,2104.9403341288785
Maharashtra,Balapur,Wheat,7,2023,2165,2500,Kharif,335,2816.3259195893925,2450.0,3044.2994875080076,3289.337912087912
Maharashtra,Shahada,Wheat,9,2023,2489,2489,Kharif,0,2816.3259195893925,2744.6111111111113,3044.2994875080076,3127.0038240917784
Maharashtra,Nasik,Potato,7,2023,1100,1450,Kharif,350,2183.5218855218855,2656.4253731343283,3044.2994875080076,3289.337912087912
Maharashtra,Tadkalas,Wheat,6,2023,2000,2000,Kharif,0,2816.3259195893925,2100.0,3044.2994875080076,2308.1819620253164
Maharashtra,Om Chaitanya Multistate Agro Purpose CoOp Society,Wheat,9,2023,2200,2400,Kharif,200,2816.3259195893925,2918.3333333333335,3044.2994875080076,3127.0038240917784
Maharashtra,Mankamneshwar Farmar Producer CoLtd Sanchalit Mank,Onion,4,2025,900,1361,Zaid,461,2678.6716114019778,2072.0666666666666,1915.1666666666667,1829.9925
Maharashtra,Sangamner,Onion,9,2023,200,2325,Kharif,2125,2678.6716114019778,3329.057142857143,3044.2994875080076,3127.0038240917784
Maharashtra,Loha,Wheat,12,2023,2201,3650,Rabi,1449,2816.3259195893925,2960.2,2626.972396486826,2933.8104448742747
Maharashtra,Sinner,Wheat,6,2023,2280,2325,Kharif,45,2816.3259195893925,2542.6071428571427,3044.2994875080076,2308.1819620253164
Maharashtra,Khed(Chakan),Onion,8,2023,900,1900,Kharif,1000,2678.6716114019778,2519.4174757281553,3044.2994875080076,3017.515397082658
Maharashtra,Junnar,Onion,5,2024,700,2500,Zaid,1800,2678.6716114019778,2172.0833333333335,1915.1666666666667,1988.592672413793
Maharashtra,Pune(Khadiki),Potato,11,2024,2000,2400,Rabi,400,2183.5218855218855,2011.926605504587,2626.972396486826,3859.0679611650485
Maharashtra,Parner,Onion,7,2024,1000,3300,Kharif,2300,2678.6716114019778,2909.6153846153848,3044.2994875080076,3289.337912087912
Maharashtra,Pune(Manjri),Potato,7,2024,2000,2200,Kharif,200,2183.5218855218855,2804.7619047619046,3044.2994875080076,3289.337912087912
Maharashtra,Devala,Onion,3,2025,550,1420,Rabi,870,2678.6716114019778,2586.3793103448274,2626.972396486826,1861.5330739299611
Maharashtra,Chandur Bazar,Wheat,1,2024,2200,2350,Rabi,150,2816.3259195893925,2503.3333333333335,2626.972396486826,2202.0962441314555
Maharashtra,Pune(Khadiki),Onion,9,2023,1200,1800,Kharif,600,2678.6716114019778,2011.926605504587,3044.2994875080076,3127.0038240917784
Maharashtra,Kalyan,Onion,11,2024,4600,4700,Rabi,100,2678.6716114019778,2589.4736842105262,2626.972396486826,3859.0679611650485
Maharashtra,Pune(Moshi),Onion,5,2025,500,1200,Zaid,700,2678.6716114019778,2277.6119402985073,1915.1666666666667,1988.592672413793
Maharashtra,Solapur,Potato,11,2024,1500,2600,Rabi,1100,2183.5218855218855,3247.752808988764,2626.972396486826,3859.0679611650485
Maharashtra,Akkalkot,Wheat,8,2023,2500,3550,Kharif,1050,2816.3259195893925,3550.0,3044.2994875080076,3017.515397082658
Maharashtra,Solapur,Potato,4,2025,1350,2000,Zaid,650,2183.5218855218855,3247.752808988764,1915.1666666666667,1829.9925
Maharashtra,Nampur,Onion,6,2025,100,1675,Kharif,1575,2678.6716114019778,2499.769230769231,3044.2994875080076,2308.1819620253164
Maharashtra,Junnar,Potato,1,2025,1800,2200,Rabi,400,2183.5218855218855,2172.0833333333335,2626.972396486826,2202.0962441314555
Maharashtra,Lasalgaon(Vinchur),Onion,5,2025,500,1455,Zaid,955,2678.6716114019778,2574.311320754717,1915.1666666666667,1988.592672413793
Maharashtra,Akola,Wheat,12,2023,2355,3020,Rabi,665,2816.3259195893925,2421.8840579710145,2626.972396486826,2933.8104448742747
Maharashtra,Bhusaval,Potato,8,2024,2200,2500,Kharif,300,2183.5218855218855,2348.8,3044.2994875080076,3017.515397082658
Maharashtra,Manmad,Wheat,7,2023,2175,2502,Kharif,327,2816.3259195893925,2515.4166666666665,3044.2994875080076,3289.337912087912
Maharashtra,Shrirampur,Tomato,7,2023,6000,17000,Kharif,11000,6168.357446808511,2334.11,3044.2994875080076,3289.337912087912
Maharashtra,Pune(Manjri),Onion,6,2023,600,800,Kharif,200,2678.6716114019778,2804.7619047619046,3044.2994875080076,2308.1819620253164
Maharashtra,Lasalgaon(Niphad),Onion,11,2023,3500,3801,Rabi,301,2678.6716114019778,2520.8804347826085,2626.972396486826,3859.0679611650485
Maharashtra,Amrawati(Frui & Veg. Market),Onion,9,2023,700,4000,Kharif,3300,2678.6716114019778,2546.923076923077,3044.2994875080076,3127.0038240917784
Maharashtra,Lasalgaon(Niphad),Onion,7,2023,500,1501,Kharif,1001,2678.6716114019778,2520.8804347826085,3044.2994875080076,3289.337912087912
Maharashtra,Kopargaon,Onion,12,2023,1000,2566,Rabi,1566,2678.6716114019778,2558.2608695652175,2626.972396486826,2933.8104448742747
Maharashtra,Pimpalgaon,Onion,7,2023,300,2552,Kharif,2252,2678.6716114019778,3416.065934065934,3044.2994875080076,3289.337912087912
Maharashtra,Lasalgaon(Niphad),Onion,7,2023,451,1501,Kharif,1050,2678.6716114019778,2520.8804347826085,3044.2994875080076,3289.337912087912
Maharashtra,Vadgaonpeth,Potato,8,2023,1600,1900,Kharif,300,2183.5218855218855,2767.5675675675675,3044.2994875080076,3017.515397082658
Maharashtra,Vashi New Mumbai,Onion,10,2023,3200,5500,Kharif,2300,2678.6716114019778,2508.130081300813,3044.2994875080076,3462.48231511254
Maharashtra,Mangal Wedha,Onion,4,2024,300,1400,Zaid,1100,2678.6716114019778,2928.322033898305,1915.1666666666667,1829.9925
Maharashtra,Sakri,Onion,12,2023,1000,4700,Rabi,3700,2678.6716114019778,2829.8611111111113,2626.972396486826,2933.8104448742747
Maharashtra,Solapur,Onion,10,2024,500,5200,Kharif,4700,2678.6716114019778,3247.752808988764,3044.2994875080076,3462.48231511254
Maharashtra,Dindori,Onion,7,2024,2500,2801,Kharif,301,2678.6716114019778,1774.4666666666667,3044.2994875080076,3289.337912087912
Maharashtra,Solapur,Wheat,1,2024,2475,4120,Rabi,1645,2816.3259195893925,3247.752808988764,2626.972396486826,2202.0962441314555
Maharashtra,Vashi New Mumbai,Potato,9,2024,2400,3200,Kharif,800,2183.5218855218855,2508.130081300813,3044.2994875080076,3127.0038240917784
Maharashtra,Shevgaon,Wheat,7,2023,2150,2425,Kharif,275,2816.3259195893925,2106.75,3044.2994875080076,3289.337912087912
Maharashtra,Phaltan,Onion,8,2023,400,2500,Kharif,2100,2678.6716114019778,5066.785714285715,3044.2994875080076,3017.515397082658
Maharashtra,Parner,Onion,10,2024,1500,5000,Kharif,3500,2678.6716114019778,2909.6153846153848,3044.2994875080076,3462.48231511254
Maharashtra,Bhusaval,Potato,3,2025,1600,2000,Rabi,400,2183.5218855218855,2348.8,2626.972396486826,1861.5330739299611
Maharashtra,Gevrai,Wheat,7,2023,2151,2590,Kharif,439,2816.3259195893925,2950.590909090909,3044.2994875080076,3289.337912087912
Maharashtra,Pune(Khadiki),Onion,8,2023,1100,1800,Kharif,700,2678.6716114019778,2011.926605504587,3044.2994875080076,3017.515397082658
Maharashtra,Newasa(Ghodegaon),Onion,5,2024,400,2200,Zaid,1800,2678.6716114019778,2765.151515151515,1915.1666666666667,1988.592672413793
Maharashtra,Pune(Manjri),Potato,6,2025,1400,2200,Kharif,800,2183.5218855218855,2804.7619047619046,3044.2994875080076,2308.1819620253164
Maharashtra,Om Chaitanya Multistate Agro Purpose CoOp Society,Onion,9,2024,1000,4000,Kharif,3000,2678.6716114019778,2918.3333333333335,3044.2994875080076,3127.0038240917784
Maharashtra,Solapur,Potato,2,2024,700,1900,Rabi,1200,2183.5218855218855,3247.752808988764,2626.972396486826,2104.9403341288785
Maharashtra,Rahata,Potato,7,2024,2700,3200,Kharif,500,2183.5218855218855,2600.863309352518,3044.2994875080076,3289.337912087912
Maharashtra,Solapur,Onion,10,2023,500,7000,Kharif,6500,2678.6716114019778,3247.752808988764,3044.2994875080076,3462.48231511254
Maharashtra,Shree Rameshwar Krushi Market,Onion,8,2024,680,3051,Kharif,2371,2678.6716114019778,3118.64,3044.2994875080076,3017.515397082658
Maharashtra,Manmad,Onion,3,2024,270,1360,Rabi,1090,2678.6716114019778,2515.4166666666665,2626.972396486826,1861.5330739299611
Maharashtra,Jamkhed,Wheat,10,2023,2000,2400,Kharif,400,2816.3259195893925,2610.4651162790697,3044.2994875080076,3462.48231511254
Maharashtra,Satara,Onion,7,2024,2000,2500,Kharif,500,2678.6716114019778,2750.0,3044.2994875080076,3289.337912087912
Maharashtra,Pen,Tomato,6,2023,6000,6200,Kharif,200,6168.357446808511,2790.909090909091,3044.2994875080076,2308.1819620253164
Maharashtra,Kalyan,Potato,3,2024,1500,1700,Rabi,200,2183.5218855218855,2589.4736842105262,2626.972396486826,1861.5330739299611
Maharashtra,"Sangli(Phale, Bhajipura Market)",Potato,3,2024,1400,1800,Rabi,400,2183.5218855218855,2561.711711711712,2626.972396486826,1861.5330739299611
Maharashtra,Pune(Moshi),Potato,1,2024,700,1500,Rabi,800,2183.5218855218855,2277.6119402985073,2626.972396486826,2202.0962441314555
Maharashtra,Shirpur,Onion,9,2024,1725,4125,Kharif,2400,2678.6716114019778,2791.733333333333,3044.2994875080076,3127.0038240917784
Maharashtra,Pune(Khadiki),Potato,12,2023,1000,1300,Rabi,300,2183.5218855218855,2011.926605504587,2626.972396486826,2933.8104448742747
Maharashtra,Ausa,Wheat,6,2023,2200,3001,Kharif,801,2816.3259195893925,3000.6,3044.2994875080076,2308.1819620253164
Maharashtra,"Sangli(Phale, Bhajipura Market)",Potato,8,2023,1000,1800,Kharif,800,2183.5218855218855,2561.711711711712,3044.2994875080076,3017.515397082658
Maharashtra,Lasalgaon(Niphad),Onion,3,2025,1000,2460,Rabi,1460,2678.6716114019778,2520.8804347826085,2626.972396486826,1861.5330739299611
Maharashtra,Amrawati(Frui & Veg. Market),Onion,8,2024,2300,2700,Kharif,400,2678.6716114019778,2546.923076923077,3044.2994875080076,3017.515397082658
Maharashtra,Majalgaon,Wheat,7,2023,2225,3000,Kharif,775,2816.3259195893925,3154.5384615384614,3044.2994875080076,3289.337912087912
Maharashtra,Vashi New Mumbai,Onion,10,2024,2000,4700,Kharif,2700,2678.6716114019778,2508.130081300813,3044.2994875080076,3462.48231511254
Maharashtra,Nasik,Onion,2,2024,400,1451,Rabi,1051,2678.6716114019778,2656.4253731343283,2626.972396486826,2104.9403341288785
Maharashtra,Bhusaval,Onion,7,2023,800,1000,Kharif,200,2678.6716114019778,2348.8,3044.2994875080076,3289.337912087912
Maharashtra,Pune(Moshi),Tomato,6,2023,2500,4500,Kharif,2000,6168.357446808511,2277.6119402985073,3044.2994875080076,2308.1819620253164
Maharashtra,Sakri,Onion,10,2023,900,2800,Kharif,1900,2678.6716114019778,2829.8611111111113,3044.2994875080076,3462.48231511254
Maharashtra,Manmad,Onion,10,2024,1942,4261,Kharif,2319,2678.6716114019778,2515.4166666666665,3044.2994875080076,3462.48231511254
Maharashtra,Amrawati(Frui & Veg. Market),Potato,5,2025,1000,1700,Zaid,700,2183.5218855218855,2546.923076923077,1915.1666666666667,1988.592672413793
Maharashtra,Jalgaon,Onion,7,2023,400,1287,Kharif,887,2678.6716114019778,2410.159420289855,3044.2994875080076,3289.337912087912
Maharashtra,Pune(Khadiki),Potato,7,2024,2000,2300,Kharif,300,2183.5218855218855,2011.926605504587,3044.2994875080076,3289.337912087912
Maharashtra,Khed(Chakan),Tomato,8,2023,8000,10000,Kharif,2000,6168.357446808511,2519.4174757281553,3044.2994875080076,3017.515397082658
Maharashtra,Kille Dharur,Wheat,10,2023,2150,3000,Kharif,850,2816.3259195893925,3609.0,3044.2994875080076,3462.48231511254
Maharashtra,Sinner,Onion,5,2025,500,1158,Zaid,658,2678.6716114019778,2542.6071428571427,1915.1666666666667,1988.592672413793
Maharashtra,Jalgaon,Potato,7,2024,2600,3200,Kharif,600,2183.5218855218855,2410.159420289855,3044.2994875080076,3289.337912087912
Maharashtra,Pune,Potato,6,2024,2000,2700,Kharif,700,2183.5218855218855,3186.013986013986,3044.2994875080076,2308.1819620253164
Maharashtra,Lasalgaon(Niphad),Onion,8,2024,1500,3900,Kharif,2400,2678.6716114019778,2520.8804347826085,3044.2994875080076,3017.515397082658
Maharashtra,Kopargaon,Onion,11,2023,1000,4202,Rabi,3202,2678.6716114019778,2558.2608695652175,2626.972396486826,3859.0679611650485
Maharashtra,Kopargaon,Onion,1,2024,500,1501,Rabi,1001,2678.6716114019778,2558.2608695652175,2626.972396486826,2202.0962441314555
Maharashtra,Nasik,Potato,7,2024,2300,3100,Kharif,800,2183.5218855218855,2656.4253731343283,3044.2994875080076,3289.337912087912
Maharashtra,"Sangli(Phale, Bhajipura Market)",Potato,9,2023,1300,1600,Kharif,300,2183.5218855218855,2561.711711711712,3044.2994875080076,3127.0038240917784
Maharashtra,Karjat(Raigad),Wheat,6,2023,2000,2600,Kharif,600,2816.3259195893925,2770.2380952380954,3044.2994875080076,2308.1819620253164
Maharashtra,Devala,Onion,11,2024,1600,5800,Rabi,4200,2678.6716114019778,2586.3793103448274,2626.972396486826,3859.0679611650485
Maharashtra,Purna,Wheat,10,2023,2100,2400,Kharif,300,2816.3259195893925,2450.0,3044.2994875080076,3462.48231511254
Maharashtra,Vai,Onion,2,2024,800,2000,Rabi,1200,2678.6716114019778,3070.7865168539324,2626.972396486826,2104.9403341288785
Maharashtra,Mangal Wedha,Onion,7,2024,1000,3210,Kharif,2210,2678.6716114019778,2928.322033898305,3044.2994875080076,3289.337912087912
Maharashtra,Vashi New Mumbai,Onion,5,2025,700,1500,Zaid,800,2678.6716114019778,2508.130081300813,1915.1666666666667,1988.592672413793
Maharashtra,Junnar(Otur),Onion,3,2024,800,1850,Rabi,1050,2678.6716114019778,2554.5283018867926,2626.972396486826,1861.5330739299611
Maharashtra,Morshi,Wheat,11,2023,2400,2670,Rabi,270,2816.3259195893925,2524.375,2626.972396486826,3859.0679611650485
Maharashtra,Akola,Wheat,12,2023,3200,3600,Rabi,400,2816.3259195893925,2421.8840579710145,2626.972396486826,2933.8104448742747
Maharashtra,Kille Dharur,Wheat,11,2023,2100,2860,Rabi,760,2816.3259195893925,3609.0,2626.972396486826,3859.0679611650485
Maharashtra,Umrane,Onion,3,2025,800,1525,Rabi,725,2678.6716114019778,2608.282608695652,2626.972396486826,1861.5330739299611
Maharashtra,Satana,Onion,7,2023,200,1655,Kharif,1455,2678.6716114019778,2894.45,3044.2994875080076,3289.337912087912
Maharashtra,Pune(Khadiki),Onion,3,2025,1300,2200,Rabi,900,2678.6716114019778,2011.926605504587,2626.972396486826,1861.5330739299611
Maharashtra,Rahata,Potato,2,2025,1000,1500,Rabi,500,2183.5218855218855,2600.863309352518,2626.972396486826,2104.9403341288785
Maharashtra,"Sangli(Phale, Bhajipura Market)",Onion,4,2025,400,1400,Zaid,1000,2678.6716114019778,2561.711711711712,1915.1666666666667,1829.9925
Maharashtra,Sinner,Onion,3,2024,200,1545,Rabi,1345,2678.6716114019778,2542.6071428571427,2626.972396486826,1861.5330739299611
Maharashtra,Dindori(Vani),Onion,1,2024,1425,2240,Rabi,815,2678.6716114019778,2426.6388888888887,2626.972396486826,2202.0962441314555
Maharashtra,Rahata,Onion,10,2024,1300,4800,Kharif,3500,2678.6716114019778,2600.863309352518,3044.2994875080076,3462.48231511254
Maharashtra,Mangal Wedha,Onion,8,2023,1210,2600,Kharif,1390,2678.6716114019778,2928.322033898305,3044.2994875080076,3017.515397082658
Maharashtra,Kopargaon,Onion,5,2025,300,1320,Zaid,1020,2678.6716114019778,2558.2608695652175,1915.1666666666667,1988.592672413793
Maharashtra,Junnar(Narayangaon),Potato,4,2025,400,1810,Zaid,1410,2183.5218855218855,2861.8518518518517,1915.1666666666667,1829.9925
Maharashtra,Parner,Onion,8,2023,300,2800,Kharif,2500,2678.6716114019778,2909.6153846153848,3044.2994875080076,3017.515397082658
Maharashtra,Katol,Wheat,12,2023,2431,2431,Rabi,0,2816.3259195893925,2448.962962962963,2626.972396486826,2933.8104448742747
Maharashtra,Sangamner,Onion,2,2024,150,1951,Rabi,1801,2678.6716114019778,3329.057142857143,2626.972396486826,2104.9403341288785
Maharashtra,Ramtek,Tomato,6,2023,8000,10000,Kharif,2000,6168.357446808511,3246.0169491525426,3044.2994875080076,2308.1819620253164
Maharashtra,Umrane,Onion,7,2023,1000,1851,Kharif,851,2678.6716114019778,2608.282608695652,3044.2994875080076,3289.337912087912
Maharashtra,Vashi New Mumbai,Potato,5,2025,1200,1800,Zaid,600,2183.5218855218855,2508.130081300813,1915.1666666666667,1988.592672413793
Maharashtra,Lonand,Onion,5,2025,400,1225,Zaid,825,2678.6716114019778,2603.235294117647,1915.1666666666667,1988.592672413793
Maharashtra,Shahada,Wheat,9,2023,2651,2901,Kharif,250,2816.3259195893925,2744.6111111111113,3044.2994875080076,3127.0038240917784
Maharashtra,Amalner,Wheat,10,2023,2400,2651,Kharif,251,2816.3259195893925,2787.5714285714284,3044.2994875080076,3462.48231511254
Maharashtra,Lasalgaon(Vinchur),Wheat,1,2024,2525,2955,Rabi,430,2816.3259195893925,2574.311320754717,2626.972396486826,2202.0962441314555
Maharashtra,Junnar(Otur),Potato,3,2024,500,1800,Rabi,1300,2183.5218855218855,2554.5283018867926,2626.972396486826,1861.5330739299611
Maharashtra,Majalgaon,Wheat,8,2023,2470,2470,Kharif,0,2816.3259195893925,3154.5384615384614,3044.2994875080076,3017.515397082658
Maharashtra,Pimpalgaon,Onion,5,2024,400,2370,Zaid,1970,2678.6716114019778,3416.065934065934,1915.1666666666667,1988.592672413793
Maharashtra,Khed(Chakan),Potato,2,2024,1300,2000,Rabi,700,2183.5218855218855,2519.4174757281553,2626.972396486826,2104.9403341288785
Maharashtra,Chandrapur(Ganjwad),Tomato,7,2023,4000,9200,Kharif,5200,6168.357446808511,2858.8607594936707,3044.2994875080076,3289.337912087912
Maharashtra,Newasa(Ghodegaon),Onion,7,2023,300,2400,Kharif,2100,2678.6716114019778,2765.151515151515,3044.2994875080076,3289.337912087912
Maharashtra,Pimpalgaon,Onion,3,2024,300,1425,Rabi,1125,2678.6716114019778,3416.065934065934,2626.972396486826,1861.5330739299611
Maharashtra,Shrigonda(Gogargaon),Wheat,12,2023,2400,2400,Rabi,0,2816.3259195893925,2400.0,2626.972396486826,2933.8104448742747
Maharashtra,Shivsiddha Govind Producer Company Limited Sanchal,Onion,5,2025,675,1300,Zaid,625,2678.6716114019778,3288.75,1915.1666666666667,1988.592672413793
Maharashtra,Kopargaon,Onion,2,2024,500,1399,Rabi,899,2678.6716114019778,2558.2608695652175,2626.972396486826,2104.9403341288785
Maharashtra,Yeola,Onion,2,2025,700,2871,Rabi,2171,2678.6716114019778,2692.5254237288136,2626.972396486826,2104.9403341288785
Maharashtra,Nandgaon,Wheat,12,2023,2600,3451,Rabi,851,2816.3259195893925,2752.116666666667,2626.972396486826,2933.8104448742747
Maharashtra,Karjat,Onion,3,2025,700,1600,Rabi,900,2678.6716114019778,2275.0,2626.972396486826,1861.5330739299611
Maharashtra,Barshi,Wheat,10,2023,2400,3100,Kharif,700,2816.3259195893925,3191.6666666666665,3044.2994875080076,3462.48231511254
Maharashtra,Yeola,Onion,6,2023,200,1066,Kharif,866,2678.6716114019778,2692.5254237288136,3044.2994875080076,2308.1819620253164
Maharashtra,Phaltan,Onion,4,2024,400,1700,Zaid,1300,2678.6716114019778,5066.785714285715,1915.1666666666667,1829.9925
Maharashtra,Karad,Onion,9,2023,1000,2200,Kharif,1200,2678.6716114019778,2862.31884057971,3044.2994875080076,3127.0038240917784
Maharashtra,Rahuri,Onion,10,2024,500,4500,Kharif,4000,2678.6716114019778,2826.0106382978724,3044.2994875080076,3462.48231511254
Maharashtra,Gevrai,Wheat,8,2023,2450,2941,Kharif,491,2816.3259195893925,2950.590909090909,3044.2994875080076,3017.515397082658
Maharashtra,Gevrai,Wheat,6,2023,2200,2649,Kharif,449,2816.3259195893925,2950.590909090909,3044.2994875080076,2308.1819620253164
Maharashtra,Dindori,Onion,7,2024,2461,2790,Kharif,329,2678.6716114019778,1774.4666666666667,3044.2994875080076,3289.337912087912
Maharashtra,Shirpur,Onion,2,2025,500,2700,Rabi,2200,2678.6716114019778,2791.733333333333,2626.972396486826,2104.9403341288785
Maharashtra,Pen,Onion,10,2023,3400,3600,Kharif,200,2678.6716114019778,2790.909090909091,3044.2994875080076,3462.48231511254
Maharashtra,Nagpur,Onion,11,2024,2800,4800,Rabi,2000,2678.6716114019778,2756.266666666667,2626.972396486826,3859.0679611650485
Maharashtra,Manchar,Onion,12,2023,1000,4210,Rabi,3210,2678.6716114019778,2335.757575757576,2626.972396486826,2933.8104448742747
Maharashtra,Manmad,Onion,11,2024,2251,4492,Rabi,2241,2678.6716114019778,2515.4166666666665,2626.972396486826,3859.0679611650485
Maharashtra,Pathardi,Onion,12,2023,500,2500,Rabi,2000,2678.6716114019778,2397.093023255814,2626.972396486826,2933.8104448742747
Maharashtra,"Sangli(Phale, Bhajipura Market)",Potato,2,2025,1200,2200,Rabi,1000,2183.5218855218855,2561.711711711712,2626.972396486826,2104.9403341288785
Maharashtra,Pune(Manjri),Onion,5,2024,1300,1700,Zaid,400,2678.6716114019778,2804.7619047619046,1915.1666666666667,1988.592672413793
Maharashtra,Gevrai,Wheat,12,2023,2300,3100,Rabi,800,2816.3259195893925,2950.590909090909,2626.972396486826,2933.8104448742747
Maharashtra,Vai,Onion,4,2024,700,1300,Zaid,600,2678.6716114019778,3070.7865168539324,1915.1666666666667,1829.9925
Maharashtra,Umrane,Onion,1,2024,551,1844,Rabi,1293,2678.6716114019778,2608.282608695652,2626.972396486826,2202.0962441314555
Maharashtra,Pune(Manjri),Onion,7,2024,1300,3100,Kharif,1800,2678.6716114019778,2804.7619047619046,3044.2994875080076,3289.337912087912
Maharashtra,Akola,Onion,7,2024,1800,3000,Kharif,1200,2678.6716114019778,2421.8840579710145,3044.2994875080076,3289.337912087912
Maharashtra,Kada,Onion,7,2023,300,1300,Kharif,1000,2678.6716114019778,2177.2727272727275,3044.2994875080076,3289.337912087912
Maharashtra,Kalmeshwar,Tomato,6,2023,2515,3000,Kharif,485,6168.357446808511,6000.0,3044.2994875080076,2308.1819620253164
Maharashtra,Vasai,Wheat,6,2023,3050,3860,Kharif,810,2816.3259195893925,4115.555555555556,3044.2994875080076,2308.1819620253164
Maharashtra,Karjat(Raigad),Wheat,11,2023,2200,2800,Rabi,600,2816.3259195893925,2770.2380952380954,2626.972396486826,3859.0679611650485
Maharashtra,Shree Sairaj Krushi Market,Onion,11,2024,200,5110,Rabi,4910,2678.6716114019778,3469.375,2626.972396486826,3859.0679611650485
Maharashtra,Lasalgaon(Vinchur),Onion,12,2023,1000,2202,Rabi,1202,2678.6716114019778,2574.311320754717,2626.972396486826,2933.8104448742747
Maharashtra,Sakri,Onion,12,2023,1055,3805,Rabi,2750,2678.6716114019778,2829.8611111111113,2626.972396486826,2933.8104448742747
Maharashtra,Ahmednagar,Onion,12,2024,700,5000,Rabi,4300,2678.6716114019778,2678.2608695652175,2626.972396486826,2933.8104448742747
Maharashtra,Sindi(Selu),Wheat,6,2023,2100,2350,Kharif,250,2816.3259195893925,2372.222222222222,3044.2994875080076,2308.1819620253164
Maharashtra,Manchar,Onion,3,2024,1000,2000,Rabi,1000,2678.6716114019778,2335.757575757576,2626.972396486826,1861.5330739299611
Maharashtra,Khed(Chakan),Potato,2,2025,1300,2000,Rabi,700,2183.5218855218855,2519.4174757281553,2626.972396486826,2104.9403341288785
Maharashtra,Vai,Onion,10,2023,1000,2500,Kharif,1500,2678.6716114019778,3070.7865168539324,3044.2994875080076,3462.48231511254
Maharashtra,Akluj,Potato,3,2025,1500,2000,Rabi,500,2183.5218855218855,2208.2716049382716,2626.972396486826,1861.5330739299611
Maharashtra,Lasalgaon(Niphad),Onion,8,2023,500,2000,Kharif,1500,2678.6716114019778,2520.8804347826085,3044.2994875080076,3017.515397082658
Maharashtra,Rahata,Onion,11,2024,1200,6100,Rabi,4900,2678.6716114019778,2600.863309352518,2626.972396486826,3859.0679611650485
Maharashtra,Hingna,Onion,4,2025,1600,1600,Zaid,0,2678.6716114019778,2675.875,1915.1666666666667,1829.9925
Maharashtra,Manmad,Onion,11,2023,1000,3700,Rabi,2700,2678.6716114019778,2515.4166666666665,2626.972396486826,3859.0679611650485
Maharashtra,Vadgaonpeth,Onion,2,2024,1000,1500,Rabi,500,2678.6716114019778,2767.5675675675675,2626.972396486826,2104.9403341288785
Maharashtra,Bhusaval,Tomato,10,2023,900,1200,Kharif,300,6168.357446808511,2348.8,3044.2994875080076,3462.48231511254
Maharashtra,Akola,Onion,9,2024,2500,4500,Kharif,2000,2678.6716114019778,2421.8840579710145,3044.2994875080076,3127.0038240917784
Maharashtra,Pimpalgaon,Tomato,7,2023,505,9500,Kharif,8995,6168.357446808511,3416.065934065934,3044.2994875080076,3289.337912087912
Maharashtra,Akola,Potato,8,2023,1200,1500,Kharif,300,2183.5218855218855,2421.8840579710145,3044.2994875080076,3017.515397082658
Maharashtra,Satana,Wheat,6,2023,2000,2656,Kharif,656,2816.3259195893925,2894.45,3044.2994875080076,2308.1819620253164
Maharashtra,Kamthi,Onion,4,2025,1500,2500,Zaid,1000,2678.6716114019778,3486.904761904762,1915.1666666666667,1829.9925
Maharashtra,Mankamneshwar Farmar Producer CoLtd Sanchalit Mank,Onion,6,2023,258,900,Kharif,642,2678.6716114019778,2072.0666666666666,3044.2994875080076,2308.1819620253164
Maharashtra,Jalgaon,Onion,2,2025,627,2500,Rabi,1873,2678.6716114019778,2410.159420289855,2626.972396486826,2104.9403341288785
Maharashtra,Pimpalgaon Baswant(Saykheda),Onion,5,2024,700,2010,Zaid,1310,2678.6716114019778,2602.5479452054797,1915.1666666666667,1988.592672413793
Maharashtra,Ramtek,Onion,1,2024,1800,2000,Rabi,200,2678.6716114019778,3246.0169491525426,2626.972396486826,2202.0962441314555
Maharashtra,Kolhapur,Onion,11,2024,1000,6500,Rabi,5500,2678.6716114019778,3576.785714285714,2626.972396486826,3859.0679611650485
Maharashtra,Bhusaval,Potato,5,2025,1500,2000,Zaid,500,2183.5218855218855,2348.8,1915.1666666666667,1988.592672413793
Maharashtra,Gevrai,Wheat,10,2023,2500,3200,Kharif,700,2816.3259195893925,2950.590909090909,3044.2994875080076,3462.48231511254
Maharashtra,Pune,Potato,5,2024,2000,2900,Zaid,900,2183.5218855218855,3186.013986013986,1915.1666666666667,1988.592672413793
Maharashtra,Devala,Onion,3,2025,650,1580,Rabi,930,2678.6716114019778,2586.3793103448274,2626.972396486826,1861.5330739299611
Maharashtra,Pune(Khadiki),Tomato,7,2023,3000,5000,Kharif,2000,6168.357446808511,2011.926605504587,3044.2994875080076,3289.337912087912
Maharashtra,Vashi New Mumbai,Onion,3,2025,1000,1900,Rabi,900,2678.6716114019778,2508.130081300813,2626.972396486826,1861.5330739299611
Maharashtra,Ulhasnagar,Wheat,9,2023,3400,3800,Kharif,400,2816.3259195893925,3895.8333333333335,3044.2994875080076,3127.0038240917784
Maharashtra,Junnar(Narayangaon),Potato,4,2024,1100,2600,Zaid,1500,2183.5218855218855,2861.8518518518517,1915.1666666666667,1829.9925
Maharashtra,Rahuri,Tomato,7,2023,2500,9000,Kharif,6500,6168.357446808511,2826.0106382978724,3044.2994875080076,3289.337912087912
Maharashtra,Mangal Wedha,Tomato,8,2023,1000,11400,Kharif,10400,6168.357446808511,2928.322033898305,3044.2994875080076,3017.515397082658
Maharashtra,Pimpalgaon,Onion,6,2023,200,1980,Kharif,1780,2678.6716114019778,3416.065934065934,3044.2994875080076,2308.1819620253164
Maharashtra,Satana,Onion,1,2024,100,1260,Rabi,1160,2678.6716114019778,2894.45,2626.972396486826,2202.0962441314555
Maharashtra,Pune(Pimpri),Onion,5,2025,1300,1600,Zaid,300,2678.6716114019778,2966.2162162162163,1915.1666666666667,1988.592672413793
Maharashtra,Katol,Wheat,6,2023,2200,2200,Kharif,0,2816.3259195893925,2448.962962962963,3044.2994875080076,2308.1819620253164
Maharashtra,Ahmednagar,Onion,8,2024,600,2800,Kharif,2200,2678.6716114019778,2678.2608695652175,3044.2994875080076,3017.515397082658
Maharashtra,Akole,Onion,2,2025,600,3600,Rabi,3000,2678.6716114019778,2706.52,2626.972396486826,2104.9403341288785
Maharashtra,Satana,Wheat,2,2024,1800,2791,Rabi,991,2816.3259195893925,2894.45,2626.972396486826,2104.9403341288785
Maharashtra,Pune(Khadiki),Potato,5,2025,1000,1400,Zaid,400,2183.5218855218855,2011.926605504587,1915.1666666666667,1988.592672413793
Maharashtra,Laxmi Sopan Agriculture Produce Marketing Co Ltd,Onion,5,2025,500,1150,Zaid,650,2678.6716114019778,2508.3928571428573,1915.1666666666667,1988.592672413793
Maharashtra,Rahata,Wheat,1,2024,2351,2851,Rabi,500,2816.3259195893925,2600.863309352518,2626.972396486826,2202.0962441314555
Maharashtra,Shevgaon,Wheat,12,2023,2500,3000,Rabi,500,2816.3259195893925,2106.75,2626.972396486826,2933.8104448742747
Maharashtra,Hingna,Onion,11,2024,4000,4000,Rabi,0,2678.6716114019778,2675.875,2626.972396486826,3859.0679611650485
Maharashtra,Akola,Potato,6,2023,800,1300,Kharif,500,2183.5218855218855,2421.8840579710145,3044.2994875080076,2308.1819620253164
Maharashtra,Chandvad,Onion,5,2025,500,1435,Zaid,935,2678.6716114019778,3065.671875,1915.1666666666667,1988.592672413793
Maharashtra,Shirpur,Wheat,6,2023,2100,2319,Kharif,219,2816.3259195893925,2791.733333333333,3044.2994875080076,2308.1819620253164
Maharashtra,Amrawati(Frui & Veg. Market),Tomato,9,2023,1000,1200,Kharif,200,6168.357446808511,2546.923076923077,3044.2994875080076,3127.0038240917784
Maharashtra,Solapur,Potato,6,2025,1300,1700,Kharif,400,2183.5218855218855,3247.752808988764,3044.2994875080076,2308.1819620253164
Maharashtra,Kamthi,Potato,5,2025,1200,1600,Zaid,400,2183.5218855218855,3486.904761904762,1915.1666666666667,1988.592672413793
Maharashtra,Pune(Pimpri),Onion,9,2023,1200,2200,Kharif,1000,2678.6716114019778,2966.2162162162163,3044.2994875080076,3127.0038240917784
Maharashtra,Pune,Wheat,8,2023,4000,5200,Kharif,1200,2816.3259195893925,3186.013986013986,3044.2994875080076,3017.515397082658
Maharashtra,Pune(Manjri),Onion,3,2024,1100,1600,Rabi,500,2678.6716114019778,2804.7619047619046,2626.972396486826,1861.5330739299611
Maharashtra,Khed(Chakan),Potato,1,2024,1000,1500,Rabi,500,2183.5218855218855,2519.4174757281553,2626.972396486826,2202.0962441314555
Maharashtra,Baramati,Onion,11,2024,2000,5900,Rabi,3900,2678.6716114019778,2769.054054054054,2626.972396486826,3859.0679611650485
Maharashtra,Satara,Onion,11,2023,2000,5000,Rabi,3000,2678.6716114019778,2750.0,2626.972396486826,3859.0679611650485
Maharashtra,Ramtek,Potato,10,2024,3800,4000,Kharif,200,2183.5218855218855,3246.0169491525426,3044.2994875080076,3462.48231511254
Maharashtra,Manmad,Onion,5,2024,300,1839,Zaid,1539,2678.6716114019778,2515.4166666666665,1915.1666666666667,1988.592672413793
Maharashtra,Baramati,Wheat,11,2023,2300,3212,Rabi,912,2816.3259195893925,2769.054054054054,2626.972396486826,3859.0679611650485
Maharashtra,Sakri,Onion,10,2023,1700,3575,Kharif,1875,2678.6716114019778,2829.8611111111113,3044.2994875080076,3462.48231511254
Maharashtra,Amrawati(Frui & Veg. Market),Potato,5,2025,1300,2100,Zaid,800,2183.5218855218855,2546.923076923077,1915.1666666666667,1988.592672413793
Maharashtra,Ulhasnagar,Wheat,6,2023,3000,3500,Kharif,500,2816.3259195893925,3895.8333333333335,3044.2994875080076,2308.1819620253164
Maharashtra,Vashi New Mumbai,Onion,5,2025,800,1700,Zaid,900,2678.6716114019778,2508.130081300813,1915.1666666666667,1988.592672413793
Maharashtra,Jalgaon,Onion,11,2023,1500,3872,Rabi,2372,2678.6716114019778,2410.159420289855,2626.972396486826,3859.0679611650485
Maharashtra,Pune(Khadiki),Onion,3,2025,1000,2200,Rabi,1200,2678.6716114019778,2011.926605504587,2626.972396486826,1861.5330739299611
Maharashtra,Ahmednagar,Potato,1,2025,500,2200,Rabi,1700,2183.5218855218855,2678.2608695652175,2626.972396486826,2202.0962441314555
Maharashtra,Pune(Khadiki),Potato,2,2024,900,1200,Rabi,300,2183.5218855218855,2011.926605504587,2626.972396486826,2104.9403341288785
Maharashtra,Vita,Onion,3,2024,1000,1700,Rabi,700,2678.6716114019778,2686.9565217391305,2626.972396486826,1861.5330739299611
Maharashtra,Amrawati(Frui & Veg. Market),Potato,2,2024,400,1500,Rabi,1100,2183.5218855218855,2546.923076923077,2626.972396486826,2104.9403341288785
Maharashtra,Pune,Tomato,6,2023,600,2500,Kharif,1900,6168.357446808511,3186.013986013986,3044.2994875080076,2308.1819620253164
Maharashtra,Kurdwadi(Modnimb),Onion,3,2025,300,1601,Rabi,1301,2678.6716114019778,2242.88,2626.972396486826,1861.5330739299611
Maharashtra,Junnar(Narayangaon),Potato,2,2024,400,1800,Rabi,1400,2183.5218855218855,2861.8518518518517,2626.972396486826,2104.9403341288785
Maharashtra,Manchar,Potato,2,2025,1500,1900,Rabi,400,2183.5218855218855,2335.757575757576,2626.972396486826,2104.9403341288785
Maharashtra,Baramati,Onion,10,2024,2000,4720,Kharif,2720,2678.6716114019778,2769.054054054054,3044.2994875080076,3462.48231511254
Maharashtra,Lasalgaon(Vinchur),Onion,8,2023,1000,2405,Kharif,1405,2678.6716114019778,2574.311320754717,3044.2994875080076,3017.515397082658
Maharashtra,Umrane,Onion,1,2024,701,1750,Rabi,1049,2678.6716114019778,2608.282608695652,2626.972396486826,2202.0962441314555
Maharashtra,Chalisgaon,Wheat,9,2023,2201,2751,Kharif,550,2816.3259195893925,2719.05,3044.2994875080076,3127.0038240917784
Maharashtra,Pune(Pimpri),Onion,8,2023,1000,2300,Kharif,1300,2678.6716114019778,2966.2162162162163,3044.2994875080076,3017.515397082658
Maharashtra,Pimpalgaon,Tomato,8,2023,500,12505,Kharif,12005,6168.357446808511,3416.065934065934,3044.2994875080076,3017.515397082658
Maharashtra,Pimpalgaon Baswant(Saykheda),Onion,11,2024,4800,5651,Rabi,851,2678.6716114019778,2602.5479452054797,2626.972396486826,3859.0679611650485
Maharashtra,Karad,Tomato,7,2023,7000,9000,Kharif,2000,6168.357446808511,2862.31884057971,3044.2994875080076,3289.337912087912
Maharashtra,Bhusaval,Tomato,6,2023,5000,6500,Kharif,1500,6168.357446808511,2348.8,3044.2994875080076,2308.1819620253164
Maharashtra,Nagpur,Wheat,9,2023,2502,2596,Kharif,94,2816.3259195893925,2756.266666666667,3044.2994875080076,3127.0038240917784
Maharashtra,Solapur,Potato,7,2023,500,2300,Kharif,1800,2183.5218855218855,3247.752808988764,3044.2994875080076,3289.337912087912
Maharashtra,Vadgaonpeth,Onion,5,2024,1600,1900,Zaid,300,2678.6716114019778,2767.5675675675675,1915.1666666666667,1988.592672413793
Maharashtra,Solapur,Potato,5,2025,1400,1800,Zaid,400,2183.5218855218855,3247.752808988764,1915.1666666666667,1988.592672413793
Maharashtra,Nampur,Onion,1,2024,100,2105,Rabi,2005,2678.6716114019778,2499.769230769231,2626.972396486826,2202.0962441314555
Maharashtra,Karjat(Raigad),Onion,8,2023,200,1600,Kharif,1400,2678.6716114019778,2770.2380952380954,3044.2994875080076,3017.515397082658
Maharashtra,Katol,Wheat,9,2023,2480,2480,Kharif,0,2816.3259195893925,2448.962962962963,3044.2994875080076,3127.0038240917784
Maharashtra,Ulhasnagar,Wheat,1,2024,3200,3600,Rabi,400,2816.3259195893925,3895.8333333333335,2626.972396486826,2202.0962441314555
Maharashtra,Kille Dharur,Wheat,10,2023,2360,3181,Kharif,821,2816.3259195893925,3609.0,3044.2994875080076,3462.48231511254
Maharashtra,Junnar(Narayangaon),Potato,5,2024,1600,1600,Zaid,0,2183.5218855218855,2861.8518518518517,1915.1666666666667,1988.592672413793
Maharashtra,Rahuri(Vambori),Onion,3,2025,200,1600,Rabi,1400,2678.6716114019778,2812.3478260869565,2626.972396486826,1861.5330739299611
Maharashtra,"Sangli(Phale, Bhajipura Market)",Onion,11,2023,800,4700,Rabi,3900,2678.6716114019778,2561.711711711712,2626.972396486826,3859.0679611650485
Maharashtra,Akola,Potato,10,2024,2000,2800,Kharif,800,2183.5218855218855,2421.8840579710145,3044.2994875080076,3462.48231511254
Maharashtra,Shivsiddha Govind Producer Company Limited Sanchal,Onion,10,2023,2100,3885,Kharif,1785,2678.6716114019778,3288.75,3044.2994875080076,3462.48231511254
Maharashtra,Pune(Manjri),Onion,9,2024,3000,4200,Kharif,1200,2678.6716114019778,2804.7619047619046,3044.2994875080076,3127.0038240917784
Maharashtra,Kopargaon,Onion,10,2024,1000,4600,Kharif,3600,2678.6716114019778,2558.2608695652175,3044.2994875080076,3462.48231511254
Maharashtra,Phaltan,Wheat,7,2023,2100,3011,Kharif,911,2816.3259195893925,5066.785714285715,3044.2994875080076,3289.337912087912
Maharashtra,"Sangli(Phale, Bhajipura Market)",Onion,4,2024,300,1600,Zaid,1300,2678.6716114019778,2561.711711711712,1915.1666666666667,1829.9925
Maharashtra,Solapur,Onion,9,2024,500,5700,Kharif,5200,2678.6716114019778,3247.752808988764,3044.2994875080076,3127.0038240917784
Maharashtra,Mangal Wedha,Onion,9,2023,1000,2200,Kharif,1200,2678.6716114019778,2928.322033898305,3044.2994875080076,3127.0038240917784
Maharashtra,Pune(Manjri),Onion,9,2024,2000,4600,Kharif,2600,2678.6716114019778,2804.7619047619046,3044.2994875080076,3127.0038240917784
Maharashtra,Barshi,Wheat,6,2023,2150,3000,Kharif,850,2816.3259195893925,3191.6666666666665,3044.2994875080076,2308.1819620253164
Maharashtra,Manchar,Potato,1,2024,625,1500,Rabi,875,2183.5218855218855,2335.757575757576,2626.972396486826,2202.0962441314555
Maharashtra,Vadgaonpeth,Onion,7,2024,2400,3200,Kharif,800,2678.6716114019778,2767.5675675675675,3044.2994875080076,3289.337912087912
Maharashtra,Pune,Potato,5,2025,1300,2300,Zaid,1000,2183.5218855218855,3186.013986013986,1915.1666666666667,1988.592672413793
Maharashtra,Pune,Onion,6,2024,800,2600,Kharif,1800,2678.6716114019778,3186.013986013986,3044.2994875080076,2308.1819620253164
Maharashtra,Amalner,Wheat,11,2023,2400,2600,Rabi,200,2816.3259195893925,2787.5714285714284,2626.972396486826,3859.0679611650485
Maharashtra,Pune(Manjri),Potato,2,2024,1600,2200,Rabi,600,2183.5218855218855,2804.7619047619046,2626.972396486826,2104.9403341288785
Maharashtra,Phaltan,Onion,1,2024,400,1700,Rabi,1300,2678.6716114019778,5066.785714285715,2626.972396486826,2202.0962441314555
Maharashtra,Yeola,Onion,12,2023,1200,3851,Rabi,2651,2678.6716114019778,2692.5254237288136,2626.972396486826,2933.8104448742747
Maharashtra,Pandharpur,Onion,10,2023,300,2500,Kharif,2200,2678.6716114019778,3293.846153846154,3044.2994875080076,3462.48231511254
Maharashtra,Vashi New Mumbai,Onion,6,2023,600,1400,Kharif,800,2678.6716114019778,2508.130081300813,3044.2994875080076,2308.1819620253164
Maharashtra,Kolhapur,Tomato,6,2023,1000,2500,Kharif,1500,6168.357446808511,3576.785714285714,3044.2994875080076,2308.1819620253164
Maharashtra,Manchar,Potato,7,2024,1000,2500,Kharif,1500,2183.5218855218855,2335.757575757576,3044.2994875080076,3289.337912087912
Maharashtra,Sakri,Onion,10,2024,2200,4280,Kharif,2080,2678.6716114019778,2829.8611111111113,3044.2994875080076,3462.48231511254
Maharashtra,Jalgaon,Potato,6,2024,2200,2900,Kharif,700,2183.5218855218855,2410.159420289855,3044.2994875080076,2308.1819620253164
Maharashtra,Newasa(Ghodegaon),Onion,8,2024,1000,3400,Kharif,2400,2678.6716114019778,2765.151515151515,3044.2994875080076,3017.515397082658
Maharashtra,Pathari,Wheat,1,2024,2400,2781,Rabi,381,2816.3259195893925,2668.5,2626.972396486826,2202.0962441314555
Maharashtra,Ahmednagar,Onion,4,2024,150,1700,Zaid,1550,2678.6716114019778,2678.2608695652175,1915.1666666666667,1829.9925
Maharashtra,Rahuri,Onion,1,2024,100,2100,Rabi,2000,2678.6716114019778,2826.0106382978724,2626.972396486826,2202.0962441314555
Maharashtra,Yeola,Onion,7,2024,900,2706,Kharif,1806,2678.6716114019778,2692.5254237288136,3044.2994875080076,3289.337912087912
Maharashtra,Nasik,Potato,10,2023,1100,1500,Kharif,400,2183.5218855218855,2656.4253731343283,3044.2994875080076,3462.48231511254
Maharashtra,Khed(Chakan),Onion,3,2024,1000,1600,Rabi,600,2678.6716114019778,2519.4174757281553,2626.972396486826,1861.5330739299611
Maharashtra,Manmad,Onion,7,2023,200,1502,Kharif,1302,2678.6716114019778,2515.4166666666665,3044.2994875080076,3289.337912087912
Maharashtra,Satana,Onion,1,2024,500,2605,Rabi,2105,2678.6716114019778,2894.45,2626.972396486826,2202.0962441314555
Maharashtra,Pimpalgaon,Onion,11,2024,1300,4552,Rabi,3252,2678.6716114019778,3416.065934065934,2626.972396486826,3859.0679611650485
Maharashtra,Yeola,Onion,5,2025,181,1313,Zaid,1132,2678.6716114019778,2692.5254237288136,1915.1666666666667,1988.592672413793
Maharashtra,Shrirampur,Potato,8,2023,900,1200,Kharif,300,2183.5218855218855,2334.11,3044.2994875080076,3017.515397082658
Maharashtra,Pune(Manjri),Potato,6,2023,1300,1700,Kharif,400,2183.5218855218855,2804.7619047619046,3044.2994875080076,2308.1819620253164
Maharashtra,Nandgaon,Onion,6,2025,150,1800,Kharif,1650,2678.6716114019778,2752.116666666667,3044.2994875080076,2308.1819620253164
Maharashtra,Rahata,Wheat,9,2023,2499,2600,Kharif,101,2816.3259195893925,2600.863309352518,3044.2994875080076,3127.0038240917784
Maharashtra,Rahata,Potato,9,2023,1600,1800,Kharif,200,2183.5218855218855,2600.863309352518,3044.2994875080076,3127.0038240917784
Maharashtra,Pandharpur,Onion,3,2025,350,1950,Rabi,1600,2678.6716114019778,3293.846153846154,2626.972396486826,1861.5330739299611
Maharashtra,Pune,Onion,1,2024,400,1400,Rabi,1000,2678.6716114019778,3186.013986013986,2626.972396486826,2202.0962441314555
Maharashtra,Patan,Tomato,7,2023,3500,5500,Kharif,2000,6168.357446808511,4500.0,3044.2994875080076,3289.337912087912
Maharashtra,Akluj,Potato,6,2025,1800,2000,Kharif,200,2183.5218855218855,2208.2716049382716,3044.2994875080076,2308.1819620253164
Maharashtra,Dhule,Onion,2,2025,500,3310,Rabi,2810,2678.6716114019778,2516.8552631578946,2626.972396486826,2104.9403341288785
Maharashtra,Wardha,Wheat,12,2023,2365,2365,Rabi,0,2816.3259195893925,2226.3333333333335,2626.972396486826,2933.8104448742747
Maharashtra,Pune(Moshi),Potato,11,2024,1600,2400,Rabi,800,2183.5218855218855,2277.6119402985073,2626.972396486826,3859.0679611650485
Maharashtra,Devala,Onion,7,2024,900,2870,Kharif,1970,2678.6716114019778,2586.3793103448274,3044.2994875080076,3289.337912087912
Maharashtra,Kalyan,Potato,5,2024,2000,2300,Zaid,300,2183.5218855218855,2589.4736842105262,1915.1666666666667,1988.592672413793
Maharashtra,Hingna,Potato,11,2024,2600,2600,Rabi,0,2183.5218855218855,2675.875,2626.972396486826,3859.0679611650485
Maharashtra,Beed,Wheat,6,2023,2000,3200,Kharif,1200,2816.3259195893925,3114.3636363636365,3044.2994875080076,2308.1819620253164
Maharashtra,Satana,Wheat,8,2023,1700,2856,Kharif,1156,2816.3259195893925,2894.45,3044.2994875080076,3017.515397082658
Maharashtra,Pimpalgaon,Onion,1,2024,500,2151,Rabi,1651,2678.6716114019778,3416.065934065934,2626.972396486826,2202.0962441314555
Maharashtra,Chandrapur(Ganjwad),Potato,10,2023,1450,1550,Kharif,100,2183.5218855218855,2858.8607594936707,3044.2994875080076,3462.48231511254
Maharashtra,Lasalgaon,Onion,6,2023,400,1301,Kharif,901,2678.6716114019778,2867.190476190476,3044.2994875080076,2308.1819620253164
Maharashtra,Rahata,Wheat,11,2023,2666,3060,Rabi,394,2816.3259195893925,2600.863309352518,2626.972396486826,3859.0679611650485
Maharashtra,Solapur,Onion,3,2025,200,2100,Rabi,1900,2678.6716114019778,3247.752808988764,2626.972396486826,1861.5330739299611
Maharashtra,Vashi New Mumbai,Potato,3,2025,1000,1800,Rabi,800,2183.5218855218855,2508.130081300813,2626.972396486826,1861.5330739299611
Maharashtra,Akola,Wheat,7,2023,2175,2475,Kharif,300,2816.3259195893925,2421.8840579710145,3044.2994875080076,3289.337912087912
Maharashtra,Karad,Onion,6,2025,1000,1300,Kharif,300,2678.6716114019778,2862.31884057971,3044.2994875080076,2308.1819620253164
Maharashtra,Savner,Wheat,1,2024,2500,2700,Rabi,200,2816.3259195893925,2425.5,2626.972396486826,2202.0962441314555
Maharashtra,Solapur,Rice,5,2025,3330,7010,Zaid,3680,4928.92,3247.752808988764,1915.1666666666667,1988.592672413793
Maharashtra,Manmad,Onion,10,2023,400,2401,Kharif,2001,2678.6716114019778,2515.4166666666665,3044.2994875080076,3462.48231511254
Maharashtra,Devala,Onion,2,2024,500,1875,Rabi,1375,2678.6716114019778,2586.3793103448274,2626.972396486826,2104.9403341288785
Maharashtra,Junnar(Alephata),Onion,9,2024,2800,5010,Kharif,2210,2678.6716114019778,3320.3846153846152,3044.2994875080076,3127.0038240917784
Maharashtra,Baramati,Onion,10,2024,2000,4651,Kharif,2651,2678.6716114019778,2769.054054054054,3044.2994875080076,3462.48231511254
Maharashtra,Jamkhed,Wheat,6,2023,2000,2600,Kharif,600,2816.3259195893925,2610.4651162790697,3044.2994875080076,2308.1819620253164
Maharashtra,Mankamneshwar Farmar Producer CoLtd Sanchalit Mank,Onion,5,2025,502,1156,Zaid,654,2678.6716114019778,2072.0666666666666,1915.1666666666667,1988.592672413793
Maharashtra,Sinner,Onion,4,2025,500,1254,Zaid,754,2678.6716114019778,2542.6071428571427,1915.1666666666667,1829.9925
Maharashtra,Hingna,Potato,11,2024,2700,3000,Rabi,300,2183.5218855218855,2675.875,2626.972396486826,3859.0679611650485
Maharashtra,Akola,Onion,7,2024,1600,3000,Kharif,1400,2678.6716114019778,2421.8840579710145,3044.2994875080076,3289.337912087912
Maharashtra,Kalvan,Onion,7,2024,1000,3005,Kharif,2005,2678.6716114019778,2726.1132075471696,3044.2994875080076,3289.337912087912
Maharashtra,Ramtek,Onion,5,2025,1200,1500,Zaid,300,2678.6716114019778,3246.0169491525426,1915.1666666666667,1988.592672413793
Maharashtra,Pune(Manjri),Onion,11,2024,2200,3300,Rabi,1100,2678.6716114019778,2804.7619047619046,2626.972396486826,3859.0679611650485
Maharashtra,Umrane,Onion,3,2024,651,1650,Rabi,999,2678.6716114019778,2608.282608695652,2626.972396486826,1861.5330739299611
Maharashtra,Chandrapur(Ganjwad),Onion,2,2024,1000,1750,Rabi,750,2678.6716114019778,2858.8607594936707,2626.972396486826,2104.9403341288785
Maharashtra,Jalgaon,Potato,11,2023,800,1300,Rabi,500,2183.5218855218855,2410.159420289855,2626.972396486826,3859.0679611650485
Maharashtra,Savner,Wheat,8,2023,2295,2350,Kharif,55,2816.3259195893925,2425.5,3044.2994875080076,3017.515397082658
Maharashtra,Umrane,Onion,1,2024,501,1417,Rabi,916,2678.6716114019778,2608.282608695652,2626.972396486826,2202.0962441314555
Maharashtra,Om Chaitanya Multistate Agro Purpose CoOp Society,Onion,10,2023,1000,5000,Kharif,4000,2678.6716114019778,2918.3333333333335,3044.2994875080076,3462.48231511254
Maharashtra,Vai,Onion,8,2024,1000,3000,Kharif,2000,2678.6716114019778,3070.7865168539324,3044.2994875080076,3017.515397082658
Maharashtra,Manmad,Onion,2,2024,300,1320,Rabi,1020,2678.6716114019778,2515.4166666666665,2626.972396486826,2104.9403341288785
Maharashtra,Rahuri,Onion,2,2024,100,1700,Rabi,1600,2678.6716114019778,2826.0106382978724,2626.972396486826,2104.9403341288785
Maharashtra,Pune(Pimpri),Onion,2,2025,2800,2800,Rabi,0,2678.6716114019778,2966.2162162162163,2626.972396486826,2104.9403341288785
Maharashtra,Lasalgaon(Vinchur),Onion,11,2024,3500,4811,Rabi,1311,2678.6716114019778,2574.311320754717,2626.972396486826,3859.0679611650485
Maharashtra,Umared,Wheat,7,2023,2000,3000,Kharif,1000,2816.3259195893925,2960.0,3044.2994875080076,3289.337912087912
Maharashtra,Junnar(Alephata),Onion,5,2024,950,2010,Zaid,1060,2678.6716114019778,3320.3846153846152,1915.1666666666667,1988.592672413793
Maharashtra,Vai,Potato,11,2023,1500,2200,Rabi,700,2183.5218855218855,3070.7865168539324,2626.972396486826,3859.0679611650485
Maharashtra,Lasalgaon(Vinchur),Onion,7,2024,1000,2860,Kharif,1860,2678.6716114019778,2574.311320754717,3044.2994875080076,3289.337912087912
Maharashtra,Akluj,Potato,2,2025,1500,2000,Rabi,500,2183.5218855218855,2208.2716049382716,2626.972396486826,2104.9403341288785
Maharashtra,Pune,Tomato,8,2023,4000,12000,Kharif,8000,6168.357446808511,3186.013986013986,3044.2994875080076,3017.515397082658
Maharashtra,Amrawati(Frui & Veg. Market),Potato,12,2024,800,2000,Rabi,1200,2183.5218855218855,2546.923076923077,2626.972396486826,2933.8104448742747
Maharashtra,Bhandara,Rice,5,2025,4000,4300,Zaid,300,4928.92,3256.25,1915.1666666666667,1988.592672413793
Maharashtra,"Sangli(Phale, Bhajipura Market)",Onion,1,2024,400,2700,Rabi,2300,2678.6716114019778,2561.711711711712,2626.972396486826,2202.0962441314555
Maharashtra,Vashi New Mumbai,Potato,12,2024,1400,2100,Rabi,700,2183.5218855218855,2508.130081300813,2626.972396486826,2933.8104448742747
Maharashtra,Akola,Wheat,7,2023,2275,2310,Kharif,35,2816.3259195893925,2421.8840579710145,3044.2994875080076,3289.337912087912
Maharashtra,Pune(Moshi),Onion,4,2024,300,1400,Zaid,1100,2678.6716114019778,2277.6119402985073,1915.1666666666667,1829.9925
Maharashtra,Newasa,Wheat,10,2023,2350,2350,Kharif,0,2816.3259195893925,2400.0,3044.2994875080076,3462.48231511254
Maharashtra,Devala,Onion,1,2024,400,2065,Rabi,1665,2678.6716114019778,2586.3793103448274,2626.972396486826,2202.0962441314555
Maharashtra,Vai,Onion,6,2023,300,1000,Kharif,700,2678.6716114019778,3070.7865168539324,3044.2994875080076,2308.1819620253164
Maharashtra,Vai,Onion,7,2023,500,1400,Kharif,900,2678.6716114019778,3070.7865168539324,3044.2994875080076,3289.337912087912
Maharashtra,Ulhasnagar,Wheat,8,2023,3000,3500,Kharif,500,2816.3259195893925,3895.8333333333335,3044.2994875080076,3017.515397082658
Maharashtra,Pathardi,Onion,9,2024,1000,4500,Kharif,3500,2678.6716114019778,2397.093023255814,3044.2994875080076,3127.0038240917784
Maharashtra,Purna,Wheat,12,2023,2551,2850,Rabi,299,2816.3259195893925,2450.0,2626.972396486826,2933.8104448742747
Maharashtra,Manmad,Onion,12,2023,1800,3799,Rabi,1999,2678.6716114019778,2515.4166666666665,2626.972396486826,2933.8104448742747
Maharashtra,Bhusaval,Potato,6,2025,1500,2000,Kharif,500,2183.5218855218855,2348.8,3044.2994875080076,2308.1819620253164
Maharashtra,Dindori,Onion,6,2025,1000,2626,Kharif,1626,2678.6716114019778,1774.4666666666667,3044.2994875080076,2308.1819620253164
Maharashtra,Mangal Wedha,Wheat,8,2023,2520,3300,Kharif,780,2816.3259195893925,2928.322033898305,3044.2994875080076,3017.515397082658
Maharashtra,Manmad,Onion,12,2023,1500,3860,Rabi,2360,2678.6716114019778,2515.4166666666665,2626.972396486826,2933.8104448742747
Maharashtra,Ausa,Onion,9,2024,4000,4000,Kharif,0,2678.6716114019778,3000.6,3044.2994875080076,3127.0038240917784
Maharashtra,Manmad,Onion,7,2023,200,1470,Kharif,1270,2678.6716114019778,2515.4166666666665,3044.2994875080076,3289.337912087912
Maharashtra,Shevgaon(Bodhegaon),Wheat,7,2023,2200,2300,Kharif,100,2816.3259195893925,2473.684210526316,3044.2994875080076,3289.337912087912
Maharashtra,Pune(Manjri),Potato,7,2024,2200,2400,Kharif,200,2183.5218855218855,2804.7619047619046,3044.2994875080076,3289.337912087912
Maharashtra,Devala,Onion,1,2024,500,1930,Rabi,1430,2678.6716114019778,2586.3793103448274,2626.972396486826,2202.0962441314555
Maharashtra,Pune,Onion,3,2025,1300,2600,Rabi,1300,2678.6716114019778,3186.013986013986,2626.972396486826,1861.5330739299611
Maharashtra,Kopargaon,Onion,10,2024,2000,5075,Kharif,3075,2678.6716114019778,2558.2608695652175,3044.2994875080076,3462.48231511254
Maharashtra,Rahata,Wheat,12,2023,2621,2865,Rabi,244,2816.3259195893925,2600.863309352518,2626.972396486826,2933.8104448742747
Maharashtra,Kamthi,Tomato,6,2023,3000,4000,Kharif,1000,6168.357446808511,3486.904761904762,3044.2994875080076,2308.1819620253164
Maharashtra,Nagpur,Onion,12,2023,3000,4000,Rabi,1000,2678.6716114019778,2756.266666666667,2626.972396486826,2933.8104448742747
Maharashtra,Satana,Wheat,7,2023,2200,2200,Kharif,0,2816.3259195893925,2894.45,3044.2994875080076,3289.337912087912
Maharashtra,Akola,Onion,3,2025,1000,1900,Rabi,900,2678.6716114019778,2421.8840579710145,2626.972396486826,1861.5330739299611
Maharashtra,Parshiwani,Tomato,7,2023,6500,8500,Kharif,2000,6168.357446808511,9750.0,3044.2994875080076,3289.337912087912
Maharashtra,Akola,Onion,6,2023,500,1200,Kharif,700,2678.6716114019778,2421.8840579710145,3044.2994875080076,2308.1819620253164
Maharashtra,Pune(Manjri),Potato,9,2023,1600,1800,Kharif,200,2183.5218855218855,2804.7619047619046,3044.2994875080076,3127.0038240917784
Maharashtra,Akola,Wheat,7,2023,2090,2425,Kharif,335,2816.3259195893925,2421.8840579710145,3044.2994875080076,3289.337912087912
Maharashtra,"Sangli(Phale, Bhajipura Market)",Potato,8,2023,1000,1700,Kharif,700,2183.5218855218855,2561.711711711712,3044.2994875080076,3017.515397082658
Maharashtra,Devala,Onion,3,2024,400,1350,Rabi,950,2678.6716114019778,2586.3793103448274,2626.972396486826,1861.5330739299611
Maharashtra,Mankamneshwar Farmar Producer CoLtd Sanchalit Mank,Onion,10,2024,2001,4202,Kharif,2201,2678.6716114019778,2072.0666666666666,3044.2994875080076,3462.48231511254
Maharashtra,Manwat,Wheat,7,2023,2140,2701,Kharif,561,2816.3259195893925,4434.0,3044.2994875080076,3289.337912087912
Maharashtra,Pune(Manjri),Tomato,7,2023,4500,10900,Kharif,6400,6168.357446808511,2804.7619047619046,3044.2994875080076,3289.337912087912
Maharashtra,Khed(Chakan),Onion,11,2023,1800,4200,Rabi,2400,2678.6716114019778,2519.4174757281553,2626.972396486826,3859.0679611650485
Maharashtra,Nagpur,Potato,1,2024,1000,1600,Rabi,600,2183.5218855218855,2756.266666666667,2626.972396486826,2202.0962441314555
Maharashtra,Rahuri,Potato,2,2024,600,1600,Rabi,1000,2183.5218855218855,2826.0106382978724,2626.972396486826,2104.9403341288785
Maharashtra,Solapur,Onion,8,2023,100,2200,Kharif,2100,2678.6716114019778,3247.752808988764,3044.2994875080076,3017.515397082658
Maharashtra,Pune(Moshi),Potato,8,2024,2000,2500,Kharif,500,2183.5218855218855,2277.6119402985073,3044.2994875080076,3017.515397082658
Maharashtra,Nasik,Onion,7,2023,400,1351,Kharif,951,2678.6716114019778,2656.4253731343283,3044.2994875080076,3289.337912087912
Maharashtra,Akola,Wheat,1,2024,2200,2915,Rabi,715,2816.3259195893925,2421.8840579710145,2626.972396486826,2202.0962441314555
Maharashtra,Jalgaon,Tomato,7,2023,5000,7500,Kharif,2500,6168.357446808511,2410.159420289855,3044.2994875080076,3289.337912087912
Maharashtra,Junnar(Otur),Onion,8,2024,1800,3700,Kharif,1900,2678.6716114019778,2554.5283018867926,3044.2994875080076,3017.515397082658
Maharashtra,Rahuri,Wheat,7,2023,2175,2300,Kharif,125,2816.3259195893925,2826.0106382978724,3044.2994875080076,3289.337912087912
Maharashtra,Pune(Khadiki),Onion,1,2024,1600,2000,Rabi,400,2678.6716114019778,2011.926605504587,2626.972396486826,2202.0962441314555
Maharashtra,Jalgaon,Onion,12,2023,500,1942,Rabi,1442,2678.6716114019778,2410.159420289855,2626.972396486826,2933.8104448742747
Maharashtra,Shrirampur,Wheat,7,2023,1700,2250,Kharif,550,2816.3259195893925,2334.11,3044.2994875080076,3289.337912087912
Maharashtra,Lasalgaon,Wheat,12,2023,2600,3066,Rabi,466,2816.3259195893925,2867.190476190476,2626.972396486826,2933.8104448742747
Maharashtra,Rahuri,Potato,12,2024,1500,3500,Rabi,2000,2183.5218855218855,2826.0106382978724,2626.972396486826,2933.8104448742747
Maharashtra,Bhusaval,Potato,6,2025,1600,2000,Kharif,400,2183.5218855218855,2348.8,3044.2994875080076,2308.1819620253164
Maharashtra,Amrawati(Frui & Veg. Market),Potato,10,2024,1600,2800,Kharif,1200,2183.5218855218855,2546.923076923077,3044.2994875080076,3462.48231511254
Maharashtra,Kopargaon,Onion,6,2023,300,1137,Kharif,837,2678.6716114019778,2558.2608695652175,3044.2994875080076,2308.1819620253164
Maharashtra,Lasalgaon(Vinchur),Onion,8,2024,1000,2800,Kharif,1800,2678.6716114019778,2574.311320754717,3044.2994875080076,3017.515397082658
Maharashtra,Bhusaval,Potato,10,2023,1300,1600,Kharif,300,2183.5218855218855,2348.8,3044.2994875080076,3462.48231511254
Maharashtra,Akola,Potato,3,2025,1000,1800,Rabi,800,2183.5218855218855,2421.8840579710145,2626.972396486826,1861.5330739299611
Maharashtra,Kopargaon,Onion,11,2024,1000,3399,Rabi,2399,2678.6716114019778,2558.2608695652175,2626.972396486826,3859.0679611650485
Maharashtra,Nilanga,Wheat,7,2023,2150,3000,Kharif,850,2816.3259195893925,3000.0,3044.2994875080076,3289.337912087912
Maharashtra,Lasalgaon(Niphad),Onion,2,2024,690,1326,Rabi,636,2678.6716114019778,2520.8804347826085,2626.972396486826,2104.9403341288785
Maharashtra,Shevgaon,Onion,10,2024,2200,3400,Kharif,1200,2678.6716114019778,2106.75,3044.2994875080076,3462.48231511254
Maharashtra,Gevrai,Wheat,12,2023,2250,2900,Rabi,650,2816.3259195893925,2950.590909090909,2626.972396486826,2933.8104448742747
Maharashtra,Rahata,Wheat,9,2023,2400,2790,Kharif,390,2816.3259195893925,2600.863309352518,3044.2994875080076,3127.0038240917784
Maharashtra,Savner,Wheat,7,2023,2325,2325,Kharif,0,2816.3259195893925,2425.5,3044.2994875080076,3289.337912087912
Maharashtra,Laxmi Sopan Agriculture Produce Marketing Co Ltd,Onion,3,2025,500,1700,Rabi,1200,2678.6716114019778,2508.3928571428573,2626.972396486826,1861.5330739299611
Maharashtra,Nasik,Onion,9,2024,3500,4200,Kharif,700,2678.6716114019778,2656.4253731343283,3044.2994875080076,3127.0038240917784
Maharashtra,Akola,Onion,9,2024,3000,4700,Kharif,1700,2678.6716114019778,2421.8840579710145,3044.2994875080076,3127.0038240917784
Maharashtra,Yeola,Onion,12,2023,600,4000,Rabi,3400,2678.6716114019778,2692.5254237288136,2626.972396486826,2933.8104448742747
Maharashtra,Hingna,Onion,4,2025,1800,1800,Zaid,0,2678.6716114019778,2675.875,1915.1666666666667,1829.9925
Maharashtra,Newasa(Ghodegaon),Onion,3,2024,400,2000,Rabi,1600,2678.6716114019778,2765.151515151515,2626.972396486826,1861.5330739299611
Maharashtra,Kalyan,Potato,10,2024,2600,2800,Kharif,200,2183.5218855218855,2589.4736842105262,3044.2994875080076,3462.48231511254
Maharashtra,Telhara,Wheat,7,2023,2150,2290,Kharif,140,2816.3259195893925,2441.0,3044.2994875080076,3289.337912087912
Maharashtra,Shrirampur,Wheat,12,2023,2250,2800,Rabi,550,2816.3259195893925,2334.11,2626.972396486826,2933.8104448742747
Maharashtra,Ramtek,Onion,5,2024,1000,1400,Zaid,400,2678.6716114019778,3246.0169491525426,1915.1666666666667,1988.592672413793
Maharashtra,Vashi New Mumbai,Onion,10,2024,2700,4600,Kharif,1900,2678.6716114019778,2508.130081300813,3044.2994875080076,3462.48231511254
Maharashtra,Solapur,Onion,8,2023,100,3100,Kharif,3000,2678.6716114019778,3247.752808988764,3044.2994875080076,3017.515397082658
Maharashtra,Akluj,Potato,9,2024,2700,3200,Kharif,500,2183.5218855218855,2208.2716049382716,3044.2994875080076,3127.0038240917784
Maharashtra,Kalyan,Potato,5,2024,2000,2200,Zaid,200,2183.5218855218855,2589.4736842105262,1915.1666666666667,1988.592672413793
Maharashtra,Pune(Manjri),Onion,10,2023,1700,2600,Kharif,900,2678.6716114019778,2804.7619047619046,3044.2994875080076,3462.48231511254
Maharashtra,Lasalgaon(Vinchur),Onion,1,2024,600,1675,Rabi,1075,2678.6716114019778,2574.311320754717,2626.972396486826,2202.0962441314555
Maharashtra,Nagpur,Potato,12,2024,1200,2000,Rabi,800,2183.5218855218855,2756.266666666667,2626.972396486826,2933.8104448742747
Maharashtra,Pune(Moshi),Onion,6,2024,800,2000,Kharif,1200,2678.6716114019778,2277.6119402985073,3044.2994875080076,2308.1819620253164
Maharashtra,Lasalgaon(Vinchur),Onion,10,2023,1000,2401,Kharif,1401,2678.6716114019778,2574.311320754717,3044.2994875080076,3462.48231511254
Maharashtra,Vashi New Mumbai,Potato,12,2024,1300,2000,Rabi,700,2183.5218855218855,2508.130081300813,2626.972396486826,2933.8104448742747
Maharashtra,Dhule,Wheat,9,2023,2500,3100,Kharif,600,2816.3259195893925,2516.8552631578946,3044.2994875080076,3127.0038240917784
Maharashtra,Umrane,Onion,11,2024,1500,6100,Rabi,4600,2678.6716114019778,2608.282608695652,2626.972396486826,3859.0679611650485
Maharashtra,Vadgaonpeth,Tomato,8,2023,6000,8000,Kharif,2000,6168.357446808511,2767.5675675675675,3044.2994875080076,3017.515397082658
Maharashtra,Rahuri,Potato,6,2023,1200,1900,Kharif,700,2183.5218855218855,2826.0106382978724,3044.2994875080076,2308.1819620253164
Maharashtra,Malharshree Farmers Producer Co Ltd,Onion,8,2024,1850,3825,Kharif,1975,2678.6716114019778,3063.2,3044.2994875080076,3017.515397082658
Maharashtra,Kurdwadi(Modnimb),Onion,10,2024,151,2511,Kharif,2360,2678.6716114019778,2242.88,3044.2994875080076,3462.48231511254
Maharashtra,Jalgaon,Onion,4,2025,325,1062,Zaid,737,2678.6716114019778,2410.159420289855,1915.1666666666667,1829.9925
Maharashtra,Solapur,Onion,4,2025,100,1650,Zaid,1550,2678.6716114019778,3247.752808988764,1915.1666666666667,1829.9925
Maharashtra,Umrane,Onion,2,2024,701,1330,Rabi,629,2678.6716114019778,2608.282608695652,2626.972396486826,2104.9403341288785
Maharashtra,Navapur,Onion,10,2024,3000,4000,Kharif,1000,2678.6716114019778,2945.5882352941176,3044.2994875080076,3462.48231511254
Maharashtra,Vai,Onion,2,2024,800,1600,Rabi,800,2678.6716114019778,3070.7865168539324,2626.972396486826,2104.9403341288785
Maharashtra,Karjat(Raigad),Wheat,10,2023,2000,2500,Kharif,500,2816.3259195893925,2770.2380952380954,3044.2994875080076,3462.48231511254
Maharashtra,Pimpalgaon Baswant(Saykheda),Onion,10,2024,2400,4500,Kharif,2100,2678.6716114019778,2602.5479452054797,3044.2994875080076,3462.48231511254
Maharashtra,Bhusaval,Potato,11,2023,1400,1600,Rabi,200,2183.5218855218855,2348.8,2626.972396486826,3859.0679611650485
Maharashtra,Shrirampur,Potato,4,2025,1800,2000,Zaid,200,2183.5218855218855,2334.11,1915.1666666666667,1829.9925
Maharashtra,Achalpur,Wheat,11,2023,2400,2550,Rabi,150,2816.3259195893925,2534.4444444444443,2626.972396486826,3859.0679611650485
Maharashtra,Kalvan,Onion,2,2025,1375,2615,Rabi,1240,2678.6716114019778,2726.1132075471696,2626.972396486826,2104.9403341288785
Maharashtra,Akluj,Onion,7,2023,500,2000,Kharif,1500,2678.6716114019778,2208.2716049382716,3044.2994875080076,3289.337912087912
Maharashtra,Barshi(Vairag),Wheat,7,2023,2000,2501,Kharif,501,2816.3259195893925,2469.0,3044.2994875080076,3289.337912087912
Maharashtra,Rahata,Onion,10,2023,500,2800,Kharif,2300,2678.6716114019778,2600.863309352518,3044.2994875080076,3462.48231511254
Maharashtra,Rahata,Onion,4,2025,400,1500,Zaid,1100,2678.6716114019778,2600.863309352518,1915.1666666666667,1829.9925
Maharashtra,Vita,Onion,5,2025,800,1400,Zaid,600,2678.6716114019778,2686.9565217391305,1915.1666666666667,1988.592672413793
Maharashtra,Rahuri(Songaon),Potato,7,2023,1400,2100,Kharif,700,2183.5218855218855,2550.0,3044.2994875080076,3289.337912087912
Maharashtra,Pune(Pimpri),Onion,7,2023,700,1500,Kharif,800,2678.6716114019778,2966.2162162162163,3044.2994875080076,3289.337912087912
Maharashtra,Lasalgaon(Vinchur),Onion,5,2025,500,1555,Zaid,1055,2678.6716114019778,2574.311320754717,1915.1666666666667,1988.592672413793
Maharashtra,Mangal Wedha,Wheat,6,2023,2400,3110,Kharif,710,2816.3259195893925,2928.322033898305,3044.2994875080076,2308.1819620253164
Maharashtra,Sindi(Selu),Wheat,7,2023,2000,2295,Kharif,295,2816.3259195893925,2372.222222222222,3044.2994875080076,3289.337912087912
Maharashtra,Bhusaval,Onion,8,2024,3000,3200,Kharif,200,2678.6716114019778,2348.8,3044.2994875080076,3017.515397082658
Maharashtra,Manmad,Onion,12,2024,500,4180,Rabi,3680,2678.6716114019778,2515.4166666666665,2626.972396486826,2933.8104448742747
Maharashtra,Lasalgaon(Niphad),Wheat,11,2023,2550,2981,Rabi,431,2816.3259195893925,2520.8804347826085,2626.972396486826,3859.0679611650485
Maharashtra,Shevgaon,Onion,5,2024,600,1000,Zaid,400,2678.6716114019778,2106.75,1915.1666666666667,1988.592672413793
Maharashtra,Lasalgaon(Vinchur),Onion,11,2023,1500,3690,Rabi,2190,2678.6716114019778,2574.311320754717,2626.972396486826,3859.0679611650485
Maharashtra,Vashi New Mumbai,Potato,8,2024,2000,2800,Kharif,800,2183.5218855218855,2508.130081300813,3044.2994875080076,3017.515397082658
Maharashtra,Shree Rameshwar Krushi Market,Onion,9,2024,1200,4311,Kharif,3111,2678.6716114019778,3118.64,3044.2994875080076,3127.0038240917784
Maharashtra,Hingna,Potato,3,2024,1800,1800,Rabi,0,2183.5218855218855,2675.875,2626.972396486826,1861.5330739299611
Maharashtra,Om Chaitanya Multistate Agro Purpose CoOp Society,Wheat,8,2023,2300,2550,Kharif,250,2816.3259195893925,2918.3333333333335,3044.2994875080076,3017.515397082658
Maharashtra,Kolhapur,Onion,9,2023,1000,2500,Kharif,1500,2678.6716114019778,3576.785714285714,3044.2994875080076,3127.0038240917784
Maharashtra,Bhusaval,Onion,2,2024,1000,1600,Rabi,600,2678.6716114019778,2348.8,2626.972396486826,2104.9403341288785
Maharashtra,Om Chaitanya Multistate Agro Purpose CoOp Society,Onion,10,2024,1000,5000,Kharif,4000,2678.6716114019778,2918.3333333333335,3044.2994875080076,3462.48231511254
Maharashtra,Shivsiddha Govind Producer Company Limited Sanchal,Onion,10,2023,2900,5800,Kharif,2900,2678.6716114019778,3288.75,3044.2994875080076,3462.48231511254
Maharashtra,Pimpalgaon Baswant(Saykheda),Onion,1,2024,400,1435,Rabi,1035,2678.6716114019778,2602.5479452054797,2626.972396486826,2202.0962441314555
Maharashtra,Pune(Moshi),Potato,12,2024,2000,2500,Rabi,500,2183.5218855218855,2277.6119402985073,2626.972396486826,2933.8104448742747
Maharashtra,Telhara,Wheat,8,2023,2100,2550,Kharif,450,2816.3259195893925,2441.0,3044.2994875080076,3017.515397082658
Maharashtra,Ahmednagar,Potato,8,2024,2200,3200,Kharif,1000,2183.5218855218855,2678.2608695652175,3044.2994875080076,3017.515397082658
Maharashtra,Junnar(Otur),Potato,5,2024,1000,2100,Zaid,1100,2183.5218855218855,2554.5283018867926,1915.1666666666667,1988.592672413793
Maharashtra,Lasalgaon,Onion,2,2025,900,2899,Rabi,1999,2678.6716114019778,2867.190476190476,2626.972396486826,2104.9403341288785
Maharashtra,Akola,Potato,4,2025,1000,1800,Zaid,800,2183.5218855218855,2421.8840579710145,1915.1666666666667,1829.9925
Maharashtra,Yeola,Onion,5,2024,487,1901,Zaid,1414,2678.6716114019778,2692.5254237288136,1915.1666666666667,1988.592672413793
Maharashtra,Akluj,Potato,6,2025,1800,2100,Kharif,300,2183.5218855218855,2208.2716049382716,3044.2994875080076,2308.1819620253164
Maharashtra,Pen,Onion,5,2024,2200,2400,Zaid,200,2678.6716114019778,2790.909090909091,1915.1666666666667,1988.592672413793
Maharashtra,Lasalgaon(Niphad),Onion,2,2024,621,1351,Rabi,730,2678.6716114019778,2520.8804347826085,2626.972396486826,2104.9403341288785
Maharashtra,Akluj,Potato,7,2023,1300,1600,Kharif,300,2183.5218855218855,2208.2716049382716,3044.2994875080076,3289.337912087912
Maharashtra,Savner,Wheat,11,2023,2490,2750,Rabi,260,2816.3259195893925,2425.5,2626.972396486826,3859.0679611650485
Maharashtra,Pune(Manjri),Potato,11,2023,1400,1800,Rabi,400,2183.5218855218855,2804.7619047619046,2626.972396486826,3859.0679611650485
Maharashtra,Akola,Wheat,8,2023,2300,2640,Kharif,340,2816.3259195893925,2421.8840579710145,3044.2994875080076,3017.515397082658
Maharashtra,Shevgaon(Bodhegaon),Wheat,12,2023,2500,2600,Rabi,100,2816.3259195893925,2473.684210526316,2626.972396486826,2933.8104448742747
Maharashtra,Kalvan,Onion,1,2024,700,2200,Rabi,1500,2678.6716114019778,2726.1132075471696,2626.972396486826,2202.0962441314555
Maharashtra,Pune,Potato,6,2024,2500,3000,Kharif,500,2183.5218855218855,3186.013986013986,3044.2994875080076,2308.1819620253164
Maharashtra,Lasalgaon(Niphad),Onion,11,2024,3000,6150,Rabi,3150,2678.6716114019778,2520.8804347826085,2626.972396486826,3859.0679611650485
Maharashtra,Junnar(Alephata),Onion,1,2024,1000,2710,Rabi,1710,2678.6716114019778,3320.3846153846152,2626.972396486826,2202.0962441314555
