state,market,crop,month,year,cost_per_quintal,price_per_quintal,season
Maharashtra,Bhusaval,Potato,10,2024,2500,2800,Kharif
Maharashtra,Kamthi,Onion,3,2024,1500,2500,Rabi
Maharashtra,Junnar(Otur),Potato,5,2025,500,1920,Zaid
Maharashtra,Shrirampur,Onion,6,2023,200,1450,Kharif
Maharashtra,Phaltan,Wheat,6,2023,2350,3200,Kharif
Maharashtra,Shirpur,Wheat,11,2023,2400,2800,Rabi
Maharashtra,Pune(Manjri),Onion,7,2024,2200,3000,Kharif
Maharashtra,Solapur,Potato,8,2023,650,2300,Kharif
Maharashtra,Malegaon,Wheat,9,2023,2000,2941,Kharif
Maharashtra,Bhusaval,Onion,1,2024,500,1200,Rabi
Maharashtra,Rahuri(Vambori),Onion,10,2024,500,4700,Kharif
Maharashtra,Kalyan,Potato,7,2024,2800,3200,Kharif
Maharashtra,Manmad,Onion,6,2023,110,1300,Kharif
Maharashtra,Lasalgaon,Onion,5,2025,500,1699,Zaid
Maharashtra,Raver,Wheat,9,2023,2220,2581,Kharif
Maharashtra,Vai,Onion,7,2024,1500,3000,Kharif
Maharashtra,Rahuri(Vambori),Wheat,7,2023,2250,2300,Kharif
Maharashtra,Gevrai,Wheat,1,2024,2200,3450,Rabi
Maharashtra,Sakri,Onion,8,2024,1400,2700,Kharif
Maharashtra,Rahuri,Onion,10,2024,500,5100,Kharif
Maharashtra,Akola,Potato,5,2025,1000,2000,Zaid
Maharashtra,Vashi New Mumbai,Potato,9,2023,900,1400,Kharif
Maharashtra,Akole,Onion,4,2024,200,1550,Zaid
Maharashtra,Nasik,Onion,2,2024,500,2000,Rabi
Maharashtra,Chandrapur(Ganjwad),Potato,5,2025,1700,1900,Zaid
Maharashtra,Nampur,Onion,3,2025,300,1355,Rabi
Maharashtra,Chandvad,Onion,8,2023,1400,2601,Kharif
Maharashtra,Ahmednagar,Onion,3,2024,150,1500,Rabi
Maharashtra,Pune(Pimpri),Potato,2,2025,800,1500,Rabi
Maharashtra,Karjat,Onion,3,2024,300,1400,Rabi
Maharashtra,Solapur,Potato,5,2024,900,2500,Zaid
Maharashtra,Junnar(Narayangaon),Onion,12,2023,600,2130,Rabi
Maharashtra,Vashi New Mumbai,Potato,10,2023,800,1200,Kharif
Maharashtra,Solapur,Onion,10,2024,500,5500,Kharif
Maharashtra,Baramati,Onion,1,2024,500,2501,Rabi
Maharashtra,Amrawati(Frui & Veg. Market),Potato,6,2024,1800,2400,Kharif
Maharashtra,Junnar(Narayangaon),Onion,12,2023,500,3000,Rabi
Maharashtra,Nasik,Potato,6,2024,2200,2550,Kharif
Maharashtra,Devala,Onion,4,2025,100,1355,Zaid
Maharashtra,Mankamneshwar Farmar Producer CoLtd Sanchalit Mank,Onion,6,2023,102,865,Kharif
Maharashtra,Vai,Onion,3,2024,800,1600,Rabi
Maharashtra,Amrawati(Frui & Veg. Market),Onion,3,2025,600,2000,Rabi
Maharashtra,Lonand,Onion,10,2024,1000,3800,Kharif
Maharashtra,Ramtek,Potato,4,2025,1000,1500,Zaid
Maharashtra,Bhusaval,Onion,1,2024,800,1200,Rabi
Maharashtra,Wardha,Wheat,12,2023,2420,2460,Rabi
Maharashtra,Shrirampur(Belapur),Wheat,6,2023,1800,2200,Kharif
Maharashtra,Satara,Potato,6,2024,2300,2600,Kharif
Maharashtra,Kalvan,Onion,7,2023,300,1700,Kharif
Maharashtra,Mumbai,Wheat,8,2023,2600,6000,Kharif
Maharashtra,Hingna,Onion,5,2024,1500,2000,Zaid
Maharashtra,Junnar,Onion,1,2024,1000,2100,Rabi
Maharashtra,"Sangli(Phale, Bhajipura Market)",Onion,4,2025,600,1500,Zaid
Maharashtra,Rahata,Potato,10,2024,2500,3100,Kharif
Maharashtra,Rahuri,Potato,10,2024,2500,3500,Kharif
Maharashtra,Akole,Onion,10,2023,200,2651,Kharif
Maharashtra,Dindori,Onion,7,2023,975,1405,Kharif
Maharashtra,Yeola,Onion,7,2024,800,2769,Kharif
Maharashtra,Kopargaon,Onion,1,2024,500,1801,Rabi
Maharashtra,Hinganghat,Wheat,1,2024,2460,2500,Rabi
Maharashtra,Pimpalgaon,Onion,10,2023,2000,4580,Kharif
Maharashtra,Kalyan,Onion,6,2025,800,1000,Kharif
Maharashtra,"Sangli(Phale, Bhajipura Market)",Potato,2,2025,1300,2100,Rabi
Maharashtra,Manchar,Onion,12,2023,1300,2600,Rabi
Maharashtra,Akluj,Onion,10,2024,500,4300,Kharif
Maharashtra,Akola,Potato,1,2024,1000,1600,Rabi
Maharashtra,Devala,Onion,5,2024,400,2100,Zaid
Maharashtra,Pimpalgaon,Onion,2,2024,400,1573,Rabi
Maharashtra,Junnar(Narayangaon),Onion,12,2023,700,1800,Rabi
Maharashtra,Pimpalgaon Baswant(Saykheda),Onion,9,2023,600,2401,Kharif
Maharashtra,Sindi(Selu),Wheat,7,2023,2100,2300,Kharif
Maharashtra,Pune(Manjri),Potato,6,2023,1400,1600,Kharif
Maharashtra,Nandgaon,Wheat,10,2023,2653,2950,Kharif
Maharashtra,Vai,Onion,8,2023,1000,2700,Kharif
Maharashtra,Nasik,Onion,7,2023,400,1401,Kharif
Maharashtra,Pune(Manjri),Potato,10,2024,2200,2800,Kharif
Maharashtra,Baramati,Wheat,8,2023,1600,2400,Kharif
Maharashtra,Pune,Potato,3,2024,1200,2200,Rabi
Maharashtra,Jalgaon,Onion,5,2025,425,1102,Zaid
Maharashtra,Umrane,Onion,2,2024,751,1499,Rabi
Maharashtra,Malegaon,Wheat,7,2023,2212,2542,Kharif
Maharashtra,Shirpur,Onion,9,2024,2800,6700,Kharif
Maharashtra,Shahada,Wheat,8,2023,2376,2681,Kharif
Maharashtra,Junnar(Narayangaon),Tomato,7,2023,5000,10500,Kharif
Maharashtra,Akola,Onion,12,2023,1000,2500,Rabi
Maharashtra,Pimpalgaon,Onion,10,2024,2000,5351,Kharif
Maharashtra,Junnar(Narayangaon),Tomato,6,2023,500,1500,Kharif
Maharashtra,Savner,Wheat,6,2023,2075,2330,Kharif
Maharashtra,Lasalgaon(Niphad),Onion,10,2024,2600,4851,Kharif
Maharashtra,Bhusaval,Potato,2,2024,1000,1500,Rabi
Maharashtra,Nampur,Onion,12,2024,500,3955,Rabi
Maharashtra,Manchar,Potato,11,2023,1000,1650,Rabi
Maharashtra,Amrawati(Frui & Veg. Market),Potato,4,2024,800,2400,Zaid
Maharashtra,Devala,Onion,2,2025,900,2465,Rabi
Maharashtra,Akluj,Potato,9,2023,1500,1600,Kharif
Maharashtra,Kalyan,Onion,3,2025,2400,2600,Rabi
Maharashtra,Kopargaon,Wheat,11,2023,2671,3051,Rabi
Maharashtra,Sinner,Onion,7,2024,500,2831,Kharif
Maharashtra,Junnar(Otur),Potato,1,2025,500,1800,Rabi
Maharashtra,Amrawati(Frui & Veg. Market),Potato,7,2024,2200,2400,Kharif
Maharashtra,Yawal,Wheat,7,2023,2350,2900,Kharif
Maharashtra,Pimpalgaon,Onion,10,2024,1000,5501,Kharif
Maharashtra,Akluj,Potato,12,2023,1500,1700,Rabi
Maharashtra,Chandvad,Onion,2,2025,1000,2818,Rabi
Maharashtra,Nagpur,Wheat,7,2023,3000,3200,Kharif
Maharashtra,Nandgaon,Onion,6,2023,100,1711,Kharif
Maharashtra,Dhule,Onion,2,2025,300,2310,Rabi
Maharashtra,Manchar,Onion,9,2024,3200,4300,Kharif
Maharashtra,Nasik,Onion,3,2024,700,1650,Rabi
Maharashtra,Chandrapur(Ganjwad),Potato,7,2023,1200,1500,Kharif
Maharashtra,Karad,Onion,5,2024,500,2000,Zaid
Maharashtra,Nasik,Potato,12,2023,1150,1600,Rabi
Maharashtra,Ratnagiri (Nachane),Tomato,6,2023,3500,4000,Kharif
Maharashtra,Rahuri,Potato,7,2023,1500,2100,Kharif
Maharashtra,Rahata,Potato,11,2024,2400,2800,Rabi
Maharashtra,Junnar(Otur),Onion,10,2023,2000,4310,Kharif
Maharashtra,Vashi New Mumbai,Onion,10,2024,2500,4900,Kharif
Maharashtra,Vashi New Mumbai,Potato,4,2025,1100,1800,Zaid
Maharashtra,Nagpur,Potato,2,2025,1000,1600,Rabi
Maharashtra,Karad,Onion,4,2025,500,1400,Zaid
Maharashtra,Sinner,Onion,3,2024,300,1315,Rabi
Maharashtra,Hingoli,Wheat,8,2023,1850,3100,Kharif
Maharashtra,Shivsiddha Govind Producer Company Limited Sanchal,Onion,7,2024,2700,3190,Kharif
Maharashtra,Pimpalgaon,Onion,5,2024,500,2425,Zaid
Maharashtra,Rahuri(Vambori),Wheat,10,2023,2366,2366,Kharif
Maharashtra,Navapur,Wheat,6,2023,2000,2125,Kharif
Maharashtra,"Sangli(Phale, Bhajipura Market)",Potato,11,2024,1000,3200,Rabi
Maharashtra,Malharshree Farmers Producer Co Ltd,Onion,10,2024,2145,4287,Kharif
Maharashtra,Pune,Potato,2,2025,1400,2000,Rabi
Maharashtra,Khed(Chakan),Potato,8,2024,2300,3000,Kharif
Maharashtra,Shrirampur,Potato,3,2025,800,1500,Rabi
Maharashtra,Murud,Rice,5,2025,2500,2700,Zaid
Maharashtra,Akola,Onion,7,2024,2000,3200,Kharif
Maharashtra,Navapur,Tomato,7,2023,700,1500,Kharif
Maharashtra,Kamthi,Potato,6,2025,1500,2500,Kharif
Maharashtra,Ulhasnagar,Wheat,7,2023,3000,4000,Kharif
Maharashtra,Mangal Wedha,Onion,8,2024,2710,2710,Kharif
Maharashtra,Om Chaitanya Multistate Agro Purpose CoOp Society,Onion,3,2025,300,1800,Rabi
Maharashtra,Kamthi,Potato,10,2024,3000,4000,Kharif
Maharashtra,Achalpur,Wheat,12,2023,2500,2650,Rabi
Maharashtra,Vashi New Mumbai,Onion,7,2023,1000,1700,Kharif
Maharashtra,Junnar(Otur),Potato,2,2025,500,2200,Rabi
Maharashtra,Satara,Onion,7,2024,2000,3200,Kharif
Maharashtra,Loha,Wheat,8,2023,2011,2900,Kharif
Maharashtra,Pune(Moshi),Onion,4,2024,500,1300,Zaid
Maharashtra,Lasalgaon,Onion,3,2025,1000,2541,Rabi
Maharashtra,Wardha,Wheat,9,2023,2525,2635,Kharif
Maharashtra,Sakri,Onion,11,2023,2260,5100,Rabi
Maharashtra,Pune(Pimpri),Onion,7,2024,2400,3000,Kharif
Maharashtra,Rahuri,Onion,8,2023,200,2500,Kharif
Maharashtra,Ghoti,Tomato,6,2023,900,1000,Kharif
Maharashtra,Satana,Onion,1,2024,500,2080,Rabi
Maharashtra,Amrawati(Frui & Veg. Market),Onion,7,2024,2800,3600,Kharif
Maharashtra,Sangli,Wheat,1,2024,3000,4000,Rabi
Maharashtra,Pune(Moshi),Potato,5,2025,1000,1600,Zaid
Maharashtra,Pune(Pimpri),Tomato,6,2023,3000,3000,Kharif
Maharashtra,Lasalgaon(Niphad),Wheat,12,2023,2470,2871,Rabi
Maharashtra,Sinner,Onion,5,2024,500,2031,Zaid
Maharashtra,Malegaon,Wheat,2,2024,2013,2901,Rabi
Maharashtra,Dhule,Wheat,6,2023,2055,2615,Kharif
Maharashtra,Kalyan,Onion,3,2025,1200,1500,Rabi
Maharashtra,Nagpur,Onion,8,2023,1200,1600,Kharif
Maharashtra,Khed(Chakan),Potato,4,2025,1300,2000,Zaid
Maharashtra,Vashi New Mumbai,Onion,8,2024,2500,3100,Kharif
Maharashtra,Hingna,Potato,3,2024,1500,1500,Rabi
Maharashtra,Lasalgaon(Vinchur),Onion,3,2024,900,1812,Rabi
Maharashtra,Lasalgaon(Vinchur),Onion,11,2023,2000,4701,Rabi
Maharashtra,Nagpur,Onion,6,2023,1500,2000,Kharif
Maharashtra,Solapur,Potato,7,2024,1000,2200,Kharif
Maharashtra,"Sangli(Phale, Bhajipura Market)",Potato,1,2024,1000,2000,Rabi
Maharashtra,Dhule,Wheat,10,2023,2705,3200,Kharif
Maharashtra,Hingna,Onion,3,2024,1600,2000,Rabi
Maharashtra,Achalpur,Wheat,9,2023,2300,2500,Kharif
Maharashtra,Murud,Rice,4,2025,2500,2700,Zaid
Maharashtra,Jalgaon,Potato,7,2023,800,1400,Kharif
Maharashtra,Pimpalgaon Baswant(Saykheda),Onion,2,2025,1000,2476,Rabi
Maharashtra,Amrawati(Frui & Veg. Market),Onion,6,2023,1000,2400,Kharif
Maharashtra,Vai,Onion,4,2024,700,1500,Zaid
Maharashtra,Pune(Pimpri),Onion,8,2024,2000,2800,Kharif
Maharashtra,Vai,Onion,9,2023,1000,2500,Kharif
Maharashtra,Gangakhed,Wheat,8,2023,2200,3000,Kharif
Maharashtra,Nandgaon,Onion,2,2024,150,1299,Rabi
Maharashtra,Purna,Wheat,7,2023,2100,2100,Kharif
Maharashtra,Chandrapur(Ganjwad),Tomato,7,2023,4000,7200,Kharif
Maharashtra,Akola,Onion,11,2024,1500,4000,Rabi
Maharashtra,Hingna,Potato,5,2024,1800,2000,Zaid
Maharashtra,Karjat(Raigad),Onion,7,2023,200,1500,Kharif
Maharashtra,Kaij,Wheat,7,2023,2242,2560,Kharif
Maharashtra,Pune(Manjri),Tomato,8,2023,6800,9100,Kharif
Maharashtra,"Sangli(Phale, Bhajipura Market)",Onion,4,2024,400,1800,Zaid
Maharashtra,Pune,Onion,11,2024,2500,6000,Rabi
Maharashtra,Pimpalgaon,Onion,8,2024,1900,4057,Kharif
Maharashtra,Vita,Potato,3,2025,1800,2100,Rabi
Maharashtra,Jalgaon,Potato,6,2023,800,1300,Kharif
Maharashtra,Solapur,Tomato,8,2023,1000,10000,Kharif
Maharashtra,Solapur,Wheat,1,2024,2515,4090,Rabi
Maharashtra,Katol,Wheat,9,2023,2531,2531,Kharif
Maharashtra,Satara,Potato,3,2025,1000,2000,Rabi
Maharashtra,Pune(Khadiki),Potato,10,2023,1200,1600,Kharif
Maharashtra,Lasalgaon(Vinchur),Wheat,10,2023,2490,2775,Kharif
Maharashtra,Tasgaon,Wheat,7,2023,2370,2610,Kharif
Maharashtra,Sangamner,Onion,5,2024,200,1951,Zaid
Maharashtra,Pimpalgaon,Onion,12,2023,2000,4570,Rabi
Maharashtra,Malharshree Farmers Producer Co Ltd,Onion,7,2023,280,1477,Kharif
Maharashtra,Vashi New Mumbai,Potato,8,2023,1000,1400,Kharif
Maharashtra,Mangal Wedha,Onion,5,2024,100,1800,Zaid
Maharashtra,Karjat(Raigad),Wheat,7,2023,2200,2600,Kharif
Maharashtra,Vai,Potato,8,2024,3000,3300,Kharif
Maharashtra,Pune(Pimpri),Onion,8,2024,3400,3800,Kharif
Maharashtra,Pune(Manjri),Onion,2,2024,1300,1700,Rabi
Maharashtra,Vashi New Mumbai,Onion,9,2024,4200,5200,Kharif
Maharashtra,Akluj,Potato,2,2024,1500,1800,Rabi
Maharashtra,Kamthi,Onion,10,2023,2000,3000,Kharif
Maharashtra,Nandurbar,Onion,3,2024,1085,1245,Rabi
Maharashtra,Lasalgaon(Vinchur),Onion,1,2024,800,2000,Rabi
Maharashtra,Kolhapur,Onion,2,2024,400,2000,Rabi
Maharashtra,Satara,Onion,7,2023,300,1700,Kharif
Maharashtra,Amarawati,Wheat,1,2024,2450,2600,Rabi
Maharashtra,Dhule,Wheat,10,2023,2741,3150,Kharif
Maharashtra,Pathardi,Wheat,12,2023,2500,3200,Rabi
Maharashtra,Pune(Khadiki),Onion,3,2024,1000,1300,Rabi
Maharashtra,Chandrapur(Ganjwad),Potato,10,2024,2400,3000,Kharif
Maharashtra,Junnar(Otur),Potato,6,2025,500,1500,Kharif
Maharashtra,Ahmednagar,Onion,7,2023,150,1800,Kharif
Maharashtra,Chandvad,Onion,6,2025,426,2002,Kharif
Maharashtra,Pune(Khadiki),Onion,6,2023,500,900,Kharif
Maharashtra,Karad,Onion,7,2023,500,1500,Kharif
Maharashtra,Pune,Onion,10,2024,2500,4200,Kharif
Maharashtra,Akluj,Onion,9,2023,700,2410,Kharif
Maharashtra,Kurdwadi(Modnimb),Wheat,8,2023,2390,2901,Kharif
Maharashtra,Nagpur,Onion,8,2023,2400,3200,Kharif
Maharashtra,Nasik,Onion,4,2024,700,1500,Zaid
Maharashtra,Akola,Potato,8,2023,1000,1400,Kharif
Maharashtra,Shrigonda,Onion,3,2024,300,1700,Rabi
Maharashtra,Palghar,Wheat,1,2024,3170,3170,Rabi
Maharashtra,Pune,Onion,10,2024,1600,4800,Kharif
Maharashtra,Nanded,Wheat,9,2023,2280,2395,Kharif
Maharashtra,Vasai,Wheat,8,2023,2860,3860,Kharif
Maharashtra,Lasalgaon(Niphad),Onion,7,2024,1400,3041,Kharif
Maharashtra,Junnar(Otur),Potato,6,2024,1000,2000,Kharif
Maharashtra,Pune(Manjri),Potato,5,2025,1600,2600,Zaid
Maharashtra,Lasalgaon,Onion,10,2024,2001,3140,Kharif
Maharashtra,Dhule,Onion,10,2023,700,2560,Kharif
Maharashtra,Solapur,Onion,5,2025,100,2000,Zaid
Maharashtra,Devala,Onion,4,2025,200,1425,Zaid
Maharashtra,Pune(Manjri),Potato,1,2024,1200,1800,Rabi
Maharashtra,Mangaon,Rice,5,2025,1900,4800,Zaid
Maharashtra,Shree Rameshwar Krushi Market,Onion,12,2024,752,5212,Rabi
Maharashtra,Manmad,Onion,7,2024,555,2885,Kharif
Maharashtra,Junnar(Otur),Potato,10,2024,1000,3110,Kharif
Maharashtra,Dhule,Onion,8,2024,900,3260,Kharif
Maharashtra,Satara,Onion,10,2023,1500,2700,Kharif
Maharashtra,Amrawati(Frui & Veg. Market),Onion,1,2024,600,2000,Rabi
Maharashtra,Vashi New Mumbai,Potato,1,2025,1400,2100,Rabi
Maharashtra,Lasalgaon(Vinchur),Onion,5,2025,500,1490,Zaid
Maharashtra,Jamkhed,Onion,9,2023,200,2300,Kharif
Maharashtra,Akola,Onion,10,2023,1500,2500,Kharif
Maharashtra,Ramtek,Potato,3,2025,1400,1600,Rabi
Maharashtra,Lasalgaon(Niphad),Wheat,6,2023,2252,2370,Kharif
Maharashtra,Pathardi,Onion,8,2023,200,1700,Kharif
Maharashtra,Junnar(Otur),Onion,11,2024,2000,6510,Rabi
Maharashtra,Pune(Manjri),Potato,1,2024,1600,1800,Rabi
Maharashtra,Nandgaon,Wheat,12,2023,2553,3575,Rabi
Maharashtra,Pune(Moshi),Onion,9,2024,2000,4500,Kharif
Maharashtra,Bhusaval,Onion,12,2023,2000,3000,Rabi
Maharashtra,Mangal Wedha,Onion,4,2024,200,1610,Zaid
Maharashtra,Mangal Wedha,Onion,7,2024,500,3500,Kharif
Maharashtra,Khed(Chakan),Potato,9,2023,1200,2000,Kharif
Maharashtra,Nandurbar,Wheat,12,2023,2300,2701,Rabi
Maharashtra,Parola,Wheat,12,2023,3160,3160,Rabi
Maharashtra,Shrirampur,Onion,9,2024,2470,4560,Kharif
Maharashtra,Sangamner,Tomato,7,2023,1000,7500,Kharif
Maharashtra,Ramtek,Onion,5,2025,1000,1400,Zaid
Maharashtra,Nasik,Potato,5,2024,2200,2600,Zaid
Maharashtra,Kolhapur,Onion,12,2023,500,3300,Rabi
Maharashtra,Akola,Onion,1,2024,1200,1700,Rabi
Maharashtra,Solapur,Wheat,1,2024,2525,4065,Rabi
Maharashtra,Sinner,Onion,10,2024,1000,4300,Kharif
Maharashtra,Chopada,Wheat,1,2024,2200,2511,Rabi
Maharashtra,Jalgaon,Wheat,10,2023,2400,2400,Kharif
Maharashtra,Pune,Onion,12,2023,2000,4800,Rabi
Maharashtra,Solapur,Onion,1,2024,100,3200,Rabi
Maharashtra,Umrane,Onion,4,2025,500,1401,Zaid
Maharashtra,Kamthi,Onion,6,2025,1100,1500,Kharif
Maharashtra,Junnar(Narayangaon),Tomato,8,2023,2500,11000,Kharif
Maharashtra,Islampur,Potato,4,2025,2000,2500,Zaid
Maharashtra,Akola,Potato,7,2023,1000,1300,Kharif
Maharashtra,Vashi New Mumbai,Onion,10,2024,2500,4700,Kharif
Maharashtra,Junnar(Narayangaon),Onion,9,2024,500,4000,Kharif
Maharashtra,Parner,Onion,1,2024,100,1700,Rabi
Maharashtra,Shrirampur,Potato,8,2024,2500,3000,Kharif
Maharashtra,Loha,Wheat,9,2023,2300,2650,Kharif
Maharashtra,Pimpalgaon Baswant(Saykheda),Onion,11,2023,1500,3525,Rabi
Maharashtra,Islampur,Potato,10,2023,1500,2000,Kharif
Maharashtra,Pune(Manjri),Potato,7,2024,2400,3000,Kharif
Maharashtra,Kopargaon,Onion,8,2023,300,2000,Kharif
Maharashtra,Jalgaon,Potato,9,2024,2000,2800,Kharif
Maharashtra,Akola,Onion,6,2023,500,1100,Kharif
Maharashtra,Rahata,Tomato,6,2023,3000,5000,Kharif
Maharashtra,Lasalgaon(Vinchur),Wheat,11,2023,2500,2962,Rabi
Maharashtra,Hingoli,Wheat,1,2024,2300,3155,Rabi
Maharashtra,Dindori(Vani),Onion,7,2024,2631,3051,Kharif
Maharashtra,Nandgaon,Onion,7,2024,400,2800,Kharif
Maharashtra,Amarawati,Wheat,8,2023,2450,2565,Kharif
Maharashtra,Karjat(Raigad),Wheat,8,2023,2100,2600,Kharif
Maharashtra,Dound,Wheat,6,2023,2000,2500,Kharif
Maharashtra,Vai,Potato,5,2024,2500,2900,Zaid
Maharashtra,Jamkhed,Onion,1,2024,200,2300,Rabi
Maharashtra,Pune(Pimpri),Onion,9,2023,1000,2000,Kharif
Maharashtra,Vai,Onion,6,2025,800,1800,Kharif
Maharashtra,Solapur,Onion,7,2024,300,3150,Kharif
Maharashtra,Pune(Moshi),Potato,12,2024,1500,3000,Rabi
Maharashtra,Sangamner,Onion,7,2023,200,2301,Kharif
Maharashtra,Satana,Onion,6,2024,500,2500,Kharif
Maharashtra,Kamthi,Potato,7,2023,1400,1800,Kharif
Maharashtra,Jalgaon,Onion,10,2024,1000,3500,Kharif
Maharashtra,Chandrapur(Ganjwad),Potato,5,2024,2300,2500,Zaid
Maharashtra,Pandharpur,Tomato,7,2023,750,11000,Kharif
Maharashtra,Pandharpur,Onion,10,2023,300,2600,Kharif
Maharashtra,"Sangli(Phale, Bhajipura Market)",Potato,1,2025,1600,3200,Rabi
Maharashtra,Amrawati(Frui & Veg. Market),Onion,11,2024,1000,3500,Rabi
Maharashtra,Amarawati,Wheat,9,2023,2400,2525,Kharif
Maharashtra,Loha,Wheat,6,2023,1925,3300,Kharif
Maharashtra,Gevrai,Wheat,8,2023,2200,2600,Kharif
Maharashtra,Lasalgaon(Vinchur),Onion,4,2025,800,1361,Zaid
Maharashtra,Nampur,Onion,7,2023,100,1720,Kharif
Maharashtra,Rahuri(Vambori),Onion,10,2024,500,4500,Kharif
Maharashtra,Hingna,Potato,5,2024,2000,2000,Zaid
Maharashtra,Rahata,Potato,5,2024,2200,2700,Zaid
Maharashtra,Amarawati,Wheat,8,2023,2450,2600,Kharif
Maharashtra,Khed(Chakan),Onion,10,2024,2000,4500,Kharif
Maharashtra,Manchar,Potato,5,2025,700,1600,Zaid
Maharashtra,Pimpalgaon Baswant(Saykheda),Onion,12,2024,1000,3701,Rabi
Maharashtra,"Sangli(Phale, Bhajipura Market)",Potato,8,2023,1200,1700,Kharif
Maharashtra,Shrirampur,Tomato,7,2023,2000,3000,Kharif
Maharashtra,Pune(Khadiki),Onion,10,2023,1400,2000,Kharif
Maharashtra,"Sangli(Phale, Bhajipura Market)",Potato,3,2024,1600,2500,Rabi
Maharashtra,Rahata,Onion,2,2024,300,2400,Rabi
Maharashtra,Savner,Wheat,10,2023,2260,2445,Kharif
Maharashtra,Khed(Chakan),Potato,12,2023,1100,1500,Rabi
Maharashtra,Alibagh,Rice,5,2025,2500,2700,Zaid
Maharashtra,Tumsar,Wheat,8,2023,2021,2021,Kharif
Maharashtra,Shree Rameshwar Krushi Market,Onion,7,2024,702,3212,Kharif
Maharashtra,Satana,Onion,11,2024,345,4951,Rabi
Maharashtra,Nagpur,Onion,4,2025,600,1300,Zaid
Maharashtra,Pune(Khadiki),Potato,7,2024,2000,2400,Kharif
Maharashtra,Nasik,Onion,8,2024,1200,3251,Kharif
Maharashtra,Pune,Onion,3,2024,500,1700,Rabi
Maharashtra,Junnar(Narayangaon),Onion,6,2024,500,2600,Kharif
Maharashtra,Vai,Potato,8,2023,1500,2300,Kharif
Maharashtra,Akola,Onion,5,2024,800,1600,Zaid
Maharashtra,Hinganghat,Wheat,12,2023,2430,2545,Rabi
Maharashtra,Nagpur,Wheat,7,2023,2194,2368,Kharif
Maharashtra,Nasik,Onion,5,2024,700,1851,Zaid
Maharashtra,"Sangli(Phale, Bhajipura Market)",Potato,11,2023,800,1600,Rabi
Maharashtra,Baramati,Wheat,8,2023,2250,2800,Kharif
Maharashtra,Vai,Potato,8,2024,2800,3300,Kharif
Maharashtra,Jalgaon,Onion,7,2023,350,1315,Kharif
Maharashtra,Solapur,Onion,12,2023,100,4900,Rabi
Maharashtra,Pune(Moshi),Onion,9,2023,1000,2500,Kharif
Maharashtra,Lasalgaon,Onion,8,2024,1200,3435,Kharif
Maharashtra,Lasalgaon(Niphad),Onion,11,2023,2100,3700,Rabi
Maharashtra,Rahata,Wheat,7,2023,2200,2351,Kharif
Maharashtra,Satana,Onion,5,2025,250,1550,Zaid
Maharashtra,Gevrai,Wheat,10,2023,2450,2850,Kharif
Maharashtra,Pune(Manjri),Onion,6,2023,500,800,Kharif
Maharashtra,Nagpur,Wheat,11,2023,3000,3500,Rabi
Maharashtra,Pune(Moshi),Onion,3,2024,700,1200,Rabi
Maharashtra,Vai,Onion,11,2023,2000,5000,Rabi
Maharashtra,Vashi New Mumbai,Onion,4,2024,1100,1600,Zaid
Maharashtra,Mankamneshwar Farmar Producer CoLtd Sanchalit Mank,Onion,5,2024,1000,1901,Zaid
Maharashtra,Hingna,Onion,9,2024,3200,4000,Kharif
Maharashtra,Bhusaval,Potato,5,2024,1400,2200,Zaid
Maharashtra,Pune(Khadiki),Potato,2,2025,700,1300,Rabi
Maharashtra,Karad,Onion,9,2024,3000,4000,Kharif
Maharashtra,Kamthi,Potato,5,2024,2000,3000,Zaid
Maharashtra,Rahata,Potato,6,2024,2500,2900,Kharif
Maharashtra,Vashi New Mumbai,Onion,7,2024,2400,2900,Kharif
Maharashtra,Parner,Onion,5,2025,200,2000,Zaid
Maharashtra,Pune(Manjri),Onion,6,2024,1300,1700,Kharif
Maharashtra,Kalvan,Onion,12,2023,1200,4675,Rabi
Maharashtra,Nasik,Potato,10,2023,1050,1500,Kharif
Maharashtra,Om Chaitanya Multistate Agro Purpose CoOp Society,Onion,8,2024,500,3000,Kharif
Maharashtra,Navapur,Wheat,12,2023,2100,2100,Rabi
Maharashtra,Karad,Onion,4,2025,800,1400,Zaid
Maharashtra,Yawal,Onion,1,2024,460,750,Rabi
Maharashtra,Amrawati(Frui & Veg. Market),Potato,10,2024,1400,2800,Kharif
Maharashtra,Pimpalgaon,Onion,7,2023,350,2111,Kharif
Maharashtra,Akluj,Potato,3,2025,1700,2000,Rabi
Maharashtra,Pune(Moshi),Potato,12,2024,500,1600,Rabi
Maharashtra,Rahuri,Onion,8,2024,200,3100,Kharif
Maharashtra,Pune(Khadiki),Potato,8,2023,1400,1600,Kharif
Maharashtra,Pune(Khadiki),Onion,9,2023,1500,2200,Kharif
Maharashtra,Satara,Potato,12,2024,2500,3000,Rabi
Maharashtra,Ahmednagar,Tomato,10,2023,200,800,Kharif
Maharashtra,Pachora,Wheat,11,2023,2440,2681,Rabi
Maharashtra,Umrane,Onion,3,2025,1000,2370,Rabi
Maharashtra,Pachora,Wheat,7,2023,2160,2350,Kharif
Maharashtra,Satara,Onion,3,2025,500,1600,Rabi
Maharashtra,Kalyan,Onion,3,2024,1500,1700,Rabi
Maharashtra,Umrane,Onion,11,2023,1001,4000,Rabi
Maharashtra,Pune(Moshi),Onion,9,2023,600,2000,Kharif
Maharashtra,Ramtek,Onion,10,2024,4000,5000,Kharif
Maharashtra,Amrawati(Frui & Veg. Market),Potato,10,2023,1000,1600,Kharif
Maharashtra,Pimpalgaon,Onion,3,2024,1500,1991,Rabi
Maharashtra,Umrane,Onion,12,2023,551,1500,Rabi
Maharashtra,Pune(Moshi),Potato,7,2023,800,1700,Kharif
Maharashtra,Amrawati(Frui & Veg. Market),Onion,9,2024,2200,4800,Kharif
Maharashtra,Rahuri,Tomato,6,2023,1000,2800,Kharif
Maharashtra,Kolhapur,Onion,7,2024,1000,3300,Kharif
Maharashtra,Shree Sairaj Krushi Market,Onion,8,2024,1900,3800,Kharif
Maharashtra,Solapur,Potato,12,2023,700,1500,Rabi
Maharashtra,Pune(Manjri),Onion,7,2023,1300,1600,Kharif
Maharashtra,Mumbai,Wheat,10,2023,2800,6000,Kharif
Maharashtra,Pune,Onion,5,2024,600,1800,Zaid
Maharashtra,Karjat(Raigad),Onion,12,2023,400,1800,Rabi
Maharashtra,Yeola,Wheat,1,2024,2370,3200,Rabi
Maharashtra,Shahada,Wheat,10,2023,2547,2780,Kharif
Maharashtra,Chandrapur(Ganjwad),Onion,6,2023,1500,2500,Kharif
Maharashtra,Akluj,Onion,3,2024,300,2000,Rabi
Maharashtra,Lasalgaon,Onion,10,2024,2001,3791,Kharif
Maharashtra,Lasalgaon,Onion,12,2023,600,2252,Rabi
Maharashtra,Parner,Onion,8,2024,1500,3600,Kharif
Maharashtra,Manchar,Onion,3,2024,1200,1800,Rabi
Maharashtra,Vashi New Mumbai,Onion,12,2023,1300,2700,Rabi
Maharashtra,Shree Rameshwar Krushi Market,Onion,7,2024,1000,3135,Kharif
Maharashtra,Nasik,Potato,9,2024,2000,2900,Kharif
Maharashtra,Pune(Manjri),Tomato,6,2023,1400,2700,Kharif
Maharashtra,Lasalgaon(Vinchur),Onion,8,2023,900,2511,Kharif
Maharashtra,Chandvad,Onion,9,2023,600,2223,Kharif
Maharashtra,Lasalgaon(Niphad),Onion,9,2023,1000,2236,Kharif
Maharashtra,Chandrapur(Ganjwad),Onion,8,2023,1600,3000,Kharif
Maharashtra,Vai,Onion,5,2024,1000,2200,Zaid
Maharashtra,Dindori,Onion,8,2023,990,1551,Kharif
Maharashtra,Jalgaon,Potato,2,2024,800,1500,Rabi
Maharashtra,Kalyan,Onion,3,2025,2700,2800,Rabi
Maharashtra,Amalner,Wheat,11,2023,2600,2875,Rabi
Maharashtra,Nanded,Wheat,6,2023,2250,2250,Kharif
Maharashtra,Junnar,Potato,10,2023,1300,1800,Kharif
Maharashtra,Kamthi,Potato,3,2024,1000,2000,Rabi
Maharashtra,Jalgaon,Tomato,7,2023,3500,7500,Kharif
Maharashtra,Junnar(Alephata),Onion,8,2024,2300,4300,Kharif
Maharashtra,Nagpur,Onion,5,2024,1100,1600,Zaid
Maharashtra,Katol,Wheat,9,2023,2415,2420,Kharif
Maharashtra,Pune(Khadiki),Onion,1,2024,1000,1600,Rabi
Maharashtra,Rahuri,Potato,4,2025,600,2200,Zaid
Maharashtra,Pimpalgaon,Onion,9,2024,2000,4851,Kharif
Maharashtra,Shirur,Onion,10,2024,500,5100,Kharif
Maharashtra,Nagpur,Potato,5,2025,1000,1800,Zaid
Maharashtra,Sangamner,Onion,1,2024,200,1800,Rabi
Maharashtra,Vai,Potato,6,2025,2000,2500,Kharif
Maharashtra,Lasalgaon(Vinchur),Onion,3,2025,1200,1715,Rabi
Maharashtra,Jamkhed,Onion,3,2025,150,2000,Rabi
Maharashtra,Kamthi,Potato,4,2025,1500,2500,Zaid
Maharashtra,Lasalgaon,Onion,6,2023,400,1381,Kharif
Maharashtra,Nagpur,Wheat,9,2023,2350,2572,Kharif
Maharashtra,Akola,Potato,9,2023,1000,1400,Kharif
Maharashtra,Pune,Onion,2,2025,1500,3000,Rabi
Maharashtra,Hingna,Onion,5,2024,1600,2000,Zaid
Maharashtra,Shevgaon,Onion,9,2024,4000,5500,Kharif
Maharashtra,Nasik,Potato,5,2025,1400,1950,Zaid
Maharashtra,Manmad,Onion,3,2024,400,1671,Rabi
Maharashtra,Chopada,Wheat,11,2023,2500,2817,Rabi
Maharashtra,Sangamner,Onion,6,2023,200,1500,Kharif
Maharashtra,Solapur,Potato,5,2025,1350,1800,Zaid
Maharashtra,Pimpalgaon Baswant(Saykheda),Onion,8,2024,2400,3801,Kharif
Maharashtra,Nagpur,Wheat,12,2023,2500,2728,Rabi
Maharashtra,Amrawati(Frui & Veg. Market),Potato,3,2024,600,1800,Rabi
Maharashtra,Shree Rameshwar Krushi Market,Onion,6,2024,300,2655,Kharif
Maharashtra,Pune(Pimpri),Onion,4,2025,800,1600,Zaid
Maharashtra,Rahata,Wheat,12,2023,2350,2816,Rabi
Maharashtra,Manmad,Onion,2,2024,200,1260,Rabi
Maharashtra,Solapur,Potato,2,2025,1400,2050,Rabi
Maharashtra,Nagpur,Wheat,2,2024,2625,2886,Rabi
Maharashtra,Karad,Onion,8,2024,3000,3400,Kharif
Maharashtra,Rahata,Potato,9,2024,2000,2500,Kharif
Maharashtra,Solapur,Potato,8,2024,1600,2900,Kharif
Maharashtra,Satana,Onion,10,2024,1205,5025,Kharif
Maharashtra,Akola,Potato,12,2023,1200,1500,Rabi
Maharashtra,Kopargaon,Onion,8,2023,300,2411,Kharif
Maharashtra,Rahata,Onion,9,2024,1750,4700,Kharif
Maharashtra,Kalvan,Onion,8,2024,1800,4195,Kharif
Maharashtra,Devala,Onion,10,2024,1400,4350,Kharif
Maharashtra,Lasalgaon(Niphad),Onion,5,2025,600,1700,Zaid
Maharashtra,Amarawati,Wheat,8,2023,2450,2550,Kharif
Maharashtra,Khed(Chakan),Onion,2,2024,800,1500,Rabi
Maharashtra,Barshi,Wheat,6,2023,2400,3000,Kharif
Maharashtra,Lasalgaon,Onion,10,2024,1951,3690,Kharif
Maharashtra,Bhokar,Wheat,10,2023,2081,2201,Kharif
Maharashtra,Shree Salasar Krushi Bazar,Wheat,7,2023,2000,2000,Kharif
Maharashtra,Shevgaon,Onion,2,2024,900,1475,Rabi
Maharashtra,Pimpalgaon Baswant(Saykheda),Onion,9,2023,800,2151,Kharif
Maharashtra,Shree Rameshwar Krushi Market,Onion,7,2023,200,1851,Kharif
Maharashtra,Akola,Onion,10,2024,1000,3000,Kharif
Maharashtra,Satara,Onion,4,2024,1000,1500,Zaid
Maharashtra,Pachora,Wheat,7,2023,2100,2310,Kharif
Maharashtra,Solapur,Tomato,6,2023,600,3200,Kharif
Maharashtra,Ramtek,Onion,7,2024,4000,4200,Kharif
Maharashtra,Hingna,Potato,5,2025,2000,2200,Zaid
Maharashtra,Pune(Khadiki),Potato,9,2024,2000,2400,Kharif
Maharashtra,Mankamneshwar Farmar Producer CoLtd Sanchalit Mank,Onion,11,2024,3000,5725,Rabi
Maharashtra,Pune(Pimpri),Onion,12,2023,3000,5000,Rabi
Maharashtra,Dindori(Vani),Onion,3,2025,1300,1551,Rabi
Maharashtra,Sangamner,Onion,7,2024,300,3100,Kharif
Maharashtra,Pune(Khadiki),Onion,8,2023,900,1300,Kharif
Maharashtra,Vai,Tomato,6,2023,1000,2000,Kharif
Maharashtra,Nagpur,Onion,6,2023,1600,1800,Kharif
Maharashtra,Bhusaval,Onion,2,2025,2000,2500,Rabi
Maharashtra,Jalgaon,Potato,11,2024,1500,2700,Rabi
Maharashtra,Satara,Tomato,7,2023,5000,8000,Kharif
Maharashtra,Shevgaon,Wheat,8,2023,2100,2511,Kharif
Maharashtra,Lasalgaon,Onion,10,2024,3500,4485,Kharif
Maharashtra,Nampur,Onion,1,2024,100,1195,Rabi
Maharashtra,Manmad,Onion,2,2024,305,1520,Rabi
Maharashtra,Pune(Moshi),Potato,12,2024,800,2500,Rabi
Maharashtra,Shree Rameshwar Krushi Market,Onion,10,2023,500,11111,Kharif
Maharashtra,Manchar,Onion,12,2024,500,600,Rabi
Maharashtra,Hingna,Onion,7,2024,1700,2800,Kharif
Maharashtra,Pune(Manjri),Onion,8,2024,1700,3500,Kharif
Maharashtra,Karad,Onion,5,2025,500,1300,Zaid
Maharashtra,Majalgaon,Wheat,1,2024,2300,2512,Rabi
Maharashtra,Karad,Onion,5,2025,500,1400,Zaid
Maharashtra,Lasalgaon(Vinchur),Onion,2,2025,1055,2702,Rabi
Maharashtra,Vashi New Mumbai,Onion,8,2024,3300,4000,Kharif
Maharashtra,Newasa(Ghodegaon),Onion,8,2024,1000,2900,Kharif
Maharashtra,Jamkhed,Onion,11,2023,500,5500,Rabi
Maharashtra,Pathardi,Onion,1,2024,200,1600,Rabi
Maharashtra,Khed(Chakan),Potato,12,2024,1300,2000,Rabi
Maharashtra,Tumsar,Wheat,6,2023,2000,2180,Kharif
Maharashtra,Beed,Wheat,1,2024,2450,3350,Rabi
Maharashtra,Kalmeshwar,Tomato,7,2023,9065,9500,Kharif
Maharashtra,Akola,Potato,5,2025,1000,1800,Zaid
Maharashtra,Hingna,Potato,3,2024,1700,1700,Rabi
Maharashtra,Dound,Wheat,6,2023,2000,2751,Kharif
Maharashtra,Bhusaval,Potato,8,2023,1400,1600,Kharif
Maharashtra,Junnar(Narayangaon),Onion,9,2024,1510,5000,Kharif
Maharashtra,Ahmednagar,Onion,3,2025,400,2400,Rabi
Maharashtra,Pune(Khadiki),Potato,9,2023,1200,1600,Kharif
Maharashtra,Kamthi,Potato,3,2025,1500,2500,Rabi
Maharashtra,Akola,Potato,3,2024,1000,1700,Rabi
Maharashtra,Jalgaon,Onion,11,2023,1502,4000,Rabi
Maharashtra,Ulhasnagar,Wheat,9,2023,3200,3600,Kharif
Maharashtra,Pune,Potato,1,2025,1500,2200,Rabi
Maharashtra,Karad,Onion,2,2025,1000,1600,Rabi
Maharashtra,Parner,Onion,11,2023,1000,4600,Rabi
Maharashtra,Shrirampur,Potato,9,2024,2500,3000,Kharif
Maharashtra,Shrigonda,Wheat,9,2023,2150,2400,Kharif
Maharashtra,Pune,Onion,8,2024,2500,4000,Kharif
Maharashtra,Chandvad,Onion,5,2025,500,1550,Zaid
Maharashtra,Kalvan,Onion,4,2025,400,1641,Zaid
Maharashtra,Pune(Khadiki),Onion,9,2023,1000,2000,Kharif
Maharashtra,Pune,Onion,10,2023,800,2400,Kharif
Maharashtra,Bhusaval,Onion,6,2023,600,600,Kharif
Maharashtra,Shevgaon,Onion,7,2023,1200,1600,Kharif
Maharashtra,Dondaicha,Wheat,1,2024,1875,2900,Rabi
Maharashtra,Savner,Wheat,12,2023,2380,3049,Rabi
Maharashtra,Kamthi,Tomato,7,2023,11000,13000,Kharif
Maharashtra,Malegaon,Wheat,8,2023,2240,2876,Kharif
Maharashtra,Shrigonda,Onion,5,2024,500,1600,Zaid
Maharashtra,Rahata,Onion,10,2024,1200,4800,Kharif
Maharashtra,"Sangli(Phale, Bhajipura Market)",Potato,10,2023,1300,1500,Kharif
Maharashtra,Pimpalgaon Baswant(Saykheda),Onion,11,2023,1000,4200,Rabi
Maharashtra,Sangamner,Onion,5,2025,300,1452,Zaid
Maharashtra,Dhule,Onion,2,2025,400,3010,Rabi
Maharashtra,Kopargaon,Onion,10,2023,1000,3671,Kharif
Maharashtra,Akola,Onion,7,2023,1000,2000,Kharif
Maharashtra,Bhusaval,Potato,9,2023,1400,1600,Kharif
Maharashtra,Ulhasnagar,Wheat,8,2023,3200,3600,Kharif
Maharashtra,Solapur,Onion,10,2023,100,5100,Kharif
Maharashtra,Kamthi,Onion,8,2024,3500,4500,Kharif
Maharashtra,Ahmednagar,Potato,1,2025,500,2600,Rabi
Maharashtra,Vashi New Mumbai,Onion,9,2023,1000,2400,Kharif
Maharashtra,Akluj,Onion,6,2025,200,1500,Kharif
Maharashtra,Nasik,Onion,7,2024,750,2951,Kharif
Maharashtra,Vai,Tomato,6,2023,1000,2200,Kharif
Maharashtra,Pandharpur,Wheat,6,2023,2380,2420,Kharif
Maharashtra,Nandgaon,Onion,7,2023,100,1486,Kharif
Maharashtra,Karjat(Raigad),Wheat,7,2023,1900,2600,Kharif
Maharashtra,Mangal Wedha,Onion,3,2024,100,1450,Rabi
Maharashtra,Ulhasnagar,Wheat,9,2023,3200,3800,Kharif
Maharashtra,Shevgaon,Wheat,10,2023,2300,2600,Kharif
Maharashtra,Islampur,Onion,8,2024,2000,3000,Kharif
Maharashtra,Rahata,Potato,11,2023,1600,1700,Rabi
Maharashtra,Pune(Khadiki),Onion,11,2023,2000,4500,Rabi
Maharashtra,Selu,Wheat,11,2023,2500,2500,Rabi
Maharashtra,Rahata,Tomato,7,2023,3000,7200,Kharif
Maharashtra,Kalyan,Onion,8,2024,2200,3000,Kharif
Maharashtra,Nampur,Onion,3,2025,300,1605,Rabi
Maharashtra,Phaltan,Tomato,7,2023,300,9500,Kharif
Maharashtra,Yeola,Wheat,12,2023,2501,3044,Rabi
Maharashtra,Khed(Chakan),Potato,9,2024,2200,3000,Kharif
Maharashtra,Om Chaitanya Multistate Agro Purpose CoOp Society,Onion,2,2025,500,3000,Rabi
Maharashtra,Pen,Onion,3,2024,2000,2200,Rabi
Maharashtra,Karjat(Raigad),Wheat,10,2023,2000,2600,Kharif
Maharashtra,Pune,Potato,1,2024,800,1600,Rabi
Maharashtra,Pen,Potato,2,2024,2000,2200,Rabi
Maharashtra,Hingna,Onion,7,2024,1900,1900,Kharif
Maharashtra,Kopargaon,Onion,10,2023,500,2800,Kharif
Maharashtra,Pune(Pimpri),Onion,8,2023,1200,2600,Kharif
Maharashtra,Ramtek,Onion,9,2024,3900,4500,Kharif
Maharashtra,Manmad,Onion,2,2025,400,2400,Rabi
Maharashtra,Chandrapur(Ganjwad),Onion,11,2023,3200,5000,Rabi
Maharashtra,Satana,Onion,11,2023,1000,4270,Rabi
Maharashtra,Akluj,Potato,3,2025,1500,1900,Rabi
Maharashtra,Pune(Pimpri),Onion,5,2025,1200,1200,Zaid
Maharashtra,Shrigonda,Onion,1,2024,500,2200,Rabi
Maharashtra,Varud(Rajura Bazar),Wheat,1,2024,2350,2700,Rabi
Maharashtra,Sangamner,Onion,12,2023,500,3000,Rabi
Maharashtra,Nasik,Onion,3,2024,700,1950,Rabi
Maharashtra,Pimpalgaon Baswant(Saykheda),Onion,9,2024,2900,4799,Kharif
Maharashtra,Pimpalgaon Baswant(Saykheda),Onion,5,2024,500,1701,Zaid
Maharashtra,Baramati,Onion,9,2023,400,2200,Kharif
Maharashtra,Manchar,Potato,10,2023,1000,1500,Kharif
Maharashtra,Amrawati(Frui & Veg. Market),Potato,8,2023,1000,1600,Kharif
Maharashtra,Kopargaon,Onion,10,2024,1000,3115,Kharif
Maharashtra,Sinner,Onion,7,2023,100,1400,Kharif
Maharashtra,Sindi(Selu),Wheat,9,2023,2100,2375,Kharif
Maharashtra,Barshi,Wheat,11,2023,2800,4000,Rabi
Maharashtra,Pune(Manjri),Potato,8,2023,1400,1800,Kharif
Maharashtra,Ramtek,Potato,5,2024,2000,2400,Zaid
Maharashtra,Dindori,Onion,6,2023,500,1170,Kharif
Maharashtra,Vashi New Mumbai,Onion,4,2025,800,1500,Zaid
Maharashtra,Lasalgaon,Onion,10,2023,1000,2901,Kharif
Maharashtra,Nandurbar,Onion,5,2024,1270,1515,Zaid
Maharashtra,Shree Rameshwar Krushi Market,Onion,2,2025,352,2900,Rabi
Maharashtra,Gevrai,Wheat,6,2023,2150,2700,Kharif
Maharashtra,Manmad,Onion,10,2023,1700,4700,Kharif
Maharashtra,Kopargaon,Wheat,1,2024,2501,2780,Rabi
Maharashtra,"Sangli(Phale, Bhajipura Market)",Onion,8,2024,1500,4300,Kharif
Maharashtra,Nasik,Potato,5,2024,2100,2500,Zaid
Maharashtra,Karjat,Onion,11,2024,500,3500,Rabi
Maharashtra,Lasalgaon(Vinchur),Onion,8,2024,1500,3712,Kharif
Maharashtra,Pimpalgaon Baswant(Saykheda),Onion,4,2024,751,1351,Zaid
Maharashtra,Junnar(Otur),Potato,9,2024,1000,2510,Kharif
Maharashtra,Junnar(Otur),Onion,12,2023,1000,2500,Rabi
Maharashtra,Hingna,Onion,4,2024,1600,1700,Zaid
Maharashtra,Junnar(Narayangaon),Potato,9,2024,3000,3000,Kharif
Maharashtra,Lasalgaon,Wheat,6,2023,2201,2667,Kharif
Maharashtra,Pune,Potato,7,2023,1400,2100,Kharif
Maharashtra,Solapur,Wheat,7,2023,2300,3465,Kharif
Maharashtra,"Sangli(Phale, Bhajipura Market)",Potato,10,2024,2500,3100,Kharif
Maharashtra,Nagpur,Potato,6,2024,2000,2600,Kharif
Maharashtra,Karad,Onion,9,2023,1500,2300,Kharif
Maharashtra,Khed(Chakan),Onion,7,2024,2000,3000,Kharif
Maharashtra,Chandvad,Onion,3,2025,1370,1551,Rabi
Maharashtra,Nagpur,Potato,6,2024,1800,2200,Kharif
Maharashtra,Newasa(Ghodegaon),Onion,4,2024,200,1600,Zaid
Maharashtra,Solapur,Onion,5,2024,100,3100,Zaid
Maharashtra,Lasalgaon,Onion,5,2024,501,2001,Zaid
Maharashtra,Sangamner,Onion,7,2024,500,3100,Kharif
Maharashtra,Gevrai,Wheat,2,2024,2400,3200,Rabi
Maharashtra,Khed(Chakan),Onion,9,2023,1000,2200,Kharif
Maharashtra,Shevgaon,Onion,2,2024,500,800,Rabi
Maharashtra,Lasalgaon(Vinchur),Onion,7,2024,1000,2920,Kharif
Maharashtra,Nagpur,Potato,8,2023,1300,1600,Kharif
Maharashtra,Karjat(Raigad),Rice,5,2025,4200,5800,Zaid
Maharashtra,Nagpur,Onion,12,2023,1500,2200,Rabi
Maharashtra,Pune(Moshi),Onion,7,2024,1600,3000,Kharif
Maharashtra,Junnar(Otur),Potato,2,2024,500,1700,Rabi
Maharashtra,Kalyan,Potato,6,2025,1800,1900,Kharif
Maharashtra,Umrane,Onion,11,2023,901,3500,Rabi
Maharashtra,Loha,Wheat,7,2023,2100,2151,Kharif
Maharashtra,Katol,Wheat,8,2023,2380,2400,Kharif
Maharashtra,Manmad,Onion,3,2025,1000,1790,Rabi
Maharashtra,Akola,Potato,12,2023,1100,1500,Rabi
Maharashtra,Chandrapur(Ganjwad),Onion,4,2025,1100,1500,Zaid
Maharashtra,Nagpur,Onion,12,2023,2000,2200,Rabi
Maharashtra,Dindori(Vani),Onion,7,2023,1000,1811,Kharif
Maharashtra,Kada,Wheat,9,2023,3000,3200,Kharif
Maharashtra,Rahata,Wheat,11,2023,2631,2996,Rabi
Maharashtra,Dindori(Vani),Onion,7,2023,1100,1951,Kharif
Maharashtra,Pune,Wheat,6,2023,4000,5000,Kharif
Maharashtra,Yeola,Onion,11,2024,500,4050,Rabi
Maharashtra,Yawal,Onion,3,2024,670,1020,Rabi
Maharashtra,Chandvad,Onion,5,2025,301,1391,Zaid
Maharashtra,Pune,Potato,1,2025,1400,2200,Rabi
Maharashtra,Kopargaon,Onion,8,2023,300,2401,Kharif
Maharashtra,Pune,Onion,7,2024,1000,3000,Kharif
Maharashtra,Om Chaitanya Multistate Agro Purpose CoOp Society,Onion,3,2025,300,1600,Rabi
Maharashtra,Tumsar,Wheat,6,2023,2200,2200,Kharif
Maharashtra,Balapur,Wheat,8,2023,2300,2400,Kharif
Maharashtra,Pune,Onion,12,2023,800,3000,Rabi
Maharashtra,Dhule,Wheat,11,2023,2500,3130,Rabi
Maharashtra,Hingoli,Wheat,12,2023,2200,3400,Rabi
Maharashtra,Nagpur,Onion,6,2023,500,1000,Kharif
Maharashtra,"Sangli(Phale, Bhajipura Market)",Onion,8,2023,500,1850,Kharif
Maharashtra,Selu,Wheat,10,2023,2300,2550,Kharif
Maharashtra,Pune(Pimpri),Onion,3,2024,1000,1600,Rabi
Maharashtra,Solapur,Potato,2,2024,750,1700,Rabi
Maharashtra,Shrirampur,Potato,11,2024,2500,3000,Rabi
Maharashtra,Pune(Moshi),Potato,1,2025,600,1800,Rabi
Maharashtra,Pimpalgaon Baswant(Saykheda),Onion,6,2023,250,1100,Kharif
Maharashtra,Nandurbar,Wheat,10,2023,2542,2840,Kharif
Maharashtra,Satara,Potato,8,2023,1500,1800,Kharif
Maharashtra,"Sangli(Phale, Bhajipura Market)",Potato,5,2024,1600,2600,Zaid
Maharashtra,"Sangli(Phale, Bhajipura Market)",Potato,4,2024,1600,2600,Zaid
Maharashtra,Baramati,Onion,8,2024,700,4500,Kharif
Maharashtra,Pathardi,Onion,4,2025,300,1500,Zaid
Maharashtra,Rahata,Potato,9,2024,2500,2800,Kharif
Maharashtra,Ausa,Wheat,7,2023,2200,3200,Kharif
Maharashtra,Kopargaon,Onion,10,2023,1000,4555,Kharif
Maharashtra,Navapur,Tomato,7,2023,4000,10000,Kharif
Maharashtra,Newasa(Ghodegaon),Onion,3,2025,1000,2500,Rabi
Maharashtra,Kalvan,Onion,9,2023,500,2805,Kharif
Maharashtra,Amarawati,Wheat,12,2023,2350,2500,Rabi
Maharashtra,Vashi New Mumbai,Onion,9,2024,3400,4200,Kharif
Maharashtra,Kalvan,Onion,1,2024,500,2251,Rabi
Maharashtra,Pune(Pimpri),Onion,11,2024,3300,6000,Rabi
Maharashtra,Kolhapur,Tomato,6,2023,1000,2700,Kharif
Maharashtra,Nagpur,Wheat,11,2023,2562,2760,Rabi
Maharashtra,Rahuri,Potato,6,2023,1300,2000,Kharif
Maharashtra,Kaij,Wheat,8,2023,2500,3000,Kharif
Maharashtra,Kamthi,Onion,6,2023,1200,1600,Kharif
Maharashtra,Rahuri,Potato,3,2024,700,2100,Rabi
Maharashtra,Lasalgaon(Niphad),Onion,10,2024,2400,4351,Kharif
Maharashtra,Amrawati(Frui & Veg. Market),Potato,3,2024,600,1700,Rabi
Maharashtra,"Sangli(Phale, Bhajipura Market)",Onion,8,2023,500,2000,Kharif
Maharashtra,Kopargaon,Wheat,12,2023,2500,2890,Rabi
Maharashtra,Nagpur,Onion,9,2024,3500,4500,Kharif
Maharashtra,Vadgaonpeth,Onion,6,2025,1000,1400,Kharif
Maharashtra,Shevgaon,Onion,7,2023,200,700,Kharif
Maharashtra,Jalgaon,Onion,4,2024,500,1325,Zaid
Maharashtra,Khed(Chakan),Potato,10,2024,2000,3400,Kharif
Maharashtra,Lasalgaon(Vinchur),Onion,2,2024,550,1375,Rabi
Maharashtra,Sinner,Onion,10,2023,700,4600,Kharif
Maharashtra,Nanded,Wheat,8,2023,2250,2250,Kharif
Maharashtra,Vashi New Mumbai,Onion,10,2023,1700,3800,Kharif
Maharashtra,Jalgaon,Onion,8,2024,752,4195,Kharif
Maharashtra,Pune(Khadiki),Potato,8,2023,1300,1500,Kharif
Maharashtra,Laxmi Sopan Agriculture Produce Marketing Co Ltd,Onion,12,2024,500,6500,Rabi
Maharashtra,Pune,Onion,4,2024,600,1600,Zaid
Maharashtra,Shirpur,Onion,12,2023,300,3025,Rabi
Maharashtra,Jalgaon,Onion,8,2023,500,2100,Kharif
Maharashtra,Rahata,Potato,9,2023,1500,1700,Kharif
Maharashtra,Jalgaon,Onion,2,2025,650,2850,Rabi
Maharashtra,Devala,Onion,10,2023,450,3325,Kharif
Maharashtra,Yeola,Onion,12,2023,600,1951,Rabi
Maharashtra,Ahmednagar,Potato,11,2023,1000,1600,Rabi
Maharashtra,Sangamner,Tomato,6,2023,500,3750,Kharif
Maharashtra,Dhule,Onion,6,2023,170,840,Kharif
Maharashtra,Pune(Khadiki),Potato,3,2024,1300,1600,Rabi
Maharashtra,Jalgaon,Tomato,6,2023,500,1500,Kharif
Maharashtra,Pachora,Wheat,7,2023,2212,2451,Kharif
Maharashtra,Pune(Manjri),Potato,5,2024,2000,2500,Zaid
Maharashtra,Satana,Onion,8,2024,1000,3900,Kharif
Maharashtra,Bhusaval,Potato,2,2024,1300,1800,Rabi
Maharashtra,Baramati,Wheat,1,2024,1800,2400,Rabi
Maharashtra,Kopargaon,Wheat,6,2023,2225,2324,Kharif
Maharashtra,Nagpur,Wheat,9,2023,2380,2518,Kharif
Maharashtra,Pune,Wheat,11,2023,4500,6000,Rabi
Maharashtra,Pimpalgaon,Onion,3,2025,600,1851,Rabi
Maharashtra,Nasik,Potato,11,2024,2300,3000,Rabi
Maharashtra,Yeola,Onion,8,2023,300,1550,Kharif
Maharashtra,"Sangli(Phale, Bhajipura Market)",Potato,4,2024,1600,2500,Zaid
Maharashtra,Satana,Onion,11,2024,1550,6295,Rabi
Maharashtra,Pune(Pimpri),Onion,10,2023,3500,6200,Kharif
Maharashtra,"Sangli(Phale, Bhajipura Market)",Potato,7,2024,1500,3500,Kharif
Maharashtra,Hinganghat,Wheat,10,2023,2455,2490,Kharif
Maharashtra,Pathardi,Onion,6,2025,300,1500,Kharif
Maharashtra,Pune(Manjri),Potato,9,2024,2000,3000,Kharif
Maharashtra,Pune(Moshi),Potato,12,2024,700,1800,Rabi
Maharashtra,Sangamner,Onion,2,2024,150,1511,Rabi
Maharashtra,Shevgaon(Bodhegaon),Wheat,10,2023,2500,2600,Kharif
Maharashtra,Kopargaon,Wheat,12,2023,2621,2851,Rabi
Maharashtra,Shirpur,Wheat,7,2023,1900,2482,Kharif
Maharashtra,Mumbai,Wheat,11,2023,2800,6000,Rabi
Maharashtra,Kalyan,Onion,7,2024,2800,3100,Kharif
Maharashtra,Pune(Manjri),Potato,9,2023,1200,1800,Kharif
Maharashtra,Shivsiddha Govind Producer Company Limited Sanchal,Onion,8,2023,900,2510,Kharif
Maharashtra,Pimpalgaon Baswant(Saykheda),Onion,3,2024,400,1381,Rabi
Maharashtra,Solapur,Onion,12,2024,500,7500,Rabi
Maharashtra,Nagpur,Onion,11,2023,4000,5000,Rabi
Maharashtra,Solapur,Onion,6,2023,100,1700,Kharif
Maharashtra,Malharshree Farmers Producer Co Ltd,Onion,7,2023,317,1460,Kharif
Maharashtra,Kalyan,Onion,2,2025,2200,2700,Rabi
Maharashtra,Pune(Khadiki),Onion,3,2024,1000,1500,Rabi
Maharashtra,Manchar,Potato,10,2023,1000,1300,Kharif
Maharashtra,Ahmednagar,Onion,11,2024,2000,6200,Rabi
Maharashtra,Achalpur,Wheat,11,2023,2400,2500,Rabi
Maharashtra,"Sangli(Phale, Bhajipura Market)",Onion,4,2024,400,1700,Zaid
Maharashtra,Amrawati(Frui & Veg. Market),Onion,9,2024,4000,5000,Kharif
Maharashtra,Pune(Manjri),Potato,10,2024,2000,2800,Kharif
Maharashtra,Vadgaonpeth,Onion,3,2025,2000,3500,Rabi
Maharashtra,Chandrapur(Ganjwad),Potato,12,2024,2400,2800,Rabi
Maharashtra,Solapur,Potato,1,2024,750,2000,Rabi
Maharashtra,Pathardi,Onion,1,2024,300,1500,Rabi
Maharashtra,Sakri,Onion,9,2023,900,2500,Kharif
Maharashtra,Shivsiddha Govind Producer Company Limited Sanchal,Onion,5,2024,1600,2000,Zaid
Maharashtra,Kalyan,Potato,4,2025,1600,1800,Zaid
Maharashtra,Nasik,Potato,12,2024,1500,2850,Rabi
Maharashtra,Kolhapur,Onion,10,2023,1000,2700,Kharif
Maharashtra,Jalgaon,Onion,3,2025,500,2185,Rabi
Maharashtra,Shrirampur,Wheat,9,2023,2000,2461,Kharif
Maharashtra,Kurdwadi(Modnimb),Onion,6,2023,225,1051,Kharif
Maharashtra,Pen,Potato,1,2024,2400,2600,Rabi
Maharashtra,Pune(Moshi),Tomato,7,2023,4000,8000,Kharif
Maharashtra,Shrirampur,Potato,1,2024,1200,1400,Rabi
Maharashtra,Kopargaon,Onion,12,2023,300,1051,Rabi
Maharashtra,Islampur,Potato,2,2024,1800,2300,Rabi
Maharashtra,Akola,Potato,9,2024,2200,2800,Kharif
Maharashtra,Vashi New Mumbai,Potato,12,2024,1600,2500,Rabi
Maharashtra,Khed(Chakan),Onion,1,2024,1000,2200,Rabi
Maharashtra,Hingoli,Wheat,7,2023,1900,2855,Kharif
Maharashtra,Rahata,Wheat,7,2023,2200,2300,Kharif
Maharashtra,Karad,Onion,4,2025,1000,1800,Zaid
Maharashtra,Satana,Onion,7,2023,200,1710,Kharif
Maharashtra,Hinganghat,Wheat,6,2023,2195,2260,Kharif
Maharashtra,Bhusaval,Potato,7,2023,1500,1600,Kharif
Maharashtra,Shrirampur,Onion,10,2023,700,6100,Kharif
Maharashtra,Sangamner,Tomato,6,2023,500,4500,Kharif
Maharashtra,Parali Vaijyanath,Wheat,10,2023,2211,2300,Kharif
Maharashtra,Pune(Moshi),Onion,3,2024,500,1200,Rabi
Maharashtra,Jamkhed,Onion,6,2025,100,1600,Kharif
Maharashtra,Vashi New Mumbai,Potato,3,2025,900,1600,Rabi
Maharashtra,Dondaicha,Wheat,10,2023,2000,2925,Kharif
Maharashtra,Ramtek,Potato,2,2025,1800,2000,Rabi
Maharashtra,Khed(Chakan),Onion,3,2025,1800,2400,Rabi
Maharashtra,Kopargaon,Wheat,1,2024,2241,2881,Rabi
Maharashtra,Rahata,Potato,10,2023,1500,1700,Kharif
Maharashtra,Shrigonda,Wheat,8,2023,2200,2500,Kharif
Maharashtra,Rahata,Onion,8,2024,500,3100,Kharif
Maharashtra,Vashi New Mumbai,Potato,10,2024,2000,3200,Kharif
Maharashtra,Pune,Potato,9,2024,2200,3000,Kharif
Maharashtra,Pune(Manjri),Onion,4,2024,1100,1700,Zaid
Maharashtra,Pathardi,Onion,4,2024,200,1450,Zaid
Maharashtra,Patan,Tomato,6,2023,2500,3500,Kharif
Maharashtra,Bhusaval,Potato,12,2023,1300,1600,Rabi
Maharashtra,Pune(Khadiki),Potato,11,2023,1400,1600,Rabi
Maharashtra,Sangamner,Onion,3,2024,200,2061,Rabi
Maharashtra,Pune,Onion,5,2024,700,2300,Zaid
Maharashtra,Vai,Onion,1,2024,500,1500,Rabi
Maharashtra,Junnar(Narayangaon),Onion,3,2025,1400,1800,Rabi
Maharashtra,Katol,Wheat,8,2023,2315,2375,Kharif
Maharashtra,Kamthi,Potato,1,2025,2000,3000,Rabi
Maharashtra,Manmad,Onion,10,2024,1769,3240,Kharif
Maharashtra,Pimpalgaon,Onion,10,2023,2500,5856,Kharif
Maharashtra,Nasik,Onion,10,2024,2200,4200,Kharif
Maharashtra,Lasalgaon(Vinchur),Onion,6,2025,500,1900,Kharif
Maharashtra,Junnar(Narayangaon),Potato,2,2025,700,1400,Rabi
Maharashtra,Solapur,Potato,6,2024,900,2800,Kharif
Maharashtra,Junnar(Narayangaon),Onion,10,2023,1000,5700,Kharif
Maharashtra,Solapur,Potato,1,2025,1450,2200,Rabi
Maharashtra,Solapur,Potato,3,2024,750,1800,Rabi
Maharashtra,Pune,Potato,1,2024,1200,1700,Rabi
Maharashtra,Shrirampur,Potato,12,2024,1500,2500,Rabi
Maharashtra,Pune,Onion,5,2025,400,1500,Zaid
Maharashtra,Junnar(Alephata),Onion,7,2024,1100,3410,Kharif
Maharashtra,Parbhani,Wheat,11,2023,2500,2850,Rabi
Maharashtra,Amarawati,Wheat,6,2023,2400,2600,Kharif
Maharashtra,Ulhasnagar,Rice,4,2025,4000,5000,Zaid
Maharashtra,Khed(Chakan),Tomato,7,2023,6000,9000,Kharif
Maharashtra,Ahmednagar,Wheat,11,2023,2000,2900,Rabi
Maharashtra,Rahuri,Wheat,6,2023,2100,2300,Kharif
Maharashtra,Dindori(Vani),Onion,7,2023,1000,1740,Kharif
Maharashtra,Ramtek,Onion,4,2024,1400,1600,Zaid
Maharashtra,Kalvan,Wheat,7,2023,2301,2301,Kharif
Maharashtra,Kolhapur,Onion,12,2023,1500,4800,Rabi
Maharashtra,Pune(Khadiki),Onion,9,2023,1000,1800,Kharif
Maharashtra,Vai,Onion,6,2024,1000,2800,Kharif
Maharashtra,Pune(Manjri),Onion,1,2024,1200,2500,Rabi
Maharashtra,Akluj,Onion,8,2024,1500,5300,Kharif
Maharashtra,Shrirampur(Belapur),Wheat,7,2023,2200,2200,Kharif
Maharashtra,"Sangli(Phale, Bhajipura Market)",Onion,11,2024,1000,6500,Rabi
Maharashtra,Akluj,Potato,6,2023,1300,1500,Kharif
Maharashtra,Pune,Onion,3,2024,500,1800,Rabi
Maharashtra,Dhule,Onion,3,2025,310,1650,Rabi
Maharashtra,Satana,Onion,1,2024,600,1975,Rabi
Maharashtra,Rahuri(Vambori),Wheat,12,2023,2475,2900,Rabi
Maharashtra,Sangamner,Onion,6,2023,200,2400,Kharif
Maharashtra,"Sangli(Phale, Bhajipura Market)",Onion,6,2025,450,1450,Kharif
Maharashtra,Parner,Onion,11,2024,2500,6100,Rabi
Maharashtra,Barshi(Vairag),Wheat,6,2023,1700,2200,Kharif
Maharashtra,Hingna,Onion,8,2024,2800,4000,Kharif
Maharashtra,Chandrapur(Ganjwad),Potato,3,2025,1500,2000,Rabi
Maharashtra,Achalpur,Wheat,11,2023,2400,2650,Rabi
Maharashtra,Junnar(Otur),Potato,2,2024,500,1500,Rabi
Maharashtra,Vashi New Mumbai,Potato,8,2023,1000,1600,Kharif
Maharashtra,Dindori(Vani),Onion,4,2025,1201,1700,Zaid
Maharashtra,Sinner,Onion,9,2024,2500,4505,Kharif
Maharashtra,Palghar,Rice,5,2025,4605,4605,Zaid
Maharashtra,Lasalgaon,Onion,11,2024,3000,6000,Rabi
Maharashtra,Achalpur,Wheat,8,2023,2125,2520,Kharif
Maharashtra,Manwat,Wheat,7,2023,7350,7900,Kharif
Maharashtra,Lasalgaon,Onion,12,2023,1500,3300,Rabi
Maharashtra,Kamthi,Onion,11,2024,3500,4500,Rabi
Maharashtra,Pune(Khadiki),Potato,4,2025,1000,1400,Zaid
Maharashtra,Nagpur,Onion,4,2024,1000,1500,Zaid
Maharashtra,Yeola,Onion,5,2025,100,1316,Zaid
Maharashtra,Dhule,Onion,11,2024,100,5020,Rabi
Maharashtra,"Sangli(Phale, Bhajipura Market)",Onion,9,2024,1800,5300,Kharif
Maharashtra,Akola,Wheat,9,2023,1800,2600,Kharif
Maharashtra,Manmad,Onion,4,2025,521,861,Zaid
Maharashtra,Hinganghat,Wheat,8,2023,2400,2500,Kharif
Maharashtra,Pune(Moshi),Onion,6,2025,800,1200,Kharif
Maharashtra,"Sangli(Phale, Bhajipura Market)",Potato,7,2023,900,1800,Kharif
Maharashtra,Rahuri(Vambori),Onion,11,2023,300,4000,Rabi
Maharashtra,Satana,Onion,11,2023,1000,4640,Rabi
Maharashtra,Laxmi Sopan Agriculture Produce Marketing Co Ltd,Onion,11,2024,700,4000,Rabi
Maharashtra,Parner,Onion,4,2025,300,1425,Zaid
Maharashtra,Khed(Chakan),Potato,2,2024,1000,1600,Rabi
Maharashtra,Islampur,Potato,11,2024,2800,3200,Rabi
Maharashtra,Jamkhed,Onion,3,2025,200,2000,Rabi
Maharashtra,Nagpur,Potato,11,2024,2000,2600,Rabi
Maharashtra,Hingna,Onion,5,2025,800,2000,Zaid
Maharashtra,Lasalgaon(Vinchur),Onion,7,2024,1000,2905,Kharif
Maharashtra,Pune(Khadiki),Onion,9,2024,1600,4000,Kharif
Maharashtra,"Sangli(Phale, Bhajipura Market)",Potato,3,2024,1000,1800,Rabi
Maharashtra,Nasik,Onion,7,2024,900,2951,Kharif
Maharashtra,Manmad,Onion,3,2024,400,1718,Rabi
Maharashtra,Vashi New Mumbai,Potato,3,2024,1000,1600,Rabi
Maharashtra,Shevgaon,Wheat,9,2023,2500,2600,Kharif
Maharashtra,Shrirampur,Potato,6,2023,1000,1500,Kharif
Maharashtra,Satara,Onion,9,2023,1000,2300,Kharif
Maharashtra,Dindori(Vani),Onion,2,2024,1500,2336,Rabi
Maharashtra,Vai,Onion,11,2024,3000,6500,Rabi
Maharashtra,Lasalgaon,Onion,11,2023,1600,3571,Rabi
Maharashtra,Ahmednagar,Onion,4,2025,300,1550,Zaid
Maharashtra,Lasalgaon(Niphad),Onion,3,2024,900,1691,Rabi
Maharashtra,Jalgaon,Potato,5,2024,1500,2300,Zaid
Maharashtra,Kalvan,Onion,2,2024,600,1620,Rabi
Maharashtra,Achalpur,Wheat,11,2023,2500,2550,Rabi
Maharashtra,Kopargaon,Onion,11,2024,1000,6300,Rabi
Maharashtra,Solapur,Onion,7,2024,300,3200,Kharif
Maharashtra,Pathardi,Onion,3,2024,300,1400,Rabi
Maharashtra,Ramtek,Tomato,7,2023,8000,10000,Kharif
Maharashtra,Malegaon,Wheat,9,2023,2201,2725,Kharif
Maharashtra,Sangamner,Onion,9,2024,1500,5200,Kharif
Maharashtra,Kalyan,Onion,5,2025,1200,1400,Zaid
Maharashtra,Kamthi,Onion,9,2024,3500,4500,Kharif
Maharashtra,Navapur,Onion,12,2023,800,1500,Rabi
Maharashtra,Vai,Onion,5,2025,600,1500,Zaid
Maharashtra,Amarawati,Wheat,12,2023,2350,2525,Rabi
Maharashtra,Junnar(Alephata),Onion,4,2024,1000,1810,Zaid
Maharashtra,Karjat,Onion,3,2025,300,1600,Rabi
Maharashtra,Solapur,Onion,11,2024,300,7000,Rabi
Maharashtra,Om Chaitanya Multistate Agro Purpose CoOp Society,Onion,11,2024,1000,6000,Rabi
Maharashtra,Kamthi,Onion,4,2024,1500,2500,Zaid
Maharashtra,Laxmi Sopan Agriculture Produce Marketing Co Ltd,Onion,9,2024,700,4000,Kharif
Maharashtra,Karjat(Raigad),Onion,2,2024,300,1400,Rabi
Maharashtra,Baramati,Onion,7,2023,300,1500,Kharif
Maharashtra,Rahuri,Potato,1,2025,1800,2200,Rabi
Maharashtra,Raver,Wheat,10,2023,2630,2810,Kharif
Maharashtra,Chandvad,Onion,5,2024,1180,2321,Zaid
Maharashtra,Bhusaval,Potato,8,2024,2000,2700,Kharif
Maharashtra,Shree Rameshwar Krushi Market,Onion,7,2023,200,1800,Kharif
Maharashtra,Om Chaitanya Multistate Agro Purpose CoOp Society,Onion,8,2023,300,2200,Kharif
Maharashtra,Yeola,Onion,9,2024,1500,4999,Kharif
Maharashtra,Rahuri,Onion,11,2024,500,6000,Rabi
Maharashtra,Parner,Onion,5,2024,500,2700,Zaid
Maharashtra,Bhusaval,Onion,4,2024,1100,1500,Zaid
Maharashtra,Karmala,Wheat,9,2023,2400,2611,Kharif
Maharashtra,Junnar(Narayangaon),Onion,8,2024,1510,3800,Kharif
Maharashtra,Baramati,Onion,9,2023,700,2600,Kharif
Maharashtra,Shirpur,Onion,5,2025,150,1200,Zaid
Maharashtra,Chandvad,Onion,8,2024,1652,3411,Kharif
Maharashtra,Achalpur,Wheat,6,2023,2200,2300,Kharif
Maharashtra,"Sangli(Phale, Bhajipura Market)",Onion,1,2024,500,2500,Rabi
Maharashtra,Vai,Potato,7,2023,1500,2200,Kharif
Maharashtra,Lasalgaon(Vinchur),Wheat,10,2023,2481,2903,Kharif
Maharashtra,Ahmednagar,Potato,4,2025,500,2500,Zaid
Maharashtra,Pune(Khadiki),Potato,1,2024,1000,1400,Rabi
Maharashtra,Satara,Potato,11,2024,2700,3000,Rabi
Maharashtra,Kalyan,Potato,4,2024,1900,2300,Zaid
Maharashtra,Lasalgaon(Vinchur),Onion,5,2024,800,2090,Zaid
Maharashtra,Satara,Onion,2,2025,1500,2800,Rabi
Maharashtra,Khed(Chakan),Onion,11,2024,3000,6000,Rabi
Maharashtra,Sangamner,Onion,11,2024,1500,5600,Rabi
Maharashtra,Junnar(Narayangaon),Onion,4,2025,300,1500,Zaid
Maharashtra,Nandgaon,Onion,3,2025,451,1505,Rabi
Maharashtra,Ahmednagar,Potato,8,2023,1400,1900,Kharif
Maharashtra,Nasik,Onion,12,2023,1100,2400,Rabi
Maharashtra,Solapur,Potato,1,2024,650,1900,Rabi
Maharashtra,Lasalgaon,Wheat,6,2023,2000,2870,Kharif
Maharashtra,Lasalgaon,Onion,5,2024,500,1921,Zaid
Maharashtra,Rahata,Onion,1,2024,200,2000,Rabi
Maharashtra,Nagpur,Wheat,8,2023,2350,2538,Kharif
Maharashtra,Pimpalgaon Baswant(Saykheda),Onion,10,2024,2000,4575,Kharif
Maharashtra,Pune(Khadiki),Onion,11,2024,2100,4500,Rabi
Maharashtra,Ulhasnagar,Wheat,9,2023,3000,3500,Kharif
Maharashtra,"Sangli(Phale, Bhajipura Market)",Potato,12,2023,1000,1800,Rabi
Maharashtra,Solapur,Onion,2,2024,100,2000,Rabi
Maharashtra,Pune(Moshi),Onion,1,2024,300,1200,Rabi
Maharashtra,Ashti(Karanja),Wheat,6,2023,2050,2200,Kharif
Maharashtra,Shahada,Wheat,10,2023,2666,3051,Kharif
Maharashtra,Bhusaval,Onion,5,2024,1300,1800,Zaid
Maharashtra,Vai,Onion,8,2023,700,1800,Kharif
Maharashtra,Newasa(Ghodegaon),Onion,1,2024,800,2300,Rabi
Maharashtra,Kalvan,Onion,5,2025,500,1925,Zaid
Maharashtra,Satana,Onion,3,2024,200,1590,Rabi
Maharashtra,Vai,Potato,9,2023,1800,2200,Kharif
Maharashtra,Wardha,Wheat,7,2023,2175,2300,Kharif
Maharashtra,Khed(Chakan),Onion,8,2024,3000,4000,Kharif
Maharashtra,Junnar(Narayangaon),Potato,5,2025,1900,2300,Zaid
Maharashtra,Chandrapur(Ganjwad),Onion,9,2023,2400,4500,Kharif
Maharashtra,Mankamneshwar Farmar Producer CoLtd Sanchalit Mank,Onion,6,2023,560,1151,Kharif
Maharashtra,Pune(Moshi),Onion,2,2025,1000,3000,Rabi
Maharashtra,Pune(Manjri),Potato,6,2023,1200,1600,Kharif
Maharashtra,Solapur,Onion,2,2025,200,3000,Rabi
Maharashtra,Solapur,Potato,4,2024,1100,2500,Zaid
Maharashtra,Junnar(Otur),Potato,5,2025,500,2000,Zaid
Maharashtra,Chandrapur(Ganjwad),Onion,11,2024,2500,5000,Rabi
Maharashtra,Rahata,Potato,8,2023,1500,1600,Kharif
Maharashtra,Chandur Bazar,Wheat,7,2023,2150,2350,Kharif
Maharashtra,Pune(Moshi),Onion,7,2024,1800,2600,Kharif
Maharashtra,Junnar(Otur),Onion,8,2023,800,2210,Kharif
Maharashtra,"Sangli(Phale, Bhajipura Market)",Potato,8,2023,1000,1500,Kharif
Maharashtra,Pune(Khadiki),Potato,12,2024,1600,2000,Rabi
Maharashtra,Chandrapur(Ganjwad),Onion,11,2023,2500,3500,Rabi
Maharashtra,Lasalgaon,Onion,7,2024,1000,2990,Kharif
Maharashtra,Pimpalgaon Baswant(Saykheda),Onion,11,2024,2300,5200,Rabi
Maharashtra,Chandur Bazar,Wheat,10,2023,2100,2600,Kharif
Maharashtra,Pune(Pimpri),Onion,11,2024,2200,4400,Rabi
Maharashtra,Parner,Onion,1,2024,200,1800,Rabi
Maharashtra,Dondaicha,Wheat,7,2023,2061,2500,Kharif
Maharashtra,Kalvan,Onion,11,2023,1400,4150,Rabi
Maharashtra,Dhule,Onion,1,2024,100,1000,Rabi
Maharashtra,Solapur,Onion,3,2024,100,2200,Rabi
Maharashtra,Ulhasnagar,Rice,5,2025,4000,5000,Zaid
Maharashtra,Bhusaval,Potato,11,2023,1300,1600,Rabi
Maharashtra,Nagpur,Wheat,7,2023,2150,2394,Kharif
Maharashtra,Nagpur,Wheat,6,2023,2230,2322,Kharif
Maharashtra,Khed(Chakan),Onion,10,2023,1200,2300,Kharif
Maharashtra,Pandharpur,Onion,7,2023,350,1800,Kharif
Maharashtra,Pandharpur,Onion,12,2023,200,2500,Rabi
Maharashtra,Pathardi,Onion,7,2023,200,1700,Kharif
Maharashtra,Hingna,Onion,9,2024,3800,3800,Kharif
Maharashtra,Akola,Wheat,12,2023,2360,3000,Rabi
Maharashtra,Amarawati,Wheat,8,2023,2350,2500,Kharif
Maharashtra,Jalgaon,Wheat,9,2023,2400,2400,Kharif
Maharashtra,Pune(Moshi),Tomato,6,2023,3000,4000,Kharif
Maharashtra,Lasalgaon(Niphad),Onion,3,2025,1000,1675,Rabi
Maharashtra,Satara,Onion,10,2024,2000,4200,Kharif
Maharashtra,Lonand,Onion,7,2023,500,1465,Kharif
Maharashtra,"Sangli(Phale, Bhajipura Market)",Potato,5,2025,1400,2100,Zaid
Maharashtra,Kada,Wheat,9,2023,2900,3200,Kharif
Maharashtra,Amalner,Wheat,12,2023,2500,3100,Rabi
Maharashtra,Parner,Onion,7,2023,200,1800,Kharif
Maharashtra,Vashi New Mumbai,Potato,1,2025,1300,2200,Rabi
Maharashtra,Akole,Onion,8,2023,250,2500,Kharif
Maharashtra,Pune(Manjri),Potato,7,2024,2200,3000,Kharif
Maharashtra,Akole,Onion,7,2023,111,1600,Kharif
Maharashtra,Junnar(Otur),Potato,2,2024,500,1810,Rabi
Maharashtra,Kamthi,Potato,9,2023,1600,2000,Kharif
Maharashtra,"Sangli(Phale, Bhajipura Market)",Potato,2,2024,1200,2000,Rabi
Maharashtra,Satara,Potato,1,2024,1500,2000,Rabi
Maharashtra,Achalpur,Wheat,11,2023,2300,2500,Rabi
Maharashtra,Manchar,Onion,8,2023,1300,2700,Kharif
Maharashtra,Nasik,Onion,10,2024,1050,3600,Kharif
Maharashtra,Achalpur,Wheat,1,2024,2400,2850,Rabi
Maharashtra,Jalgaon,Potato,7,2023,750,1300,Kharif
Maharashtra,Jalgaon,Onion,7,2024,887,3000,Kharif
Maharashtra,Dhule,Wheat,8,2023,2485,2772,Kharif
Maharashtra,Nanded,Wheat,6,2023,2150,2450,Kharif
Maharashtra,Khed(Chakan),Potato,8,2023,1300,2000,Kharif
Maharashtra,Vita,Onion,2,2025,2500,3200,Rabi
Maharashtra,Junnar(Narayangaon),Onion,11,2023,1000,4700,Rabi
Maharashtra,Morshi,Wheat,8,2023,2350,2450,Kharif
Maharashtra,Nasik,Tomato,6,2023,250,3250,Kharif
Maharashtra,Jamkhed,Wheat,8,2023,2000,2500,Kharif
Maharashtra,Umrane,Onion,10,2024,1000,4675,Kharif
Maharashtra,Solapur,Wheat,6,2023,2295,3545,Kharif
Maharashtra,Junnar,Onion,9,2023,1000,2800,Kharif
Maharashtra,Satana,Onion,11,2023,1000,4375,Rabi
Maharashtra,Devala,Onion,2,2024,205,1500,Rabi
Maharashtra,Dondaicha,Wheat,6,2023,2050,2531,Kharif
Maharashtra,Amrawati(Frui & Veg. Market),Onion,10,2023,800,5000,Kharif
Maharashtra,Jamkhed,Onion,2,2025,300,2800,Rabi
Maharashtra,Bhokar,Wheat,6,2023,2159,2159,Kharif
Maharashtra,Lasalgaon,Onion,10,2024,2000,3031,Kharif
Maharashtra,Kaij,Wheat,6,2023,2300,2812,Kharif
Maharashtra,Vashi New Mumbai,Onion,4,2025,1000,1800,Zaid
Maharashtra,Devala,Onion,8,2024,1500,4000,Kharif
Maharashtra,Kopargaon,Onion,3,2024,500,1850,Rabi
Maharashtra,Amrawati(Frui & Veg. Market),Onion,5,2025,600,1200,Zaid
Maharashtra,Nagpur,Onion,9,2024,3800,5000,Kharif
Maharashtra,Shrirampur,Potato,7,2023,950,1150,Kharif
Maharashtra,Pune,Onion,3,2025,700,1700,Rabi
Maharashtra,Nagpur,Onion,12,2023,2500,4000,Rabi
Maharashtra,Indapur,Wheat,12,2023,2851,3211,Rabi
Maharashtra,Lasalgaon(Vinchur),Wheat,10,2023,2401,2704,Kharif
Maharashtra,Shrirampur,Potato,5,2025,1500,2000,Zaid
Maharashtra,Amrawati(Frui & Veg. Market),Onion,2,2024,500,1900,Rabi
Maharashtra,Karjat(Raigad),Rice,4,2025,4200,5800,Zaid
Maharashtra,Ramtek,Wheat,7,2023,2325,2374,Kharif
Maharashtra,Hingoli,Wheat,10,2023,1935,3400,Kharif
Maharashtra,Kalyan,Onion,11,2024,6000,6500,Rabi
Maharashtra,Vai,Potato,7,2024,2800,3400,Kharif
Maharashtra,Pune(Khadiki),Potato,6,2023,1200,1400,Kharif
Maharashtra,Manchar,Potato,9,2023,1000,1300,Kharif
Maharashtra,Shivsiddha Govind Producer Company Limited Sanchal,Onion,7,2024,2700,3000,Kharif
Maharashtra,Pune,Potato,9,2023,1100,1800,Kharif
Maharashtra,Kurdwadi(Modnimb),Wheat,8,2023,3011,3100,Kharif
Maharashtra,Ahmednagar,Potato,4,2025,300,2500,Zaid
Maharashtra,Chandrapur(Ganjwad),Potato,9,2024,2800,3000,Kharif
Maharashtra,Laxmi Sopan Agriculture Produce Marketing Co Ltd,Onion,9,2024,500,3500,Kharif
Maharashtra,Sangli,Wheat,10,2023,3100,3800,Kharif
Maharashtra,Pune,Onion,11,2024,1800,5100,Rabi
Maharashtra,Bhusaval,Onion,8,2023,600,1000,Kharif
Maharashtra,Lasalgaon,Onion,4,2025,700,1471,Zaid
Maharashtra,Lasalgaon(Niphad),Wheat,6,2023,2270,2298,Kharif
Maharashtra,Lasalgaon,Onion,11,2023,2011,4545,Rabi
Maharashtra,Jalgaon,Potato,10,2023,900,1300,Kharif
Maharashtra,Mangal Wedha,Onion,7,2024,900,3020,Kharif
Maharashtra,Chandrapur(Ganjwad),Onion,8,2023,1500,3200,Kharif
Maharashtra,Kalvan,Wheat,7,2023,2201,2201,Kharif
Maharashtra,Mangaon,Rice,5,2025,2000,4800,Zaid
Maharashtra,Parbhani,Wheat,6,2023,2000,2800,Kharif
Maharashtra,Nasik,Onion,11,2024,1600,4650,Rabi
Maharashtra,Vashi New Mumbai,Potato,4,2025,1000,1900,Zaid
Maharashtra,Chandrapur(Ganjwad),Onion,4,2024,1300,2000,Zaid
Maharashtra,Nagpur,Onion,3,2024,1100,1500,Rabi
Maharashtra,Satara,Potato,2,2025,1000,2000,Rabi
Maharashtra,Pune(Manjri),Onion,2,2025,2200,2600,Rabi
Maharashtra,Satara,Onion,8,2023,1500,2400,Kharif
Maharashtra,Manchar,Potato,2,2024,1000,1800,Rabi
Maharashtra,Nagpur,Onion,7,2023,1500,1600,Kharif
Maharashtra,Pune,Potato,7,2024,2500,3100,Kharif
Maharashtra,Satara,Onion,10,2024,1000,5000,Kharif
Maharashtra,Junnar(Narayangaon),Potato,1,2024,300,1500,Rabi
Maharashtra,Vai,Onion,3,2024,700,1600,Rabi
Maharashtra,Manmad,Onion,8,2023,200,1599,Kharif
Maharashtra,Shrirampur,Onion,5,2025,200,1300,Zaid
Maharashtra,Kamthi,Onion,5,2024,1500,2500,Zaid
Maharashtra,Nagpur,Onion,9,2023,2500,3500,Kharif
Maharashtra,Kamthi,Potato,1,2024,1200,1600,Rabi
Maharashtra,Akola,Wheat,11,2023,2590,2915,Rabi
Maharashtra,Kopargaon,Onion,5,2024,500,2098,Zaid
Maharashtra,Nasik,Onion,3,2024,600,1900,Rabi
Maharashtra,Hingna,Potato,2,2025,2000,2000,Rabi
Maharashtra,Jalgaon,Onion,11,2024,525,2250,Rabi
Maharashtra,Karjat(Raigad),Wheat,12,2023,2200,2700,Rabi
Maharashtra,Kolhapur,Onion,10,2023,1000,4000,Kharif
Maharashtra,Jamkhed,Onion,7,2024,500,3100,Kharif
Maharashtra,Lasalgaon,Wheat,9,2023,2490,2951,Kharif
Maharashtra,Amrawati(Frui & Veg. Market),Onion,3,2024,700,1800,Rabi
Maharashtra,Ramtek,Potato,11,2023,1400,1600,Rabi
Maharashtra,Amrawati(Frui & Veg. Market),Onion,11,2023,1500,5000,Rabi
Maharashtra,Solapur,Onion,4,2025,100,1300,Zaid
Maharashtra,Akluj,Potato,1,2024,1500,2000,Rabi
Maharashtra,Nasik,Onion,2,2025,1400,3500,Rabi
Maharashtra,Kopargaon,Onion,4,2025,700,1300,Zaid
Maharashtra,Pune,Potato,6,2024,2400,3000,Kharif
Maharashtra,Akola,Potato,5,2025,1000,1700,Zaid
Maharashtra,Dhule,Wheat,1,2024,2485,3180,Rabi
Maharashtra,Shrirampur,Potato,3,2024,1500,1800,Rabi
Maharashtra,Solapur,Potato,8,2023,500,2250,Kharif
Maharashtra,Nasik,Onion,12,2023,1400,2100,Rabi
Maharashtra,Jalgaon,Onion,7,2023,387,1187,Kharif
Maharashtra,Akole,Onion,8,2024,1100,4001,Kharif
Maharashtra,Amrawati(Frui & Veg. Market),Onion,6,2023,500,2000,Kharif
Maharashtra,Devala,Onion,11,2024,1300,4295,Rabi
Maharashtra,Yawal,Onion,3,2025,1280,1600,Rabi
Maharashtra,Mankamneshwar Farmar Producer CoLtd Sanchalit Mank,Onion,5,2025,952,1341,Zaid
Maharashtra,Nasik,Potato,9,2023,1000,1400,Kharif
Maharashtra,Rahata,Wheat,9,2023,2450,2516,Kharif
Maharashtra,Kamthi,Onion,1,2024,2000,3000,Rabi
Maharashtra,Kamthi,Onion,7,2023,1400,1800,Kharif
Maharashtra,Parbhani,Wheat,7,2023,2500,2850,Kharif
Maharashtra,Shrirampur,Wheat,7,2023,1900,2350,Kharif
Maharashtra,Akole,Onion,12,2023,800,3150,Rabi
Maharashtra,Akola,Potato,11,2023,1200,1400,Rabi
Maharashtra,Chandvad,Onion,9,2024,1100,4021,Kharif
Maharashtra,Jamkhed,Onion,4,2025,200,1400,Zaid
Maharashtra,Nagpur,Wheat,6,2023,3000,3200,Kharif
Maharashtra,Jalgaon,Onion,7,2024,900,2627,Kharif
Maharashtra,Pimpalgaon Baswant(Saykheda),Onion,3,2024,801,1704,Rabi
Maharashtra,Rahata,Potato,11,2024,2500,2800,Rabi
Maharashtra,Nagpur,Onion,11,2023,3200,4200,Rabi
Maharashtra,Junnar(Otur),Potato,10,2023,500,1600,Kharif
Maharashtra,Chandvad,Onion,7,2023,452,1729,Kharif
Maharashtra,Shrirampur,Potato,7,2024,2500,3500,Kharif
Maharashtra,Rahuri,Onion,8,2024,200,4100,Kharif
Maharashtra,Manchar,Potato,2,2024,800,1600,Rabi
Maharashtra,Amarawati,Wheat,9,2023,2350,2500,Kharif
Maharashtra,Sangamner,Wheat,1,2024,2571,2700,Rabi
Maharashtra,Sangli,Rice,5,2025,4500,9000,Zaid
Maharashtra,Nagpur,Onion,4,2025,800,1400,Zaid
Maharashtra,Pune(Manjri),Tomato,7,2023,7700,10900,Kharif
Maharashtra,Amrawati(Frui & Veg. Market),Onion,2,2024,400,1900,Rabi
Maharashtra,"Sangli(Phale, Bhajipura Market)",Onion,12,2024,2000,6000,Rabi
Maharashtra,Satara,Onion,6,2023,1000,1300,Kharif
Maharashtra,Pune(Pimpri),Onion,11,2024,4000,4500,Rabi
Maharashtra,Sangamner,Onion,3,2024,200,2000,Rabi
Maharashtra,Hinganghat,Wheat,1,2024,2355,2475,Rabi
Maharashtra,Satana,Onion,9,2023,500,2550,Kharif
Maharashtra,Shrirampur,Potato,7,2024,2500,3100,Kharif
Maharashtra,Junnar(Alephata),Onion,9,2024,2100,4310,Kharif
Maharashtra,Junnar(Otur),Potato,12,2023,500,1200,Rabi
Maharashtra,Shirpur,Onion,4,2024,200,1625,Zaid
Maharashtra,Pune(Manjri),Potato,2,2024,1600,2000,Rabi
Maharashtra,Nagpur,Potato,9,2024,2200,2800,Kharif
Maharashtra,Hingna,Onion,3,2024,1600,1600,Rabi
Maharashtra,Vashi New Mumbai,Onion,3,2024,1200,1700,Rabi
Maharashtra,Savner,Wheat,12,2023,1890,2435,Rabi
Maharashtra,Katol,Wheat,12,2023,2600,2631,Rabi
Maharashtra,Shrirampur,Wheat,10,2023,2000,2700,Kharif
Maharashtra,Bhusaval,Onion,2,2024,600,1000,Rabi
Maharashtra,Pimpalgaon,Onion,5,2024,500,2130,Zaid
Maharashtra,Pune(Pimpri),Onion,8,2023,1100,2400,Kharif
Maharashtra,Pune,Tomato,8,2023,4000,11000,Kharif
Maharashtra,Pune(Pimpri),Onion,7,2024,2800,3000,Kharif
Maharashtra,Nanded,Wheat,7,2023,2205,2300,Kharif
Maharashtra,Rahata,Potato,5,2024,2500,2700,Zaid
Maharashtra,Lasalgaon(Vinchur),Onion,12,2023,1000,2760,Rabi
Maharashtra,Bhandara,Wheat,6,2023,1900,2100,Kharif
Maharashtra,Hingna,Potato,6,2025,1400,2200,Kharif
Maharashtra,Pune(Pimpri),Onion,7,2023,900,1500,Kharif
Maharashtra,Vai,Potato,12,2024,2000,4000,Rabi
Maharashtra,Vashi New Mumbai,Potato,8,2024,1900,2800,Kharif
Maharashtra,Pune,Wheat,7,2023,4200,5000,Kharif
Maharashtra,Kalvan,Onion,7,2023,200,1775,Kharif
Maharashtra,Nandgaon Khandeshwar,Wheat,9,2023,2150,2325,Kharif
Maharashtra,Devala,Onion,8,2024,1200,3415,Kharif
Maharashtra,Vashi New Mumbai,Onion,9,2024,3600,4500,Kharif
Maharashtra,Shirpur,Wheat,12,2023,2250,2800,Rabi
Maharashtra,Bhusaval,Onion,3,2025,1000,1500,Rabi
Maharashtra,Mangal Wedha,Onion,7,2023,600,1610,Kharif
Maharashtra,Barshi,Wheat,6,2023,2100,3100,Kharif
Maharashtra,Solapur,Potato,2,2025,1300,1700,Rabi
Maharashtra,Hingna,Potato,5,2025,1600,2000,Zaid
Maharashtra,Shrirampur,Onion,11,2023,1505,3500,Rabi
Maharashtra,Pimpalgaon Baswant(Saykheda),Onion,1,2024,500,1801,Rabi
Maharashtra,Amrawati(Frui & Veg. Market),Potato,2,2024,600,1400,Rabi
Maharashtra,Yeola,Onion,11,2024,700,4026,Rabi
Maharashtra,Rahata,Wheat,7,2023,2236,2275,Kharif
Maharashtra,"Sangli(Phale, Bhajipura Market)",Potato,3,2025,1300,2100,Rabi
Maharashtra,Gangakhed,Wheat,2,2024,2500,2800,Rabi
Maharashtra,Kopargaon,Onion,10,2023,500,2503,Kharif
Maharashtra,Solapur,Potato,8,2024,1400,2900,Kharif
Maharashtra,Shevgaon,Onion,5,2025,200,400,Zaid
Maharashtra,Pune(Pimpri),Onion,4,2025,1600,2000,Zaid
Maharashtra,Manchar,Onion,8,2023,1200,2550,Kharif
Maharashtra,Manmad,Onion,3,2025,1000,1603,Rabi
Maharashtra,Om Chaitanya Multistate Agro Purpose CoOp Society,Wheat,7,2023,2000,2200,Kharif
Maharashtra,Pune(Pimpri),Onion,6,2024,1400,2200,Kharif
Maharashtra,Lasalgaon(Vinchur),Wheat,2,2024,2300,2840,Rabi
Maharashtra,Karad,Onion,4,2025,200,1600,Zaid
Maharashtra,Amrawati(Frui & Veg. Market),Potato,12,2024,800,2800,Rabi
Maharashtra,Sangamner,Onion,10,2024,1500,5000,Kharif
Maharashtra,Rahata,Onion,9,2023,600,2600,Kharif
Maharashtra,Nandgaon,Onion,6,2023,120,1313,Kharif
Maharashtra,Karmala,Wheat,9,2023,2511,2511,Kharif
Maharashtra,Nasik,Potato,5,2024,2150,2450,Zaid
Maharashtra,Pune(Pimpri),Onion,10,2024,2500,4300,Kharif
Maharashtra,Pune(Manjri),Onion,5,2024,1100,2000,Zaid
Maharashtra,Amrawati(Frui & Veg. Market),Onion,12,2023,500,2300,Rabi
Maharashtra,Satara,Onion,9,2024,4000,4500,Kharif
Maharashtra,Junnar(Narayangaon),Onion,7,2024,600,3000,Kharif
Maharashtra,Junnar(Otur),Onion,8,2023,1000,2300,Kharif
Maharashtra,Dondaicha,Wheat,1,2024,2300,3050,Rabi
Maharashtra,Dhule,Wheat,8,2023,2430,2673,Kharif
Maharashtra,Pune(Moshi),Onion,11,2023,1500,4000,Rabi
Maharashtra,Lonand,Onion,5,2024,900,2400,Zaid
Maharashtra,Dhule,Onion,7,2024,600,2700,Kharif
Maharashtra,Jalgaon,Potato,12,2023,800,1300,Rabi
Maharashtra,Rahata,Potato,7,2024,2800,3000,Kharif
Maharashtra,Vai,Onion,8,2024,2000,4500,Kharif
Maharashtra,Vashi New Mumbai,Onion,10,2024,2500,4800,Kharif
Maharashtra,Junnar(Narayangaon),Onion,3,2024,300,1600,Rabi
Maharashtra,Dindori(Vani),Onion,11,2024,4200,5400,Rabi
Maharashtra,Vai,Tomato,7,2023,4000,11000,Kharif
Maharashtra,Vai,Onion,3,2025,1500,2600,Rabi
Maharashtra,Rahata,Wheat,11,2023,2545,2876,Rabi
Maharashtra,Satara,Potato,7,2024,2600,3000,Kharif
Maharashtra,Tumsar,Wheat,6,2023,2168,2351,Kharif
Maharashtra,Chandvad,Onion,7,2024,1200,2854,Kharif
Maharashtra,Lasalgaon(Niphad),Onion,3,2024,700,1550,Rabi
Maharashtra,Malegaon,Wheat,8,2023,2300,2712,Kharif
Maharashtra,Hingna,Onion,3,2024,1800,1800,Rabi
Maharashtra,Vai,Potato,6,2024,2500,2900,Kharif
Maharashtra,Junnar(Otur),Potato,3,2025,500,2200,Rabi
Maharashtra,Khed(Chakan),Potato,11,2023,1100,2000,Rabi
Maharashtra,Nasik,Onion,10,2024,3400,4551,Kharif
Maharashtra,Pune(Moshi),Potato,6,2024,1600,2400,Kharif
Maharashtra,Ahmednagar,Onion,3,2025,300,2100,Rabi
Maharashtra,Lasalgaon(Vinchur),Onion,2,2025,1200,2830,Rabi
Maharashtra,Satara,Potato,1,2024,1700,2100,Rabi
Maharashtra,Rahata,Potato,12,2023,1300,1600,Rabi
Maharashtra,Laxmi Sopan Agriculture Produce Marketing Co Ltd,Onion,5,2025,600,1750,Zaid
Maharashtra,Amrawati(Frui & Veg. Market),Potato,3,2025,800,1800,Rabi
Maharashtra,Pathari,Wheat,6,2023,2000,2300,Kharif
Maharashtra,Vashi New Mumbai,Potato,11,2023,900,1400,Rabi
Maharashtra,Karad,Onion,5,2025,500,2000,Zaid
Maharashtra,Nanded,Wheat,6,2023,2165,2600,Kharif
Maharashtra,Rahata,Tomato,6,2023,2000,3000,Kharif
Maharashtra,Rahata,Wheat,11,2023,2650,2895,Rabi
Maharashtra,Rahuri(Vambori),Onion,9,2024,500,4300,Kharif
Maharashtra,Amarawati,Wheat,11,2023,2400,2525,Rabi
Maharashtra,Pune(Khadiki),Onion,10,2023,3000,5200,Kharif
Maharashtra,Solapur,Onion,7,2023,100,2300,Kharif
Maharashtra,Junnar,Potato,1,2024,1000,1500,Rabi
Maharashtra,Pune(Manjri),Potato,12,2023,1600,1800,Rabi
Maharashtra,Islampur,Potato,6,2023,1500,2000,Kharif
Maharashtra,Baramati,Onion,2,2024,300,1500,Rabi
Maharashtra,Akola,Potato,10,2024,2000,2900,Kharif
Maharashtra,Beed,Wheat,1,2024,2370,2900,Rabi
Maharashtra,Akola,Potato,12,2024,2200,2600,Rabi
Maharashtra,Indapur,Onion,5,2025,200,2200,Zaid
Maharashtra,Amarawati,Wheat,12,2023,2450,2650,Rabi
Maharashtra,Pune(Manjri),Potato,2,2024,1500,2000,Rabi
Maharashtra,Kurdwadi(Modnimb),Onion,10,2023,1200,4500,Kharif
Maharashtra,Junnar(Alephata),Onion,3,2025,900,2700,Rabi
Maharashtra,Manmad,Wheat,8,2023,2361,2467,Kharif
Maharashtra,Rahuri(Vambori),Onion,10,2023,500,5000,Kharif
Maharashtra,Majalgaon,Wheat,12,2023,2000,3775,Rabi
Maharashtra,Pune,Onion,5,2024,600,2000,Zaid
Maharashtra,Karad,Onion,3,2025,1500,2000,Rabi
Maharashtra,Amrawati(Frui & Veg. Market),Onion,6,2025,500,2000,Kharif
Maharashtra,Sakri,Onion,10,2023,900,2700,Kharif
Maharashtra,Karad,Onion,11,2023,2000,3800,Rabi
Maharashtra,Pen,Potato,3,2024,2200,2400,Rabi
Maharashtra,Lasalgaon,Onion,2,2025,1301,2372,Rabi
Maharashtra,Chandvad,Onion,3,2024,516,1450,Rabi
Maharashtra,Junnar(Narayangaon),Potato,1,2024,200,1400,Rabi
Maharashtra,Akluj,Potato,7,2024,2700,3200,Kharif
Maharashtra,Pune(Khadiki),Onion,4,2025,1000,1700,Zaid
Maharashtra,Pune,Potato,11,2024,2200,4200,Rabi
Maharashtra,Pimpalgaon Baswant(Saykheda),Onion,10,2023,1700,3482,Kharif
Maharashtra,Karad,Onion,8,2023,1200,2000,Kharif
Maharashtra,Nampur,Onion,9,2024,2000,4535,Kharif
Maharashtra,Jalgaon,Onion,9,2023,500,2077,Kharif
Maharashtra,Pune,Onion,4,2025,700,1500,Zaid
Maharashtra,Nasik,Onion,9,2024,2900,4200,Kharif
Maharashtra,Pathardi,Onion,10,2024,800,5100,Kharif
Maharashtra,Nampur,Onion,1,2024,100,1280,Rabi
Maharashtra,Akluj,Potato,7,2024,3000,3100,Kharif
Maharashtra,Amrawati(Frui & Veg. Market),Potato,2,2025,800,1700,Rabi
Maharashtra,Hingna,Onion,3,2025,2200,2500,Rabi
Maharashtra,Kalvan,Onion,5,2025,400,1800,Zaid
Maharashtra,Shrirampur,Wheat,8,2023,2100,2400,Kharif
Maharashtra,Ramtek,Potato,8,2023,1800,2000,Kharif
Maharashtra,"Sangli(Phale, Bhajipura Market)",Potato,5,2025,1200,2000,Zaid
Maharashtra,Satara,Potato,4,2025,1000,1200,Zaid
Maharashtra,Vashi New Mumbai,Onion,10,2024,1800,4800,Kharif
Maharashtra,Khed(Chakan),Potato,9,2024,2000,2800,Kharif
Maharashtra,Yeola,Onion,11,2023,1800,4699,Rabi
Maharashtra,Raver,Wheat,11,2023,2500,2880,Rabi
Maharashtra,Shrirampur,Wheat,6,2023,2000,2300,Kharif
Maharashtra,Chalisgaon,Wheat,8,2023,2200,2650,Kharif
Maharashtra,Rahuri(Vambori),Wheat,12,2023,2276,2850,Rabi
Maharashtra,Karjat(Raigad),Onion,6,2023,200,1300,Kharif
Maharashtra,Junnar(Otur),Potato,1,2024,500,1400,Rabi
Maharashtra,Sinner,Onion,12,2024,500,3821,Rabi
Maharashtra,Pune(Moshi),Onion,5,2025,400,1100,Zaid
Maharashtra,Chandrapur(Ganjwad),Onion,8,2023,1500,3000,Kharif
Maharashtra,Malegaon,Wheat,6,2023,2152,2531,Kharif
Maharashtra,Rahuri,Onion,7,2024,200,3000,Kharif
Maharashtra,Sinner,Onion,7,2024,1500,2750,Kharif
Maharashtra,Nanded,Wheat,8,2023,2315,2315,Kharif
Maharashtra,Ahmednagar,Potato,9,2024,1800,3200,Kharif
Maharashtra,Pune(Moshi),Potato,6,2024,1800,2000,Kharif
Maharashtra,Ahmednagar,Onion,5,2024,200,2100,Zaid
Maharashtra,Chandvad,Onion,5,2024,812,2151,Zaid
Maharashtra,Amalner,Wheat,11,2023,2400,2615,Rabi
Maharashtra,Dondaicha,Wheat,1,2024,2350,2944,Rabi
Maharashtra,Junnar(Narayangaon),Potato,9,2023,1000,1800,Kharif
Maharashtra,Jamkhed,Onion,2,2025,200,2800,Rabi
Maharashtra,Tasgaon,Wheat,10,2023,2570,2830,Kharif
Maharashtra,Pune,Potato,12,2023,1000,2200,Rabi
Maharashtra,Dondaicha,Wheat,11,2023,2400,2999,Rabi
Maharashtra,Bhusaval,Potato,9,2024,2200,3000,Kharif
Maharashtra,Pune(Pimpri),Onion,11,2024,4000,6800,Rabi
Maharashtra,Pune,Wheat,7,2023,4000,5000,Kharif
Maharashtra,Vashi New Mumbai,Potato,11,2023,800,1200,Rabi
Maharashtra,Hingna,Onion,3,2025,3000,3000,Rabi
Maharashtra,Satara,Potato,5,2024,2300,2400,Zaid
Maharashtra,Karad,Onion,5,2025,1200,1500,Zaid
Maharashtra,Kamthi,Onion,5,2024,1000,2000,Zaid
Maharashtra,Shrirampur,Potato,10,2023,950,1250,Kharif
Maharashtra,Manchar,Potato,1,2025,1000,2000,Rabi
Maharashtra,Ramtek,Potato,6,2024,2000,2400,Kharif
Maharashtra,Pune,Potato,11,2024,2300,4000,Rabi
Maharashtra,Pune(Khadiki),Potato,2,2024,1000,1500,Rabi
Maharashtra,Kalvan,Onion,9,2024,2200,5201,Kharif
Maharashtra,Sakri,Onion,8,2024,2100,3650,Kharif
Maharashtra,Amalner,Wheat,12,2023,2400,2911,Rabi
Maharashtra,Indapur,Onion,6,2025,200,1800,Kharif
Maharashtra,Pune(Moshi),Potato,6,2024,2000,2400,Kharif
Maharashtra,Nagpur,Onion,5,2025,600,1200,Zaid
Maharashtra,Akola,Potato,1,2024,1200,1800,Rabi
Maharashtra,Nagpur,Potato,12,2024,1600,2200,Rabi
Maharashtra,Junnar(Narayangaon),Potato,7,2023,1200,1900,Kharif
Maharashtra,Pimpalgaon Baswant(Saykheda),Onion,8,2023,400,1626,Kharif
Maharashtra,Pune(Manjri),Potato,6,2024,2000,2600,Kharif
Maharashtra,Pune(Manjri),Potato,8,2024,2600,2800,Kharif
Maharashtra,"Sangli(Phale, Bhajipura Market)",Potato,6,2023,1200,1600,Kharif
Maharashtra,Pune(Moshi),Onion,10,2024,1500,3500,Kharif
Maharashtra,Bhusaval,Potato,1,2024,1500,2000,Rabi
Maharashtra,Sinner,Onion,3,2025,500,1651,Rabi
Maharashtra,Rahuri,Onion,10,2023,200,4100,Kharif
Maharashtra,Lasalgaon,Onion,10,2024,3052,4500,Kharif
Maharashtra,Rahuri,Potato,8,2023,1500,2000,Kharif
Maharashtra,Vai,Potato,10,2023,1000,2200,Kharif
Maharashtra,Kolhapur,Onion,5,2025,500,1700,Zaid
Maharashtra,Sinner,Onion,10,2024,1500,4519,Kharif
Maharashtra,Satara,Potato,11,2023,1300,1600,Rabi
Maharashtra,Pune(Khadiki),Onion,6,2023,900,1600,Kharif
Maharashtra,"Sangli(Phale, Bhajipura Market)",Potato,4,2025,1200,2200,Zaid
Maharashtra,Shrirampur(Belapur),Wheat,12,2023,2300,2300,Rabi
Maharashtra,Lasalgaon,Wheat,10,2023,2580,3180,Kharif
Maharashtra,Lasalgaon(Vinchur),Onion,4,2025,600,2001,Zaid
Maharashtra,Palus,Tomato,7,2023,4000,5000,Kharif
Maharashtra,Jalgaon,Potato,8,2024,1700,3000,Kharif
Maharashtra,Khed(Chakan),Potato,2,2024,1400,1900,Rabi
Maharashtra,Kalvan,Onion,2,2024,400,1465,Rabi
Maharashtra,Karad,Tomato,7,2023,5000,6500,Kharif
Maharashtra,Vashi New Mumbai,Potato,9,2024,2000,2600,Kharif
Maharashtra,Khed(Chakan),Potato,8,2024,2200,3000,Kharif
Maharashtra,Rahuri(Songaon),Potato,12,2024,2000,3000,Rabi
Maharashtra,Baramati,Onion,1,2024,1000,2865,Rabi
Maharashtra,Bhusaval,Onion,11,2023,3500,4200,Rabi
Maharashtra,Kamthi,Potato,12,2023,1300,1700,Rabi
Maharashtra,Khed(Chakan),Onion,12,2024,2000,4000,Rabi
Maharashtra,Bhusaval,Potato,8,2023,1500,1600,Kharif
Maharashtra,Gevrai,Wheat,7,2023,2100,2500,Kharif
Maharashtra,Hingna,Onion,5,2025,1600,2000,Zaid
Maharashtra,Lasalgaon,Onion,2,2025,1700,2700,Rabi
Maharashtra,Amrawati(Frui & Veg. Market),Onion,9,2023,800,3400,Kharif
Maharashtra,Pune(Moshi),Potato,6,2025,1000,1500,Kharif
Maharashtra,Kopargaon,Onion,12,2024,2450,3701,Rabi
Maharashtra,Khed(Chakan),Potato,6,2024,2500,3000,Kharif
Maharashtra,Nasik,Onion,9,2024,3300,4200,Kharif
Maharashtra,Parner,Onion,7,2023,200,2200,Kharif
Maharashtra,Baramati,Wheat,1,2024,2400,3101,Rabi
Maharashtra,Satara,Onion,10,2024,2000,5000,Kharif
Maharashtra,Jalgaon,Potato,2,2024,700,1500,Rabi
Maharashtra,Pachora,Wheat,11,2023,2451,2610,Rabi
Maharashtra,Palghar,Wheat,10,2023,3320,3320,Kharif
Maharashtra,Lasalgaon(Vinchur),Onion,7,2024,1000,2802,Kharif
Maharashtra,Dindori(Vani),Onion,6,2023,500,1501,Kharif
Maharashtra,Junnar(Otur),Potato,2,2025,500,2000,Rabi
Maharashtra,Ahmednagar,Potato,8,2023,1400,2000,Kharif
Maharashtra,Kolhapur,Tomato,7,2023,3000,10000,Kharif
Maharashtra,Sakri,Onion,11,2023,1700,3715,Rabi
Maharashtra,Shrirampur(Belapur),Wheat,10,2023,2300,2300,Kharif
Maharashtra,Jamkhed,Onion,3,2025,200,1850,Rabi
Maharashtra,Kopargaon,Wheat,12,2023,2536,2785,Rabi
Maharashtra,Karad,Onion,6,2024,1500,2000,Kharif
Maharashtra,Pune(Manjri),Onion,10,2024,1500,4000,Kharif
Maharashtra,Nasik,Tomato,8,2023,1500,12000,Kharif
Maharashtra,Pune(Khadiki),Potato,4,2025,1000,1300,Zaid
Maharashtra,Nagpur,Potato,5,2024,1500,2200,Zaid
Maharashtra,Katol,Wheat,7,2023,2231,2240,Kharif
Maharashtra,Akluj,Potato,9,2023,1400,1600,Kharif
Maharashtra,Jalgaon,Potato,10,2023,1000,1300,Kharif
Maharashtra,Bhusaval,Onion,5,2025,1000,1300,Zaid
Maharashtra,Sakri,Onion,8,2023,1000,2270,Kharif
Maharashtra,Jalgaon,Onion,3,2025,527,1285,Rabi
Maharashtra,Kopargaon,Wheat,6,2023,2200,2411,Kharif
Maharashtra,Jalgaon,Onion,6,2023,375,1200,Kharif
Maharashtra,Junnar(Narayangaon),Onion,8,2023,500,2250,Kharif
Maharashtra,Karad,Onion,4,2024,1000,1200,Zaid
Maharashtra,Ahmedpur,Wheat,6,2023,2000,3200,Kharif
Maharashtra,Shrirampur,Potato,11,2023,1000,1200,Rabi
Maharashtra,Pachora,Wheat,7,2023,2185,2527,Kharif
Maharashtra,Satara,Onion,2,2024,1000,1600,Rabi
Maharashtra,Rahuri(Vambori),Onion,7,2024,300,3100,Kharif
Maharashtra,Sangamner,Onion,9,2024,1000,4500,Kharif
Maharashtra,Shevgaon,Onion,6,2024,200,1000,Kharif
Maharashtra,Bhusaval,Onion,11,2023,3000,4000,Rabi
Maharashtra,Rahuri,Onion,3,2025,100,1725,Rabi
Maharashtra,Pune(Moshi),Onion,11,2023,1500,3500,Rabi
Maharashtra,Manmad,Onion,3,2025,862,1501,Rabi
Maharashtra,Sangamner,Onion,3,2024,200,1701,Rabi
Maharashtra,Akole,Onion,11,2023,500,3800,Rabi
Maharashtra,Pune,Potato,12,2024,1800,4000,Rabi
Maharashtra,Nandgaon,Onion,2,2025,300,2552,Rabi
Maharashtra,Solapur,Potato,1,2025,1400,2000,Rabi
Maharashtra,Bhusaval,Tomato,10,2023,600,1000,Kharif
Maharashtra,Junnar,Onion,10,2023,1000,3000,Kharif
Maharashtra,Navapur,Tomato,7,2023,5000,11000,Kharif
Maharashtra,Mangal Wedha,Onion,4,2025,100,1300,Zaid
Maharashtra,Patur,Wheat,9,2023,2000,2700,Kharif
Maharashtra,Murtizapur,Wheat,7,2023,2025,2280,Kharif
Maharashtra,Solapur,Potato,9,2024,1550,2700,Kharif
Maharashtra,Bhusaval,Onion,9,2023,1500,2000,Kharif
Maharashtra,Savner,Wheat,7,2023,2200,2207,Kharif
Maharashtra,"Sangli(Phale, Bhajipura Market)",Onion,8,2023,400,2500,Kharif
Maharashtra,Dindori(Vani),Onion,3,2025,1401,2175,Rabi
Maharashtra,Jalgaon,Potato,11,2023,900,1300,Rabi
Maharashtra,Hingoli,Wheat,1,2024,2150,3510,Rabi
Maharashtra,Ahmednagar,Potato,12,2024,800,3000,Rabi
Maharashtra,Pimpalgaon Baswant(Saykheda),Onion,10,2024,2411,4500,Kharif
Maharashtra,Chandur Bazar,Wheat,10,2023,2100,2400,Kharif
Maharashtra,Loha,Wheat,8,2023,2100,2860,Kharif
Maharashtra,Lasalgaon,Onion,1,2024,600,1490,Rabi
Maharashtra,Khed(Chakan),Onion,5,2025,800,1200,Zaid
Maharashtra,Newasa(Ghodegaon),Onion,11,2024,1000,5000,Rabi
Maharashtra,"Sangli(Phale, Bhajipura Market)",Potato,3,2025,1100,2100,Rabi
Maharashtra,Rahata,Potato,12,2023,1700,1700,Rabi
Maharashtra,Hinganghat,Wheat,9,2023,2430,2475,Kharif
Maharashtra,Kalyan,Potato,1,2025,1800,2000,Rabi
Maharashtra,Mangal Wedha,Onion,2,2024,200,1600,Rabi
Maharashtra,Pune(Manjri),Tomato,7,2023,4500,10000,Kharif
Maharashtra,Lasalgaon,Onion,2,2024,1281,1792,Rabi
Maharashtra,Pune(Khadiki),Onion,5,2025,700,1400,Zaid
Maharashtra,Solapur,Onion,10,2023,200,4200,Kharif
Maharashtra,Pune(Manjri),Onion,4,2024,1100,1300,Zaid
Maharashtra,Dondaicha,Wheat,9,2023,2400,2881,Kharif
Maharashtra,Nandgaon,Onion,7,2024,300,3200,Kharif
Maharashtra,Bhusaval,Onion,1,2024,700,1200,Rabi
Maharashtra,Kopargaon,Onion,3,2024,500,1751,Rabi
Maharashtra,Pune(Manjri),Potato,1,2024,1400,1800,Rabi
Maharashtra,Dindori(Vani),Onion,10,2024,4000,5152,Kharif
Maharashtra,Jalgaon,Potato,5,2025,1400,1600,Zaid
Maharashtra,Manchar,Potato,1,2024,700,1300,Rabi
Maharashtra,Shree Rameshwar Krushi Market,Onion,7,2024,300,3051,Kharif
Maharashtra,Dhule,Onion,10,2023,1500,5100,Kharif
Maharashtra,Lasalgaon,Onion,11,2023,1500,4596,Rabi
Maharashtra,Lasalgaon(Vinchur),Onion,5,2025,500,1626,Zaid
Maharashtra,Akola,Potato,4,2025,1000,2000,Zaid
Maharashtra,"Sangli(Phale, Bhajipura Market)",Potato,4,2024,1600,2700,Zaid
Maharashtra,Chandrapur(Ganjwad),Potato,1,2025,2000,2300,Rabi
Maharashtra,Rahata,Wheat,11,2023,2600,3000,Rabi
Maharashtra,Shevgaon,Onion,9,2023,300,1000,Kharif
Maharashtra,Khed(Chakan),Onion,5,2024,1000,1400,Zaid
Maharashtra,Karjat(Raigad),Rice,5,2025,4100,5800,Zaid
Maharashtra,Dindori(Vani),Onion,5,2025,610,1756,Zaid
Maharashtra,Khed(Chakan),Onion,2,2024,700,1400,Rabi
Maharashtra,Junnar(Narayangaon),Potato,5,2024,600,2700,Zaid
Maharashtra,Umrane,Onion,3,2024,701,1800,Rabi
Maharashtra,Lasalgaon(Niphad),Onion,12,2023,1801,3870,Rabi
Maharashtra,Lasalgaon(Vinchur),Onion,9,2024,2500,4800,Kharif
Maharashtra,Rahata,Tomato,6,2023,1000,2500,Kharif
Maharashtra,Chopada,Wheat,6,2023,2502,2502,Kharif
Maharashtra,Amalner,Wheat,10,2023,2500,2700,Kharif
Maharashtra,Bhandara,Wheat,10,2023,2500,2500,Kharif
Maharashtra,Shevgaon,Onion,5,2025,100,450,Zaid
Maharashtra,Vashi New Mumbai,Onion,5,2024,1500,2100,Zaid
Maharashtra,Shivsiddha Govind Producer Company Limited Sanchal,Onion,9,2023,1000,2600,Kharif
Maharashtra,Pune(Pimpri),Onion,7,2024,2000,3000,Kharif
Maharashtra,Akluj,Potato,6,2024,2500,2700,Kharif
Maharashtra,Sinner,Onion,10,2023,500,3600,Kharif
Maharashtra,Solapur,Onion,3,2025,300,2500,Rabi
Maharashtra,Pune(Moshi),Onion,7,2023,600,1200,Kharif
Maharashtra,"Sangli(Phale, Bhajipura Market)",Onion,2,2024,400,2300,Rabi
Maharashtra,Rahata,Potato,9,2023,1700,1700,Kharif
Maharashtra,Manmad,Onion,7,2024,1421,2980,Kharif
Maharashtra,Amrawati(Frui & Veg. Market),Onion,1,2024,600,1800,Rabi
Maharashtra,Karad,Tomato,6,2023,3000,3500,Kharif
Maharashtra,Devala,Onion,6,2025,100,1680,Kharif
Maharashtra,Bhusaval,Onion,3,2025,1000,1600,Rabi
Maharashtra,Ulhasnagar,Rice,6,2025,4000,5000,Kharif
Maharashtra,Pune(Pimpri),Tomato,6,2023,1500,3000,Kharif
Maharashtra,Chandrapur(Ganjwad),Potato,6,2023,1250,1500,Kharif
Maharashtra,Nagpur,Potato,3,2025,1000,1600,Rabi
Maharashtra,Vashi New Mumbai,Onion,7,2024,2300,2900,Kharif
Maharashtra,Ulhasnagar,Wheat,10,2023,3000,3500,Kharif
Maharashtra,Rahata,Potato,1,2025,1000,2000,Rabi
Maharashtra,Ulhasnagar,Wheat,7,2023,3000,3500,Kharif
Maharashtra,Pune(Khadiki),Potato,10,2024,2000,2300,Kharif
Maharashtra,Pimpalgaon,Onion,5,2025,550,2211,Zaid
Maharashtra,Pune(Manjri),Onion,6,2025,600,1300,Kharif
Maharashtra,Chandvad,Onion,11,2024,1661,5301,Rabi
Maharashtra,Jalgaon,Potato,3,2024,1000,1500,Rabi
Maharashtra,Dondaicha,Wheat,10,2023,2400,2900,Kharif
Maharashtra,Amrawati(Frui & Veg. Market),Potato,2,2025,500,1600,Rabi
Maharashtra,Amarawati,Wheat,12,2023,2450,2600,Rabi
Maharashtra,Malegaon,Wheat,1,2024,2716,2935,Rabi
Maharashtra,Nasik,Onion,10,2024,3500,4601,Kharif
Maharashtra,Devala,Onion,5,2024,500,2000,Zaid
Maharashtra,Akola,Potato,3,2025,700,1500,Rabi
Maharashtra,Devala,Onion,9,2024,1200,4085,Kharif
Maharashtra,Solapur,Onion,4,2025,200,1700,Zaid
Maharashtra,Sangamner,Onion,5,2025,200,1800,Zaid
Maharashtra,Manmad,Onion,7,2023,200,1600,Kharif
Maharashtra,Pimpalgaon,Onion,4,2025,650,1201,Zaid
Maharashtra,Jalgaon,Onion,11,2024,750,3375,Rabi
Maharashtra,Amarawati,Wheat,10,2023,2450,2600,Kharif
Maharashtra,Sinner,Onion,6,2025,100,1490,Kharif
Maharashtra,Pune(Khadiki),Potato,12,2024,1800,2000,Rabi
Maharashtra,Karjat(Raigad),Wheat,10,2023,2400,2700,Kharif
Maharashtra,Ramtek,Tomato,7,2023,10000,14000,Kharif
Maharashtra,Manmad,Wheat,1,2024,2110,2550,Rabi
Maharashtra,Pune(Khadiki),Onion,9,2024,1600,3400,Kharif
Maharashtra,Kolhapur,Onion,7,2023,600,1900,Kharif
Maharashtra,Amrawati(Frui & Veg. Market),Potato,4,2025,700,1600,Zaid
Maharashtra,Akluj,Potato,5,2024,2400,2500,Zaid
Maharashtra,Dindori(Vani),Onion,7,2024,2550,3100,Kharif
Maharashtra,Sangamner,Onion,7,2023,200,1800,Kharif
Maharashtra,Jalgaon,Potato,9,2023,700,1300,Kharif
Maharashtra,Katol,Wheat,1,2024,2400,2450,Rabi
Maharashtra,Tasgaon,Wheat,6,2023,2380,2650,Kharif
Maharashtra,Solapur,Potato,2,2024,800,2000,Rabi
Maharashtra,Karad,Onion,9,2024,1500,4000,Kharif
Maharashtra,Nandgaon,Onion,12,2024,100,4475,Rabi
Maharashtra,Junnar,Onion,8,2023,1100,2250,Kharif
Maharashtra,Pimpalgaon Baswant(Saykheda),Onion,5,2024,500,1681,Zaid
Maharashtra,Amrawati(Frui & Veg. Market),Potato,5,2025,1200,2200,Zaid
Maharashtra,Lasalgaon,Onion,10,2024,901,3716,Kharif
Maharashtra,Pune(Pimpri),Onion,3,2024,1300,1600,Rabi
Maharashtra,Chandrapur(Ganjwad),Onion,11,2023,2750,4000,Rabi
Maharashtra,Majalgaon,Wheat,2,2024,2100,3300,Rabi
Maharashtra,Dindori(Vani),Onion,11,2024,3100,4150,Rabi
Maharashtra,Pandharpur,Onion,6,2023,200,1500,Kharif
Maharashtra,Pathari,Wheat,8,2023,2400,2850,Kharif
Maharashtra,Parola,Wheat,6,2023,2279,2279,Kharif
Maharashtra,Akola,Potato,4,2024,1500,2200,Zaid
Maharashtra,Nasik,Onion,11,2023,2400,4150,Rabi
Maharashtra,Parner,Onion,3,2025,300,2000,Rabi
Maharashtra,Umrane,Onion,3,2024,600,1525,Rabi
Maharashtra,Akluj,Onion,3,2024,300,1700,Rabi
Maharashtra,Kopargaon,Onion,5,2024,500,2100,Zaid
Maharashtra,"Sangli(Phale, Bhajipura Market)",Potato,6,2025,1200,2000,Kharif
Maharashtra,Palghar,Rice,5,2025,4500,4500,Zaid
Maharashtra,Rahuri(Vambori),Wheat,8,2023,2200,2390,Kharif
Maharashtra,Indapur,Onion,5,2025,150,1450,Zaid
Maharashtra,Devala,Onion,3,2024,800,1500,Rabi
Maharashtra,Shree Rameshwar Krushi Market,Onion,8,2024,800,3814,Kharif
Maharashtra,Nandgaon,Onion,10,2023,425,3421,Kharif
Maharashtra,Nandgaon,Onion,1,2024,200,1813,Rabi
Maharashtra,Baramati,Onion,4,2024,300,1500,Zaid
Maharashtra,Lasalgaon,Onion,9,2024,2000,4180,Kharif
Maharashtra,Akola,Potato,2,2024,1000,1600,Rabi
Maharashtra,Shrirampur,Potato,7,2024,2500,3000,Kharif
Maharashtra,Ahmednagar,Wheat,12,2023,2000,3500,Rabi
Maharashtra,Pune,Potato,8,2024,2500,3100,Kharif
Maharashtra,Pimpalgaon,Onion,11,2024,2200,5601,Rabi
Maharashtra,Telhara,Wheat,8,2023,2200,2380,Kharif
Maharashtra,Lasalgaon,Wheat,12,2023,2501,3300,Rabi
Maharashtra,Kamthi,Potato,1,2025,2500,3500,Rabi
Maharashtra,Amrawati(Frui & Veg. Market),Potato,1,2025,1000,2600,Rabi
Maharashtra,Vashi New Mumbai,Potato,2,2024,900,1500,Rabi
Maharashtra,Shrirampur,Onion,12,2023,500,3200,Rabi
Maharashtra,Parola,Wheat,8,2023,2500,2552,Kharif
Maharashtra,Vashi New Mumbai,Potato,5,2025,1200,1900,Zaid
Maharashtra,Mangal Wedha,Onion,2,2024,200,1700,Rabi
Maharashtra,Laxmi Sopan Agriculture Produce Marketing Co Ltd,Onion,7,2023,215,1300,Kharif
Maharashtra,Pune,Potato,5,2024,2000,2600,Zaid
Maharashtra,Kalyan,Onion,8,2024,3000,3500,Kharif
Maharashtra,Satara,Onion,3,2025,800,1800,Rabi
Maharashtra,Beed,Wheat,11,2023,3011,3251,Rabi
Maharashtra,Murtizapur,Wheat,12,2023,2325,2665,Rabi
Maharashtra,Pathardi,Onion,2,2024,300,2000,Rabi
Maharashtra,Sangli,Rice,5,2025,4500,8500,Zaid
Maharashtra,Pune(Khadiki),Onion,2,2024,800,1300,Rabi
Maharashtra,Ramtek,Wheat,11,2023,2621,2790,Rabi
Maharashtra,Manmad,Onion,3,2024,400,1801,Rabi
Maharashtra,Junnar(Narayangaon),Tomato,7,2023,3000,11000,Kharif
Maharashtra,Dhule,Onion,6,2023,100,880,Kharif
Maharashtra,Satara,Onion,11,2024,1000,5000,Rabi
Maharashtra,Nagpur,Onion,3,2024,1500,2000,Rabi
Maharashtra,Mangal Wedha,Onion,3,2024,500,1400,Rabi
Maharashtra,Wardha,Onion,6,2023,500,1000,Kharif
Maharashtra,Akola,Wheat,1,2024,2400,2795,Rabi
Maharashtra,Akluj,Onion,7,2023,400,1500,Kharif
Maharashtra,Mangal Wedha,Onion,5,2025,350,700,Zaid
Maharashtra,Sangamner,Onion,10,2023,200,2601,Kharif
Maharashtra,Rahuri,Onion,2,2024,100,2300,Rabi
Maharashtra,Latur,Wheat,7,2023,2250,3500,Kharif
Maharashtra,Solapur,Wheat,1,2024,2505,4095,Rabi
Maharashtra,Nanded,Wheat,12,2023,2770,3050,Rabi
Maharashtra,Lasalgaon,Onion,3,2024,700,1415,Rabi
Maharashtra,Akole,Onion,11,2024,1001,5701,Rabi
Maharashtra,Nandgaon,Onion,5,2025,100,1300,Zaid
Maharashtra,Ahmednagar,Onion,9,2024,1500,4200,Kharif
Maharashtra,Shivsiddha Govind Producer Company Limited Sanchal,Onion,4,2025,1100,1550,Zaid
Maharashtra,Khed(Chakan),Onion,8,2024,2000,3350,Kharif
Maharashtra,Pimpalgaon,Tomato,7,2023,500,9025,Kharif
Maharashtra,Pimpalgaon,Onion,3,2025,550,1380,Rabi
Maharashtra,Nasik,Onion,4,2024,650,1450,Zaid
Maharashtra,Junnar(Narayangaon),Potato,1,2025,200,1800,Rabi
Maharashtra,Pune(Manjri),Onion,9,2023,1100,1700,Kharif
Maharashtra,Sinner,Onion,4,2024,500,1350,Zaid
Maharashtra,Kamthi,Onion,7,2024,2500,3500,Kharif
Maharashtra,Khed(Chakan),Potato,1,2024,1200,1700,Rabi
Maharashtra,"Sangli(Phale, Bhajipura Market)",Onion,7,2023,400,1900,Kharif
Maharashtra,Jamkhed,Onion,7,2024,1500,2750,Kharif
Maharashtra,Pune(Manjri),Potato,12,2024,2000,3400,Rabi
Maharashtra,Manmad,Onion,3,2025,450,1511,Rabi
Maharashtra,Akola,Onion,1,2024,1400,2000,Rabi
Maharashtra,Dondaicha,Wheat,8,2023,2150,2660,Kharif
Maharashtra,Palghar,Wheat,10,2023,3025,3025,Kharif
Maharashtra,Pimpalgaon,Onion,2,2024,300,1952,Rabi
Maharashtra,Kolhapur,Onion,3,2024,700,2100,Rabi
Maharashtra,Shahada,Wheat,7,2023,2341,2501,Kharif
Maharashtra,Amarawati,Wheat,8,2023,2300,2500,Kharif
Maharashtra,Lasalgaon(Niphad),Wheat,11,2023,2651,2871,Rabi
Maharashtra,Akola,Wheat,11,2023,2450,2925,Rabi
Maharashtra,Jalgaon,Onion,11,2024,700,4292,Rabi
Maharashtra,Dindori(Vani),Onion,12,2023,1311,2151,Rabi
Maharashtra,Pune(Khadiki),Potato,6,2025,1000,1600,Kharif
Maharashtra,Jalgaon,Onion,9,2023,550,2100,Kharif
Maharashtra,Pune(Manjri),Potato,10,2024,2500,3500,Kharif
Maharashtra,Manmad,Onion,4,2025,300,1326,Zaid
Maharashtra,Lasalgaon(Vinchur),Onion,12,2023,1500,3890,Rabi
Maharashtra,Nagpur,Wheat,1,2024,3100,3500,Rabi
Maharashtra,Kille Dharur,Wheat,6,2023,2021,2990,Kharif
Maharashtra,Vai,Onion,5,2024,1000,2000,Zaid
Maharashtra,Vashi New Mumbai,Onion,8,2024,2600,3200,Kharif
Maharashtra,Pune,Onion,2,2024,800,2400,Rabi
Maharashtra,Lasalgaon,Onion,5,2025,500,1601,Zaid
Maharashtra,Satana,Onion,12,2023,600,4280,Rabi
Maharashtra,Jamkhed,Wheat,12,2023,2200,3000,Rabi
Maharashtra,Pune,Potato,11,2023,1200,2200,Rabi
Maharashtra,Kopargaon,Onion,1,2024,200,1701,Rabi
Maharashtra,Nasik,Potato,1,2025,1000,1900,Rabi
Maharashtra,Jalgaon,Onion,9,2023,1000,2000,Kharif
Maharashtra,Manmad,Onion,12,2023,1000,3050,Rabi
Maharashtra,Amarawati,Wheat,7,2023,2450,2600,Kharif
Maharashtra,Junnar(Otur),Onion,10,2023,2000,6000,Kharif
Maharashtra,Ramtek,Onion,5,2024,1800,2000,Zaid
Maharashtra,Solapur,Onion,6,2025,100,2300,Kharif
Maharashtra,Mangal Wedha,Onion,9,2024,3040,4620,Kharif
Maharashtra,Jalgaon,Onion,9,2023,500,2065,Kharif
Maharashtra,Pimpalgaon Baswant(Saykheda),Onion,9,2024,2000,4500,Kharif
Maharashtra,Nasik,Potato,12,2024,1200,2500,Rabi
Maharashtra,Solapur,Potato,9,2024,1700,3000,Kharif
Maharashtra,Shrirampur,Potato,8,2023,950,1200,Kharif
Maharashtra,Ahmednagar,Onion,9,2023,300,2600,Kharif
Maharashtra,Solapur,Onion,9,2024,500,4600,Kharif
Maharashtra,Islampur,Potato,6,2024,3000,3500,Kharif
Maharashtra,Chopada,Wheat,11,2023,2500,2551,Rabi
Maharashtra,Chandvad,Onion,9,2024,2201,4175,Kharif
Maharashtra,Pune(Manjri),Onion,5,2025,700,1100,Zaid
Maharashtra,Satara,Onion,3,2024,1400,1800,Rabi
Maharashtra,Nandgaon,Onion,5,2025,100,1150,Zaid
Maharashtra,Hingna,Potato,3,2024,1300,1800,Rabi
Maharashtra,Pune(Manjri),Tomato,6,2023,1000,2000,Kharif
Maharashtra,Jalgaon,Potato,5,2024,1600,2300,Zaid
Maharashtra,Satana,Wheat,2,2024,2000,2711,Rabi
Maharashtra,Jamkhed,Onion,2,2025,300,2600,Rabi
Maharashtra,Pimpalgaon,Onion,11,2023,1500,4501,Rabi
Maharashtra,Yawal,Onion,4,2025,750,1100,Zaid
Maharashtra,Akluj,Potato,3,2024,1500,1800,Rabi
Maharashtra,Satara,Potato,5,2025,1500,2000,Zaid
Maharashtra,Jalgaon,Potato,5,2025,1400,1700,Zaid
Maharashtra,Solapur,Onion,3,2024,200,2000,Rabi
Maharashtra,Rahuri,Potato,11,2024,2700,3200,Rabi
Maharashtra,Nasik,Onion,2,2024,500,1650,Rabi
Maharashtra,Pune(Moshi),Onion,10,2023,1000,2000,Kharif
Maharashtra,Chandrapur(Ganjwad),Onion,8,2024,3000,4750,Kharif
Maharashtra,Jalgaon,Onion,8,2023,525,2087,Kharif
Maharashtra,Nagpur,Onion,12,2023,2000,2500,Rabi
Maharashtra,Vai,Potato,4,2025,1500,2300,Zaid
Maharashtra,Junnar(Alephata),Onion,8,2024,1500,3710,Kharif
Maharashtra,Shivsiddha Govind Producer Company Limited Sanchal,Onion,9,2024,3900,5000,Kharif
Maharashtra,Hingna,Potato,6,2024,2600,2600,Kharif
Maharashtra,Ahmednagar,Onion,10,2024,500,3600,Kharif
Maharashtra,Amalner,Wheat,11,2023,2580,2925,Rabi
Maharashtra,Malegaon,Wheat,1,2024,2780,2971,Rabi
Maharashtra,Shevgaon,Wheat,9,2023,2300,2600,Kharif
Maharashtra,"Sangli(Phale, Bhajipura Market)",Onion,2,2024,500,2400,Rabi
Maharashtra,Rahata,Potato,11,2024,2500,2700,Rabi
Maharashtra,Satana,Onion,11,2023,600,4500,Rabi
Maharashtra,Junnar(Otur),Potato,10,2024,1000,2360,Kharif
Maharashtra,Pimpalgaon,Tomato,7,2023,500,12300,Kharif
Maharashtra,Pune(Khadiki),Tomato,6,2023,700,1300,Kharif
Maharashtra,Solapur,Wheat,12,2023,2405,3980,Rabi
Maharashtra,Akola,Wheat,12,2023,2210,2520,Rabi
Maharashtra,Lasalgaon(Niphad),Onion,7,2023,400,1383,Kharif
Maharashtra,Chalisgaon,Wheat,10,2023,2370,3000,Kharif
Maharashtra,Pune(Khadiki),Onion,4,2025,700,1300,Zaid
Maharashtra,Rahata,Potato,4,2024,2500,2600,Zaid
Maharashtra,Mangal Wedha,Onion,6,2025,100,1870,Kharif
Maharashtra,Solapur,Onion,11,2023,100,6000,Rabi
Maharashtra,Ramtek,Tomato,6,2023,6000,8000,Kharif
Maharashtra,Akola,Onion,9,2023,1200,2400,Kharif
Maharashtra,Nandurbar,Onion,2,2024,725,1200,Rabi
Maharashtra,Satara,Onion,8,2023,1300,2100,Kharif
Maharashtra,Sinner,Onion,12,2023,1000,4500,Rabi
Maharashtra,Pandharpur,Onion,8,2023,300,2250,Kharif
Maharashtra,Pimpalgaon,Onion,12,2023,2400,4278,Rabi
Maharashtra,Manchar,Potato,2,2025,1200,1800,Rabi
Maharashtra,Mankamneshwar Farmar Producer CoLtd Sanchalit Mank,Onion,4,2024,500,1471,Zaid
Maharashtra,Rahuri(Vambori),Onion,3,2024,100,2000,Rabi
Maharashtra,Pune(Manjri),Potato,11,2023,1200,1800,Rabi
Maharashtra,Akluj,Potato,9,2024,3000,3200,Kharif
Maharashtra,Jalgaon,Onion,10,2024,750,3000,Kharif
Maharashtra,Chandvad,Onion,11,2023,1401,3600,Rabi
Maharashtra,Kamthi,Potato,12,2023,1400,4000,Rabi
Maharashtra,Savner,Wheat,9,2023,2435,2435,Kharif
Maharashtra,Shree Rameshwar Krushi Market,Onion,7,2023,200,2160,Kharif
Maharashtra,Sinner,Onion,8,2023,100,1551,Kharif
Maharashtra,Junnar(Alephata),Onion,8,2023,1200,2700,Kharif
Maharashtra,Chandvad,Onion,2,2024,1547,1825,Rabi
Maharashtra,Akola,Wheat,1,2024,2700,3270,Rabi
Maharashtra,Kolhapur,Onion,9,2024,1500,4900,Kharif
Maharashtra,Vashi New Mumbai,Potato,1,2024,1300,2100,Rabi
Maharashtra,Pune(Manjri),Potato,5,2025,1500,2400,Zaid
Maharashtra,Yeola,Onion,2,2025,500,2435,Rabi
Maharashtra,Junnar(Narayangaon),Potato,7,2024,1000,3000,Kharif
Maharashtra,Laxmi Sopan Agriculture Produce Marketing Co Ltd,Onion,7,2023,200,1500,Kharif
Maharashtra,Bhusaval,Potato,3,2024,1300,1800,Rabi
Maharashtra,Kamthi,Potato,5,2025,1500,2500,Zaid
Maharashtra,Solapur,Wheat,9,2023,2300,3620,Kharif
Maharashtra,Manmad,Onion,11,2024,500,4000,Rabi
Maharashtra,Chandrapur(Ganjwad),Potato,1,2025,2000,2400,Rabi
Maharashtra,Sinner,Onion,10,2024,1000,4228,Kharif
Maharashtra,Jalgaon,Potato,6,2024,2000,2600,Kharif
Maharashtra,Kalyan,Potato,8,2024,2600,3000,Kharif
Maharashtra,Karad,Onion,7,2023,1700,2000,Kharif
Maharashtra,Barshi(Vairag),Wheat,7,2023,2051,2150,Kharif
Maharashtra,Jalgaon,Onion,3,2025,437,1437,Rabi
Maharashtra,Tasgaon,Wheat,12,2023,2680,3050,Rabi
Maharashtra,Pune,Onion,1,2024,700,2100,Rabi
Maharashtra,"Sangli(Phale, Bhajipura Market)",Onion,10,2024,1000,4400,Kharif
Maharashtra,Solapur,Onion,8,2023,100,3200,Kharif
Maharashtra,Amrawati(Frui & Veg. Market),Potato,7,2024,1800,2400,Kharif
Maharashtra,Lasalgaon(Vinchur),Onion,8,2023,500,2500,Kharif
Maharashtra,Rahata,Onion,8,2024,1800,3800,Kharif
Maharashtra,Aurad Shahajani,Wheat,9,2023,2100,2500,Kharif
Maharashtra,Akola,Potato,12,2024,1200,2200,Rabi
Maharashtra,Solapur,Potato,4,2024,1500,2000,Zaid
Maharashtra,Barshi,Wheat,8,2023,2400,2400,Kharif
Maharashtra,Lasalgaon(Niphad),Onion,7,2023,500,1500,Kharif
Maharashtra,Kolhapur,Onion,3,2025,600,1900,Rabi
Maharashtra,Pune,Potato,11,2024,2200,3800,Rabi
Maharashtra,Kamthi,Potato,12,2024,2500,3500,Rabi
Maharashtra,Shirpur,Wheat,1,2024,2381,3050,Rabi
Maharashtra,Rahata,Wheat,6,2023,2200,2500,Kharif
Maharashtra,Pune,Potato,11,2024,2300,4200,Rabi
Maharashtra,Akluj,Onion,3,2024,300,1800,Rabi
Maharashtra,Shrirampur,Wheat,7,2023,2100,2300,Kharif
Maharashtra,Rahata,Potato,5,2025,1500,1700,Zaid
Maharashtra,Rahata,Onion,6,2024,400,2700,Kharif
Maharashtra,Solapur,Onion,10,2023,100,3100,Kharif
Maharashtra,"Sangli(Phale, Bhajipura Market)",Potato,6,2024,1600,2800,Kharif
Maharashtra,"Sangli(Phale, Bhajipura Market)",Potato,8,2024,2500,3100,Kharif
Maharashtra,Chakur,Wheat,9,2023,2082,2082,Kharif
Maharashtra,Umrane,Onion,8,2024,1000,2971,Kharif
Maharashtra,Raver,Wheat,1,2024,2575,2630,Rabi
Maharashtra,Alibagh,Rice,4,2025,2500,2700,Zaid
Maharashtra,Kamthi,Onion,3,2025,1500,2500,Rabi
Maharashtra,Manmad,Onion,5,2025,200,1240,Zaid
Maharashtra,Shevgaon(Bodhegaon),Wheat,1,2024,2500,2500,Rabi
Maharashtra,Nampur,Onion,5,2025,100,1490,Zaid
Maharashtra,Akola,Potato,3,2024,1000,1800,Rabi
Maharashtra,Pune,Potato,2,2025,1000,1900,Rabi
Maharashtra,Khed(Chakan),Potato,11,2023,1000,1700,Rabi
Maharashtra,Kolhapur,Onion,5,2024,700,2200,Zaid
Maharashtra,Khed(Chakan),Potato,9,2023,1300,2000,Kharif
Maharashtra,Bhokar,Wheat,11,2023,2662,2680,Rabi
Maharashtra,Manmad,Onion,3,2025,400,1571,Rabi
Maharashtra,Lasalgaon,Onion,10,2023,2001,5820,Kharif
Maharashtra,Rahuri,Wheat,6,2023,1500,2300,Kharif
Maharashtra,Karad,Tomato,7,2023,7000,8000,Kharif
Maharashtra,Kopargaon,Onion,7,2024,1000,2829,Kharif
Maharashtra,Jalgaon,Potato,12,2024,1500,2000,Rabi
Maharashtra,Kamthi,Onion,4,2025,1000,1600,Zaid
Maharashtra,Junnar(Narayangaon),Onion,10,2024,1000,4500,Kharif
Maharashtra,Ausa,Wheat,7,2023,2201,2501,Kharif
Maharashtra,Sangli,Wheat,6,2023,2800,3600,Kharif
Maharashtra,Amalner,Wheat,7,2023,2242,2400,Kharif
Maharashtra,Lasalgaon(Niphad),Onion,6,2023,500,1399,Kharif
Maharashtra,Newasa(Ghodegaon),Onion,9,2023,400,2300,Kharif
Maharashtra,Hingna,Onion,5,2025,1500,2000,Zaid
Maharashtra,Khed(Chakan),Potato,6,2025,1300,2000,Kharif
Maharashtra,"Sangli(Phale, Bhajipura Market)",Potato,8,2024,1500,3000,Kharif
Maharashtra,Akola,Onion,9,2023,1500,2200,Kharif
Maharashtra,Pathari,Wheat,8,2023,2251,2600,Kharif
Maharashtra,Kamthi,Potato,8,2023,1600,2000,Kharif
Maharashtra,Kolhapur,Onion,6,2023,500,1600,Kharif
Maharashtra,Sangamner,Onion,7,2023,200,2011,Kharif
Maharashtra,Newasa(Ghodegaon),Onion,7,2023,200,2000,Kharif
Maharashtra,Gevrai,Wheat,7,2023,2381,2941,Kharif
Maharashtra,Umrane,Onion,5,2025,700,1356,Zaid
Maharashtra,Akluj,Onion,1,2024,200,1800,Rabi
Maharashtra,Islampur,Potato,2,2025,1500,2200,Rabi
Maharashtra,Satara,Onion,3,2024,1000,1500,Rabi
Maharashtra,Chandvad,Onion,11,2024,1502,5601,Rabi
Maharashtra,Devala,Onion,12,2023,1000,2850,Rabi
Maharashtra,Nandgaon,Onion,3,2024,142,1386,Rabi
Maharashtra,Vai,Potato,3,2024,1800,2400,Rabi
Maharashtra,Vai,Potato,10,2023,1500,2200,Kharif
Maharashtra,Amrawati(Frui & Veg. Market),Onion,3,2025,600,1500,Rabi
Maharashtra,Pune(Manjri),Onion,8,2023,1100,1700,Kharif
Maharashtra,Pimpalgaon,Onion,4,2024,451,1831,Zaid
Maharashtra,Junnar(Alephata),Onion,2,2024,700,2000,Rabi
Maharashtra,Sangamner,Onion,9,2023,200,2451,Kharif
Maharashtra,Barshi,Wheat,6,2023,2200,3000,Kharif
Maharashtra,Pune(Manjri),Potato,5,2025,1600,2400,Zaid
Maharashtra,Kamthi,Potato,6,2023,1400,1800,Kharif
Maharashtra,Amrawati(Frui & Veg. Market),Potato,7,2023,800,1500,Kharif
Maharashtra,Newasa(Ghodegaon),Onion,2,2024,200,1400,Rabi
Maharashtra,Kopargaon,Onion,2,2024,500,1800,Rabi
Maharashtra,Bhandara,Rice,4,2025,4200,4300,Zaid
Maharashtra,Hingna,Onion,4,2024,1700,1700,Zaid
Maharashtra,Solapur,Tomato,6,2023,1000,7000,Kharif
Maharashtra,Pune,Onion,9,2023,900,2300,Kharif
Maharashtra,Dhule,Onion,3,2024,200,2100,Rabi
Maharashtra,Rahata,Potato,5,2025,1500,1600,Zaid
Maharashtra,Hingna,Onion,9,2024,3500,5000,Kharif
Maharashtra,Shahada,Wheat,11,2023,2701,3000,Rabi
Maharashtra,Vai,Potato,5,2025,1800,2500,Zaid
Maharashtra,Kopargaon,Onion,9,2024,1000,4312,Kharif
Maharashtra,Satara,Potato,8,2023,1300,1700,Kharif
Maharashtra,Junnar(Narayangaon),Onion,8,2024,1200,4000,Kharif
Maharashtra,Pune(Manjri),Onion,8,2024,2200,3300,Kharif
Maharashtra,Rahuri(Vambori),Wheat,12,2023,2200,2850,Rabi
Maharashtra,Manchar,Onion,1,2024,1500,3000,Rabi
Maharashtra,Savner,Wheat,9,2023,2181,2240,Kharif
Maharashtra,Pune(Khadiki),Potato,12,2023,1200,1400,Rabi
Maharashtra,Majalgaon,Wheat,10,2023,2400,3200,Kharif
Maharashtra,Hingna,Potato,12,2024,1750,2500,Rabi
Maharashtra,Malegaon,Wheat,7,2023,1912,2720,Kharif
Maharashtra,Manchar,Potato,3,2024,750,2000,Rabi
Maharashtra,Vita,Onion,5,2025,500,1400,Zaid
Maharashtra,Nasik,Onion,4,2024,750,1500,Zaid
Maharashtra,Akola,Wheat,12,2023,2700,2900,Rabi
Maharashtra,Pune,Onion,12,2023,700,2500,Rabi
Maharashtra,Pune,Potato,2,2025,1300,2000,Rabi
Maharashtra,Devala,Onion,11,2024,1700,5405,Rabi
Maharashtra,Shevgaon,Onion,5,2025,1000,1400,Zaid
Maharashtra,Devala,Onion,9,2023,200,2400,Kharif
Maharashtra,Kopargaon,Onion,4,2025,500,1261,Zaid
Maharashtra,Junnar(Narayangaon),Onion,11,2024,1600,4750,Rabi
Maharashtra,Karad,Onion,12,2023,2000,4500,Rabi
Maharashtra,Malegaon,Wheat,6,2023,2180,2542,Kharif
Maharashtra,Vashi New Mumbai,Potato,3,2024,1200,1700,Rabi
Maharashtra,Vadgaonpeth,Onion,9,2024,4500,5100,Kharif
Maharashtra,Islampur,Onion,5,2024,1000,2600,Zaid
Maharashtra,Pimpalgaon,Onion,2,2025,500,2952,Rabi
Maharashtra,Pune(Khadiki),Potato,3,2024,1200,1600,Rabi
Maharashtra,Chandrapur(Ganjwad),Potato,6,2023,1200,1400,Kharif
Maharashtra,Om Chaitanya Multistate Agro Purpose CoOp Society,Wheat,7,2023,2200,2200,Kharif
Maharashtra,Akluj,Potato,3,2024,1700,1800,Rabi
Maharashtra,"Sangli(Phale, Bhajipura Market)",Onion,1,2024,400,2000,Rabi
Maharashtra,Jalgaon,Potato,12,2023,1000,1500,Rabi
Maharashtra,Nandgaon,Onion,3,2025,400,2252,Rabi
Maharashtra,Sinner,Onion,12,2024,500,4060,Rabi
Maharashtra,Hinganghat,Wheat,9,2023,2400,2440,Kharif
Maharashtra,Kopargaon,Onion,5,2025,500,1100,Zaid
Maharashtra,Amrawati(Frui & Veg. Market),Onion,6,2024,700,2000,Kharif
Maharashtra,Sinner,Onion,12,2023,500,2054,Rabi
Maharashtra,Bhusaval,Onion,7,2024,2000,2500,Kharif
Maharashtra,Ramtek,Potato,2,2024,800,1000,Rabi
Maharashtra,Solapur,Onion,9,2024,500,4000,Kharif
Maharashtra,Amrawati(Frui & Veg. Market),Potato,1,2025,1000,2400,Rabi
Maharashtra,Amrawati(Frui & Veg. Market),Tomato,10,2023,800,1000,Kharif
Maharashtra,Sangamner,Onion,8,2023,300,3101,Kharif
Maharashtra,Jalgaon,Onion,4,2025,375,1200,Zaid
Maharashtra,Amrawati(Frui & Veg. Market),Potato,9,2023,800,1600,Kharif
Maharashtra,Wardha,Wheat,12,2023,2450,2560,Rabi
Maharashtra,Chandvad,Onion,12,2023,500,1674,Rabi
Maharashtra,Telhara,Wheat,10,2023,2150,2480,Kharif
Maharashtra,Amrawati(Frui & Veg. Market),Potato,12,2024,1000,3000,Rabi
Maharashtra,Dhule,Onion,3,2025,400,2050,Rabi
Maharashtra,Shrigonda(Gogargaon),Wheat,12,2023,2200,2400,Rabi
Maharashtra,Vashi New Mumbai,Potato,7,2024,2000,2800,Kharif
Maharashtra,Junnar(Narayangaon),Onion,3,2024,300,2100,Rabi
Maharashtra,Pune(Khadiki),Tomato,6,2023,1200,1800,Kharif
Maharashtra,Lasalgaon,Wheat,11,2023,2700,3350,Rabi
Maharashtra,Karad,Onion,11,2023,4500,5600,Rabi
Maharashtra,Manmad,Onion,3,2024,887,1434,Rabi
Maharashtra,Kopargaon,Onion,5,2025,300,1140,Zaid
Maharashtra,Vashi New Mumbai,Onion,10,2024,3500,4500,Kharif
Maharashtra,Shevgaon,Onion,7,2023,1300,2100,Kharif
Maharashtra,Nampur,Onion,11,2024,1500,7051,Rabi
Maharashtra,"Sangli(Phale, Bhajipura Market)",Onion,11,2024,1000,7200,Rabi
Maharashtra,Pune(Manjri),Onion,5,2024,1500,1700,Zaid
Maharashtra,Pimpalgaon Baswant(Saykheda),Onion,5,2025,700,1451,Zaid
Maharashtra,Hingna,Onion,2,2025,2800,3000,Rabi
Maharashtra,Nasik,Onion,3,2025,750,2025,Rabi
Maharashtra,Raver,Wheat,8,2023,2145,2365,Kharif
Maharashtra,Akluj,Potato,12,2023,1200,1500,Rabi
Maharashtra,Pune(Pimpri),Onion,5,2024,1500,1500,Zaid
Maharashtra,Mangal Wedha,Onion,5,2025,300,1500,Zaid
Maharashtra,Akola,Wheat,10,2023,2385,2685,Kharif
Maharashtra,Jalgaon,Onion,10,2023,1500,3525,Kharif
Maharashtra,Vadgaonpeth,Onion,5,2025,1100,1400,Zaid
Maharashtra,Rahata,Wheat,11,2023,2625,2801,Rabi
Maharashtra,Vadgaonpeth,Onion,4,2025,1300,1600,Zaid
Maharashtra,Hingna,Onion,11,2024,2500,4000,Rabi
Maharashtra,Islampur,Potato,7,2023,1600,1800,Kharif
Maharashtra,Ramtek,Onion,2,2024,1800,2000,Rabi
Maharashtra,Navapur,Wheat,6,2023,2000,2200,Kharif
Maharashtra,Dhule,Onion,9,2023,500,2300,Kharif
Maharashtra,Satana,Onion,2,2024,100,1475,Rabi
Maharashtra,Akola,Onion,8,2023,800,1700,Kharif
Maharashtra,Chandrapur(Ganjwad),Potato,10,2024,2500,3000,Kharif
Maharashtra,Hingna,Potato,10,2024,2600,2700,Kharif
Maharashtra,Pune,Onion,7,2023,700,1700,Kharif
Maharashtra,Akola,Onion,4,2025,600,1200,Zaid
Maharashtra,Rahuri,Tomato,6,2023,500,3500,Kharif
Maharashtra,Hinganghat,Wheat,12,2023,2000,2540,Rabi
Maharashtra,Manchar,Onion,3,2024,1000,1750,Rabi
Maharashtra,Jamkhed,Onion,4,2024,100,1650,Zaid
Maharashtra,Shirpur,Wheat,10,2023,2300,2825,Kharif
Maharashtra,Pune(Moshi),Potato,3,2024,1200,1600,Rabi
Maharashtra,Lasalgaon,Onion,7,2023,600,2511,Kharif
Maharashtra,Morshi,Wheat,8,2023,2200,2400,Kharif
Maharashtra,Rahata,Potato,4,2025,1400,1500,Zaid
Maharashtra,Shree Sairaj Krushi Market,Onion,8,2024,2000,3800,Kharif
Maharashtra,Manchar,Onion,12,2023,1000,3000,Rabi
Maharashtra,Shrirampur,Tomato,7,2023,1700,2100,Kharif
Maharashtra,Parner,Onion,10,2023,400,3300,Kharif
Maharashtra,Lasalgaon(Vinchur),Onion,1,2024,1000,2352,Rabi
Maharashtra,Sinner,Onion,3,2025,500,2466,Rabi
Maharashtra,Kopargaon,Onion,8,2024,1000,4100,Kharif
Maharashtra,Pune(Pimpri),Onion,4,2024,900,1500,Zaid
Maharashtra,Chandrapur(Ganjwad),Potato,4,2025,1700,2000,Zaid
Maharashtra,Manmad,Onion,3,2025,300,2175,Rabi
Maharashtra,Umrane,Onion,3,2025,500,1481,Rabi
Maharashtra,Rahata,Potato,3,2024,500,2000,Rabi
Maharashtra,Nasik,Potato,2,2024,1200,1650,Rabi
Maharashtra,Kopargaon,Onion,8,2024,1000,3981,Kharif
Maharashtra,Sinner,Onion,7,2024,500,2851,Kharif
Maharashtra,Vaduj,Wheat,8,2023,2200,2400,Kharif
Maharashtra,Pune,Onion,9,2024,3500,4800,Kharif
Maharashtra,Pimpalgaon Baswant(Saykheda),Onion,12,2023,925,1500,Rabi
Maharashtra,Shrirampur,Potato,2,2025,800,1400,Rabi
Maharashtra,Rahata,Wheat,1,2024,2546,2900,Rabi
Maharashtra,Palghar,Wheat,12,2023,3220,3220,Rabi
Maharashtra,Rahata,Wheat,1,2024,2300,2601,Rabi
Maharashtra,Sinner,Onion,7,2023,100,1340,Kharif
Maharashtra,Satana,Onion,10,2024,1100,5090,Kharif
Maharashtra,Lasalgaon,Onion,10,2024,3980,4871,Kharif
Maharashtra,Lasalgaon,Onion,4,2024,700,1651,Zaid
Maharashtra,Lasalgaon(Niphad),Onion,1,2024,901,1960,Rabi
Maharashtra,Solapur,Potato,2,2025,1300,1600,Rabi
Maharashtra,Barshi,Wheat,8,2023,2600,3100,Kharif
Maharashtra,Lasalgaon(Vinchur),Onion,12,2024,1500,4000,Rabi
Maharashtra,Shevgaon,Onion,9,2024,1000,2500,Kharif
Maharashtra,Kurdwadi(Modnimb),Onion,3,2025,700,2400,Rabi
Maharashtra,Pune(Moshi),Potato,9,2024,1800,2400,Kharif
Maharashtra,Lasalgaon(Niphad),Onion,3,2025,1800,2316,Rabi
Maharashtra,Pune,Potato,4,2024,1800,2600,Zaid
Maharashtra,Karad,Onion,6,2023,500,1400,Kharif
Maharashtra,Vashi New Mumbai,Potato,1,2024,1000,1600,Rabi
Maharashtra,"Sangli(Phale, Bhajipura Market)",Potato,4,2025,1100,2200,Zaid
Maharashtra,Amrawati(Frui & Veg. Market),Onion,7,2024,2400,3200,Kharif
Maharashtra,Akola,Onion,10,2023,1800,2700,Kharif
Maharashtra,Bhokar,Wheat,8,2023,2064,2351,Kharif
Maharashtra,Pathardi,Onion,3,2025,500,2000,Rabi
Maharashtra,Kolhapur,Onion,8,2023,1000,2500,Kharif
Maharashtra,Palghar,Rice,4,2025,4575,4575,Zaid
Maharashtra,Shrirampur,Potato,6,2025,1500,2000,Kharif
Maharashtra,Kille Dharur,Wheat,1,2024,2341,3480,Rabi
Maharashtra,Dhule,Onion,11,2023,1000,4800,Rabi
Maharashtra,Chalisgaon,Wheat,7,2023,2215,2475,Kharif
Maharashtra,Jalgaon,Onion,5,2025,300,1412,Zaid
Maharashtra,Lasalgaon(Vinchur),Onion,4,2025,1000,1211,Zaid
Maharashtra,Junnar,Onion,2,2024,800,1600,Rabi
Maharashtra,Anajngaon,Wheat,10,2023,1800,2305,Kharif
Maharashtra,Manmad,Onion,8,2024,895,2990,Kharif
Maharashtra,Kille Dharur,Wheat,11,2023,2241,5151,Rabi
Maharashtra,Kamthi,Potato,6,2024,2500,3500,Kharif
Maharashtra,Karad,Onion,4,2025,500,1300,Zaid
Maharashtra,Shahada,Wheat,2,2024,2451,2575,Rabi
Maharashtra,Shrirampur,Potato,7,2024,2500,3200,Kharif
Maharashtra,Manchar,Onion,2,2024,1200,1800,Rabi
Maharashtra,Solapur,Onion,12,2023,100,3100,Rabi
Maharashtra,Bhusaval,Potato,6,2024,2200,2200,Kharif
Maharashtra,Shrirampur,Potato,3,2024,1500,2000,Rabi
Maharashtra,Hingna,Onion,4,2025,1500,2000,Zaid
Maharashtra,Pune(Khadiki),Potato,10,2023,1400,1600,Kharif
Maharashtra,Manmad,Onion,11,2024,700,4500,Rabi
Maharashtra,Yeola,Onion,2,2025,700,3337,Rabi
Maharashtra,Lasalgaon,Onion,5,2024,500,2000,Zaid
Maharashtra,Junnar(Narayangaon),Onion,8,2024,1600,4000,Kharif
Maharashtra,Lasalgaon(Niphad),Wheat,9,2023,2551,2660,Kharif
Maharashtra,Rahata,Potato,12,2024,800,2600,Rabi
Maharashtra,Rahata,Potato,12,2024,1000,2500,Rabi
Maharashtra,Hingoli,Wheat,12,2023,1930,3025,Rabi
Maharashtra,Amarawati,Wheat,12,2023,2400,2525,Rabi
Maharashtra,Rahuri,Potato,8,2024,2500,2800,Kharif
Maharashtra,Kolhapur,Onion,10,2023,1000,2600,Kharif
Maharashtra,Satara,Onion,12,2023,1500,3700,Rabi
Maharashtra,Tasgaon,Wheat,12,2023,2780,3020,Rabi
Maharashtra,Kolhapur,Onion,4,2025,500,1600,Zaid
Maharashtra,Mangal Wedha,Onion,10,2024,200,4400,Kharif
Maharashtra,Shevgaon,Onion,10,2024,2000,3800,Kharif
Maharashtra,Pimpalgaon Baswant(Saykheda),Onion,3,2024,400,1400,Rabi
Maharashtra,Sinner,Onion,11,2024,1000,5801,Rabi
Maharashtra,Pandharpur,Onion,10,2023,400,2300,Kharif
Maharashtra,Satara,Potato,9,2024,2500,3100,Kharif
Maharashtra,Akola,Potato,7,2024,2200,3000,Kharif
Maharashtra,Rahata,Onion,1,2024,300,1300,Rabi
Maharashtra,Pune(Pimpri),Onion,3,2025,2100,2200,Rabi
Maharashtra,Hingoli,Wheat,1,2024,2200,2800,Rabi
Maharashtra,Pune(Moshi),Onion,12,2023,300,1500,Rabi
Maharashtra,Pune(Manjri),Onion,3,2024,1500,1700,Rabi
Maharashtra,Amarawati,Wheat,7,2023,2450,2550,Kharif
Maharashtra,Junnar(Narayangaon),Onion,9,2024,2000,4310,Kharif
Maharashtra,Sinner,Wheat,6,2023,2320,2330,Kharif
Maharashtra,Hingna,Potato,7,2024,1800,2670,Kharif
Maharashtra,Wardha,Wheat,10,2023,2440,2580,Kharif
Maharashtra,Junnar(Otur),Onion,9,2024,3000,5110,Kharif
Maharashtra,Kalvan,Onion,10,2023,1000,3105,Kharif
Maharashtra,Vashi New Mumbai,Onion,3,2025,1300,2800,Rabi
Maharashtra,Akluj,Potato,4,2025,1700,2000,Zaid
Maharashtra,Akola,Onion,5,2024,800,1500,Zaid
Maharashtra,Rahata,Potato,5,2025,1600,1700,Zaid
Maharashtra,Junnar(Narayangaon),Onion,9,2023,600,2200,Kharif
Maharashtra,Hingna,Potato,3,2025,2000,2000,Rabi
Maharashtra,Akluj,Onion,4,2024,350,1700,Zaid
Maharashtra,Junnar(Narayangaon),Onion,3,2025,1300,1800,Rabi
Maharashtra,Amrawati(Frui & Veg. Market),Potato,8,2023,900,1500,Kharif
Maharashtra,Bhusaval,Potato,5,2024,1500,2200,Zaid
Maharashtra,Chandrapur(Ganjwad),Tomato,6,2023,800,1600,Kharif
Maharashtra,Amrawati(Frui & Veg. Market),Onion,7,2023,1000,2700,Kharif
Maharashtra,Parner,Onion,6,2024,500,2800,Kharif
Maharashtra,Sakri,Onion,8,2024,3300,3520,Kharif
Maharashtra,Mangal Wedha,Onion,4,2025,100,1100,Zaid
Maharashtra,Pimpalgaon,Onion,3,2024,1400,1949,Rabi
Maharashtra,Junnar(Narayangaon),Onion,2,2024,300,2600,Rabi
Maharashtra,Baramati,Onion,8,2024,800,3500,Kharif
Maharashtra,Pune(Moshi),Potato,11,2023,800,1500,Rabi
Maharashtra,Vadgaonpeth,Onion,2,2024,1000,2000,Rabi
Maharashtra,Pathardi,Onion,7,2023,200,1600,Kharif
Maharashtra,Pune(Manjri),Onion,8,2024,1700,2400,Kharif
Maharashtra,Katol,Wheat,6,2023,2200,2261,Kharif
Maharashtra,Lasalgaon,Onion,2,2025,1000,2860,Rabi
Maharashtra,Vadgaonpeth,Onion,6,2025,1000,1500,Kharif
Maharashtra,Pune(Khadiki),Onion,4,2025,800,1700,Zaid
Maharashtra,Pune(Moshi),Potato,1,2024,400,1200,Rabi
Maharashtra,Shree Rameshwar Krushi Market,Onion,5,2024,351,1900,Zaid
Maharashtra,Bhusaval,Onion,10,2024,2500,3000,Kharif
Maharashtra,Lasalgaon,Onion,11,2024,3301,5885,Rabi
Maharashtra,Kamthi,Potato,11,2024,3000,4000,Rabi
Maharashtra,Pune(Khadiki),Potato,8,2024,2000,2300,Kharif
Maharashtra,Amrawati(Frui & Veg. Market),Onion,6,2025,500,1200,Kharif
Maharashtra,Nasik,Onion,8,2023,500,2200,Kharif
Maharashtra,Vashi New Mumbai,Potato,6,2025,1200,1800,Kharif
Maharashtra,Lasalgaon(Vinchur),Onion,3,2024,1000,1615,Rabi
Maharashtra,Khed(Chakan),Potato,3,2025,1200,1900,Rabi
Maharashtra,Morshi,Wheat,12,2023,2500,2750,Rabi
Maharashtra,Amrawati(Frui & Veg. Market),Onion,8,2024,3200,5200,Kharif
Maharashtra,Shevgaon,Onion,11,2024,1000,1800,Rabi
Maharashtra,Dindori,Onion,7,2023,956,1371,Kharif
Maharashtra,Solapur,Potato,2,2024,800,1750,Rabi
Maharashtra,Kalvan,Onion,3,2024,850,1775,Rabi
Maharashtra,Telhara,Wheat,12,2023,2470,2575,Rabi
Maharashtra,Rahuri,Onion,4,2025,100,1325,Zaid
Maharashtra,Lasalgaon(Niphad),Onion,8,2023,800,2330,Kharif
Maharashtra,Shevgaon(Bodhegaon),Wheat,6,2023,2000,2200,Kharif
Maharashtra,Lasalgaon(Niphad),Onion,5,2025,500,1380,Zaid
Maharashtra,Amrawati(Frui & Veg. Market),Potato,1,2025,800,2800,Rabi
Maharashtra,Pune(Manjri),Onion,6,2023,600,1100,Kharif
Maharashtra,Pune,Onion,3,2024,400,1800,Rabi
Maharashtra,Vai,Tomato,6,2023,1000,2500,Kharif
Maharashtra,Vai,Tomato,6,2023,1500,2500,Kharif
Maharashtra,Chandvad,Onion,10,2023,1201,2800,Kharif
Maharashtra,Pune(Pimpri),Onion,9,2024,4700,5300,Kharif
Maharashtra,Satara,Potato,6,2023,1200,1600,Kharif
Maharashtra,Bhusaval,Potato,12,2023,1400,1600,Rabi
Maharashtra,Solapur,Rice,4,2025,3350,6850,Zaid
Maharashtra,Laxmi Sopan Agriculture Produce Marketing Co Ltd,Onion,4,2025,400,1100,Zaid
Maharashtra,Nagpur,Onion,3,2025,1000,2000,Rabi
Maharashtra,Lonand,Onion,4,2024,900,1560,Zaid
Maharashtra,Rahata,Onion,9,2024,500,4500,Kharif
Maharashtra,Amrawati(Frui & Veg. Market),Onion,7,2023,1000,2500,Kharif
Maharashtra,Pune(Manjri),Potato,3,2025,1500,2200,Rabi
Maharashtra,Akole,Onion,8,2023,201,2400,Kharif
Maharashtra,Dhule,Onion,10,2023,1000,5700,Kharif
Maharashtra,Shrigonda,Onion,3,2025,500,2500,Rabi
Maharashtra,Pimpalgaon,Onion,10,2024,2000,5162,Kharif
Maharashtra,Pune(Pimpri),Onion,9,2023,1500,2300,Kharif
Maharashtra,Karjat(Raigad),Rice,4,2025,4000,6000,Zaid
Maharashtra,Beed,Wheat,10,2023,2500,2900,Kharif
Maharashtra,Nampur,Onion,3,2025,300,2450,Rabi
Maharashtra,Nasik,Onion,12,2023,1201,2351,Rabi
Maharashtra,Barshi,Wheat,12,2023,3500,3500,Rabi
Maharashtra,Hingna,Potato,10,2024,2500,2500,Kharif
Maharashtra,Karad,Onion,1,2024,1500,2000,Rabi
Maharashtra,Dhule,Onion,2,2025,400,3000,Rabi
Maharashtra,Pimpalgaon,Onion,11,2024,2200,5553,Rabi
Maharashtra,Satara,Onion,12,2024,2000,5500,Rabi
Maharashtra,Pune(Manjri),Onion,9,2023,1000,2000,Kharif
Maharashtra,Ahmednagar,Potato,12,2023,1000,1800,Rabi
Maharashtra,Vita,Tomato,7,2023,6000,7000,Kharif
Maharashtra,Khed(Chakan),Potato,5,2024,1900,2600,Zaid
Maharashtra,Amrawati(Frui & Veg. Market),Potato,3,2025,800,1600,Rabi
Maharashtra,Kalvan,Onion,11,2024,2400,6500,Rabi
Maharashtra,Rahata,Potato,3,2025,500,1500,Rabi
Maharashtra,Sangamner,Onion,9,2024,1500,4500,Kharif
Maharashtra,Nasik,Potato,3,2024,1400,2050,Rabi
Maharashtra,Ahmednagar,Wheat,8,2023,2400,2900,Kharif
Maharashtra,Shrirampur,Potato,9,2023,950,1200,Kharif
Maharashtra,Kalvan,Onion,6,2025,400,1750,Kharif
Maharashtra,Pune,Onion,11,2024,2000,6000,Rabi
Maharashtra,Tumsar,Rice,5,2025,3950,3950,Zaid
Maharashtra,Nagpur,Potato,10,2024,2200,2800,Kharif
Maharashtra,Solapur,Tomato,6,2023,400,2000,Kharif
Maharashtra,Pune(Moshi),Tomato,6,2023,2000,3500,Kharif
Maharashtra,Tumsar,Wheat,1,2024,2300,2725,Rabi
Maharashtra,Karjat(Raigad),Wheat,8,2023,2200,2600,Kharif
Maharashtra,Murtizapur,Wheat,11,2023,2370,2670,Rabi
Maharashtra,Hingna,Tomato,7,2023,7000,7700,Kharif
Maharashtra,Bhusaval,Tomato,6,2023,4500,6000,Kharif
Maharashtra,Devala,Onion,6,2025,150,1730,Kharif
Maharashtra,Rahuri,Potato,3,2025,600,2200,Rabi
Maharashtra,Karad,Tomato,6,2023,2000,2500,Kharif
Maharashtra,Dhule,Onion,5,2024,350,2000,Zaid
Maharashtra,Khed(Chakan),Potato,1,2025,1000,2500,Rabi
Maharashtra,Jalgaon,Potato,5,2024,1500,2200,Zaid
Maharashtra,Nasik,Potato,2,2025,1100,1850,Rabi
Maharashtra,Shrirampur,Tomato,7,2023,2000,7000,Kharif
Maharashtra,Bhusaval,Onion,1,2024,700,1500,Rabi
Maharashtra,Chandrapur(Ganjwad),Tomato,7,2023,4800,8000,Kharif
Maharashtra,Mangal Wedha,Tomato,6,2023,400,1600,Kharif
Maharashtra,Pune(Manjri),Potato,7,2023,1200,1600,Kharif
Maharashtra,Rahata,Potato,2,2024,500,1900,Rabi
Maharashtra,Manmad,Onion,6,2023,100,1255,Kharif
Maharashtra,Kamthi,Potato,4,2024,1500,2500,Zaid
Maharashtra,Lasalgaon,Onion,1,2024,900,1995,Rabi
Maharashtra,Lasalgaon(Niphad),Onion,3,2025,1000,1650,Rabi
Maharashtra,Ghoti,Tomato,6,2023,800,1000,Kharif
Maharashtra,Nampur,Onion,10,2023,100,3600,Kharif
Maharashtra,Nagpur,Onion,7,2023,2000,2400,Kharif
Maharashtra,Vashi New Mumbai,Potato,11,2023,900,1300,Rabi
Maharashtra,Kopargaon,Onion,11,2024,1000,4211,Rabi
Maharashtra,Sinner,Onion,6,2024,500,2372,Kharif
Maharashtra,Karad,Onion,4,2024,500,1700,Zaid
Maharashtra,Parner,Onion,2,2025,500,2500,Rabi
Maharashtra,Pimpalgaon Baswant(Saykheda),Onion,7,2023,300,1414,Kharif
Maharashtra,Pathardi,Onion,1,2024,300,1800,Rabi
Maharashtra,Lasalgaon,Onion,12,2023,2000,3451,Rabi
Maharashtra,Dhule,Onion,4,2025,150,1030,Zaid
Maharashtra,Amrawati(Frui & Veg. Market),Onion,4,2025,700,1300,Zaid
Maharashtra,Dindori(Vani),Onion,10,2024,3000,4500,Kharif
Maharashtra,Pune(Moshi),Onion,5,2025,400,1600,Zaid
Maharashtra,Kalyan,Onion,11,2024,3300,3800,Rabi
Maharashtra,Karad,Onion,2,2025,2000,2800,Rabi
Maharashtra,Hingna,Potato,1,2025,2500,2500,Rabi
Maharashtra,Rahuri,Onion,9,2024,500,4200,Kharif
Maharashtra,Junnar,Potato,12,2023,1000,1800,Rabi
Maharashtra,Khed(Chakan),Potato,7,2024,2500,3000,Kharif
Maharashtra,Vashi New Mumbai,Potato,10,2024,2200,3200,Kharif
Maharashtra,Lasalgaon(Vinchur),Onion,10,2024,2000,4400,Kharif
Maharashtra,Rahata,Potato,1,2025,1000,2200,Rabi
Maharashtra,Manchar,Onion,2,2024,1200,2000,Rabi
Maharashtra,Khed(Chakan),Potato,3,2024,1800,2200,Rabi
Maharashtra,Dindori(Vani),Onion,3,2024,1200,1600,Rabi
Maharashtra,Kamthi,Potato,2,2025,1500,2500,Rabi
Maharashtra,Jalgaon,Potato,8,2024,1600,2900,Kharif
Maharashtra,Shivsiddha Govind Producer Company Limited Sanchal,Onion,4,2025,900,1500,Zaid
Maharashtra,Vai,Potato,10,2024,2900,3200,Kharif
Maharashtra,Devala,Onion,11,2023,1500,4000,Rabi
Maharashtra,Junnar(Narayangaon),Onion,5,2025,400,1250,Zaid
Maharashtra,Baramati,Onion,8,2023,900,2680,Kharif
Maharashtra,Hingna,Potato,10,2024,2000,2400,Kharif
Maharashtra,Junnar(Narayangaon),Onion,6,2023,300,1200,Kharif
Maharashtra,Rahata,Potato,6,2024,2500,2700,Kharif
Maharashtra,Lasalgaon(Niphad),Onion,9,2024,2400,4510,Kharif
Maharashtra,Kalyan,Potato,9,2024,2300,2600,Kharif
Maharashtra,Jamkhed,Wheat,6,2023,2000,2200,Kharif
Maharashtra,Manmad,Onion,3,2024,700,1486,Rabi
Maharashtra,Chalisgaon,Wheat,7,2023,2000,2151,Kharif
Maharashtra,Khed(Chakan),Potato,2,2024,1200,1600,Rabi
Maharashtra,Vai,Onion,11,2024,3000,7500,Rabi
Maharashtra,Pune,Onion,2,2025,1600,3200,Rabi
Maharashtra,Bhusaval,Onion,3,2024,1000,1500,Rabi
Maharashtra,Sinner,Wheat,7,2023,2285,2550,Kharif
Maharashtra,Manmad,Onion,8,2023,500,2701,Kharif
Maharashtra,Rahuri(Vambori),Wheat,12,2023,2375,2552,Rabi
Maharashtra,Chandrapur(Ganjwad),Onion,4,2025,1000,1500,Zaid
Maharashtra,Solapur,Potato,6,2023,650,7200,Kharif
Maharashtra,Pune(Pimpri),Onion,5,2024,800,1800,Zaid
Maharashtra,Akola,Wheat,7,2023,2000,2500,Kharif
Maharashtra,Kurdwadi(Modnimb),Onion,10,2024,100,2200,Kharif
Maharashtra,Katol,Wheat,9,2023,2533,2576,Kharif
Maharashtra,Jalgaon,Potato,9,2023,900,1400,Kharif
Maharashtra,Chandrapur(Ganjwad),Onion,10,2024,2000,5000,Kharif
Maharashtra,Pune(Moshi),Onion,3,2024,800,1200,Rabi
Maharashtra,Rahuri,Onion,8,2024,500,3400,Kharif
Maharashtra,Pune(Moshi),Tomato,7,2023,5000,9000,Kharif
Maharashtra,Malegaon,Wheat,10,2023,2500,2828,Kharif
Maharashtra,Pune(Khadiki),Onion,8,2023,1000,1500,Kharif
Maharashtra,Dharangaon,Wheat,2,2024,2175,2481,Rabi
Maharashtra,Gangakhed,Wheat,8,2023,2200,2700,Kharif
Maharashtra,Rahata,Wheat,10,2023,2480,2637,Kharif
Maharashtra,Pimpalgaon,Onion,3,2024,400,1731,Rabi
Maharashtra,Lonand,Onion,7,2023,400,1700,Kharif
Maharashtra,Bhusaval,Potato,3,2024,1400,1800,Rabi
Maharashtra,Pimpalgaon Baswant(Saykheda),Onion,7,2023,350,1350,Kharif
Maharashtra,Shevgaon,Onion,4,2024,1200,1500,Zaid
Maharashtra,Junnar(Alephata),Onion,8,2024,2000,4500,Kharif
Maharashtra,Kamthi,Potato,4,2024,2000,3000,Zaid
Maharashtra,Amrawati(Frui & Veg. Market),Potato,3,2024,500,1500,Rabi
Maharashtra,Chandur Bazar,Wheat,10,2023,2100,2320,Kharif
Maharashtra,Lasalgaon(Vinchur),Onion,3,2025,1006,2391,Rabi
Maharashtra,Satara,Onion,3,2025,1000,2600,Rabi
Maharashtra,Kalvan,Wheat,10,2023,2200,2200,Kharif
Maharashtra,Kalyan,Onion,7,2024,2800,3000,Kharif
Maharashtra,Hingna,Onion,4,2024,1600,2000,Zaid
Maharashtra,Lasalgaon(Vinchur),Onion,11,2024,2000,4541,Rabi
Maharashtra,Shevgaon,Wheat,12,2023,2800,3000,Rabi
Maharashtra,Amrawati(Frui & Veg. Market),Potato,6,2025,1000,1800,Kharif
Maharashtra,Sangli,Wheat,8,2023,2900,4000,Kharif
Maharashtra,Shevgaon(Bodhegaon),Wheat,1,2024,2500,2600,Rabi
Maharashtra,Satara,Potato,7,2024,2800,3200,Kharif
Maharashtra,Dindori(Vani),Onion,1,2024,1291,1942,Rabi
Maharashtra,Rahuri,Wheat,6,2023,2075,2200,Kharif
Maharashtra,Pune(Moshi),Onion,6,2023,500,1000,Kharif
Maharashtra,Nagpur,Wheat,2,2024,2570,2882,Rabi
Maharashtra,Pune(Moshi),Onion,9,2024,2000,4000,Kharif
Maharashtra,Bhandara,Wheat,6,2023,2000,2100,Kharif
Maharashtra,Pune,Tomato,7,2023,3000,9000,Kharif
Maharashtra,Chandrapur(Ganjwad),Onion,7,2024,2800,3500,Kharif
Maharashtra,Palghar,Rice,4,2025,4274,4274,Zaid
Maharashtra,Rahuri(Vambori),Onion,3,2025,300,2600,Rabi
Maharashtra,Satara,Onion,11,2023,2000,4000,Rabi
Maharashtra,Parola,Wheat,9,2023,2166,2426,Kharif
Maharashtra,Solapur,Potato,5,2025,1350,1500,Zaid
Maharashtra,Lasalgaon(Vinchur),Onion,9,2024,2000,4751,Kharif
Maharashtra,Pune(Pimpri),Tomato,6,2023,1400,1600,Kharif
Maharashtra,Pune(Moshi),Potato,10,2024,1500,2500,Kharif
Maharashtra,Chandrapur(Ganjwad),Onion,8,2023,2000,3500,Kharif
Maharashtra,Shree Sairaj Krushi Market,Onion,7,2023,300,1700,Kharif
Maharashtra,Pen,Potato,9,2023,2600,2800,Kharif
Maharashtra,Manmad,Onion,12,2023,200,2601,Rabi
Maharashtra,Khed(Chakan),Potato,7,2023,1300,2000,Kharif
Maharashtra,Kamthi,Onion,7,2024,3500,4500,Kharif
Maharashtra,Nagpur,Onion,8,2023,2000,2400,Kharif
Maharashtra,Ahmednagar,Onion,3,2024,100,1700,Rabi
Maharashtra,Pimpalgaon,Tomato,6,2023,550,2475,Kharif
Maharashtra,Kamthi,Onion,12,2023,3500,4500,Rabi
Maharashtra,Lasalgaon(Vinchur),Onion,11,2024,2000,5052,Rabi
Maharashtra,Hinganghat,Wheat,1,2024,2300,2520,Rabi
Maharashtra,Mangal Wedha,Wheat,12,2023,2710,3320,Rabi
Maharashtra,Sinner,Onion,7,2023,200,1357,Kharif
Maharashtra,Satana,Onion,1,2024,500,2300,Rabi
Maharashtra,Mumbai,Wheat,6,2023,2800,6000,Kharif
Maharashtra,Karjat,Onion,2,2025,1500,3200,Rabi
Maharashtra,Pune,Onion,3,2024,600,1800,Rabi
Maharashtra,Khed(Chakan),Onion,9,2024,3000,4500,Kharif
Maharashtra,Dindori,Onion,5,2025,780,1901,Zaid
Maharashtra,Karad,Onion,5,2025,500,1600,Zaid
Maharashtra,Junnar(Narayangaon),Onion,4,2025,200,1400,Zaid
Maharashtra,Nandgaon,Wheat,7,2023,2200,2710,Kharif
Maharashtra,Umared,Wheat,9,2023,2100,3000,Kharif
Maharashtra,Ahmednagar,Onion,2,2024,100,1600,Rabi
Maharashtra,Rahuri(Vambori),Onion,8,2023,100,1900,Kharif
Maharashtra,Solapur,Potato,10,2023,950,1600,Kharif
Maharashtra,Pune(Moshi),Potato,1,2024,500,1000,Rabi
Maharashtra,Kamthi,Tomato,6,2023,1400,1800,Kharif
Maharashtra,Umrane,Onion,1,2024,751,1961,Rabi
Maharashtra,Pimpalgaon,Onion,3,2025,400,1655,Rabi
Maharashtra,Pune,Potato,4,2024,1800,2500,Zaid
Maharashtra,Nasik,Onion,9,2024,3300,4800,Kharif
Maharashtra,Pune(Manjri),Onion,12,2023,3300,3800,Rabi
Maharashtra,Shrirampur,Onion,8,2024,1400,2730,Kharif
Maharashtra,Pune(Pimpri),Onion,9,2024,4000,5000,Kharif
Maharashtra,Vai,Potato,12,2024,3000,4200,Rabi
Maharashtra,Nampur,Onion,7,2023,100,1770,Kharif
Maharashtra,Kopargaon,Onion,5,2024,500,1741,Zaid
Maharashtra,Palghar,Rice,5,2025,4700,4700,Zaid
Maharashtra,Chandvad,Onion,10,2024,1152,4375,Kharif
Maharashtra,Chandrapur(Ganjwad),Potato,4,2025,2000,2200,Zaid
Maharashtra,Nandgaon,Onion,3,2024,200,1603,Rabi
Maharashtra,Pune,Potato,1,2025,1500,2300,Rabi
Maharashtra,Rahuri,Wheat,6,2023,2000,2300,Kharif
Maharashtra,Pune(Pimpri),Onion,10,2023,3500,6000,Kharif
Maharashtra,Ahmednagar,Onion,5,2024,150,1700,Zaid
Maharashtra,Pimpalgaon,Tomato,6,2023,250,2150,Kharif
Maharashtra,Kada,Wheat,6,2023,2000,2500,Kharif
Maharashtra,Yeola,Onion,11,2024,1700,6100,Rabi
Maharashtra,Pune,Potato,11,2023,1000,2200,Rabi
Maharashtra,Manchar,Potato,3,2024,1000,1700,Rabi
Maharashtra,Rahuri,Wheat,10,2023,2400,2600,Kharif
Maharashtra,Pimpalgaon Baswant(Saykheda),Onion,2,2024,500,1360,Rabi
Maharashtra,Akluj,Potato,7,2023,1400,1600,Kharif
Maharashtra,Chandrapur(Ganjwad),Potato,1,2024,1500,1800,Rabi
Maharashtra,Jalgaon,Tomato,10,2023,400,700,Kharif
Maharashtra,Ahmednagar,Potato,9,2023,1000,2300,Kharif
Maharashtra,Lasalgaon,Onion,12,2023,2500,4141,Rabi
Maharashtra,Kalvan,Onion,11,2024,3000,6605,Rabi
Maharashtra,Lasalgaon,Onion,10,2023,2201,5001,Kharif
Maharashtra,Sinner,Onion,7,2023,100,1466,Kharif
Maharashtra,Raver,Wheat,11,2023,2640,2820,Rabi
Maharashtra,Vashi New Mumbai,Potato,9,2023,900,1500,Kharif
Maharashtra,Vai,Potato,4,2025,1600,2500,Zaid
Maharashtra,Pimpalgaon Baswant(Saykheda),Onion,4,2025,800,1400,Zaid
Maharashtra,Hingna,Onion,5,2024,1200,1500,Zaid
Maharashtra,Pune,Onion,7,2024,1200,3000,Kharif
Maharashtra,Kamthi,Onion,5,2025,1100,1500,Zaid
Maharashtra,Akluj,Potato,5,2025,1900,2100,Zaid
Maharashtra,Shrirampur,Onion,6,2024,900,2160,Kharif
Maharashtra,Pune(Manjri),Potato,2,2025,1600,2800,Rabi
Maharashtra,Shirpur,Onion,9,2023,400,2050,Kharif
Maharashtra,Kamthi,Onion,11,2023,3000,4000,Rabi
Maharashtra,Umrane,Onion,6,2023,355,1200,Kharif
Maharashtra,Rahuri,Onion,10,2024,500,5200,Kharif
Maharashtra,"Sangli(Phale, Bhajipura Market)",Onion,2,2024,500,2200,Rabi
Maharashtra,Vita,Onion,4,2025,1000,1400,Zaid
Maharashtra,Akluj,Onion,4,2024,300,1500,Zaid
Maharashtra,Nandgaon,Onion,6,2024,400,2500,Kharif
Maharashtra,Rahuri(Vambori),Onion,3,2025,200,1700,Rabi
Maharashtra,Lasalgaon(Vinchur),Onion,12,2023,750,1715,Rabi
Maharashtra,Rahuri(Vambori),Onion,9,2023,200,2500,Kharif
Maharashtra,Khed(Chakan),Potato,6,2023,1100,1800,Kharif
Maharashtra,Pune(Manjri),Potato,3,2024,1500,2000,Rabi
Maharashtra,Hingoli,Wheat,8,2023,1980,3000,Kharif
Maharashtra,Solapur,Wheat,8,2023,2295,3550,Kharif
Maharashtra,Kopargaon,Onion,4,2025,700,1400,Zaid
Maharashtra,Chandrapur(Ganjwad),Onion,9,2024,3750,5000,Kharif
Maharashtra,Pimpalgaon Baswant(Saykheda),Onion,1,2024,600,2000,Rabi
Maharashtra,Pune,Onion,6,2023,500,1400,Kharif
Maharashtra,Pune(Moshi),Onion,2,2024,500,1000,Rabi
Maharashtra,Parner,Onion,10,2023,300,2800,Kharif
Maharashtra,Pune,Potato,9,2023,1200,2000,Kharif
Maharashtra,Akola,Wheat,11,2023,2055,2955,Rabi
Maharashtra,Pachora,Wheat,11,2023,2400,2500,Rabi
Maharashtra,Raver,Wheat,11,2023,2290,2870,Rabi
Maharashtra,Hingna,Onion,3,2025,2200,3000,Rabi
Maharashtra,Baramati,Onion,8,2023,250,1500,Kharif
Maharashtra,Parner,Onion,6,2024,500,2700,Kharif
Maharashtra,Junnar(Narayangaon),Onion,4,2025,200,1510,Zaid
Maharashtra,Karjat(Raigad),Onion,9,2023,300,2000,Kharif
Maharashtra,Murud,Rice,6,2025,2500,2700,Kharif
Maharashtra,Pen,Potato,5,2024,2400,2600,Zaid
Maharashtra,Bhusaval,Potato,7,2024,2000,2500,Kharif
Maharashtra,Vashi New Mumbai,Potato,10,2024,2000,3300,Kharif
Maharashtra,Newasa(Ghodegaon),Onion,12,2024,1000,4800,Rabi
Maharashtra,Vai,Potato,3,2024,1500,2200,Rabi
Maharashtra,Hinganghat,Wheat,6,2023,2220,2300,Kharif
Maharashtra,Lasalgaon(Vinchur),Onion,12,2023,2000,4040,Rabi
Maharashtra,Rahata,Onion,7,2024,500,3100,Kharif
Maharashtra,Kalvan,Onion,3,2025,700,1775,Rabi
Maharashtra,Akola,Wheat,10,2023,2125,2575,Kharif
Maharashtra,Pune(Moshi),Onion,5,2024,500,2000,Zaid
Maharashtra,Nagpur,Potato,8,2024,2200,2800,Kharif
Maharashtra,Junnar(Narayangaon),Onion,8,2023,500,2300,Kharif
Maharashtra,Ramtek,Potato,12,2023,1400,1600,Rabi
Maharashtra,Chandrapur(Ganjwad),Onion,8,2023,1200,3000,Kharif
Maharashtra,Kalvan,Onion,4,2025,450,1700,Zaid
Maharashtra,Pune(Manjri),Onion,11,2023,3300,4400,Rabi
Maharashtra,Pune(Khadiki),Onion,6,2025,700,1400,Kharif
Maharashtra,Jalgaon,Potato,1,2025,1400,1800,Rabi
Maharashtra,Selu,Wheat,11,2023,2570,2570,Rabi
Maharashtra,Vita,Potato,7,2024,2800,3200,Kharif
Maharashtra,Nasik,Onion,10,2024,1000,3900,Kharif
Maharashtra,Nagpur,Potato,12,2024,2000,2600,Rabi
Maharashtra,Nagpur,Potato,10,2023,1200,1400,Kharif
Maharashtra,Akola,Onion,2,2025,1500,3200,Rabi
Maharashtra,Nagpur,Onion,10,2023,3800,4800,Kharif
Maharashtra,Laxmi Sopan Agriculture Produce Marketing Co Ltd,Onion,9,2024,600,4200,Kharif
Maharashtra,Vadgaonpeth,Onion,1,2024,1000,1500,Rabi
Maharashtra,Vasai,Rice,4,2025,3560,4960,Zaid
Maharashtra,Amarawati,Wheat,11,2023,2450,2600,Rabi
Maharashtra,"Sangli(Phale, Bhajipura Market)",Potato,5,2024,1600,2700,Zaid
Maharashtra,Vashi New Mumbai,Potato,6,2025,1100,1700,Kharif
Maharashtra,Anajngaon,Wheat,1,2024,2200,2700,Rabi
Maharashtra,Jamkhed,Wheat,2,2024,2200,2600,Rabi
Maharashtra,Vashi New Mumbai,Onion,1,2024,900,1400,Rabi
Maharashtra,Shrirampur,Onion,3,2025,900,1600,Rabi
Maharashtra,Shrirampur,Potato,5,2025,2000,2200,Zaid
Maharashtra,Yawal,Onion,6,2023,490,750,Kharif
Maharashtra,Nagpur,Onion,3,2024,1000,1500,Rabi
Maharashtra,Umrane,Onion,6,2023,401,1200,Kharif
Maharashtra,Shree Rameshwar Krushi Market,Onion,7,2023,200,1821,Kharif
Maharashtra,Phaltan,Wheat,7,2023,2200,2850,Kharif
Maharashtra,Nandgaon,Wheat,10,2023,2539,2941,Kharif
Maharashtra,Kalvan,Onion,11,2023,1500,4601,Rabi
Maharashtra,Bhusaval,Potato,1,2024,1500,1600,Rabi
Maharashtra,Ramtek,Potato,9,2023,1800,2000,Kharif
Maharashtra,Pune(Moshi),Onion,11,2024,1000,5000,Rabi
Maharashtra,Shrigonda,Onion,3,2025,500,2200,Rabi
Maharashtra,Sakri,Onion,1,2024,610,1160,Rabi
Maharashtra,Pune(Moshi),Onion,10,2023,700,2000,Kharif
Maharashtra,Nagpur,Wheat,2,2024,3100,3500,Rabi
Maharashtra,Yawal,Onion,4,2024,1240,1650,Zaid
Maharashtra,Shahada,Wheat,9,2023,2598,2676,Kharif
Maharashtra,Khed(Chakan),Potato,4,2025,1400,2000,Zaid
Maharashtra,Kolhapur,Onion,5,2025,500,1900,Zaid
Maharashtra,Ahmednagar,Onion,9,2024,500,3600,Kharif
Maharashtra,Nandgaon,Onion,3,2025,200,1435,Rabi
Maharashtra,Junnar(Narayangaon),Onion,7,2024,1000,3000,Kharif
Maharashtra,Pune(Manjri),Onion,3,2025,1500,2200,Rabi
Maharashtra,Shevgaon(Bodhegaon),Wheat,10,2023,2400,2500,Kharif
Maharashtra,Akole,Onion,10,2024,1000,4100,Kharif
Maharashtra,Kalvan,Onion,10,2023,1000,3880,Kharif
Maharashtra,Chandur Bazar,Wheat,6,2023,2200,2600,Kharif
Maharashtra,"Sangli(Phale, Bhajipura Market)",Onion,1,2024,300,2100,Rabi
Maharashtra,Jalgaon,Potato,6,2023,800,1200,Kharif
Maharashtra,Pune(Pimpri),Onion,4,2024,1000,1500,Zaid
Maharashtra,Bhusaval,Potato,4,2025,1500,2000,Zaid
Maharashtra,Satana,Onion,2,2025,400,2450,Rabi
Maharashtra,Akola,Wheat,8,2023,1805,2750,Kharif
Maharashtra,Pratap Nana Mahale Khajgi Bajar Samiti,Onion,7,2023,150,1440,Kharif
Maharashtra,Sinner,Wheat,10,2023,2445,2710,Kharif
Maharashtra,Nandurbar,Wheat,8,2023,2551,2551,Kharif
Maharashtra,Rahata,Wheat,1,2024,2560,2930,Rabi
Maharashtra,Chandvad,Onion,4,2025,600,1415,Zaid
Maharashtra,Sinner,Onion,2,2024,300,1290,Rabi
Maharashtra,Achalpur,Wheat,9,2023,2500,2550,Kharif
Maharashtra,Satana,Onion,7,2023,225,1715,Kharif
Maharashtra,Gevrai,Wheat,2,2024,2275,3300,Rabi
Maharashtra,Junnar(Narayangaon),Onion,8,2023,300,2200,Kharif
Maharashtra,Lasalgaon,Onion,7,2023,600,1640,Kharif
Maharashtra,Kamthi,Onion,7,2024,4000,5000,Kharif
Maharashtra,Chandur Bazar,Wheat,7,2023,2000,2350,Kharif
Maharashtra,Akluj,Onion,2,2024,200,1700,Rabi
Maharashtra,Nagpur,Onion,6,2023,1000,1500,Kharif
Maharashtra,Pimpalgaon,Onion,6,2025,525,2425,Kharif
Maharashtra,Dhule,Onion,5,2024,100,1600,Zaid
Maharashtra,Laxmi Sopan Agriculture Produce Marketing Co Ltd,Onion,2,2025,600,3600,Rabi
Maharashtra,Pratap Nana Mahale Khajgi Bajar Samiti,Onion,7,2023,930,1280,Kharif
Maharashtra,Raver,Wheat,8,2023,2221,2545,Kharif
Maharashtra,Vadvani,Wheat,10,2023,2301,2651,Kharif
Maharashtra,Vai,Potato,2,2024,1500,1800,Rabi
Maharashtra,Pune(Moshi),Potato,7,2024,2300,2600,Kharif
Maharashtra,Lasalgaon(Vinchur),Onion,7,2023,400,1605,Kharif
Maharashtra,Manwat,Wheat,6,2023,2125,2701,Kharif
Maharashtra,Satara,Potato,6,2025,1500,2000,Kharif
Maharashtra,Hingna,Tomato,10,2023,800,1000,Kharif
Maharashtra,Pimpalgaon,Onion,2,2025,650,2976,Rabi
Maharashtra,Pune(Pimpri),Onion,8,2024,2600,3400,Kharif
Maharashtra,Jalgaon,Onion,10,2024,1625,4627,Kharif
Maharashtra,Pune(Pimpri),Onion,7,2023,1200,1600,Kharif
Maharashtra,Vadgaonpeth,Onion,3,2024,1000,2000,Rabi
Maharashtra,Junnar(Narayangaon),Potato,5,2025,1600,2300,Zaid
Maharashtra,Pune(Khadiki),Potato,3,2025,600,1300,Rabi
Maharashtra,Navapur,Wheat,12,2023,2200,2300,Rabi
Maharashtra,Bhusaval,Onion,3,2025,2000,2500,Rabi
Maharashtra,Vai,Potato,12,2023,1500,2200,Rabi
Maharashtra,Nagpur,Potato,9,2023,1200,1400,Kharif
Maharashtra,Chandrapur(Ganjwad),Potato,6,2024,2800,3000,Kharif
Maharashtra,Bhokar,Wheat,9,2023,2125,2502,Kharif
Maharashtra,Dondaicha,Wheat,8,2023,2100,2788,Kharif
Maharashtra,Manchar,Potato,11,2023,600,1200,Rabi
Maharashtra,Akluj,Potato,6,2024,2700,3200,Kharif
Maharashtra,Ahmednagar,Potato,8,2023,1300,2000,Kharif
Maharashtra,"Sangli(Phale, Bhajipura Market)",Potato,9,2024,2500,3000,Kharif
Maharashtra,Vai,Tomato,8,2023,4000,12000,Kharif
Maharashtra,Solapur,Potato,12,2024,1700,2700,Rabi
Maharashtra,Amrawati(Frui & Veg. Market),Onion,7,2023,1200,3000,Kharif
Maharashtra,Pune(Moshi),Potato,9,2023,800,1500,Kharif
Maharashtra,Pen,Onion,8,2023,2600,2800,Kharif
Maharashtra,Junnar(Narayangaon),Tomato,10,2023,500,1250,Kharif
Maharashtra,Solapur,Onion,2,2025,400,4300,Rabi
Maharashtra,Vadgaonpeth,Onion,12,2024,3700,6000,Rabi
Maharashtra,Dindori(Vani),Onion,10,2024,3800,4655,Kharif
Maharashtra,Shree Rameshwar Krushi Market,Onion,9,2024,511,4500,Kharif
Maharashtra,Dhamngaon-Railway,Wheat,8,2023,2375,2470,Kharif
Maharashtra,Karjat(Raigad),Wheat,11,2023,2200,2700,Rabi
Maharashtra,Sinner,Onion,10,2023,700,4786,Kharif
Maharashtra,Akluj,Potato,12,2023,1400,1600,Rabi
Maharashtra,Nagpur,Onion,11,2024,1600,4000,Rabi
Maharashtra,Pune(Moshi),Potato,3,2024,1500,1600,Rabi
Maharashtra,Junnar(Narayangaon),Onion,5,2024,400,2000,Zaid
Maharashtra,Ahmednagar,Wheat,7,2023,2150,2500,Kharif
Maharashtra,Pune(Manjri),Potato,4,2024,1500,2000,Zaid
Maharashtra,Pachora,Wheat,6,2023,2101,2451,Kharif
Maharashtra,Kamthi,Potato,12,2024,3000,4000,Rabi
Maharashtra,Kamthi,Potato,12,2023,1400,1800,Rabi
Maharashtra,Sinner,Onion,2,2024,300,1503,Rabi
Maharashtra,Shevgaon,Onion,9,2024,1000,2000,Kharif
Maharashtra,Pune(Manjri),Tomato,7,2023,6800,9100,Kharif
Maharashtra,Pimpalgaon,Tomato,7,2023,4525,7525,Kharif
Maharashtra,Sangamner,Onion,10,2024,1500,4711,Kharif
Maharashtra,Pune,Onion,9,2024,3000,4800,Kharif
Maharashtra,Pune(Manjri),Onion,1,2024,1300,2200,Rabi
Maharashtra,Junnar(Otur),Potato,1,2025,500,1600,Rabi
Maharashtra,Solapur,Wheat,1,2024,2515,4105,Rabi
Maharashtra,Manchar,Onion,11,2023,1800,4750,Rabi
Maharashtra,Sakri,Wheat,7,2023,2165,2350,Kharif
Maharashtra,Newasa(Ghodegaon),Onion,11,2023,1000,4500,Rabi
Maharashtra,Junnar(Narayangaon),Potato,11,2023,500,1600,Rabi
Maharashtra,Lasalgaon(Vinchur),Onion,10,2023,1500,4199,Kharif
Maharashtra,"Sangli(Phale, Bhajipura Market)",Onion,6,2024,1000,2600,Kharif
Maharashtra,Solapur,Onion,4,2024,200,2000,Zaid
Maharashtra,Satana,Onion,4,2024,300,1650,Zaid
Maharashtra,Hingna,Potato,7,2024,2000,2500,Kharif
Maharashtra,Dhule,Onion,9,2023,200,2100,Kharif
Maharashtra,Shirpur,Wheat,1,2024,2025,2640,Rabi
Maharashtra,Gangakhed,Wheat,8,2023,2200,2500,Kharif
Maharashtra,Kopargaon,Onion,5,2025,500,1271,Zaid
Maharashtra,Shevgaon,Onion,8,2023,1700,2600,Kharif
Maharashtra,Pune,Onion,4,2025,600,1500,Zaid
Maharashtra,Pune(Moshi),Tomato,7,2023,5000,8000,Kharif
Maharashtra,Sangamner,Onion,1,2024,200,1851,Rabi
Maharashtra,Junnar,Potato,2,2024,1300,1600,Rabi
Maharashtra,Dondaicha,Wheat,12,2023,2425,2881,Rabi
Maharashtra,Jalgaon,Onion,1,2024,312,1250,Rabi
Maharashtra,Pune,Potato,2,2025,1500,2000,Rabi
Maharashtra,Chandrapur(Ganjwad),Potato,7,2024,3000,3500,Kharif
Maharashtra,Pimpalgaon Baswant(Saykheda),Onion,6,2025,700,2100,Kharif
Maharashtra,Satara,Potato,1,2024,1000,1900,Rabi
Maharashtra,Jamkhed,Onion,7,2023,100,1600,Kharif
Maharashtra,Akola,Onion,8,2024,2500,4500,Kharif
Maharashtra,Kalyan,Potato,6,2024,2400,2800,Kharif
Maharashtra,Pune(Manjri),Potato,6,2023,1400,2000,Kharif
Maharashtra,Kurdwadi(Modnimb),Onion,4,2025,150,1000,Zaid
Maharashtra,Rahuri,Potato,3,2025,500,1900,Rabi
Maharashtra,Pune(Moshi),Potato,8,2023,1000,1400,Kharif
Maharashtra,Shevgaon,Onion,4,2024,600,1000,Zaid
Maharashtra,Lasalgaon(Niphad),Wheat,10,2023,2400,2835,Kharif
Maharashtra,Bhusaval,Tomato,7,2023,6000,8000,Kharif
Maharashtra,Pune(Khadiki),Onion,3,2025,1200,1800,Rabi
Maharashtra,Shevgaon,Onion,9,2023,2500,3000,Kharif
Maharashtra,Akola,Onion,2,2025,1500,2500,Rabi
Maharashtra,Dhule,Wheat,6,2023,2100,2751,Kharif
Maharashtra,Dondaicha,Wheat,6,2023,2000,2507,Kharif
Maharashtra,Om Chaitanya Multistate Agro Purpose CoOp Society,Onion,5,2025,200,1300,Zaid
Maharashtra,Rahata,Potato,7,2023,1500,1600,Kharif
Maharashtra,Kamthi,Tomato,8,2023,4000,5000,Kharif
Maharashtra,Jalgaon,Potato,10,2024,1700,2800,Kharif
Maharashtra,Pune(Pimpri),Onion,10,2023,1400,3500,Kharif
Maharashtra,Loha,Wheat,9,2023,2251,3152,Kharif
Maharashtra,Chandur Bazar,Wheat,10,2023,2150,2900,Kharif
Maharashtra,Khed(Chakan),Potato,3,2024,1500,2000,Rabi
Maharashtra,Akola,Onion,4,2025,500,1300,Zaid
Maharashtra,Lasalgaon,Onion,9,2023,700,2302,Kharif
Maharashtra,Rahata,Potato,12,2024,2000,2500,Rabi
Maharashtra,Morshi,Wheat,1,2024,2000,2200,Rabi
Maharashtra,Solapur,Wheat,10,2023,2305,3795,Kharif
Maharashtra,Nandgaon,Onion,2,2025,501,2441,Rabi
Maharashtra,Chalisgaon,Wheat,10,2023,2350,2725,Kharif
Maharashtra,Pune(Khadiki),Potato,5,2024,1500,1700,Zaid
Maharashtra,Lasalgaon(Niphad),Onion,2,2024,1011,1900,Rabi
Maharashtra,Bhusaval,Potato,1,2024,1400,2000,Rabi
Maharashtra,Solapur,Tomato,6,2023,600,4000,Kharif
Maharashtra,Chandvad,Onion,3,2025,700,1750,Rabi
Maharashtra,Nagpur,Wheat,9,2023,3000,3200,Kharif
Maharashtra,Achalpur,Wheat,6,2023,2200,2500,Kharif
Maharashtra,Yawal,Onion,4,2024,1210,1620,Zaid
Maharashtra,Navapur,Onion,3,2024,700,2000,Rabi
Maharashtra,"Sangli(Phale, Bhajipura Market)",Onion,9,2024,1500,4700,Kharif
Maharashtra,Dindori,Onion,6,2023,601,1173,Kharif
Maharashtra,Dindori(Vani),Onion,3,2025,1100,1618,Rabi
Maharashtra,Akluj,Onion,3,2024,350,2000,Rabi
Maharashtra,Vashi New Mumbai,Onion,12,2024,1500,5000,Rabi
Maharashtra,Kamthi,Tomato,6,2023,2500,3500,Kharif
Maharashtra,Om Chaitanya Multistate Agro Purpose CoOp Society,Onion,9,2023,500,2500,Kharif
Maharashtra,Akole,Onion,8,2024,800,3051,Kharif
Maharashtra,"Sangli(Phale, Bhajipura Market)",Onion,7,2024,1500,3150,Kharif
Maharashtra,Chandvad,Onion,7,2024,1300,2990,Kharif
Maharashtra,Kalyan,Onion,4,2025,1000,1200,Zaid
Maharashtra,Chandrapur(Ganjwad),Potato,4,2025,1800,2000,Zaid
Maharashtra,Nandgaon,Onion,10,2023,1000,6000,Kharif
Maharashtra,Vadgaonpeth,Onion,5,2024,1500,1800,Zaid
Maharashtra,Amrawati(Frui & Veg. Market),Onion,5,2024,700,1700,Zaid
Maharashtra,Akola,Potato,6,2023,1000,1300,Kharif
Maharashtra,Junnar(Narayangaon),Onion,12,2023,500,5000,Rabi
Maharashtra,Kopargaon,Onion,2,2025,1000,2612,Rabi
Maharashtra,Khed(Chakan),Potato,3,2024,1400,2000,Rabi
Maharashtra,Amrawati(Frui & Veg. Market),Onion,1,2024,500,1900,Rabi
Maharashtra,Junnar,Potato,4,2025,1300,1800,Zaid
Maharashtra,Bhusaval,Potato,5,2025,1400,2000,Zaid
Maharashtra,Lasalgaon,Onion,5,2025,700,1930,Zaid
Maharashtra,Khed(Chakan),Onion,3,2024,1200,1800,Rabi
Maharashtra,Pune(Manjri),Potato,10,2023,1500,2000,Kharif
Maharashtra,Solapur,Potato,7,2024,1600,3200,Kharif
Maharashtra,Dhule,Onion,5,2024,100,1900,Zaid
Maharashtra,Manwat,Wheat,9,2023,2325,29050,Kharif
Maharashtra,Pimpalgaon,Onion,6,2023,200,3001,Kharif
Maharashtra,Shirur,Onion,11,2024,1000,6500,Rabi
Maharashtra,Rahuri(Vambori),Wheat,11,2023,2400,2761,Rabi
Maharashtra,Junnar(Narayangaon),Onion,10,2023,1200,5000,Kharif
Maharashtra,Pen,Potato,4,2024,2800,3000,Zaid
Maharashtra,Lasalgaon,Onion,4,2025,700,1552,Zaid
Maharashtra,Kopargaon,Wheat,10,2023,2302,2766,Kharif
Maharashtra,Hinganghat,Wheat,6,2023,2110,2365,Kharif
Maharashtra,Pune(Khadiki),Onion,2,2024,1000,1500,Rabi
Maharashtra,Pune,Potato,11,2024,2400,4000,Rabi
Maharashtra,Shrirampur,Potato,10,2024,2500,3000,Kharif
Maharashtra,Jalgaon,Onion,4,2025,375,1177,Zaid
Maharashtra,Chandrapur(Ganjwad),Onion,3,2025,1500,2000,Rabi
Maharashtra,Lasalgaon(Vinchur),Onion,10,2024,2000,4451,Kharif
Maharashtra,Lasalgaon(Vinchur),Onion,6,2023,400,1400,Kharif
Maharashtra,Mankamneshwar Farmar Producer CoLtd Sanchalit Mank,Onion,9,2024,2000,4811,Kharif
Maharashtra,Akluj,Potato,2,2025,1000,1800,Rabi
Maharashtra,Satara,Potato,3,2024,1500,2200,Rabi
Maharashtra,Chandrapur(Ganjwad),Onion,7,2023,1200,3000,Kharif
Maharashtra,Junnar(Narayangaon),Potato,11,2024,500,3200,Rabi
Maharashtra,Sangamner,Onion,3,2024,150,1700,Rabi
Maharashtra,Dhule,Onion,5,2025,200,1000,Zaid
Maharashtra,Satara,Potato,2,2024,1000,1800,Rabi
Maharashtra,Chandrapur(Ganjwad),Onion,9,2023,2500,4500,Kharif
Maharashtra,Phaltan,Tomato,6,2023,400,4500,Kharif
Maharashtra,Vita,Potato,8,2023,1600,1800,Kharif
Maharashtra,Karad,Onion,6,2023,400,1500,Kharif
Maharashtra,Dhule,Wheat,9,2023,2400,2956,Kharif
Maharashtra,Junnar(Otur),Potato,12,2023,500,1650,Rabi
Maharashtra,Laxmi Sopan Agriculture Produce Marketing Co Ltd,Onion,7,2023,300,1150,Kharif
Maharashtra,Pimpalgaon,Onion,2,2025,800,3455,Rabi
Maharashtra,"Sangli(Phale, Bhajipura Market)",Potato,9,2024,2000,3200,Kharif
Maharashtra,Pune,Onion,8,2023,1000,2500,Kharif
Maharashtra,Dhule,Wheat,6,2023,1925,2606,Kharif
Maharashtra,Pune(Pimpri),Onion,4,2024,1000,1600,Zaid
Maharashtra,Amalner,Wheat,9,2023,2395,2551,Kharif
Maharashtra,Kopargaon,Onion,10,2023,500,3920,Kharif
Maharashtra,Nasik,Onion,2,2024,500,1550,Rabi
Maharashtra,Umrane,Onion,1,2024,701,2150,Rabi
Maharashtra,Laxmi Sopan Agriculture Produce Marketing Co Ltd,Onion,9,2024,600,3000,Kharif
Maharashtra,Rahata,Onion,3,2025,500,2000,Rabi
Maharashtra,Shrirampur,Wheat,7,2023,2050,2250,Kharif
Maharashtra,Bhusaval,Potato,11,2024,2200,3000,Rabi
Maharashtra,Shevgaon,Onion,8,2024,800,1600,Kharif
Maharashtra,Shevgaon(Bodhegaon),Wheat,8,2023,2400,2500,Kharif
Maharashtra,Junnar(Otur),Onion,3,2025,1000,2110,Rabi
Maharashtra,Nagpur,Potato,6,2023,900,1200,Kharif
Maharashtra,Solapur,Wheat,8,2023,2320,3515,Kharif
Maharashtra,Kopargaon,Onion,9,2024,1000,4305,Kharif
Maharashtra,Kalvan,Onion,2,2024,400,1440,Rabi
Maharashtra,Solapur,Potato,7,2023,650,2300,Kharif
Maharashtra,Shrirampur,Potato,6,2024,2400,2800,Kharif
Maharashtra,Satara,Onion,7,2024,2500,3000,Kharif
Maharashtra,Akola,Potato,10,2024,1500,2700,Kharif
Maharashtra,Nasik,Potato,6,2024,2300,2750,Kharif
Maharashtra,Lasalgaon(Vinchur),Onion,11,2024,2000,4900,Rabi
Maharashtra,Shrigonda,Onion,6,2024,200,2150,Kharif
Maharashtra,Mangal Wedha,Wheat,10,2023,3100,3760,Kharif
Maharashtra,Nampur,Onion,2,2024,100,1830,Rabi
Maharashtra,Akluj,Onion,1,2024,500,2300,Rabi
Maharashtra,Pune,Wheat,9,2023,4300,5600,Kharif
Maharashtra,Nagpur,Onion,5,2024,1000,1600,Zaid
Maharashtra,Jalgaon,Potato,10,2023,800,1300,Kharif
Maharashtra,Kopargaon,Wheat,9,2023,2500,2828,Kharif
Maharashtra,Vita,Onion,4,2025,800,1300,Zaid
Maharashtra,Satara,Onion,10,2023,1500,2500,Kharif
Maharashtra,Rahuri,Onion,3,2025,100,1900,Rabi
Maharashtra,Amrawati(Frui & Veg. Market),Onion,12,2024,1500,5200,Rabi
Maharashtra,Kopargaon,Onion,7,2023,500,1638,Kharif
Maharashtra,Jalgaon,Potato,2,2025,1400,1800,Rabi
Maharashtra,Akole,Onion,3,2024,200,1700,Rabi
Maharashtra,Kalyan,Onion,11,2024,4500,5000,Rabi
Maharashtra,Palghar,Wheat,8,2023,3050,3050,Kharif
Maharashtra,Shevgaon,Wheat,12,2023,2400,2800,Rabi
Maharashtra,Dharangaon,Wheat,1,2024,2976,2976,Rabi
Maharashtra,Manmad,Onion,6,2023,200,1181,Kharif
Maharashtra,"Sangli(Phale, Bhajipura Market)",Onion,3,2024,300,1900,Rabi
Maharashtra,Ramtek,Onion,4,2025,1300,1500,Zaid
Maharashtra,Hingoli(Kanegoan Naka),Wheat,7,2023,2000,2100,Kharif
Maharashtra,Pen,Potato,4,2024,2000,2200,Zaid
Maharashtra,Kalvan,Onion,3,2024,250,1235,Rabi
Maharashtra,Pune(Manjri),Onion,7,2023,1100,1500,Kharif
Maharashtra,Khed(Chakan),Potato,3,2025,1200,1800,Rabi
Maharashtra,Jalgaon,Potato,1,2025,1400,2000,Rabi
Maharashtra,Karjat(Raigad),Wheat,6,2023,2000,2500,Kharif
Maharashtra,Rahuri,Wheat,12,2023,2400,2600,Rabi
Maharashtra,Nasik,Onion,10,2023,600,2300,Kharif
Maharashtra,Telhara,Wheat,11,2023,2475,2625,Rabi
Maharashtra,Solapur,Potato,1,2025,1200,2000,Rabi
Maharashtra,Solapur,Onion,2,2025,200,3400,Rabi
Maharashtra,Katol,Wheat,1,2024,2390,2751,Rabi
Maharashtra,Ratnagiri (Nachane),Tomato,7,2023,7500,8000,Kharif
Maharashtra,Rahata,Wheat,8,2023,2400,2675,Kharif
Maharashtra,Manmad,Onion,5,2024,360,1769,Zaid
Maharashtra,Vaduj,Wheat,12,2023,2300,2500,Rabi
Maharashtra,Jamkhed,Wheat,1,2024,2000,2400,Rabi
Maharashtra,Rahuri(Vambori),Onion,6,2023,100,1300,Kharif
Maharashtra,Solapur,Potato,8,2023,1000,1450,Kharif
Maharashtra,Bhusaval,Onion,10,2024,2500,3500,Kharif
Maharashtra,Lasalgaon(Vinchur),Onion,3,2024,900,1860,Rabi
Maharashtra,Pune(Pimpri),Onion,2,2024,700,1100,Rabi
Maharashtra,Dondaicha(Sindhkheda),Wheat,10,2023,2600,2600,Kharif
Maharashtra,Ramtek,Potato,10,2024,3000,4000,Kharif
Maharashtra,Hingna,Potato,12,2024,2600,3000,Rabi
Maharashtra,Sangamner,Onion,4,2025,100,1351,Zaid
Maharashtra,"Sangli(Phale, Bhajipura Market)",Potato,11,2024,2500,2800,Rabi
Maharashtra,Manmad,Onion,11,2024,900,4555,Rabi
Maharashtra,Rahuri(Vambori),Onion,5,2024,200,2800,Zaid
Maharashtra,Sakri,Onion,12,2023,800,2100,Rabi
Maharashtra,Pathardi,Onion,11,2024,1000,6600,Rabi
Maharashtra,Nagpur,Onion,4,2025,1000,1400,Zaid
Maharashtra,Vaduj,Wheat,2,2024,2300,2500,Rabi
Maharashtra,Mangal Wedha,Onion,11,2024,200,4500,Rabi
Maharashtra,Pune(Pimpri),Onion,8,2023,1200,2500,Kharif
Maharashtra,Umrane,Onion,8,2024,1100,2860,Kharif
Maharashtra,Lasalgaon(Niphad),Onion,1,2024,1000,2000,Rabi
Maharashtra,Satara,Potato,12,2024,1500,2000,Rabi
Maharashtra,Lasalgaon,Onion,12,2023,700,1697,Rabi
Maharashtra,Satana,Onion,4,2025,300,1335,Zaid
Maharashtra,Solapur,Onion,6,2023,100,2000,Kharif
Maharashtra,Savner,Wheat,6,2023,2100,2515,Kharif
Maharashtra,Bhusaval,Potato,1,2025,2000,3000,Rabi
Maharashtra,Pune(Khadiki),Potato,10,2024,2000,2400,Kharif
Maharashtra,Pune(Moshi),Potato,3,2024,1100,1700,Rabi
Maharashtra,Shirpur,Wheat,9,2023,2500,2752,Kharif
Maharashtra,Nasik,Potato,1,2025,1000,1800,Rabi
Maharashtra,Karad,Onion,10,2024,3000,3800,Kharif
Maharashtra,Akluj,Potato,4,2025,1800,2000,Zaid
Maharashtra,Pune(Manjri),Potato,12,2024,2000,3000,Rabi
Maharashtra,Akluj,Potato,12,2023,1400,1700,Rabi
Maharashtra,Kalvan,Onion,11,2024,2000,5900,Rabi
Maharashtra,Akole,Onion,9,2023,200,2611,Kharif
Maharashtra,Palghar,Rice,4,2025,4300,4300,Zaid
Maharashtra,Pimpalgaon Baswant(Saykheda),Onion,10,2024,2500,4680,Kharif
Maharashtra,Satana,Wheat,6,2023,2044,2600,Kharif
Maharashtra,Kamthi,Onion,2,2025,2000,3000,Rabi
Maharashtra,Nandgaon,Onion,7,2024,900,3022,Kharif
Maharashtra,Nagpur,Potato,4,2025,1200,1800,Zaid
Maharashtra,Nandgaon,Onion,12,2023,301,3953,Rabi
Maharashtra,Lasalgaon,Onion,6,2023,400,1801,Kharif
Maharashtra,Shree Sairaj Krushi Market,Onion,10,2024,400,5000,Kharif
Maharashtra,Parola,Wheat,6,2023,2215,2215,Kharif
Maharashtra,Satara,Onion,6,2023,800,1200,Kharif
Maharashtra,Rahuri(Vambori),Onion,5,2024,200,2000,Zaid
Maharashtra,Vai,Potato,3,2024,1800,2300,Rabi
Maharashtra,Nagpur,Onion,11,2023,3500,4500,Rabi
Maharashtra,Ramtek,Wheat,7,2023,2250,2310,Kharif
Maharashtra,Amrawati(Frui & Veg. Market),Onion,7,2024,2600,3200,Kharif
Maharashtra,Yeola,Onion,7,2023,300,1500,Kharif
Maharashtra,Khed(Chakan),Onion,8,2023,1000,2200,Kharif
Maharashtra,Parner,Onion,8,2024,1500,4500,Kharif
Maharashtra,Jalgaon,Onion,9,2024,1150,4377,Kharif
Maharashtra,Yeola,Wheat,12,2023,2199,2800,Rabi
Maharashtra,Pimpalgaon,Onion,1,2024,400,1510,Rabi
Maharashtra,Wardha,Wheat,8,2023,2360,2425,Kharif
Maharashtra,Pimpalgaon Baswant(Saykheda),Onion,6,2025,800,1600,Kharif
Maharashtra,Achalpur,Wheat,9,2023,2400,2500,Kharif
Maharashtra,Manchar,Onion,12,2023,500,2000,Rabi
Maharashtra,Murtizapur,Wheat,8,2023,2230,2480,Kharif
Maharashtra,Amrawati(Frui & Veg. Market),Potato,5,2024,800,2400,Zaid
Maharashtra,Shrirampur,Potato,10,2023,950,1200,Kharif
Maharashtra,Karad,Tomato,7,2023,7000,7500,Kharif
Maharashtra,Pune(Moshi),Onion,12,2023,500,2500,Rabi
Maharashtra,Nasik,Potato,7,2024,2450,3200,Kharif
Maharashtra,Vadgaonpeth,Potato,6,2023,1200,1600,Kharif
Maharashtra,Karad,Onion,7,2023,500,1700,Kharif
Maharashtra,Hinganghat,Wheat,12,2023,2435,2580,Rabi
Maharashtra,Amrawati(Frui & Veg. Market),Potato,12,2023,800,1600,Rabi
Maharashtra,Bhusaval,Onion,5,2025,1000,1500,Zaid
Maharashtra,Sangamner,Onion,2,2024,151,1811,Rabi
Maharashtra,Pimpalgaon Baswant(Saykheda),Onion,12,2023,700,1813,Rabi
Maharashtra,Solapur,Potato,3,2024,700,2000,Rabi
Maharashtra,Nasik,Onion,5,2025,300,1300,Zaid
Maharashtra,Pune(Khadiki),Potato,12,2023,1400,1600,Rabi
Maharashtra,Amrawati(Frui & Veg. Market),Onion,8,2023,1000,4300,Kharif
Maharashtra,Nasik,Potato,5,2025,1500,2050,Zaid
Maharashtra,Nanded,Wheat,6,2023,2155,2800,Kharif
Maharashtra,Dondaicha,Wheat,8,2023,2200,2752,Kharif
Maharashtra,Manchar,Potato,9,2024,1500,2500,Kharif
Maharashtra,Hingna,Potato,11,2024,2300,3000,Rabi
Maharashtra,Lasalgaon(Vinchur),Onion,2,2024,800,1781,Rabi
Maharashtra,"Sangli(Phale, Bhajipura Market)",Potato,10,2023,1200,1900,Kharif
Maharashtra,Mangal Wedha,Onion,6,2024,200,2300,Kharif
Maharashtra,Karad,Onion,8,2024,3000,3500,Kharif
Maharashtra,Manmad,Onion,7,2023,200,1566,Kharif
Maharashtra,Akola,Potato,3,2024,1000,1600,Rabi
Maharashtra,Rahuri,Potato,2,2025,700,1800,Rabi
Maharashtra,Solapur,Onion,8,2023,100,2700,Kharif
Maharashtra,Rahuri,Potato,12,2024,1400,3500,Rabi
Maharashtra,Manchar,Potato,12,2024,1000,2510,Rabi
Maharashtra,Dharangaon,Wheat,9,2023,2200,2411,Kharif
Maharashtra,Islampur,Onion,3,2025,1500,1800,Rabi
Maharashtra,Amrawati(Frui & Veg. Market),Onion,9,2024,3500,5500,Kharif
Maharashtra,Kurdwadi(Modnimb),Onion,10,2023,1400,2550,Kharif
Maharashtra,Bhusaval,Onion,8,2023,900,1200,Kharif
Maharashtra,Junnar(Otur),Potato,10,2024,1000,2660,Kharif
Maharashtra,Junnar(Alephata),Onion,5,2024,1100,3110,Zaid
Maharashtra,Solapur,Onion,2,2024,200,2250,Rabi
Maharashtra,Hingna,Potato,11,2024,2300,3200,Rabi
Maharashtra,Pune(Khadiki),Onion,4,2024,800,1500,Zaid
Maharashtra,Pune,Potato,7,2023,1200,2000,Kharif
Maharashtra,Shevgaon,Onion,1,2024,1400,1900,Rabi
Maharashtra,Pune(Khadiki),Onion,5,2024,1000,1500,Zaid
Maharashtra,Junnar(Otur),Potato,4,2024,1000,3000,Zaid
Maharashtra,Pune(Khadiki),Onion,12,2024,2700,4200,Rabi
Maharashtra,Lasalgaon(Niphad),Onion,12,2024,4000,4555,Rabi
Maharashtra,Pimpalgaon,Onion,8,2023,500,2400,Kharif
Maharashtra,Pune,Potato,11,2024,2200,3100,Rabi
Maharashtra,Pimpalgaon Baswant(Saykheda),Onion,2,2025,800,2451,Rabi
Maharashtra,Lasalgaon,Onion,3,2025,800,1371,Rabi
Maharashtra,Pathardi,Onion,2,2024,200,1200,Rabi
Maharashtra,Bhusaval,Potato,11,2024,2200,2500,Rabi
Maharashtra,Pune,Potato,1,2024,1100,1700,Rabi
Maharashtra,Pune(Moshi),Potato,12,2024,1000,3000,Rabi
Maharashtra,Hingna,Onion,10,2024,4500,4500,Kharif
Maharashtra,Rahuri(Vambori),Wheat,9,2023,2251,2775,Kharif
Maharashtra,Pachora,Wheat,9,2023,2350,2598,Kharif
Maharashtra,Karad,Onion,8,2023,2000,2500,Kharif
Maharashtra,Lasalgaon(Vinchur),Onion,1,2024,400,1501,Rabi
Maharashtra,Vadgaonpeth,Onion,7,2023,1100,1600,Kharif
Maharashtra,Junnar,Potato,5,2025,1500,2000,Zaid
Maharashtra,"Sangli(Phale, Bhajipura Market)",Potato,1,2025,1500,2800,Rabi
Maharashtra,Akola,Potato,8,2024,2300,3000,Kharif
Maharashtra,Pen,Potato,9,2023,2400,2600,Kharif
Maharashtra,Yeola,Onion,8,2023,350,2261,Kharif
Maharashtra,Junnar,Potato,1,2024,800,1500,Rabi
Maharashtra,Nasik,Potato,10,2024,2100,3000,Kharif
Maharashtra,"Sangli(Phale, Bhajipura Market)",Onion,3,2024,400,1800,Rabi
Maharashtra,Sangamner,Onion,10,2024,1000,4565,Kharif
Maharashtra,Shevgaon,Onion,11,2024,4000,5000,Rabi
Maharashtra,Nasik,Potato,10,2024,2300,2950,Kharif
Maharashtra,Ahmednagar,Tomato,7,2023,4000,9000,Kharif
Maharashtra,Pune(Manjri),Onion,6,2024,1500,2200,Kharif
Maharashtra,Solapur,Onion,3,2025,300,3300,Rabi
Maharashtra,Rahata,Potato,7,2023,1500,1500,Kharif
Maharashtra,Ahmednagar,Onion,8,2024,1000,3500,Kharif
Maharashtra,Kopargaon,Onion,5,2025,500,1496,Zaid
Maharashtra,Bhusaval,Potato,2,2025,1600,2200,Rabi
Maharashtra,Lasalgaon(Niphad),Wheat,12,2023,2475,2700,Rabi
Maharashtra,Kalyan,Onion,2,2024,2000,2200,Rabi
Maharashtra,Ahmednagar,Wheat,7,2023,2100,2300,Kharif
Maharashtra,Gangakhed,Wheat,6,2023,2100,2500,Kharif
Maharashtra,Sangamner,Onion,8,2024,500,3051,Kharif
Maharashtra,Amarawati,Wheat,6,2023,2300,2350,Kharif
Maharashtra,Yeola,Onion,3,2024,600,1799,Rabi
Maharashtra,Ahmednagar,Onion,3,2024,150,1400,Rabi
Maharashtra,Vasai,Wheat,10,2023,2790,3860,Kharif
Maharashtra,Solapur,Tomato,7,2023,1500,10500,Kharif
Maharashtra,Amrawati(Frui & Veg. Market),Onion,2,2025,1000,2000,Rabi
Maharashtra,Pune,Wheat,6,2023,4000,5200,Kharif
Maharashtra,Solapur,Onion,4,2025,100,1310,Zaid
Maharashtra,Lonand,Onion,10,2024,1500,4300,Kharif
Maharashtra,Pimpalgaon,Onion,6,2023,200,2000,Kharif
Maharashtra,Lasalgaon,Onion,8,2024,1400,3151,Kharif
Maharashtra,Wardha,Onion,6,2023,500,1200,Kharif
Maharashtra,Satana,Onion,12,2023,1400,4400,Rabi
Maharashtra,Solapur,Potato,11,2023,100,1400,Rabi
Maharashtra,Manchar,Onion,2,2025,3100,3510,Rabi
Maharashtra,Rahata,Potato,8,2024,2800,3200,Kharif
Maharashtra,Devala,Onion,5,2025,100,1400,Zaid
Maharashtra,Vai,Onion,3,2024,800,1700,Rabi
Maharashtra,Pimpalgaon Baswant(Saykheda),Onion,5,2024,500,1700,Zaid
Maharashtra,Ahmednagar,Potato,2,2025,300,2300,Rabi
Maharashtra,Amarawati,Wheat,6,2023,2200,2325,Kharif
Maharashtra,Pimpalgaon Baswant(Saykheda),Onion,9,2024,2500,4000,Kharif
Maharashtra,Jalgaon,Potato,9,2023,1000,1500,Kharif
Maharashtra,Pimpalgaon,Onion,2,2024,300,1391,Rabi
Maharashtra,Satara,Potato,4,2024,2000,2500,Zaid
Maharashtra,Solapur,Tomato,6,2023,500,1800,Kharif
Maharashtra,Kamthi,Tomato,6,2023,5500,6500,Kharif
Maharashtra,Akola,Potato,11,2024,1800,2600,Rabi
Maharashtra,Dindori(Vani),Onion,3,2024,1100,2102,Rabi
Maharashtra,Vita,Onion,6,2024,1700,2500,Kharif
Maharashtra,Yeola,Onion,1,2024,500,1422,Rabi
Maharashtra,Lasalgaon(Vinchur),Onion,10,2023,1000,2525,Kharif
Maharashtra,Devala,Onion,3,2025,800,2385,Rabi
Maharashtra,Rahata,Potato,6,2024,2500,2800,Kharif
Maharashtra,Chandvad,Onion,7,2024,1460,3000,Kharif
Maharashtra,Junnar(Alephata),Onion,8,2023,1200,3000,Kharif
Maharashtra,Majalgaon,Wheat,11,2023,2350,3751,Rabi
Maharashtra,Satara,Potato,6,2024,2400,2700,Kharif
Maharashtra,Pune,Wheat,9,2023,4200,5200,Kharif
Maharashtra,Bhokar,Wheat,10,2023,2101,2651,Kharif
Maharashtra,Chopada,Wheat,6,2023,2226,2400,Kharif
Maharashtra,Om Chaitanya Multistate Agro Purpose CoOp Society,Wheat,9,2023,2400,2400,Kharif
Maharashtra,Nasik,Onion,8,2024,3300,3800,Kharif
Maharashtra,Newasa(Ghodegaon),Onion,12,2024,1000,5000,Rabi
Maharashtra,Pimpalgaon Baswant(Saykheda),Onion,4,2025,500,1212,Zaid
Maharashtra,Solapur,Potato,12,2023,900,1350,Rabi
Maharashtra,Chandur Bazar,Wheat,9,2023,2150,2380,Kharif
Maharashtra,Majalgaon,Wheat,7,2023,2200,3100,Kharif
Maharashtra,Pune,Wheat,10,2023,4200,5200,Kharif
Maharashtra,Nasik,Potato,12,2023,1050,1600,Rabi
Maharashtra,Ahmednagar,Potato,1,2025,500,2300,Rabi
Maharashtra,Mumbai,Tomato,7,2023,7000,8000,Kharif
Maharashtra,Amrawati(Frui & Veg. Market),Onion,3,2024,600,2000,Rabi
Maharashtra,Vashi New Mumbai,Onion,9,2024,3500,4300,Kharif
Maharashtra,Chalisgaon,Wheat,9,2023,2000,2451,Kharif
Maharashtra,Solapur,Potato,3,2025,1100,1600,Rabi
Maharashtra,Tasgaon,Wheat,6,2023,2520,2850,Kharif
Maharashtra,Junnar(Otur),Potato,1,2025,500,1500,Rabi
Maharashtra,Khed(Chakan),Onion,4,2024,1000,1500,Zaid
Maharashtra,Dondaicha,Wheat,1,2024,2300,3040,Rabi
Maharashtra,Pune(Manjri),Onion,3,2024,1300,1700,Rabi
Maharashtra,Nandgaon,Wheat,1,2024,2477,3331,Rabi
Maharashtra,Karjat,Onion,10,2024,1000,3500,Kharif
Maharashtra,Nasik,Potato,9,2024,1700,3000,Kharif
Maharashtra,Lasalgaon,Onion,10,2024,1555,3900,Kharif
Maharashtra,Jalgaon,Potato,5,2024,1700,2300,Zaid
Maharashtra,Umrane,Onion,11,2024,1500,5757,Rabi
Maharashtra,Pachora,Wheat,12,2023,2500,2700,Rabi
Maharashtra,Ahmednagar,Wheat,12,2023,2500,3500,Rabi
Maharashtra,Nasik,Onion,10,2023,700,2800,Kharif
Maharashtra,Shevgaon,Wheat,11,2023,2500,3000,Rabi
Maharashtra,Nampur,Onion,8,2024,1500,3600,Kharif
Maharashtra,Satara,Potato,10,2024,2000,3000,Kharif
Maharashtra,Kalyan,Potato,6,2025,1500,1600,Kharif
Maharashtra,Amrawati(Frui & Veg. Market),Potato,12,2023,700,1400,Rabi
Maharashtra,Rahata,Onion,9,2023,400,2500,Kharif
Maharashtra,Islampur,Onion,5,2024,500,1600,Zaid
Maharashtra,"Sangli(Phale, Bhajipura Market)",Onion,3,2024,400,2000,Rabi
Maharashtra,Satana,Onion,12,2023,250,2175,Rabi
Maharashtra,Dindori(Vani),Onion,12,2023,1400,2441,Rabi
Maharashtra,Bhusaval,Potato,8,2024,2200,2700,Kharif
Maharashtra,Kada,Onion,5,2024,300,2500,Zaid
Maharashtra,Nasik,Potato,9,2023,1100,1500,Kharif
Maharashtra,Rahuri,Potato,9,2023,1600,2000,Kharif
Maharashtra,Shrirampur,Potato,12,2023,1000,1300,Rabi
Maharashtra,Kolhapur,Onion,4,2024,600,1800,Zaid
Maharashtra,Ramtek,Potato,4,2024,1800,2000,Zaid
Maharashtra,Yeola,Wheat,11,2023,2600,3001,Rabi
Maharashtra,Pune,Potato,12,2024,1500,4000,Rabi
Maharashtra,Devala,Onion,1,2024,250,1200,Rabi
Maharashtra,Amrawati(Frui & Veg. Market),Potato,6,2023,1000,1500,Kharif
Maharashtra,Junnar(Otur),Potato,10,2023,500,1400,Kharif
Maharashtra,Chopada,Wheat,6,2023,2401,2852,Kharif
Maharashtra,Akluj,Onion,6,2023,300,1360,Kharif
Maharashtra,Nagpur,Potato,11,2023,1100,1300,Rabi
Maharashtra,Lasalgaon(Niphad),Onion,7,2024,1111,3102,Kharif
Maharashtra,Nandgaon,Wheat,1,2024,2522,2530,Rabi
Maharashtra,Laxmi Sopan Agriculture Produce Marketing Co Ltd,Onion,4,2025,500,1600,Zaid
Maharashtra,Chandvad,Onion,4,2025,500,1399,Zaid
Maharashtra,Hingna,Potato,12,2024,2000,2500,Rabi
Maharashtra,Rahuri(Vambori),Onion,9,2024,1000,4700,Kharif
Maharashtra,Sinner,Onion,2,2024,300,1340,Rabi
Maharashtra,Junnar(Narayangaon),Onion,9,2024,1600,4300,Kharif
Maharashtra,Chandvad,Onion,3,2024,760,1552,Rabi
Maharashtra,Bhusaval,Onion,4,2025,1000,1500,Zaid
Maharashtra,Pachora,Wheat,12,2023,2650,3039,Rabi
Maharashtra,Amrawati(Frui & Veg. Market),Onion,4,2025,500,1300,Zaid
Maharashtra,Navapur,Onion,7,2023,700,1000,Kharif
Maharashtra,Satara,Onion,11,2024,1000,5100,Rabi
Maharashtra,Lasalgaon(Vinchur),Onion,10,2024,2000,5001,Kharif
Maharashtra,Lasalgaon(Niphad),Onion,8,2024,1601,2921,Kharif
Maharashtra,Ramtek,Onion,10,2024,3000,4000,Kharif
Maharashtra,Nampur,Onion,1,2024,100,1680,Rabi
Maharashtra,Pune(Pimpri),Onion,6,2024,1500,2500,Kharif
Maharashtra,Karad,Tomato,7,2023,6000,7500,Kharif
Maharashtra,Nampur,Onion,2,2024,500,1850,Rabi
Maharashtra,Pimpalgaon,Onion,11,2023,2300,4242,Rabi
Maharashtra,Rahuri,Potato,10,2024,2700,3500,Kharif
Maharashtra,Vai,Potato,6,2024,2500,3200,Kharif
Maharashtra,Chalisgaon,Wheat,11,2023,2450,2871,Rabi
Maharashtra,Rahuri(Vambori),Onion,2,2024,200,1600,Rabi
Maharashtra,Manchar,Tomato,6,2023,4000,5000,Kharif
Maharashtra,Vashi New Mumbai,Potato,5,2025,1400,2000,Zaid
Maharashtra,Bhusaval,Potato,8,2024,2000,2500,Kharif
Maharashtra,Pimpalgaon,Onion,10,2023,1800,4000,Kharif
Maharashtra,Vashi New Mumbai,Potato,7,2024,2000,2900,Kharif
Maharashtra,Satara,Onion,6,2025,700,1500,Kharif
Maharashtra,Pune(Khadiki),Onion,7,2023,700,1400,Kharif
Maharashtra,"Sangli(Phale, Bhajipura Market)",Potato,11,2023,900,1300,Rabi
Maharashtra,Yeola,Onion,11,2024,1900,5801,Rabi
Maharashtra,Lonand,Onion,9,2024,1000,3630,Kharif
Maharashtra,Satara,Onion,5,2024,1500,2000,Zaid
Maharashtra,Pune(Moshi),Potato,11,2024,2200,2500,Rabi
Maharashtra,Kamthi,Potato,1,2025,1500,2500,Rabi
Maharashtra,Vashi New Mumbai,Potato,2,2025,1100,1800,Rabi
Maharashtra,Pune(Moshi),Potato,9,2023,700,1600,Kharif
Maharashtra,Vashi New Mumbai,Potato,1,2024,800,1500,Rabi
Maharashtra,Kamthi,Onion,12,2024,3500,4500,Rabi
Maharashtra,Pune(Moshi),Onion,6,2023,300,1000,Kharif
Maharashtra,Nagpur,Onion,10,2023,3000,4000,Kharif
Maharashtra,Akluj,Onion,3,2025,300,2100,Rabi
Maharashtra,Dindori(Vani),Onion,12,2023,1500,2821,Rabi
Maharashtra,Shrirampur,Potato,1,2025,1000,1500,Rabi
Maharashtra,Pimpalgaon,Onion,8,2023,700,2955,Kharif
Maharashtra,Pimpalgaon Baswant(Saykheda),Onion,2,2024,600,1900,Rabi
Maharashtra,Pimpalgaon,Onion,3,2025,500,1503,Rabi
Maharashtra,Lasalgaon(Vinchur),Onion,7,2023,500,1577,Kharif
Maharashtra,Vashi New Mumbai,Onion,8,2024,2400,2900,Kharif
Maharashtra,Shevgaon(Bodhegaon),Wheat,11,2023,2500,2600,Rabi
Maharashtra,Parner,Onion,7,2023,300,2200,Kharif
Maharashtra,Chandvad,Onion,11,2023,2000,4501,Rabi
Maharashtra,Akluj,Onion,5,2025,300,1200,Zaid
Maharashtra,Lasalgaon,Onion,11,2023,2000,4512,Rabi
Maharashtra,Kamthi,Potato,10,2023,1600,2000,Kharif
Maharashtra,Chandvad,Onion,11,2024,1700,5859,Rabi
Maharashtra,Junnar(Narayangaon),Potato,12,2024,500,2600,Rabi
Maharashtra,Amalner,Wheat,1,2024,2700,3158,Rabi
Maharashtra,Rahuri,Onion,2,2024,100,1400,Rabi
Maharashtra,Karad,Onion,9,2023,1800,2800,Kharif
Maharashtra,Bhusaval,Potato,4,2025,1400,2000,Zaid
Maharashtra,Pathardi,Onion,9,2024,1000,4400,Kharif
Maharashtra,Vashi New Mumbai,Potato,12,2023,1000,1500,Rabi
Maharashtra,Pune(Pimpri),Onion,4,2024,1400,1400,Zaid
Maharashtra,Pune,Potato,12,2024,1300,3000,Rabi
Maharashtra,Vashi New Mumbai,Potato,12,2024,1300,2200,Rabi
Maharashtra,Solapur,Wheat,11,2023,2305,3840,Rabi
Maharashtra,Hingoli,Wheat,10,2023,1900,3080,Kharif
Maharashtra,Pimpalgaon,Onion,5,2025,400,1806,Zaid
Maharashtra,Hinganghat,Wheat,8,2023,2395,2655,Kharif
Maharashtra,Vai,Potato,12,2024,2500,4000,Rabi
Maharashtra,Karjat,Onion,2,2025,1000,3100,Rabi
Maharashtra,Lasalgaon,Onion,11,2023,1500,4053,Rabi
Maharashtra,Ahmednagar,Onion,7,2023,200,2000,Kharif
Maharashtra,Rahata,Wheat,1,2024,2500,2960,Rabi
Maharashtra,Nasik,Potato,7,2023,1250,1600,Kharif
Maharashtra,Ahmednagar,Potato,5,2025,1200,2500,Zaid
Maharashtra,Mangal Wedha,Tomato,7,2023,600,7200,Kharif
Maharashtra,Parner,Onion,3,2024,300,2000,Rabi
Maharashtra,Om Chaitanya Multistate Agro Purpose CoOp Society,Wheat,8,2023,2600,2600,Kharif
Maharashtra,Mangal Wedha,Onion,8,2024,2200,4200,Kharif
Maharashtra,Kolhapur,Onion,10,2024,1500,5500,Kharif
Maharashtra,Bhusaval,Potato,2,2025,2200,2700,Rabi
Maharashtra,Pune(Moshi),Potato,8,2023,800,1700,Kharif
Maharashtra,Pune(Manjri),Onion,8,2024,2000,4500,Kharif
Maharashtra,Bhusaval,Potato,6,2024,1800,2200,Kharif
Maharashtra,Chalisgaon,Wheat,1,2024,2536,3400,Rabi
Maharashtra,Pune(Manjri),Onion,10,2024,2200,3700,Kharif
Maharashtra,Rahuri,Potato,3,2025,600,2000,Rabi
Maharashtra,Nampur,Onion,10,2024,1500,4505,Kharif
Maharashtra,Pune(Moshi),Onion,9,2024,2000,3500,Kharif
Maharashtra,Chalisgaon,Wheat,12,2023,2500,2741,Rabi
Maharashtra,Amalner,Wheat,12,2023,2356,2900,Rabi
Maharashtra,Akole,Onion,10,2023,200,2611,Kharif
Maharashtra,Dondaicha,Wheat,12,2023,2111,2800,Rabi
Maharashtra,Pune(Manjri),Onion,11,2024,2200,5500,Rabi
Maharashtra,Bhusaval,Potato,6,2024,2000,3000,Kharif
Maharashtra,Bhusaval,Onion,11,2024,2200,3000,Rabi
Maharashtra,Rahuri,Wheat,8,2023,2200,2500,Kharif
Maharashtra,Kalvan,Onion,6,2023,150,1300,Kharif
Maharashtra,Amrawati(Frui & Veg. Market),Potato,7,2023,900,1600,Kharif
Maharashtra,Chandvad,Tomato,7,2023,2000,8600,Kharif
Maharashtra,Pathari,Wheat,11,2023,2200,3021,Rabi
Maharashtra,Khed(Chakan),Potato,4,2025,1100,2000,Zaid
Maharashtra,Devala,Onion,8,2023,400,2250,Kharif
Maharashtra,Hingna,Onion,10,2024,3000,4000,Kharif
Maharashtra,Mangal Wedha,Onion,9,2023,700,2310,Kharif
Maharashtra,Vashi New Mumbai,Onion,3,2025,900,1900,Rabi
Maharashtra,Lasalgaon,Wheat,7,2023,2291,2751,Kharif
Maharashtra,Shrirampur,Potato,2,2024,1500,1700,Rabi
Maharashtra,Pune(Moshi),Onion,1,2024,500,1400,Rabi
Maharashtra,Yawal,Onion,2,2024,460,750,Rabi
Maharashtra,Shrirampur,Onion,11,2023,400,4000,Rabi
Maharashtra,Junnar(Narayangaon),Potato,10,2024,2800,3400,Kharif
Maharashtra,Lasalgaon,Onion,11,2024,3091,5870,Rabi
Maharashtra,Umrane,Onion,1,2024,751,2151,Rabi
Maharashtra,Junnar(Alephata),Onion,10,2023,1000,3000,Kharif
Maharashtra,Pathari,Wheat,9,2023,2200,2650,Kharif
Maharashtra,Sangamner,Onion,10,2024,1500,4800,Kharif
Maharashtra,Nagpur,Tomato,6,2023,3000,5000,Kharif
Maharashtra,Hingna,Onion,2,2025,2600,2800,Rabi
Maharashtra,Pimpalgaon Baswant(Saykheda),Onion,8,2024,1400,2800,Kharif
Maharashtra,Mangal Wedha,Onion,7,2024,2500,2500,Kharif
Maharashtra,Devala,Onion,10,2023,700,2600,Kharif
Maharashtra,Junnar(Alephata),Onion,4,2025,900,1510,Zaid
Maharashtra,Vai,Tomato,6,2023,2500,5000,Kharif
Maharashtra,Jalgaon,Potato,10,2024,1500,2800,Kharif
Maharashtra,Lasalgaon,Onion,12,2024,1100,5400,Rabi
Maharashtra,Pune(Manjri),Onion,4,2024,800,1300,Zaid
Maharashtra,Malharshree Farmers Producer Co Ltd,Onion,8,2023,565,2356,Kharif
Maharashtra,Pune(Pimpri),Onion,10,2023,2000,3200,Kharif
Maharashtra,Chandrapur(Ganjwad),Onion,5,2024,1300,1750,Zaid
Maharashtra,Manchar,Potato,2,2025,1200,1850,Rabi
Maharashtra,Kolhapur,Tomato,7,2023,2000,8000,Kharif
Maharashtra,Kopargaon,Onion,12,2023,1000,3800,Rabi
Maharashtra,Pune(Manjri),Potato,4,2025,1600,2500,Zaid
Maharashtra,Pune(Pimpri),Onion,4,2025,800,1200,Zaid
Maharashtra,Pune(Moshi),Onion,9,2024,1500,3500,Kharif
Maharashtra,Lonand,Onion,11,2023,1500,4300,Rabi
Maharashtra,Jalgaon,Onion,4,2025,325,692,Zaid
Maharashtra,Vai,Onion,8,2023,1000,2500,Kharif
Maharashtra,Kopargaon,Onion,12,2023,300,1501,Rabi
Maharashtra,Amrawati(Frui & Veg. Market),Onion,11,2023,2000,5500,Rabi
Maharashtra,Pimpalgaon,Onion,8,2024,1700,4007,Kharif
Maharashtra,Pune,Onion,4,2024,500,1500,Zaid
Maharashtra,Jamkhed,Wheat,12,2023,2200,2600,Rabi
Maharashtra,Shree Rameshwar Krushi Market,Onion,8,2023,204,2700,Kharif
Maharashtra,Mangal Wedha,Tomato,6,2023,1500,4000,Kharif
Maharashtra,Shrirampur,Potato,2,2024,1000,1500,Rabi
Maharashtra,Sinner,Onion,1,2024,200,1220,Rabi
Maharashtra,Kalvan,Onion,8,2024,1800,4355,Kharif
Maharashtra,Amrawati(Frui & Veg. Market),Potato,1,2025,600,2600,Rabi
Maharashtra,Hingna,Potato,5,2024,2100,2200,Zaid
Maharashtra,Rahata,Potato,12,2023,1300,1500,Rabi
Maharashtra,Lasalgaon(Niphad),Onion,3,2025,1000,1582,Rabi
Maharashtra,Rahuri(Vambori),Wheat,11,2023,2066,2900,Rabi
Maharashtra,Satana,Onion,10,2024,1000,5005,Kharif
Maharashtra,Ramtek,Tomato,6,2023,1800,2000,Kharif
Maharashtra,Hingna,Potato,1,2025,2400,2500,Rabi
Maharashtra,Kalyan,Potato,8,2024,2800,3000,Kharif
Maharashtra,Chandrapur(Ganjwad),Potato,8,2023,1400,1600,Kharif
Maharashtra,Nasik,Potato,7,2023,1100,1500,Kharif
Maharashtra,Nasik,Onion,10,2024,1500,3200,Kharif
Maharashtra,Chandrapur(Ganjwad),Onion,7,2023,1400,3000,Kharif
Maharashtra,Vadgaonpeth,Potato,12,2023,1800,2500,Rabi
Maharashtra,Pune,Onion,7,2023,700,1600,Kharif
Maharashtra,Pune(Khadiki),Onion,3,2024,800,1500,Rabi
Maharashtra,Chandvad,Onion,1,2024,826,2036,Rabi
Maharashtra,Gevrai,Wheat,11,2023,2400,3100,Rabi
Maharashtra,Pimpalgaon,Tomato,6,2023,1500,3500,Kharif
Maharashtra,Kamthi,Tomato,7,2023,8000,10000,Kharif
Maharashtra,Sangli,Wheat,10,2023,3000,4000,Kharif
Maharashtra,Pune,Potato,3,2025,800,2000,Rabi
Maharashtra,Pune(Pimpri),Onion,10,2024,3000,4400,Kharif
Maharashtra,Nagpur,Onion,7,2024,2000,3000,Kharif
Maharashtra,Pimpalgaon Baswant(Saykheda),Onion,10,2024,2400,4301,Kharif
Maharashtra,Phaltan,Tomato,7,2023,500,9125,Kharif
Maharashtra,Jamkhed,Wheat,11,2023,2200,2700,Rabi
Maharashtra,Beed,Wheat,1,2024,2350,2786,Rabi
Maharashtra,Akola,Onion,2,2024,800,1500,Rabi
Maharashtra,Manchar,Potato,1,2024,1000,1500,Rabi
Maharashtra,Amrawati(Frui & Veg. Market),Potato,11,2023,700,1500,Rabi
Maharashtra,Rahuri,Onion,4,2025,100,1385,Zaid
Maharashtra,Sinner,Onion,10,2023,1101,2086,Kharif
Maharashtra,Bhusaval,Onion,10,2024,3000,4000,Kharif
Maharashtra,Manchar,Onion,3,2025,1300,1850,Rabi
Maharashtra,Rahuri(Vambori),Wheat,9,2023,2300,2351,Kharif
Maharashtra,Nampur,Onion,7,2024,1255,2890,Kharif
Maharashtra,Satara,Onion,4,2025,700,1500,Zaid
Maharashtra,Mumbai,Wheat,7,2023,2600,6000,Kharif
Maharashtra,Chalisgaon,Wheat,12,2023,2550,3052,Rabi
Maharashtra,Navapur,Tomato,6,2023,800,1500,Kharif
Maharashtra,Akola,Onion,7,2023,1000,1600,Kharif
Maharashtra,Sangamner,Tomato,6,2023,1000,6500,Kharif
Maharashtra,Sinner,Wheat,10,2023,2485,2700,Kharif
Maharashtra,Nagpur,Potato,1,2024,1300,1700,Rabi
Maharashtra,Ramtek,Potato,10,2024,2500,3000,Kharif
Maharashtra,Pathardi,Wheat,12,2023,2400,3200,Rabi
Maharashtra,Solapur,Onion,11,2023,100,5500,Rabi
Maharashtra,Tasgaon,Wheat,6,2023,2460,2750,Kharif
Maharashtra,Pen,Potato,12,2023,2400,2600,Rabi
Maharashtra,Pune,Potato,8,2024,2300,3000,Kharif
Maharashtra,Palghar,Rice,4,2025,4601,4601,Zaid
Maharashtra,Solapur,Onion,9,2023,100,2900,Kharif
Maharashtra,Sangamner,Onion,4,2025,151,1511,Zaid
Maharashtra,Pune(Moshi),Potato,6,2023,800,1800,Kharif
Maharashtra,Nanded,Wheat,1,2024,2400,2750,Rabi
Maharashtra,Kopargaon,Onion,8,2023,400,2600,Kharif
Maharashtra,Nagpur,Onion,8,2024,3000,4000,Kharif
Maharashtra,Rahuri,Wheat,11,2023,2500,2750,Rabi
Maharashtra,Kurdwadi(Modnimb),Onion,2,2024,100,1481,Rabi
Maharashtra,Bhusaval,Potato,7,2024,2200,2500,Kharif
Maharashtra,Satara,Potato,9,2024,2500,3000,Kharif
Maharashtra,Wardha,Wheat,6,2023,2120,2330,Kharif
Maharashtra,Shevgaon,Onion,7,2023,900,1200,Kharif
Maharashtra,Yeola,Wheat,1,2024,2150,3000,Rabi
Maharashtra,Wardha,Wheat,10,2023,2525,2665,Kharif
Maharashtra,Pune(Manjri),Tomato,7,2023,6800,10500,Kharif
Maharashtra,Ahmednagar,Onion,5,2025,200,1500,Zaid
Maharashtra,Wardha,Onion,7,2023,750,1500,Kharif
Maharashtra,Lasalgaon(Vinchur),Onion,4,2025,800,1200,Zaid
Maharashtra,Om Chaitanya Multistate Agro Purpose CoOp Society,Onion,7,2023,250,1700,Kharif
Maharashtra,Solapur,Rice,5,2025,3345,7020,Zaid
Maharashtra,Bhandara,Wheat,8,2023,2200,2300,Kharif
Maharashtra,Khed(Chakan),Onion,4,2025,1000,1600,Zaid
Maharashtra,Vashi New Mumbai,Potato,6,2024,2100,2900,Kharif
Maharashtra,Pimpalgaon Baswant(Saykheda),Onion,10,2023,2000,4111,Kharif
Maharashtra,Sinner,Onion,11,2024,2000,6101,Rabi
Maharashtra,Bhusaval,Potato,10,2023,1500,1800,Kharif
Maharashtra,Ulhasnagar,Wheat,9,2023,3000,3600,Kharif
Maharashtra,Pune,Onion,10,2024,2000,4600,Kharif
Maharashtra,Shrirampur(Belapur),Wheat,7,2023,2000,2200,Kharif
Maharashtra,Pune,Onion,11,2024,2500,6200,Rabi
Maharashtra,Shree Sairaj Krushi Market,Onion,3,2025,300,1800,Rabi
Maharashtra,Satana,Onion,7,2024,1000,3000,Kharif
Maharashtra,Vashi New Mumbai,Potato,2,2025,1200,1900,Rabi
Maharashtra,Nasik,Onion,7,2024,900,3050,Kharif
Maharashtra,Solapur,Onion,7,2023,100,2200,Kharif
Maharashtra,Lasalgaon,Onion,4,2025,601,1501,Zaid
Maharashtra,Satara,Onion,2,2024,1000,2000,Rabi
Maharashtra,Pune(Manjri),Potato,2,2025,1500,2500,Rabi
Maharashtra,Sangli,Wheat,7,2023,2700,4000,Kharif
Maharashtra,Nandurbar,Wheat,12,2023,2600,3220,Rabi
Maharashtra,Tumsar,Wheat,8,2023,2421,2421,Kharif
Maharashtra,Nandgaon,Onion,3,2025,100,1610,Rabi
Maharashtra,Rahuri,Potato,2,2025,400,1800,Rabi
Maharashtra,Pune(Khadiki),Onion,2,2024,1000,1300,Rabi
Maharashtra,Akola,Potato,5,2024,1800,2300,Zaid
Maharashtra,Hingna,Potato,4,2025,1800,2000,Zaid
Maharashtra,Malegaon,Wheat,9,2023,2200,2740,Kharif
Maharashtra,Junnar(Alephata),Onion,11,2023,1000,4110,Rabi
Maharashtra,Chandvad,Onion,5,2024,700,1974,Zaid
Maharashtra,Kurdwadi(Modnimb),Onion,4,2024,300,1480,Zaid
Maharashtra,Tumsar,Wheat,10,2023,2485,2485,Kharif
Maharashtra,Solapur,Potato,1,2024,700,1750,Rabi
Maharashtra,Sakri,Onion,8,2023,500,1650,Kharif
Maharashtra,Sakri,Onion,9,2024,3600,4155,Kharif
Maharashtra,Shrirampur(Belapur),Wheat,7,2023,2000,2000,Kharif
Maharashtra,Om Chaitanya Multistate Agro Purpose CoOp Society,Wheat,7,2023,2450,2500,Kharif
Maharashtra,Lasalgaon(Vinchur),Onion,1,2024,500,1660,Rabi
Maharashtra,Solapur,Potato,4,2025,1500,2000,Zaid
Maharashtra,Pandharpur,Onion,10,2023,400,6500,Kharif
Maharashtra,Pathardi,Onion,12,2023,300,1500,Rabi
Maharashtra,Nandgaon,Onion,11,2023,600,4000,Rabi
Maharashtra,Khed(Chakan),Potato,1,2025,1200,2300,Rabi
Maharashtra,Sakri,Onion,7,2023,400,1050,Kharif
Maharashtra,Pimpalgaon Baswant(Saykheda),Onion,9,2024,2500,4285,Kharif
Maharashtra,Pimpalgaon,Onion,3,2025,600,2653,Rabi
Maharashtra,Malharshree Farmers Producer Co Ltd,Onion,10,2024,2465,4208,Kharif
Maharashtra,Pune(Manjri),Potato,3,2025,1600,2600,Rabi
Maharashtra,Lasalgaon(Niphad),Onion,8,2024,1700,3750,Kharif
Maharashtra,Junnar(Narayangaon),Potato,12,2024,400,1500,Rabi
Maharashtra,Patur,Wheat,8,2023,2000,2700,Kharif
Maharashtra,Devala,Wheat,10,2023,2450,2785,Kharif
Maharashtra,Pune(Moshi),Onion,8,2024,2000,4000,Kharif
Maharashtra,Anajngaon,Wheat,10,2023,2100,2500,Kharif
Maharashtra,Newasa(Ghodegaon),Onion,5,2024,200,1800,Zaid
Maharashtra,Junnar(Otur),Onion,11,2024,3000,6510,Rabi
Maharashtra,Pune(Pimpri),Onion,10,2024,3000,4500,Kharif
Maharashtra,Akola,Potato,2,2025,1500,2000,Rabi
Maharashtra,Jalgaon,Onion,6,2023,325,1000,Kharif
Maharashtra,Shrirampur,Potato,11,2023,950,1200,Rabi
Maharashtra,Manmad,Onion,12,2023,1081,1760,Rabi
Maharashtra,Loha,Wheat,1,2024,2100,3500,Rabi
Maharashtra,Shrirampur,Wheat,6,2023,2000,2250,Kharif
Maharashtra,Bhusaval,Onion,12,2023,3000,3500,Rabi
Maharashtra,Akluj,Potato,2,2025,1600,1800,Rabi
Maharashtra,Dound,Wheat,12,2023,2200,3051,Rabi
Maharashtra,Lasalgaon,Wheat,10,2023,2480,2975,Kharif
Maharashtra,Pune,Potato,3,2025,1000,1900,Rabi
Maharashtra,Nasik,Potato,4,2025,1300,1900,Zaid
Maharashtra,Pune,Potato,7,2023,1100,2000,Kharif
Maharashtra,Kolhapur,Tomato,6,2023,1000,5000,Kharif
Maharashtra,Amrawati(Frui & Veg. Market),Potato,8,2024,2200,2600,Kharif
Maharashtra,Pune(Manjri),Onion,8,2024,2000,3400,Kharif
Maharashtra,Islampur,Onion,4,2025,1000,1800,Zaid
Maharashtra,Pune,Potato,6,2023,1200,2100,Kharif
Maharashtra,Shrirampur,Wheat,12,2023,2200,2600,Rabi
Maharashtra,Kopargaon,Onion,4,2025,700,1281,Zaid
Maharashtra,Kalvan,Onion,5,2025,300,1400,Zaid
Maharashtra,Dindori(Vani),Onion,4,2025,950,1575,Zaid
Maharashtra,Ramtek,Potato,6,2023,1800,2000,Kharif
Maharashtra,Kolhapur,Onion,6,2025,500,2100,Kharif
Maharashtra,Pune(Pimpri),Onion,8,2023,600,1400,Kharif
Maharashtra,Patur,Wheat,1,2024,2000,2700,Rabi
Maharashtra,Nasik,Potato,4,2024,1900,2550,Zaid
Maharashtra,Patan,Tomato,7,2023,3500,4500,Kharif
Maharashtra,Chopada,Wheat,10,2023,2926,2926,Kharif
Maharashtra,Jamkhed,Wheat,9,2023,2000,2400,Kharif
Maharashtra,Kamthi,Potato,7,2024,2500,3500,Kharif
Maharashtra,Nampur,Onion,8,2024,1200,2770,Kharif
Maharashtra,Vashi New Mumbai,Potato,7,2024,2000,3000,Kharif
Maharashtra,Pune(Manjri),Potato,7,2023,800,1200,Kharif
Maharashtra,Palghar,Wheat,7,2023,3050,3050,Kharif
Maharashtra,Sinner,Onion,2,2024,500,1850,Rabi
Maharashtra,Khed(Chakan),Potato,11,2024,2500,3800,Rabi
Maharashtra,Jalgaon,Potato,8,2024,2000,2800,Kharif
Maharashtra,Kolhapur,Onion,2,2024,400,1800,Rabi
Maharashtra,Satana,Wheat,12,2023,2200,3036,Rabi
Maharashtra,Bhusaval,Potato,3,2025,1500,2000,Rabi
Maharashtra,Vashi New Mumbai,Onion,4,2024,1200,1700,Zaid
Maharashtra,Satana,Onion,8,2023,600,2170,Kharif
Maharashtra,Shivsiddha Govind Producer Company Limited Sanchal,Onion,8,2023,800,2200,Kharif
Maharashtra,Ramtek,Onion,11,2024,4000,5000,Rabi
Maharashtra,Karjat(Raigad),Wheat,10,2023,2200,2500,Kharif
Maharashtra,Pune(Moshi),Onion,3,2024,600,1400,Rabi
Maharashtra,Shrirampur,Potato,6,2023,1000,1600,Kharif
Maharashtra,Nagpur,Potato,6,2024,1800,2400,Kharif
Maharashtra,Nampur,Onion,1,2024,100,1180,Rabi
Maharashtra,Kille Dharur,Wheat,7,2023,2500,4601,Kharif
Maharashtra,Akola,Onion,11,2023,3000,4000,Rabi
Maharashtra,Shivsiddha Govind Producer Company Limited Sanchal,Onion,10,2024,4405,5500,Kharif
Maharashtra,Rahuri(Vambori),Onion,4,2025,100,1200,Zaid
Maharashtra,Akola,Potato,5,2024,1600,2300,Zaid
Maharashtra,Shevgaon,Wheat,12,2023,2500,2800,Rabi
Maharashtra,Solapur,Potato,7,2024,1400,3000,Kharif
Maharashtra,Nandurbar,Wheat,9,2023,2590,2716,Kharif
Maharashtra,Pathari,Wheat,8,2023,2101,2501,Kharif
Maharashtra,Rahata,Wheat,9,2023,2450,2761,Kharif
Maharashtra,Ramtek,Onion,7,2023,1400,1600,Kharif
Maharashtra,Junnar(Narayangaon),Onion,9,2023,500,2000,Kharif
Maharashtra,Rahata,Potato,11,2024,2200,2800,Rabi
Maharashtra,Pune(Khadiki),Potato,1,2024,1000,1300,Rabi
Maharashtra,Kopargaon,Onion,2,2024,500,1972,Rabi
Maharashtra,Vai,Onion,10,2024,2000,4500,Kharif
Maharashtra,Bhusaval,Onion,8,2024,3000,3500,Kharif
Maharashtra,Shevgaon,Wheat,6,2023,2050,2350,Kharif
Maharashtra,Shahada,Wheat,9,2023,2400,2727,Kharif
Maharashtra,Akluj,Potato,11,2023,1400,1600,Rabi
Maharashtra,Nasik,Onion,2,2025,1250,2600,Rabi
Maharashtra,Pune(Manjri),Potato,5,2025,1800,2200,Zaid
Maharashtra,Satara,Potato,7,2023,1500,1800,Kharif
Maharashtra,Shevgaon,Wheat,1,2024,2300,2600,Rabi
Maharashtra,Nagpur,Potato,4,2025,1000,1800,Zaid
Maharashtra,Pune(Manjri),Onion,10,2023,1300,1700,Kharif
Maharashtra,Kolhapur,Onion,5,2025,500,2100,Zaid
Maharashtra,Pune(Manjri),Onion,12,2023,1700,2200,Rabi
Maharashtra,Vashi New Mumbai,Potato,4,2024,1600,2200,Zaid
Maharashtra,Nandgaon,Wheat,2,2024,2450,2650,Rabi
Maharashtra,Shirpur,Onion,10,2023,600,2950,Kharif
Maharashtra,Shree Sairaj Krushi Market,Onion,10,2024,2000,5000,Kharif
Maharashtra,Ahmednagar,Potato,2,2024,800,1500,Rabi
Maharashtra,Parner,Onion,10,2024,1500,4500,Kharif
Maharashtra,Nampur,Onion,12,2023,100,2235,Rabi
Maharashtra,Solapur,Potato,1,2025,1500,2200,Rabi
Maharashtra,Amarawati,Wheat,9,2023,2450,2600,Kharif
Maharashtra,Vadgaonpeth,Onion,7,2024,2600,3200,Kharif
Maharashtra,Lasalgaon(Niphad),Onion,12,2023,1300,1451,Rabi
Maharashtra,Karjat(Raigad),Onion,8,2023,700,2000,Kharif
Maharashtra,Dhule,Onion,8,2024,500,3650,Kharif
Maharashtra,Vashi New Mumbai,Potato,11,2024,2000,3200,Rabi
Maharashtra,Nandgaon Khandeshwar,Wheat,6,2023,2145,2335,Kharif
Maharashtra,Bhusaval,Onion,3,2025,1500,2200,Rabi
Maharashtra,Sakri,Onion,5,2025,700,1470,Zaid
Maharashtra,Junnar,Onion,8,2023,1000,2110,Kharif
Maharashtra,Achalpur,Wheat,7,2023,2200,2400,Kharif
Maharashtra,Pimpalgaon Baswant(Saykheda),Onion,3,2025,1430,2356,Rabi
Maharashtra,Pune(Manjri),Onion,9,2023,1000,2200,Kharif
Maharashtra,Karad,Tomato,6,2023,1000,1300,Kharif
Maharashtra,Savner,Wheat,7,2023,1875,2189,Kharif
Maharashtra,Pune(Khadiki),Onion,7,2024,1400,2800,Kharif
Maharashtra,Pune(Manjri),Onion,4,2025,800,1500,Zaid
Maharashtra,Chandvad,Onion,3,2025,1370,1600,Rabi
Maharashtra,Yawal,Wheat,6,2023,2360,2870,Kharif
Maharashtra,Pune,Potato,5,2025,1200,2200,Zaid
Maharashtra,Pune(Manjri),Potato,12,2024,1500,2500,Rabi
Maharashtra,Yawal,Onion,2,2025,1360,1800,Rabi
Maharashtra,Savner,Wheat,6,2023,2100,2350,Kharif
Maharashtra,Pune(Manjri),Potato,12,2023,1200,1800,Rabi
Maharashtra,Shrirampur,Onion,6,2023,200,1200,Kharif
Maharashtra,Pimpalgaon Baswant(Saykheda),Onion,3,2025,715,1723,Rabi
Maharashtra,Lasalgaon(Vinchur),Onion,6,2024,1000,2560,Kharif
Maharashtra,Jalgaon,Onion,7,2024,750,2877,Kharif
Maharashtra,Pune,Potato,3,2024,1300,2100,Rabi
Maharashtra,Khed(Chakan),Onion,12,2023,1000,2500,Rabi
Maharashtra,Dindori,Onion,6,2023,751,1371,Kharif
Maharashtra,Solapur,Potato,8,2024,1500,3000,Kharif
Maharashtra,Nagpur,Onion,5,2024,1100,1500,Zaid
Maharashtra,Lasalgaon,Onion,10,2024,1100,3641,Kharif
Maharashtra,Akola,Wheat,12,2023,3050,3800,Rabi
Maharashtra,Kamthi,Onion,2,2024,1000,2000,Rabi
Maharashtra,Hingna,Potato,11,2024,2100,3500,Rabi
Maharashtra,Amrawati(Frui & Veg. Market),Potato,9,2023,1000,1600,Kharif
Maharashtra,Amrawati(Frui & Veg. Market),Onion,10,2023,1000,4300,Kharif
Maharashtra,Ulhasnagar,Wheat,12,2023,3000,3500,Rabi
Maharashtra,Newasa(Ghodegaon),Onion,1,2024,400,2000,Rabi
Maharashtra,Newasa(Ghodegaon),Onion,1,2024,200,1400,Rabi
Maharashtra,Mangal Wedha,Onion,2,2024,250,1400,Rabi
Maharashtra,Nandgaon,Wheat,2,2024,2501,3125,Rabi
Maharashtra,Shrirampur,Potato,7,2023,900,1200,Kharif
Maharashtra,Kopargaon,Onion,8,2024,1000,2969,Kharif
Maharashtra,Pathardi,Wheat,10,2023,2100,2500,Kharif
Maharashtra,Shrirampur,Potato,2,2024,800,1400,Rabi
Maharashtra,Shevgaon(Bodhegaon),Wheat,10,2023,2500,2500,Kharif
Maharashtra,Ramtek,Potato,8,2024,2400,2800,Kharif
Maharashtra,Hingoli,Wheat,9,2023,1800,3200,Kharif
Maharashtra,Chandvad,Onion,5,2024,603,2016,Zaid
Maharashtra,Amrawati(Frui & Veg. Market),Potato,11,2023,1000,1500,Rabi
Maharashtra,Lasalgaon(Vinchur),Onion,8,2024,1500,3811,Kharif
Maharashtra,Bhusaval,Onion,9,2024,3500,4000,Kharif
Maharashtra,Chalisgaon,Wheat,10,2023,2400,2600,Kharif
Maharashtra,Lasalgaon,Onion,6,2025,600,2101,Kharif
Maharashtra,Umrane,Onion,7,2023,551,2000,Kharif
Maharashtra,Majalgaon,Wheat,11,2023,2500,4000,Rabi
Maharashtra,Islampur,Onion,11,2024,3000,7400,Rabi
Maharashtra,Shree Rameshwar Krushi Market,Onion,8,2023,242,1951,Kharif
Maharashtra,Kalyan,Onion,4,2025,1300,1500,Zaid
Maharashtra,Jalgaon,Wheat,6,2023,2200,2200,Kharif
Maharashtra,Loha,Wheat,10,2023,2275,3100,Kharif
Maharashtra,Amrawati(Frui & Veg. Market),Potato,11,2023,800,1500,Rabi
Maharashtra,Pimpalgaon,Onion,1,2024,401,1700,Rabi
Maharashtra,Shahada,Wheat,8,2023,2151,2532,Kharif
Maharashtra,Pune(Manjri),Onion,3,2025,1300,2200,Rabi
Maharashtra,Bhandara,Rice,5,2025,3900,4350,Zaid
Maharashtra,Akluj,Potato,11,2024,2500,3000,Rabi
Maharashtra,Kalvan,Onion,9,2023,400,2525,Kharif
Maharashtra,Katol,Wheat,1,2024,2300,2575,Rabi
Maharashtra,Laxmi Sopan Agriculture Produce Marketing Co Ltd,Onion,7,2024,400,2700,Kharif
Maharashtra,Solapur,Potato,3,2025,1300,1800,Rabi
Maharashtra,Sindi(Selu),Wheat,11,2023,2250,2400,Rabi
Maharashtra,Satara,Tomato,7,2023,5000,7000,Kharif
Maharashtra,Satara,Onion,6,2023,300,1300,Kharif
Maharashtra,Chandur Bazar,Wheat,8,2023,2150,2650,Kharif
Maharashtra,Pratap Nana Mahale Khajgi Bajar Samiti,Onion,7,2023,150,1350,Kharif
Maharashtra,Kopargaon,Onion,12,2023,500,1700,Rabi
Maharashtra,Bhusaval,Onion,6,2023,500,500,Kharif
Maharashtra,Chalisgaon,Wheat,7,2023,1800,2363,Kharif
Maharashtra,Hingna,Onion,4,2024,1900,2000,Zaid
Maharashtra,Rahata,Potato,8,2024,2500,3000,Kharif
Maharashtra,Nasik,Potato,2,2025,1050,1800,Rabi
Maharashtra,Vashi New Mumbai,Onion,6,2025,800,1700,Kharif
Maharashtra,Pune(Manjri),Onion,9,2023,1300,1700,Kharif
Maharashtra,Nasik,Potato,4,2025,1050,1950,Zaid
Maharashtra,Vashi New Mumbai,Potato,3,2024,1600,2200,Rabi
Maharashtra,Akluj,Potato,5,2025,1800,2100,Zaid
Maharashtra,Hingna,Potato,6,2025,2000,2000,Kharif
Maharashtra,Vadgaonpeth,Onion,9,2024,4600,5200,Kharif
Maharashtra,Akluj,Potato,6,2024,2400,2500,Kharif
Maharashtra,Shevgaon(Bodhegaon),Wheat,11,2023,2600,2750,Rabi
Maharashtra,Sangamner,Onion,12,2024,1500,5900,Rabi
Maharashtra,Kamthi,Tomato,7,2023,800,1000,Kharif
Maharashtra,Sinner,Onion,4,2025,500,1234,Zaid
Maharashtra,Rahuri,Potato,12,2024,2500,3400,Rabi
Maharashtra,Kamthi,Potato,9,2024,3000,4000,Kharif
Maharashtra,Yawal,Wheat,2,2024,2510,3025,Rabi
Maharashtra,Jalgaon,Tomato,7,2023,3000,7000,Kharif
Maharashtra,Parner,Onion,1,2024,100,1500,Rabi
Maharashtra,Pathardi,Onion,7,2023,200,1500,Kharif
Maharashtra,Mangal Wedha,Onion,7,2023,400,1700,Kharif
Maharashtra,Yeola,Wheat,12,2023,2450,3003,Rabi
Maharashtra,Yeola,Onion,1,2024,500,1999,Rabi
Maharashtra,Pimpalgaon,Onion,5,2025,400,1800,Zaid
Maharashtra,Pathardi,Onion,4,2024,300,1600,Zaid
Maharashtra,Pimpalgaon Baswant(Saykheda),Onion,2,2025,1000,2771,Rabi
Maharashtra,Kopargaon,Wheat,11,2023,2475,2916,Rabi
Maharashtra,Kalyan,Onion,2,2025,2400,2600,Rabi
Maharashtra,Lasalgaon(Niphad),Wheat,12,2023,2480,2840,Rabi
Maharashtra,Junnar,Potato,11,2023,1000,1300,Rabi
Maharashtra,Kopargaon,Onion,12,2023,500,1699,Rabi
Maharashtra,Parner,Onion,11,2023,1000,5300,Rabi
Maharashtra,Akola,Wheat,6,2023,1805,2550,Kharif
Maharashtra,Chandvad,Onion,9,2024,1176,4150,Kharif
Maharashtra,Lasalgaon(Niphad),Wheat,8,2023,2548,2651,Kharif
Maharashtra,Karad,Onion,7,2024,1000,3000,Kharif
Maharashtra,Shrigonda,Wheat,7,2023,2200,2400,Kharif
Maharashtra,Junnar(Otur),Onion,12,2023,1000,3000,Rabi
Maharashtra,Lasalgaon(Niphad),Onion,7,2023,500,1532,Kharif
Maharashtra,Junnar(Narayangaon),Potato,11,2024,550,3000,Rabi
Maharashtra,Lasalgaon(Niphad),Wheat,9,2023,2500,2650,Kharif
Maharashtra,Solapur,Wheat,9,2023,2295,3645,Kharif
Maharashtra,Nampur,Onion,2,2025,300,2410,Rabi
Maharashtra,"Sangli(Phale, Bhajipura Market)",Onion,8,2023,500,2600,Kharif
Maharashtra,Vashi New Mumbai,Potato,2,2024,1100,1600,Rabi
Maharashtra,Nasik,Onion,5,2025,320,1251,Zaid
Maharashtra,Satara,Onion,5,2024,1500,2200,Zaid
Maharashtra,Nasik,Onion,5,2024,1000,2200,Zaid
Maharashtra,Tasgaon,Wheat,1,2024,2860,3240,Rabi
Maharashtra,Shirpur,Wheat,6,2023,2000,2576,Kharif
Maharashtra,Lasalgaon(Vinchur),Onion,6,2023,300,1300,Kharif
Maharashtra,Baramati,Onion,1,2024,250,2000,Rabi
Maharashtra,Sakri,Onion,9,2023,1000,2250,Kharif
Maharashtra,Pune(Khadiki),Potato,6,2025,1200,1600,Kharif
Maharashtra,Pune,Potato,12,2024,2000,4000,Rabi
Maharashtra,Sangamner,Onion,4,2024,100,1601,Zaid
Maharashtra,Pune(Pimpri),Onion,11,2023,2000,5000,Rabi
Maharashtra,Shrirampur,Onion,5,2025,250,1200,Zaid
Maharashtra,Nandgaon,Onion,12,2023,350,4081,Rabi
Maharashtra,Kalvan,Onion,1,2024,800,2190,Rabi
Maharashtra,Rahata,Tomato,7,2023,3000,7500,Kharif
Maharashtra,Palghar,Wheat,11,2023,3170,3170,Rabi
Maharashtra,Vita,Potato,8,2024,3000,3200,Kharif
Maharashtra,Pathardi,Onion,7,2023,500,1500,Kharif
Maharashtra,Akluj,Potato,12,2024,2500,3000,Rabi
Maharashtra,Pune(Moshi),Onion,2,2024,700,1000,Rabi
Maharashtra,Chandvad,Onion,8,2024,1690,4101,Kharif
Maharashtra,Akhadabalapur,Wheat,9,2023,2200,2500,Kharif
Maharashtra,Manmad,Onion,12,2023,520,2300,Rabi
Maharashtra,Nasik,Potato,6,2025,1500,2100,Kharif
Maharashtra,Pimpalgaon Baswant(Saykheda),Onion,10,2024,2400,4381,Kharif
Maharashtra,Akole,Onion,4,2025,300,1351,Zaid
Maharashtra,Kalyan,Onion,2,2025,3100,3300,Rabi
Maharashtra,Junnar(Alephata),Onion,10,2024,3000,5110,Kharif
Maharashtra,Pune(Pimpri),Onion,8,2023,700,2300,Kharif
Maharashtra,Amrawati(Frui & Veg. Market),Potato,8,2024,1800,2800,Kharif
Maharashtra,Bhusaval,Onion,10,2024,3500,4000,Kharif
Maharashtra,Lasalgaon(Niphad),Onion,2,2025,2100,2400,Rabi
Maharashtra,Savner,Wheat,9,2023,2350,2375,Kharif
Maharashtra,Karad,Onion,2,2025,500,3000,Rabi
Maharashtra,Manmad,Onion,11,2024,1800,5500,Rabi
Maharashtra,Laxmi Sopan Agriculture Produce Marketing Co Ltd,Onion,11,2023,1000,5000,Rabi
Maharashtra,Satana,Wheat,6,2023,2286,2840,Kharif
Maharashtra,Rahata,Potato,4,2025,700,1600,Zaid
Maharashtra,Lasalgaon,Wheat,12,2023,2500,3100,Rabi
Maharashtra,Dhule,Onion,10,2024,500,3970,Kharif
Maharashtra,Kamthi,Potato,11,2023,1400,1800,Rabi
Maharashtra,Jalgaon,Potato,2,2024,1000,1500,Rabi
Maharashtra,Lasalgaon,Onion,7,2023,500,1690,Kharif
Maharashtra,Shrirampur,Potato,1,2024,1000,1200,Rabi
Maharashtra,Jamkhed,Onion,2,2024,100,1700,Rabi
Maharashtra,Shevgaon,Onion,5,2025,500,800,Zaid
Maharashtra,Gangakhed,Wheat,9,2023,2200,2800,Kharif
Maharashtra,Shahada,Wheat,10,2023,1800,2651,Kharif
Maharashtra,Karad,Onion,10,2023,800,2200,Kharif
Maharashtra,Shevgaon(Bodhegaon),Wheat,7,2023,2200,2400,Kharif
Maharashtra,Pune(Pimpri),Onion,8,2023,1400,2300,Kharif
Maharashtra,Akola,Onion,10,2023,2500,6000,Kharif
Maharashtra,Nagpur,Tomato,6,2023,6000,7000,Kharif
Maharashtra,Karad,Onion,4,2025,1000,1300,Zaid
Maharashtra,Lasalgaon(Vinchur),Onion,11,2024,2500,5701,Rabi
Maharashtra,Lasalgaon(Niphad),Onion,4,2025,800,1310,Zaid
Maharashtra,Vadgaonpeth,Onion,6,2025,1000,1600,Kharif
Maharashtra,Lasalgaon(Niphad),Onion,5,2024,800,2000,Zaid
Maharashtra,Akluj,Potato,10,2023,1400,1600,Kharif
Maharashtra,Chandvad,Onion,12,2024,1500,4400,Rabi
Maharashtra,"Sangli(Phale, Bhajipura Market)",Onion,4,2025,1000,1800,Zaid
Maharashtra,Akluj,Potato,1,2024,1200,1700,Rabi
Maharashtra,Kopargaon,Onion,11,2023,1900,3514,Rabi
Maharashtra,Yeola,Wheat,12,2023,2670,2999,Rabi
Maharashtra,Manchar,Potato,2,2024,1000,2000,Rabi
Maharashtra,Kalvan,Onion,3,2025,1200,1905,Rabi
Maharashtra,Lasalgaon,Onion,4,2025,500,1481,Zaid
Maharashtra,Mumbai,Wheat,9,2023,2600,6000,Kharif
Maharashtra,Jamkhed,Wheat,7,2023,2200,2500,Kharif
Maharashtra,Lasalgaon(Vinchur),Onion,7,2023,600,1626,Kharif
Maharashtra,Indapur,Onion,6,2023,150,1400,Kharif
Maharashtra,"Sangli(Phale, Bhajipura Market)",Potato,10,2024,1100,3100,Kharif
Maharashtra,Chandvad,Onion,2,2024,651,1462,Rabi
Maharashtra,Nagpur,Onion,3,2025,1000,1400,Rabi
Maharashtra,Shivsiddha Govind Producer Company Limited Sanchal,Onion,10,2023,1700,3105,Kharif
Maharashtra,Katol,Wheat,10,2023,2475,2541,Kharif
Maharashtra,Chandvad,Onion,11,2023,1701,3638,Rabi
Maharashtra,Nandgaon,Onion,7,2024,500,3131,Kharif
Maharashtra,Umrane,Onion,10,2024,1500,4715,Kharif
Maharashtra,Amrawati(Frui & Veg. Market),Onion,10,2024,1500,3000,Kharif
Maharashtra,Jalgaon,Onion,8,2023,750,2087,Kharif
Maharashtra,Pimpalgaon Baswant(Saykheda),Onion,5,2025,525,1152,Zaid
Maharashtra,Yeola,Onion,5,2025,100,1200,Zaid
Maharashtra,Sakri,Onion,5,2025,900,1400,Zaid
Maharashtra,Amalner,Wheat,12,2023,2800,2900,Rabi
Maharashtra,Sangamner,Onion,11,2023,500,4811,Rabi
Maharashtra,Pune(Moshi),Potato,4,2024,1300,1800,Zaid
Maharashtra,Sangli,Wheat,2,2024,3250,4000,Rabi
Maharashtra,Rahata,Onion,6,2023,200,1300,Kharif
Maharashtra,Lasalgaon(Niphad),Wheat,7,2023,2336,2590,Kharif
Maharashtra,Manchar,Onion,7,2023,1500,2210,Kharif
Maharashtra,Shrirampur,Wheat,10,2023,2100,2600,Kharif
Maharashtra,Akluj,Onion,4,2024,200,1400,Zaid
Maharashtra,Rahata,Onion,7,2024,700,3300,Kharif
Maharashtra,Pathardi,Onion,5,2025,200,1300,Zaid
Maharashtra,Parner,Onion,1,2024,100,1800,Rabi
Maharashtra,Junnar(Otur),Potato,10,2024,1000,2670,Kharif
Maharashtra,Newasa(Ghodegaon),Onion,12,2023,500,1900,Rabi
Maharashtra,Pimpalgaon Baswant(Saykheda),Onion,5,2024,600,1660,Zaid
Maharashtra,Pune(Manjri),Onion,5,2025,800,1100,Zaid
Maharashtra,Satara,Potato,8,2023,1300,1600,Kharif
Maharashtra,Pune,Onion,8,2024,2500,4100,Kharif
Maharashtra,Amrawati(Frui & Veg. Market),Potato,1,2025,800,2600,Rabi
Maharashtra,Vashi New Mumbai,Onion,12,2023,3000,4600,Rabi
Maharashtra,Sakri,Onion,9,2023,900,2255,Kharif
Maharashtra,Loha,Wheat,8,2023,2100,2926,Kharif
Maharashtra,Yawal,Onion,4,2024,1230,1650,Zaid
Maharashtra,Nampur,Onion,3,2024,300,1550,Rabi
Maharashtra,Shevgaon,Onion,10,2023,2000,2600,Kharif
Maharashtra,Shevgaon,Wheat,1,2024,2400,2800,Rabi
Maharashtra,Chandur Bazar,Wheat,6,2023,2150,2500,Kharif
Maharashtra,Karad,Onion,4,2025,1000,1200,Zaid
Maharashtra,Dhule,Onion,10,2023,500,3500,Kharif
Maharashtra,Chandrapur(Ganjwad),Potato,7,2024,3000,3200,Kharif
Maharashtra,Pune(Manjri),Potato,12,2024,2500,3200,Rabi
Maharashtra,Amrawati(Frui & Veg. Market),Tomato,10,2023,700,900,Kharif
Maharashtra,Pune(Khadiki),Potato,1,2025,1400,1800,Rabi
Maharashtra,Sakri,Onion,10,2024,3900,4300,Kharif
Maharashtra,Pune(Manjri),Potato,10,2023,1600,2000,Kharif
Maharashtra,Amrawati(Frui & Veg. Market),Onion,3,2025,600,1400,Rabi
Maharashtra,Pune(Khadiki),Onion,8,2024,1700,3300,Kharif
Maharashtra,Satana,Onion,4,2025,200,1445,Zaid
Maharashtra,Pune(Moshi),Potato,9,2024,1800,2300,Kharif
Maharashtra,Kopargaon,Onion,4,2024,500,1487,Zaid
Maharashtra,Solapur,Wheat,7,2023,2305,3470,Kharif
Maharashtra,Pimpalgaon Baswant(Saykheda),Onion,5,2024,600,1627,Zaid
Maharashtra,Lasalgaon(Niphad),Onion,4,2025,700,1320,Zaid
Maharashtra,Dondaicha,Wheat,12,2023,2350,2900,Rabi
Maharashtra,Bhusaval,Onion,1,2024,1000,1500,Rabi
Maharashtra,Rahuri,Potato,10,2023,1500,2100,Kharif
Maharashtra,Shevgaon,Wheat,7,2023,2150,2350,Kharif
Maharashtra,Pune(Manjri),Onion,9,2024,3000,4800,Kharif
Maharashtra,"Sangli(Phale, Bhajipura Market)",Potato,2,2025,1300,2000,Rabi
Maharashtra,Shevgaon,Onion,5,2025,900,1250,Zaid
Maharashtra,Amarawati,Wheat,8,2023,2400,2500,Kharif
Maharashtra,Amalner,Wheat,6,2023,2000,2600,Kharif
Maharashtra,Satana,Onion,12,2023,400,2275,Rabi
Maharashtra,Kopargaon,Wheat,7,2023,2300,2481,Kharif
Maharashtra,Chandrapur(Ganjwad),Potato,7,2023,1300,1500,Kharif
Maharashtra,Khed(Chakan),Onion,8,2023,1200,2550,Kharif
Maharashtra,Kolhapur,Onion,11,2024,1000,6400,Rabi
Maharashtra,Kopargaon,Onion,2,2025,1000,2581,Rabi
Maharashtra,Kalyan,Onion,2,2025,2000,2200,Rabi
Maharashtra,Khed(Chakan),Potato,6,2024,1900,2700,Kharif
Maharashtra,Nagpur,Onion,3,2025,1300,2500,Rabi
Maharashtra,Islampur,Potato,9,2023,1500,2000,Kharif
Maharashtra,Lasalgaon(Vinchur),Onion,12,2023,1000,3300,Rabi
Maharashtra,Nasik,Potato,1,2025,1000,2200,Rabi
Maharashtra,Pimpalgaon,Onion,10,2024,2500,5061,Kharif
Maharashtra,Nanded,Wheat,7,2023,2600,2600,Kharif
Maharashtra,Solapur,Onion,3,2025,200,3100,Rabi
Maharashtra,Satara,Onion,5,2025,1000,1700,Zaid
Maharashtra,Kalvan,Onion,4,2025,400,1501,Zaid
Maharashtra,Junnar(Alephata),Onion,9,2024,3000,5610,Kharif
Maharashtra,Pune,Potato,12,2023,1000,1800,Rabi
Maharashtra,Ahmednagar,Wheat,8,2023,2350,2750,Kharif
Maharashtra,Karjat(Raigad),Onion,6,2023,200,1100,Kharif
Maharashtra,Shrirampur,Tomato,7,2023,1650,5100,Kharif
Maharashtra,Hingna,Potato,4,2024,1800,1800,Zaid
Maharashtra,Dindori,Onion,7,2023,750,1380,Kharif
Maharashtra,Kalvan,Onion,10,2023,1000,2650,Kharif
Maharashtra,Om Chaitanya Multistate Agro Purpose CoOp Society,Onion,8,2024,1000,4500,Kharif
Maharashtra,Mangaon,Rice,4,2025,2000,4800,Zaid
Maharashtra,Vashi New Mumbai,Potato,10,2023,900,1300,Kharif
Maharashtra,Solapur,Wheat,6,2023,2290,3550,Kharif
Maharashtra,Vai,Potato,2,2025,1600,2200,Rabi
Maharashtra,Pune(Manjri),Potato,4,2024,1800,2400,Zaid
Maharashtra,Pune(Manjri),Onion,2,2025,2200,2800,Rabi
Maharashtra,Lasalgaon,Onion,5,2025,500,1470,Zaid
Maharashtra,Shevgaon,Onion,12,2023,1500,1900,Rabi
Maharashtra,Nagpur,Onion,2,2024,1000,1600,Rabi
Maharashtra,Gevrai,Wheat,10,2023,2200,2851,Kharif
Maharashtra,Loha,Wheat,6,2023,2000,2900,Kharif
Maharashtra,Akluj,Onion,12,2023,500,3000,Rabi
Maharashtra,Barshi(Vairag),Wheat,7,2023,2500,2501,Kharif
Maharashtra,Junnar(Narayangaon),Onion,10,2024,1500,4300,Kharif
Maharashtra,Kalyan,Onion,4,2024,1600,1700,Zaid
Maharashtra,Nasik,Potato,12,2024,1500,2750,Rabi
Maharashtra,Pune,Onion,8,2023,800,1800,Kharif
Maharashtra,Pachora,Wheat,10,2023,2151,2500,Kharif
Maharashtra,Pune,Onion,11,2023,2200,4200,Rabi
Maharashtra,Devala,Onion,2,2025,1100,3400,Rabi
Maharashtra,"Sangli(Phale, Bhajipura Market)",Onion,8,2024,1100,3100,Kharif
Maharashtra,Bhusaval,Onion,2,2024,1000,2000,Rabi
Maharashtra,Lasalgaon,Wheat,11,2023,2600,3331,Rabi
Maharashtra,Pune(Moshi),Potato,11,2024,2000,3000,Rabi
Maharashtra,Jalgaon,Potato,4,2025,1200,1400,Zaid
Maharashtra,Pimpalgaon,Onion,5,2024,400,2105,Zaid
Maharashtra,Ahmednagar,Onion,4,2025,250,1250,Zaid
Maharashtra,Pune,Wheat,8,2023,4500,5500,Kharif
Maharashtra,Akluj,Potato,8,2024,3000,3200,Kharif
Maharashtra,Nagpur,Onion,3,2025,1200,2400,Rabi
Maharashtra,Dindori(Vani),Onion,8,2023,1100,1851,Kharif
Maharashtra,Pune(Moshi),Potato,4,2025,1000,1400,Zaid
Maharashtra,Jalgaon,Onion,9,2023,1000,2125,Kharif
Maharashtra,Shevgaon,Onion,6,2024,1600,2600,Kharif
Maharashtra,Nagpur,Wheat,8,2023,3000,3200,Kharif
Maharashtra,Nasik,Potato,7,2023,950,1420,Kharif
Maharashtra,Solapur,Onion,9,2023,200,4600,Kharif
Maharashtra,Amrawati(Frui & Veg. Market),Potato,5,2025,1000,1900,Zaid
Maharashtra,Laxmi Sopan Agriculture Produce Marketing Co Ltd,Onion,11,2024,700,4100,Rabi
Maharashtra,Chandrapur(Ganjwad),Potato,3,2024,1500,1750,Rabi
Maharashtra,Sangli,Wheat,8,2023,3000,4000,Kharif
Maharashtra,Pune(Manjri),Potato,5,2025,1500,2000,Zaid
Maharashtra,Chandvad,Onion,10,2023,3600,5152,Kharif
Maharashtra,Junnar(Alephata),Onion,9,2024,2800,4810,Kharif
Maharashtra,Pune(Khadiki),Potato,8,2024,2200,2200,Kharif
Maharashtra,Akola,Onion,11,2023,3500,5000,Rabi
Maharashtra,Pen,Onion,6,2023,1200,1400,Kharif
Maharashtra,Pimpalgaon,Onion,10,2023,1200,2985,Kharif
Maharashtra,Junnar(Otur),Onion,8,2024,1500,3010,Kharif
Maharashtra,Kamthi,Potato,1,2024,1500,1800,Rabi
Maharashtra,Lasalgaon(Niphad),Onion,11,2024,2800,3351,Rabi
Maharashtra,Karjat(Raigad),Rice,5,2025,4000,5800,Zaid
Maharashtra,Pune(Moshi),Onion,10,2023,1500,3000,Kharif
Maharashtra,Umrane,Onion,4,2025,700,1350,Zaid
Maharashtra,Rahuri,Wheat,6,2023,1800,2300,Kharif
Maharashtra,Pune(Manjri),Onion,5,2025,700,800,Zaid
Maharashtra,Pimpalgaon Baswant(Saykheda),Onion,4,2025,800,1319,Zaid
Maharashtra,Pune(Moshi),Onion,6,2025,1000,1500,Kharif
Maharashtra,Beed,Wheat,8,2023,2460,2991,Kharif
Maharashtra,Pune(Khadiki),Onion,1,2024,1200,1800,Rabi
Maharashtra,Satara,Potato,5,2024,2300,2600,Zaid
Maharashtra,Pune,Wheat,9,2023,4500,5500,Kharif
Maharashtra,Solapur,Potato,7,2024,1800,3200,Kharif
Maharashtra,Lasalgaon(Vinchur),Wheat,1,2024,2500,2830,Rabi
Maharashtra,Mangal Wedha,Wheat,7,2023,2500,2950,Kharif
Maharashtra,Kopargaon,Onion,7,2023,300,1717,Kharif
Maharashtra,Satara,Onion,4,2025,500,1400,Zaid
Maharashtra,Manmad,Onion,10,2024,700,3300,Kharif
Maharashtra,Chandvad,Onion,11,2024,1000,5401,Rabi
Maharashtra,Junnar(Narayangaon),Potato,4,2025,400,1800,Zaid
Maharashtra,Kamthi,Potato,2,2024,500,1500,Rabi
Maharashtra,Akola,Potato,12,2023,1000,1400,Rabi
Maharashtra,Pune(Manjri),Onion,6,2023,800,1300,Kharif
Maharashtra,Akola,Wheat,9,2023,2130,2710,Kharif
Maharashtra,"Sangli(Phale, Bhajipura Market)",Onion,4,2024,500,1600,Zaid
Maharashtra,Karad,Onion,8,2024,1000,3000,Kharif
Maharashtra,Amrawati(Frui & Veg. Market),Potato,5,2024,1800,2400,Zaid
Maharashtra,Kurdwadi(Modnimb),Onion,2,2024,251,2300,Rabi
Maharashtra,Pimpalgaon,Onion,12,2023,900,2880,Rabi
Maharashtra,Hinganghat,Wheat,7,2023,2055,2360,Kharif
Maharashtra,Islampur,Potato,11,2023,1400,2000,Rabi
Maharashtra,Nagpur,Wheat,10,2023,3000,3200,Kharif
Maharashtra,Karad,Onion,6,2023,400,1400,Kharif
Maharashtra,Satara,Onion,9,2024,2000,5000,Kharif
Maharashtra,Kolhapur,Onion,2,2025,1000,3200,Rabi
Maharashtra,Kopargaon,Onion,11,2023,700,3603,Rabi
Maharashtra,Achalpur,Wheat,7,2023,2150,2400,Kharif
Maharashtra,Rahata,Onion,3,2025,400,1500,Rabi
Maharashtra,Rahata,Wheat,9,2023,2400,2771,Kharif
Maharashtra,Chandrapur(Ganjwad),Potato,11,2023,1400,1500,Rabi
Maharashtra,Bhusaval,Onion,10,2023,1600,2200,Kharif
Maharashtra,Kolhapur,Onion,11,2024,1000,6000,Rabi
Maharashtra,Laxmi Sopan Agriculture Produce Marketing Co Ltd,Onion,8,2023,200,1260,Kharif
Maharashtra,Junnar(Narayangaon),Potato,2,2025,510,1900,Rabi
Maharashtra,Junnar(Alephata),Onion,5,2024,1000,2310,Zaid
Maharashtra,Shirur,Onion,8,2024,1000,4500,Kharif
Maharashtra,Jalgaon,Onion,3,2025,625,2250,Rabi
Maharashtra,Parola,Wheat,8,2023,2100,2550,Kharif
Maharashtra,Katol,Wheat,6,2023,2095,2201,Kharif
Maharashtra,Solapur,Onion,8,2024,300,3200,Kharif
Maharashtra,Junnar(Narayangaon),Onion,7,2023,500,1400,Kharif
Maharashtra,Dindori,Onion,4,2025,805,1400,Zaid
Maharashtra,Junnar(Otur),Potato,10,2023,500,1450,Kharif
Maharashtra,Pachora,Wheat,7,2023,2168,2251,Kharif
Maharashtra,Akola,Onion,11,2024,2500,4400,Rabi
Maharashtra,Dondaicha,Wheat,10,2023,2000,2951,Kharif
Maharashtra,Bhusaval,Potato,12,2024,2200,3000,Rabi
Maharashtra,Jalgaon,Onion,3,2024,500,1702,Rabi
Maharashtra,Pune(Moshi),Onion,5,2025,300,1200,Zaid
Maharashtra,Solapur,Onion,5,2025,100,1570,Zaid
Maharashtra,Satara,Potato,12,2023,1300,1700,Rabi
Maharashtra,Parner,Onion,9,2024,1500,4500,Kharif
Maharashtra,Karad,Onion,11,2023,2000,5000,Rabi
Maharashtra,Sangamner,Onion,3,2025,151,1725,Rabi
Maharashtra,Dhule,Onion,8,2023,100,1910,Kharif
Maharashtra,Kalyan,Onion,4,2025,1500,1700,Zaid
Maharashtra,Kalvan,Onion,2,2025,1300,2600,Rabi
Maharashtra,Dhule,Onion,11,2023,600,4400,Rabi
Maharashtra,Lasalgaon(Vinchur),Onion,4,2024,600,1512,Zaid
Maharashtra,Vadgaonpeth,Onion,6,2023,1000,1600,Kharif
Maharashtra,Pune(Pimpri),Onion,7,2024,2800,3200,Kharif
Maharashtra,Mangal Wedha,Onion,6,2023,300,1101,Kharif
Maharashtra,Shevgaon,Onion,9,2023,1200,1900,Kharif
Maharashtra,Satana,Onion,5,2024,500,2150,Zaid
Maharashtra,Pune,Onion,1,2024,500,1600,Rabi
Maharashtra,Sinner,Onion,4,2025,500,1336,Zaid
Maharashtra,Nasik,Onion,5,2024,500,2001,Zaid
Maharashtra,Rahuri(Vambori),Onion,8,2023,100,2000,Kharif
Maharashtra,Pune(Pimpri),Onion,10,2024,4900,4900,Kharif
Maharashtra,Pune,Onion,12,2023,2000,4600,Rabi
Maharashtra,Pune(Pimpri),Onion,7,2024,2500,3000,Kharif
Maharashtra,Tasgaon,Wheat,10,2023,2560,2850,Kharif
Maharashtra,Nanded,Wheat,6,2023,2150,2500,Kharif
Maharashtra,Junnar(Narayangaon),Onion,5,2024,500,2000,Zaid
Maharashtra,Pune(Khadiki),Onion,9,2024,1700,3500,Kharif
Maharashtra,Rahuri,Potato,6,2023,1600,2000,Kharif
Maharashtra,Manmad,Onion,11,2023,1000,3175,Rabi
Maharashtra,Pimpalgaon Baswant(Saykheda),Onion,11,2023,2300,3425,Rabi
Maharashtra,Savner,Wheat,11,2023,2400,2425,Rabi
Maharashtra,Rahata,Onion,4,2024,200,1700,Zaid
Maharashtra,Loha,Wheat,8,2023,2200,3001,Kharif
Maharashtra,Vai,Potato,1,2024,1500,2300,Rabi
Maharashtra,Dhule,Wheat,2,2024,2400,3450,Rabi
Maharashtra,Amrawati(Frui & Veg. Market),Potato,6,2024,1500,2700,Kharif
Maharashtra,Sakri,Onion,1,2024,905,1610,Rabi
Maharashtra,Solapur,Onion,9,2023,100,3000,Kharif
Maharashtra,Ulhasnagar,Wheat,8,2023,3000,3600,Kharif
Maharashtra,Akola,Wheat,6,2023,2100,2490,Kharif
Maharashtra,Karjat(Raigad),Wheat,9,2023,2000,2700,Kharif
Maharashtra,Junnar(Narayangaon),Potato,3,2025,500,1800,Rabi
Maharashtra,Devala,Onion,6,2023,250,1600,Kharif
Maharashtra,Parshiwani,Tomato,7,2023,7000,11000,Kharif
Maharashtra,Ahmednagar,Potato,10,2023,1400,1500,Kharif
Maharashtra,Dhule,Wheat,12,2023,2650,3155,Rabi
Maharashtra,Akluj,Potato,8,2024,1900,3000,Kharif
Maharashtra,Nagpur,Onion,6,2025,800,1600,Kharif
Maharashtra,Nandgaon,Onion,6,2024,451,2155,Kharif
Maharashtra,Akola,Potato,11,2024,1800,2800,Rabi
Maharashtra,Pimpalgaon,Onion,12,2024,1000,4599,Rabi
Maharashtra,Newasa(Ghodegaon),Onion,8,2024,1000,4000,Kharif
Maharashtra,Shrirampur,Onion,5,2024,200,1500,Zaid
Maharashtra,Vadgaonpeth,Onion,1,2024,1000,2000,Rabi
Maharashtra,Junnar(Narayangaon),Potato,1,2024,200,1600,Rabi
Maharashtra,Pune,Onion,1,2024,600,1700,Rabi
Maharashtra,Nagpur,Wheat,1,2024,2500,2868,Rabi
Maharashtra,Tasgaon,Wheat,6,2023,2460,2680,Kharif
Maharashtra,Solapur,Wheat,9,2023,2290,3655,Kharif
Maharashtra,Umrane,Onion,3,2024,600,1470,Rabi
Maharashtra,Parner,Onion,5,2024,300,1600,Zaid
Maharashtra,Solapur,Onion,3,2024,200,1850,Rabi
Maharashtra,Solapur,Wheat,1,2024,2530,4075,Rabi
Maharashtra,Manchar,Potato,12,2024,1000,1900,Rabi
Maharashtra,Pune(Manjri),Potato,8,2023,1400,2000,Kharif
Maharashtra,Junnar(Otur),Onion,3,2025,1000,2000,Rabi
Maharashtra,Shrigonda,Onion,1,2024,300,1400,Rabi
Maharashtra,Karjat(Raigad),Wheat,7,2023,2000,2600,Kharif
Maharashtra,Yeola,Onion,7,2023,200,1391,Kharif
Maharashtra,Amrawati(Frui & Veg. Market),Onion,6,2023,500,2200,Kharif
Maharashtra,Manmad,Onion,4,2025,400,1340,Zaid
Maharashtra,Ahmednagar,Wheat,6,2023,2200,2600,Kharif
Maharashtra,Lasalgaon(Niphad),Onion,2,2024,900,1820,Rabi
Maharashtra,Chandrapur(Ganjwad),Potato,2,2024,1000,1600,Rabi
Maharashtra,Ahmednagar,Onion,1,2024,200,2400,Rabi
Maharashtra,Akluj,Potato,7,2023,1300,1700,Kharif
Maharashtra,Akola,Onion,5,2024,700,1400,Zaid
Maharashtra,Mangal Wedha,Onion,10,2024,300,3000,Kharif
Maharashtra,Lasalgaon(Vinchur),Onion,5,2025,500,1700,Zaid
Maharashtra,Sinner,Wheat,10,2023,2485,2600,Kharif
Maharashtra,Akola,Wheat,11,2023,2370,2900,Rabi
Maharashtra,Rahuri(Vambori),Onion,12,2023,200,2500,Rabi
Maharashtra,Ahmedpur,Wheat,7,2023,2250,2890,Kharif
Maharashtra,Solapur,Onion,2,2024,100,1800,Rabi
Maharashtra,Mangal Wedha,Onion,7,2023,300,1900,Kharif
Maharashtra,Akluj,Onion,12,2023,500,2500,Rabi
Maharashtra,Bhokar,Wheat,6,2023,2000,2000,Kharif
Maharashtra,Mangal Wedha,Onion,8,2024,3000,3000,Kharif
Maharashtra,Rahata,Potato,2,2024,800,1700,Rabi
Maharashtra,Pune(Manjri),Onion,12,2023,3300,4400,Rabi
Maharashtra,Lasalgaon(Niphad),Wheat,7,2023,2193,2290,Kharif
Maharashtra,Vai,Potato,9,2023,1600,2200,Kharif
Maharashtra,Varud,Wheat,1,2024,2500,2500,Rabi
Maharashtra,Shevgaon,Onion,9,2024,3400,4400,Kharif
Maharashtra,Loha,Wheat,8,2023,2175,2552,Kharif
Maharashtra,Kolhapur,Onion,8,2024,1000,3100,Kharif
Maharashtra,Shrirampur,Potato,9,2023,950,1300,Kharif
Maharashtra,Bhusaval,Potato,7,2024,2200,3000,Kharif
Maharashtra,Kalyan,Onion,2,2025,2800,3000,Rabi
Maharashtra,Manchar,Onion,12,2023,1200,1800,Rabi
Maharashtra,Pen,Onion,12,2023,3000,3200,Rabi
Maharashtra,Pune(Manjri),Potato,12,2024,1800,2600,Rabi
Maharashtra,Pune(Moshi),Potato,9,2024,1600,2500,Kharif
Maharashtra,Baramati,Onion,10,2024,1000,4200,Kharif
Maharashtra,Lasalgaon(Vinchur),Onion,3,2025,800,1342,Rabi
Maharashtra,Shevgaon,Wheat,7,2023,2200,2400,Kharif
Maharashtra,Pimpalgaon,Onion,6,2024,800,2555,Kharif
Maharashtra,Nasik,Potato,11,2023,900,1500,Rabi
Maharashtra,Pune(Khadiki),Onion,2,2024,1200,1600,Rabi
Maharashtra,Om Chaitanya Multistate Agro Purpose CoOp Society,Wheat,10,2023,2500,2700,Kharif
Maharashtra,Malharshree Farmers Producer Co Ltd,Onion,12,2024,2256,4910,Rabi
Maharashtra,Nasik,Onion,12,2023,1200,3800,Rabi
Maharashtra,Kaij,Wheat,9,2023,2300,2500,Kharif
Maharashtra,"Sangli(Phale, Bhajipura Market)",Onion,9,2024,1900,4800,Kharif
Maharashtra,Nampur,Onion,3,2024,500,1610,Rabi
Maharashtra,Pune,Onion,2,2024,700,2100,Rabi
Maharashtra,Junnar,Onion,12,2023,200,2200,Rabi
Maharashtra,Kalyan,Potato,6,2024,2200,2600,Kharif
Maharashtra,Kada,Onion,2,2024,200,2000,Rabi
Maharashtra,Hingna,Potato,10,2024,2300,2800,Kharif
Maharashtra,Kopargaon,Onion,3,2024,500,1350,Rabi
Maharashtra,Satara,Potato,3,2024,1300,2200,Rabi
Maharashtra,Sangamner,Onion,2,2025,500,3011,Rabi
Maharashtra,Vashi New Mumbai,Potato,1,2025,1400,2200,Rabi
Maharashtra,Amrawati(Frui & Veg. Market),Onion,10,2023,700,4800,Kharif
Maharashtra,Palghar,Wheat,6,2023,2975,2975,Kharif
Maharashtra,Akola,Onion,1,2024,1200,2000,Rabi
Maharashtra,Kolhapur,Onion,2,2025,1000,3000,Rabi
Maharashtra,Jalgaon,Potato,10,2024,2000,2600,Kharif
Maharashtra,Vai,Potato,10,2024,3000,3700,Kharif
Maharashtra,Sindi(Selu),Wheat,11,2023,2300,2400,Rabi
Maharashtra,Pune(Manjri),Onion,10,2024,1700,3500,Kharif
Maharashtra,Pune(Moshi),Potato,7,2024,1800,2800,Kharif
Maharashtra,"Sangli(Phale, Bhajipura Market)",Potato,1,2025,1000,2200,Rabi
Maharashtra,Rahata,Potato,4,2024,2000,2200,Zaid
Maharashtra,Rahata,Wheat,11,2023,2520,2900,Rabi
Maharashtra,Shree Sairaj Krushi Market,Onion,10,2023,700,5600,Kharif
Maharashtra,Satara,Tomato,7,2023,4000,8000,Kharif
Maharashtra,Chandrapur(Ganjwad),Onion,12,2023,2000,3000,Rabi
Maharashtra,Shree Sairaj Krushi Market,Onion,10,2023,600,2800,Kharif
Maharashtra,Manchar,Potato,1,2024,1000,1400,Rabi
Maharashtra,Chandvad,Onion,3,2024,1000,1750,Rabi
Maharashtra,Satara,Onion,3,2024,1200,1500,Rabi
Maharashtra,Dindori(Vani),Onion,7,2023,1000,1855,Kharif
Maharashtra,Newasa(Ghodegaon),Onion,4,2025,300,1200,Zaid
Maharashtra,Pune(Moshi),Potato,4,2025,1000,1300,Zaid
Maharashtra,Umrane,Onion,10,2023,1000,4700,Kharif
Maharashtra,Dhule,Wheat,1,2024,2260,2972,Rabi
Maharashtra,"Sangli(Phale, Bhajipura Market)",Potato,7,2023,1000,1800,Kharif
Maharashtra,Shevgaon(Bodhegaon),Wheat,6,2023,2500,2500,Kharif
Maharashtra,Rahata,Potato,12,2024,500,2800,Rabi
Maharashtra,Kopargaon,Onion,2,2024,500,1281,Rabi
Maharashtra,Nagpur,Wheat,8,2023,2404,2510,Kharif
Maharashtra,Rahuri,Wheat,1,2024,2400,2600,Rabi
Maharashtra,Manchar,Potato,1,2025,1000,1800,Rabi
Maharashtra,Akola,Potato,3,2025,1000,1500,Rabi
Maharashtra,Karjat(Raigad),Wheat,12,2023,2500,2800,Rabi
Maharashtra,Lonand,Onion,11,2023,2000,4300,Rabi
Maharashtra,Palghar,Wheat,9,2023,3100,3100,Kharif
Maharashtra,Sangamner,Onion,8,2023,200,2600,Kharif
Maharashtra,Nasik,Onion,6,2024,900,2701,Kharif
Maharashtra,Shevgaon(Bodhegaon),Wheat,7,2023,2450,2450,Kharif
Maharashtra,Jamkhed,Onion,3,2024,200,2000,Rabi
Maharashtra,Shevgaon,Onion,5,2024,600,900,Zaid
Maharashtra,Satana,Onion,10,2023,600,2500,Kharif
Maharashtra,Phaltan,Tomato,8,2023,1000,10000,Kharif
Maharashtra,Jalgaon,Potato,6,2024,1900,2400,Kharif
Maharashtra,"Sangli(Phale, Bhajipura Market)",Potato,6,2023,1400,1800,Kharif
Maharashtra,Nasik,Onion,2,2024,450,1400,Rabi
Maharashtra,Nagpur,Tomato,7,2023,7000,9000,Kharif
Maharashtra,Shevgaon(Bodhegaon),Wheat,7,2023,2200,2200,Kharif
Maharashtra,Lasalgaon(Niphad),Onion,10,2023,2500,4899,Kharif
Maharashtra,Tasgaon,Wheat,1,2024,3250,3460,Rabi
Maharashtra,Sangamner,Onion,3,2024,100,1611,Rabi
Maharashtra,Lasalgaon(Niphad),Onion,10,2023,1000,2520,Kharif
Maharashtra,Pimpalgaon Baswant(Saykheda),Onion,2,2025,1500,3500,Rabi
Maharashtra,Pathari,Wheat,8,2023,2250,2601,Kharif
Maharashtra,Pune(Moshi),Onion,6,2024,600,1800,Kharif
Maharashtra,Hinganghat,Wheat,9,2023,2245,2525,Kharif
Maharashtra,Lasalgaon,Onion,3,2024,603,1803,Rabi
Maharashtra,Akola,Potato,4,2025,1200,1800,Zaid
Maharashtra,Hingoli(Kanegoan Naka),Wheat,7,2023,1950,2100,Kharif
Maharashtra,Umrane,Onion,3,2024,651,1750,Rabi
Maharashtra,Nampur,Onion,7,2023,100,1680,Kharif
Maharashtra,Lasalgaon(Vinchur),Onion,8,2023,800,2490,Kharif
Maharashtra,Pimpalgaon Baswant(Saykheda),Onion,12,2023,2000,4052,Rabi
Maharashtra,Kurdwadi(Modnimb),Onion,7,2023,500,1390,Kharif
Maharashtra,Akole,Onion,7,2023,151,1711,Kharif
Maharashtra,Rahuri,Onion,5,2024,100,1900,Zaid
Maharashtra,Khed(Chakan),Onion,4,2025,1000,1500,Zaid
Maharashtra,Rahuri,Potato,10,2023,1500,2000,Kharif
Maharashtra,Junnar(Otur),Onion,7,2023,800,1650,Kharif
Maharashtra,Pune,Potato,10,2024,2100,3800,Kharif
Maharashtra,Chalisgaon,Wheat,11,2023,2401,3111,Rabi
Maharashtra,Amrawati(Frui & Veg. Market),Potato,2,2025,800,1500,Rabi
Maharashtra,Nagpur,Potato,7,2023,1000,1300,Kharif
Maharashtra,Ratnagiri (Nachane),Tomato,7,2023,3000,9000,Kharif
Maharashtra,Pune(Moshi),Potato,12,2024,2200,2600,Rabi
Maharashtra,Bhusaval,Potato,8,2023,1500,1800,Kharif
Maharashtra,Pune(Khadiki),Onion,8,2024,1400,3800,Kharif
Maharashtra,Bhusaval,Onion,3,2025,1800,2200,Rabi
Maharashtra,Rahata,Potato,10,2024,2700,2800,Kharif
Maharashtra,Vai,Tomato,6,2023,1500,4000,Kharif
Maharashtra,Manchar,Potato,3,2025,1200,3000,Rabi
Maharashtra,Savner,Wheat,7,2023,2166,2200,Kharif
Maharashtra,Solapur,Onion,5,2025,100,1600,Zaid
Maharashtra,Dindori(Vani),Onion,3,2025,1351,1740,Rabi
Maharashtra,Dhamngaon-Railway,Wheat,9,2023,2350,2475,Kharif
Maharashtra,Yeola,Onion,12,2023,1503,3898,Rabi
Maharashtra,Shrirampur,Onion,5,2025,200,1700,Zaid
Maharashtra,Amrawati(Frui & Veg. Market),Potato,6,2024,1500,2500,Kharif
Maharashtra,Manmad,Onion,2,2025,581,1185,Rabi
Maharashtra,Kolhapur,Onion,11,2023,1500,4800,Rabi
Maharashtra,Kolhapur,Onion,9,2024,1500,5200,Kharif
Maharashtra,"Sangli(Phale, Bhajipura Market)",Onion,10,2023,1600,5500,Kharif
Maharashtra,Manchar,Onion,10,2024,3800,5110,Kharif
Maharashtra,Kamthi,Onion,2,2025,1500,2500,Rabi
Maharashtra,Khed(Chakan),Potato,5,2025,1300,1800,Zaid
Maharashtra,Chandvad,Tomato,7,2023,2500,7755,Kharif
Maharashtra,Pune(Khadiki),Onion,4,2025,600,1300,Zaid
Maharashtra,Rahuri,Potato,11,2024,2700,3500,Rabi
Maharashtra,Pune,Onion,11,2024,2500,6500,Rabi
Maharashtra,Akole,Onion,6,2023,111,1251,Kharif
Maharashtra,Karjat,Onion,4,2025,500,1500,Zaid
Maharashtra,Nasik,Onion,10,2024,3500,4450,Kharif
Maharashtra,Shirpur,Onion,3,2025,350,350,Rabi
Maharashtra,Nagpur,Onion,4,2025,1000,1600,Zaid
Maharashtra,Vai,Onion,9,2023,500,1000,Kharif
Maharashtra,Manmad,Onion,5,2025,200,1501,Zaid
Maharashtra,Rahuri,Potato,5,2024,2100,2700,Zaid
Maharashtra,Dhule,Onion,6,2024,100,2060,Kharif
Maharashtra,Umrane,Onion,7,2024,1000,2925,Kharif
Maharashtra,"Sangli(Phale, Bhajipura Market)",Onion,2,2025,1300,3300,Rabi
Maharashtra,Kolhapur,Onion,8,2024,1500,4500,Kharif
Maharashtra,Manmad,Onion,8,2023,500,1860,Kharif
Maharashtra,Kamthi,Tomato,6,2023,1500,2500,Kharif
Maharashtra,Lasalgaon(Niphad),Onion,3,2024,700,1551,Rabi
Maharashtra,Jalgaon,Potato,3,2025,1000,1800,Rabi
Maharashtra,Pune(Moshi),Onion,4,2024,500,1400,Zaid
Maharashtra,Manmad,Wheat,7,2023,2225,2512,Kharif
Maharashtra,Umrane,Onion,3,2025,700,1551,Rabi
Maharashtra,Kolhapur,Onion,8,2024,1200,3800,Kharif
Maharashtra,Malegaon,Wheat,8,2023,2352,2712,Kharif
Maharashtra,Bhusaval,Potato,5,2024,1800,2200,Zaid
Maharashtra,Katol,Wheat,7,2023,2221,2226,Kharif
Maharashtra,Vashi New Mumbai,Onion,11,2023,2800,4600,Rabi
Maharashtra,Satana,Onion,10,2024,1500,5050,Kharif
Maharashtra,Pune(Moshi),Potato,1,2024,1000,1500,Rabi
Maharashtra,Baramati,Onion,2,2025,801,2500,Rabi
Maharashtra,Vadgaonpeth,Onion,6,2024,1800,2300,Kharif
Maharashtra,Lasalgaon(Vinchur),Onion,2,2025,1901,2570,Rabi
Maharashtra,Solapur,Wheat,9,2023,2295,3680,Kharif
Maharashtra,Vashi New Mumbai,Onion,11,2023,2900,4500,Rabi
Maharashtra,Sangamner,Onion,10,2024,1200,4600,Kharif
Maharashtra,Jalgaon,Onion,3,2024,550,1902,Rabi
Maharashtra,Sangamner,Onion,10,2023,300,5500,Kharif
Maharashtra,Kolhapur,Onion,12,2023,1500,4600,Rabi
Maharashtra,Chandvad,Onion,7,2024,1500,3291,Kharif
Maharashtra,Vai,Potato,1,2025,2000,2800,Rabi
Maharashtra,Vashi New Mumbai,Potato,5,2024,1900,2400,Zaid
Maharashtra,Rahuri(Vambori),Onion,10,2024,300,4000,Kharif
Maharashtra,Nagpur,Potato,3,2024,1400,1800,Rabi
Maharashtra,Nandgaon,Wheat,11,2023,2751,3365,Rabi
Maharashtra,Vashi New Mumbai,Onion,4,2025,1000,1700,Zaid
Maharashtra,Jalgaon,Potato,11,2023,700,1200,Rabi
Maharashtra,Pune(Moshi),Potato,9,2024,2400,2400,Kharif
Maharashtra,Vai,Onion,12,2023,1500,3000,Rabi
Maharashtra,Kolhapur,Onion,9,2024,1500,4500,Kharif
Maharashtra,Lasalgaon(Niphad),Onion,2,2025,1000,2800,Rabi
Maharashtra,Junnar(Narayangaon),Onion,12,2023,500,4000,Rabi
Maharashtra,Amrawati(Frui & Veg. Market),Tomato,8,2023,5500,6000,Kharif
Maharashtra,Nanded,Wheat,12,2023,2200,2400,Rabi
Maharashtra,Sakri,Onion,10,2024,4250,4845,Kharif
Maharashtra,Pimpalgaon Baswant(Saykheda),Onion,7,2024,1500,2950,Kharif
Maharashtra,Nagpur,Onion,11,2024,2200,4400,Rabi
Maharashtra,Vadgaonpeth,Onion,7,2024,2800,3000,Kharif
Maharashtra,Chandrapur(Ganjwad),Potato,6,2023,1200,1500,Kharif
Maharashtra,Parner,Onion,10,2024,1500,5200,Kharif
Maharashtra,Pune(Khadiki),Onion,1,2024,1500,2000,Rabi
Maharashtra,Pune,Potato,2,2024,800,1600,Rabi
Maharashtra,Lasalgaon(Vinchur),Wheat,10,2023,2441,2731,Kharif
Maharashtra,Shree Rameshwar Krushi Market,Onion,8,2023,200,1800,Kharif
Maharashtra,Lasalgaon(Niphad),Onion,8,2023,800,2324,Kharif
Maharashtra,Rahuri(Vambori),Onion,4,2024,300,1700,Zaid
Maharashtra,Nasik,Potato,1,2025,1200,2300,Rabi
Maharashtra,Newasa,Wheat,12,2023,2450,2450,Rabi
Maharashtra,Yeola,Onion,3,2025,400,1460,Rabi
Maharashtra,Shahada,Wheat,10,2023,2575,2851,Kharif
Maharashtra,Solapur,Tomato,7,2023,1500,9500,Kharif
Maharashtra,Phaltan,Tomato,7,2023,2100,8399,Kharif
Maharashtra,Junnar(Narayangaon),Potato,5,2025,400,2000,Zaid
Maharashtra,Solapur,Potato,12,2024,1500,2500,Rabi
Maharashtra,Satana,Onion,10,2024,1100,5000,Kharif
Maharashtra,Junnar(Narayangaon),Onion,12,2023,500,2200,Rabi
Maharashtra,"Sangli(Phale, Bhajipura Market)",Onion,1,2024,400,2300,Rabi
Maharashtra,Lasalgaon(Niphad),Onion,4,2025,1055,1142,Zaid
Maharashtra,Alibagh,Rice,6,2025,2500,2700,Kharif
Maharashtra,Sangamner,Tomato,6,2023,500,4750,Kharif
Maharashtra,Mangal Wedha,Wheat,9,2023,2950,3210,Kharif
Maharashtra,Rahata,Potato,1,2024,700,1500,Rabi
Maharashtra,Shirpur,Onion,10,2023,1225,4125,Kharif
Maharashtra,Manmad,Onion,5,2024,500,2100,Zaid
Maharashtra,Newasa(Ghodegaon),Onion,7,2023,400,2550,Kharif
Maharashtra,Vashi New Mumbai,Potato,6,2024,2100,2700,Kharif
Maharashtra,Junnar(Otur),Onion,8,2024,1500,4510,Kharif
Maharashtra,Devala,Onion,9,2024,1500,4425,Kharif
Maharashtra,Manchar,Potato,4,2024,1000,2200,Zaid
Maharashtra,Solapur,Potato,1,2025,1400,2100,Rabi
Maharashtra,Kamthi,Potato,6,2024,3000,4000,Kharif
Maharashtra,Rahata,Potato,6,2024,2600,3100,Kharif
Maharashtra,Vashi New Mumbai,Onion,9,2023,800,2300,Kharif
Maharashtra,Phaltan,Wheat,12,2023,2300,3250,Rabi
Maharashtra,Pimpalgaon Baswant(Saykheda),Onion,10,2024,2300,4260,Kharif
Maharashtra,Kopargaon,Wheat,1,2024,2500,2776,Rabi
Maharashtra,Satana,Onion,3,2025,205,1460,Rabi
Maharashtra,Ahmednagar,Tomato,7,2023,4000,8500,Kharif
Maharashtra,Yeola,Onion,3,2025,500,1512,Rabi
Maharashtra,Bhusaval,Potato,9,2024,2000,2500,Kharif
Maharashtra,Lasalgaon(Niphad),Onion,10,2024,2500,4400,Kharif
Maharashtra,Manmad,Onion,6,2023,110,1170,Kharif
Maharashtra,Pune(Pimpri),Potato,3,2024,1800,1800,Rabi
Maharashtra,Mangal Wedha,Onion,7,2024,1000,3500,Kharif
Maharashtra,Karjat(Raigad),Onion,1,2024,500,2000,Rabi
Maharashtra,Kolhapur,Onion,12,2023,700,4000,Rabi
Maharashtra,Pune,Potato,10,2024,2000,3500,Kharif
Maharashtra,Pune(Manjri),Potato,4,2025,2000,2500,Zaid
Maharashtra,Pune(Moshi),Onion,2,2024,200,1000,Rabi
Maharashtra,Lasalgaon,Onion,4,2025,300,880,Zaid
Maharashtra,Akola,Onion,6,2023,700,1500,Kharif
Maharashtra,Karmala,Wheat,6,2023,2051,2425,Kharif
Maharashtra,Amrawati(Frui & Veg. Market),Potato,6,2023,700,1400,Kharif
Maharashtra,Nagpur,Wheat,6,2023,2246,2372,Kharif
Maharashtra,Shevgaon,Wheat,10,2023,2350,2600,Kharif
Maharashtra,Nagpur,Onion,2,2024,800,1600,Rabi
Maharashtra,Pathardi,Wheat,12,2023,2000,2500,Rabi
Maharashtra,Akole,Onion,10,2024,1200,4400,Kharif
Maharashtra,Nagpur,Onion,3,2025,1000,1800,Rabi
Maharashtra,Vashi New Mumbai,Onion,6,2023,700,1500,Kharif
Maharashtra,Pune(Khadiki),Onion,8,2024,1200,2800,Kharif
Maharashtra,Kolhapur,Onion,6,2025,500,1700,Kharif
Maharashtra,Satana,Wheat,10,2023,2401,3560,Kharif
Maharashtra,Solapur,Potato,6,2023,600,2300,Kharif
Maharashtra,Akola,Wheat,10,2023,2100,2780,Kharif
Maharashtra,Rahuri,Onion,9,2024,500,4300,Kharif
Maharashtra,Katol,Wheat,7,2023,2245,2300,Kharif
Maharashtra,Vashi New Mumbai,Potato,1,2024,900,1300,Rabi
Maharashtra,Pachora,Wheat,1,2024,2400,2631,Rabi
Maharashtra,Khed(Chakan),Potato,11,2024,2500,3700,Rabi
Maharashtra,Pune,Potato,7,2024,2500,3000,Kharif
Maharashtra,Pandharpur,Onion,2,2024,200,1500,Rabi
Maharashtra,Dindori(Vani),Onion,6,2023,500,1415,Kharif
Maharashtra,Nasik,Onion,8,2024,2800,3950,Kharif
Maharashtra,Akola,Onion,4,2025,700,1400,Zaid
Maharashtra,Dindori,Onion,7,2023,1001,1506,Kharif
Maharashtra,Dhule,Wheat,12,2023,2500,3276,Rabi
Maharashtra,Akola,Potato,12,2024,2000,2600,Rabi
Maharashtra,Jalgaon,Tomato,7,2023,4000,8000,Kharif
Maharashtra,Mangal Wedha,Tomato,6,2023,2000,3800,Kharif
Maharashtra,Rahuri(Vambori),Wheat,12,2023,2300,3061,Rabi
Maharashtra,Kalvan,Onion,9,2024,2000,4855,Kharif
Maharashtra,Lasalgaon(Niphad),Onion,3,2024,1000,1716,Rabi
Maharashtra,Lasalgaon(Vinchur),Onion,6,2025,500,1700,Kharif
Maharashtra,Nasik,Onion,10,2024,3400,4600,Kharif
Maharashtra,"Sangli(Phale, Bhajipura Market)",Onion,12,2023,700,2500,Rabi
Maharashtra,Nagpur,Onion,8,2024,3200,4200,Kharif
Maharashtra,Amrawati(Frui & Veg. Market),Onion,10,2023,1200,4200,Kharif
Maharashtra,Solapur,Potato,7,2023,800,1650,Kharif
Maharashtra,Nagpur,Potato,6,2023,1000,1200,Kharif
Maharashtra,Tasgaon,Wheat,11,2023,2560,2820,Rabi
Maharashtra,Nagpur,Onion,8,2023,1500,2500,Kharif
Maharashtra,Lasalgaon,Onion,10,2023,2000,5252,Kharif
Maharashtra,Nandurbar,Onion,2,2024,980,1235,Rabi
Maharashtra,Pune(Pimpri),Onion,7,2024,2700,3300,Kharif
Maharashtra,Karad,Tomato,7,2023,7000,8500,Kharif
Maharashtra,Nasik,Onion,1,2024,550,1950,Rabi
Maharashtra,Shrirampur,Potato,1,2024,1000,1300,Rabi
Maharashtra,Yeola,Onion,3,2025,300,1381,Rabi
Maharashtra,Sangamner,Onion,3,2025,200,1701,Rabi
Maharashtra,Dhule,Onion,4,2025,200,1130,Zaid
Maharashtra,Nasik,Onion,5,2024,600,1700,Zaid
Maharashtra,Pune,Onion,3,2024,500,1500,Rabi
Maharashtra,Jamkhed,Onion,11,2023,300,4000,Rabi
Maharashtra,Lasalgaon(Vinchur),Wheat,6,2023,2200,2402,Kharif
Maharashtra,Sangli,Rice,4,2025,4500,9000,Zaid
Maharashtra,Nampur,Onion,2,2024,100,1265,Rabi
Maharashtra,Yeola,Wheat,10,2023,2476,2981,Kharif
Maharashtra,"Sangli(Phale, Bhajipura Market)",Potato,3,2024,1500,2000,Rabi
Maharashtra,Junnar(Narayangaon),Onion,1,2024,500,2200,Rabi
Maharashtra,Vadgaonpeth,Onion,10,2023,2000,2800,Kharif
Maharashtra,Lonand,Onion,3,2025,700,1700,Rabi
Maharashtra,Pimpalgaon,Onion,11,2024,1551,4425,Rabi
Maharashtra,Vai,Potato,9,2024,2600,3300,Kharif
Maharashtra,Nagpur,Potato,12,2024,1700,2300,Rabi
Maharashtra,Lasalgaon(Vinchur),Onion,4,2025,700,1595,Zaid
Maharashtra,Rahuri,Potato,6,2023,1000,2000,Kharif
Maharashtra,Khed(Chakan),Onion,3,2025,1800,2300,Rabi
Maharashtra,Karad,Onion,9,2023,1000,2500,Kharif
Maharashtra,Sinner,Onion,7,2024,500,2850,Kharif
Maharashtra,Jalgaon,Onion,6,2023,400,1150,Kharif
Maharashtra,Kalyan,Potato,3,2024,600,1200,Rabi
Maharashtra,Palghar,Rice,4,2025,4950,4950,Zaid
Maharashtra,Pune,Potato,11,2023,800,2000,Rabi
Maharashtra,Rahuri(Vambori),Wheat,1,2024,1951,2916,Rabi
Maharashtra,Mangal Wedha,Onion,4,2025,200,1450,Zaid
Maharashtra,Baramati,Onion,8,2024,800,3000,Kharif
Maharashtra,Amalner,Wheat,10,2023,2351,2900,Kharif
Maharashtra,Kamthi,Tomato,7,2023,10000,12000,Kharif
Maharashtra,Satana,Onion,12,2023,600,2620,Rabi
Maharashtra,Nagpur,Onion,11,2023,5000,6000,Rabi
Maharashtra,Junnar(Otur),Onion,11,2023,2000,4510,Rabi
Maharashtra,Rahata,Potato,8,2024,2200,2900,Kharif
Maharashtra,Khed(Chakan),Potato,2,2024,1200,1500,Rabi
Maharashtra,Dindori(Vani),Onion,10,2024,3191,4752,Kharif
Maharashtra,Jamkhed,Onion,10,2024,400,3500,Kharif
Maharashtra,Rahuri,Onion,6,2025,100,1600,Kharif
Maharashtra,Malegaon,Wheat,1,2024,2312,2998,Rabi
Maharashtra,Jalgaon,Potato,12,2024,1500,1800,Rabi
Maharashtra,Akola,Potato,4,2024,1500,2300,Zaid
Maharashtra,Tumsar,Wheat,6,2023,2050,2352,Kharif
Maharashtra,Gevrai,Wheat,6,2023,2000,2801,Kharif
Maharashtra,Shevgaon,Onion,8,2023,200,1000,Kharif
Maharashtra,Chandrapur(Ganjwad),Onion,8,2024,3000,4000,Kharif
Maharashtra,Parner,Onion,5,2025,150,1400,Zaid
Maharashtra,Pune(Khadiki),Potato,2,2025,700,1400,Rabi
Maharashtra,Ramtek,Potato,7,2023,1400,1600,Kharif
Maharashtra,Baramati,Onion,8,2024,1000,3600,Kharif
Maharashtra,Sakri,Onion,5,2024,900,1900,Zaid
Maharashtra,Khed(Chakan),Onion,12,2024,2000,4500,Rabi
Maharashtra,Telhara,Wheat,6,2023,2125,2240,Kharif
Maharashtra,Satana,Wheat,9,2023,1818,2675,Kharif
Maharashtra,Pathardi,Onion,3,2025,300,1425,Rabi
Maharashtra,Kolhapur,Onion,4,2025,600,1700,Zaid
Maharashtra,Akluj,Potato,1,2025,1500,2200,Rabi
Maharashtra,Ausa,Wheat,9,2023,2251,2301,Kharif
Maharashtra,Khed(Chakan),Onion,10,2023,1000,2300,Kharif
Maharashtra,Pimpalgaon Baswant(Saykheda),Onion,4,2025,700,1311,Zaid
Maharashtra,Vadgaonpeth,Onion,8,2023,1800,2500,Kharif
Maharashtra,Satara,Potato,4,2025,1500,2000,Zaid
Maharashtra,Pune(Pimpri),Onion,5,2024,1400,2000,Zaid
Maharashtra,Dhamngaon-Railway,Wheat,8,2023,2450,2475,Kharif
Maharashtra,Lasalgaon(Vinchur),Onion,9,2023,600,2302,Kharif
Maharashtra,Palghar,Rice,4,2025,4080,4080,Zaid
Maharashtra,Pune(Manjri),Onion,3,2025,2200,2800,Rabi
Maharashtra,Pimpalgaon Baswant(Saykheda),Onion,5,2024,600,1800,Zaid
Maharashtra,Manmad,Onion,8,2023,350,2120,Kharif
Maharashtra,Nandgaon,Wheat,2,2024,2400,3101,Rabi
Maharashtra,Majalgaon,Wheat,12,2023,2400,2900,Rabi
Maharashtra,Nasik,Onion,10,2024,4200,5150,Kharif
Maharashtra,Rahuri,Potato,6,2025,600,2500,Kharif
Maharashtra,Barshi(Vairag),Wheat,9,2023,2201,2500,Kharif
Maharashtra,Pen,Potato,12,2023,2600,2800,Rabi
Maharashtra,Sindi(Selu),Wheat,9,2023,2200,2355,Kharif
Maharashtra,Junnar(Otur),Onion,5,2025,1000,1700,Zaid
Maharashtra,Nagpur,Onion,4,2025,800,1600,Zaid
Maharashtra,Lasalgaon(Vinchur),Onion,11,2024,2500,5040,Rabi
Maharashtra,Rahuri,Onion,4,2025,100,1355,Zaid
Maharashtra,Lasalgaon(Vinchur),Onion,5,2025,500,1561,Zaid
Maharashtra,Solapur,Onion,7,2023,100,2400,Kharif
Maharashtra,Pune(Khadiki),Onion,5,2024,1000,1600,Zaid
Maharashtra,Nampur,Onion,10,2024,1000,4510,Kharif
Maharashtra,Ulhasnagar,Wheat,12,2023,3200,3600,Rabi
Maharashtra,Jalgaon,Potato,1,2024,1200,1700,Rabi
Maharashtra,Lasalgaon,Onion,2,2024,700,1445,Rabi
Maharashtra,Dhule,Onion,2,2024,250,2000,Rabi
Maharashtra,Nagpur,Potato,7,2024,2200,2800,Kharif
Maharashtra,Rahata,Wheat,7,2023,2250,2545,Kharif
Maharashtra,Sangamner,Onion,12,2023,500,3361,Rabi
Maharashtra,Karad,Onion,4,2024,500,1300,Zaid
Maharashtra,Lasalgaon,Wheat,9,2023,1500,3031,Kharif
Maharashtra,Pune(Khadiki),Potato,9,2024,2000,2600,Kharif
Maharashtra,Chandvad,Onion,11,2024,1725,5556,Rabi
Maharashtra,Mangaon,Rice,6,2025,1900,4800,Kharif
Maharashtra,Khed(Chakan),Potato,9,2024,2000,3000,Kharif
Maharashtra,Pimpalgaon Baswant(Saykheda),Onion,10,2023,2000,5030,Kharif
Maharashtra,Vashi New Mumbai,Potato,8,2023,1000,1500,Kharif
Maharashtra,Umrane,Onion,3,2024,751,1900,Rabi
Maharashtra,Shree Rameshwar Krushi Market,Onion,7,2024,500,3100,Kharif
Maharashtra,Islampur,Potato,6,2023,1400,2000,Kharif
Maharashtra,Vai,Onion,8,2023,700,1500,Kharif
Maharashtra,Amrawati(Frui & Veg. Market),Potato,4,2025,700,2200,Zaid
Maharashtra,Lasalgaon(Niphad),Onion,3,2024,870,1551,Rabi
Maharashtra,Newasa(Ghodegaon),Onion,7,2023,300,2500,Kharif
Maharashtra,Khed(Chakan),Potato,5,2025,1300,2000,Zaid
Maharashtra,Chandvad,Onion,11,2024,2525,4551,Rabi
Maharashtra,Shevgaon(Bodhegaon),Wheat,6,2023,2150,2400,Kharif
Maharashtra,Katol,Wheat,10,2023,2491,2511,Kharif
Maharashtra,Amarawati,Wheat,6,2023,2200,2300,Kharif
Maharashtra,Dhule,Wheat,12,2023,2200,3125,Rabi
Maharashtra,Manmad,Onion,3,2025,600,1645,Rabi
Maharashtra,Nagpur,Onion,10,2023,4400,6000,Kharif
Maharashtra,Sangamner,Onion,5,2024,200,2001,Zaid
Maharashtra,Rahuri(Vambori),Onion,3,2025,200,1800,Rabi
Maharashtra,Ahmednagar,Onion,8,2023,200,2400,Kharif
Maharashtra,Hingna,Onion,4,2025,1300,1500,Zaid
Maharashtra,Manchar,Potato,3,2024,1000,2200,Rabi
Maharashtra,Nagpur,Potato,2,2024,800,1200,Rabi
Maharashtra,Karad,Onion,10,2024,2000,5000,Kharif
Maharashtra,Manmad,Onion,1,2024,300,1708,Rabi
Maharashtra,Navapur,Tomato,6,2023,800,1250,Kharif
Maharashtra,Pune(Moshi),Potato,8,2024,2200,2500,Kharif
Maharashtra,Nagpur,Onion,4,2024,1100,1500,Zaid
Maharashtra,Bhusaval,Onion,11,2024,3000,3000,Rabi
Maharashtra,Rahata,Onion,2,2024,200,1600,Rabi
Maharashtra,Akola,Potato,5,2024,1800,2400,Zaid
Maharashtra,Ahmednagar,Onion,2,2024,200,2300,Rabi
Maharashtra,Nandgaon,Onion,10,2024,880,3962,Kharif
Maharashtra,Manmad,Onion,9,2024,1360,4000,Kharif
Maharashtra,Pimpalgaon,Onion,6,2025,400,2576,Kharif
Maharashtra,Shrirampur,Potato,1,2024,1100,1400,Rabi
Maharashtra,Dhule,Onion,1,2024,200,1700,Rabi
Maharashtra,Kurdwadi(Modnimb),Wheat,12,2023,2501,3252,Rabi
Maharashtra,Pune(Pimpri),Onion,10,2024,3400,4400,Kharif
Maharashtra,Khed(Chakan),Potato,3,2024,1700,2000,Rabi
Maharashtra,Newasa(Ghodegaon),Onion,6,2023,200,1600,Kharif
Maharashtra,Lasalgaon(Niphad),Onion,9,2023,700,2020,Kharif
Maharashtra,Satara,Potato,12,2024,1500,2200,Rabi
Maharashtra,Khed(Chakan),Potato,3,2024,1800,2400,Rabi
Maharashtra,Shrirampur,Potato,12,2023,1200,1500,Rabi
Maharashtra,Palghar,Rice,6,2025,4575,4575,Kharif
Maharashtra,Jalgaon,Potato,11,2023,800,1200,Rabi
Maharashtra,Hingna,Potato,9,2024,2200,3000,Kharif
Maharashtra,Akola,Wheat,8,2023,2375,2400,Kharif
Maharashtra,Shree Sairaj Krushi Market,Onion,3,2025,400,2700,Rabi
Maharashtra,Akola,Potato,3,2024,1000,1400,Rabi
Maharashtra,Shahada,Wheat,6,2023,2150,2465,Kharif
Maharashtra,Akola,Potato,2,2025,1400,1700,Rabi
Maharashtra,Yawal,Wheat,7,2023,2350,2890,Kharif
Maharashtra,Satara,Potato,7,2023,1300,1600,Kharif
Maharashtra,Shahada,Wheat,8,2023,2552,2675,Kharif
Maharashtra,Nasik,Potato,6,2024,2200,2600,Kharif
Maharashtra,Pune(Khadiki),Onion,2,2025,1200,2500,Rabi
Maharashtra,Rahata,Onion,6,2025,400,1700,Kharif
Maharashtra,Vashi New Mumbai,Potato,11,2024,1800,3000,Rabi
Maharashtra,Kalyan,Onion,9,2024,4800,5000,Kharif
Maharashtra,Bhusaval,Onion,12,2024,3500,4000,Rabi
Maharashtra,Katol,Wheat,12,2023,2575,2600,Rabi
Maharashtra,Pathari,Wheat,11,2023,2500,2881,Rabi
Maharashtra,Om Chaitanya Multistate Agro Purpose CoOp Society,Onion,10,2024,1000,4700,Kharif
Maharashtra,Jalgaon,Onion,7,2024,800,2927,Kharif
Maharashtra,Pune(Moshi),Potato,3,2024,1000,1500,Rabi
Maharashtra,Shevgaon,Wheat,1,2024,2500,2500,Rabi
Maharashtra,Rahuri,Onion,7,2023,100,1500,Kharif
Maharashtra,Pune,Potato,9,2024,2500,3000,Kharif
Maharashtra,Rahuri,Potato,9,2023,1600,2100,Kharif
Maharashtra,Shrirampur,Tomato,6,2023,1000,2000,Kharif
Maharashtra,Pune(Khadiki),Onion,3,2025,1000,1700,Rabi
Maharashtra,Chandrapur(Ganjwad),Onion,5,2025,1000,1600,Zaid
Maharashtra,Kolhapur,Onion,3,2025,600,1800,Rabi
Maharashtra,Satana,Onion,10,2024,800,4500,Kharif
Maharashtra,Majalgaon,Wheat,10,2023,2300,2800,Kharif
Maharashtra,Pune(Manjri),Tomato,7,2023,4500,8100,Kharif
Maharashtra,Shevgaon,Wheat,8,2023,2150,2400,Kharif
Maharashtra,Lasalgaon(Vinchur),Onion,3,2025,1800,2401,Rabi
Maharashtra,Pen,Onion,5,2024,2400,2600,Zaid
Maharashtra,Pune(Khadiki),Potato,11,2023,1300,1600,Rabi
Maharashtra,Vita,Potato,8,2024,2700,3200,Kharif
Maharashtra,Solapur,Onion,3,2024,100,1700,Rabi
Maharashtra,Amarawati,Wheat,11,2023,2350,2500,Rabi
Maharashtra,Chandrapur(Ganjwad),Potato,12,2023,1400,1600,Rabi
Maharashtra,Junnar(Narayangaon),Onion,6,2023,600,800,Kharif
Maharashtra,Nasik,Onion,12,2023,2800,4551,Rabi
Maharashtra,Nandgaon,Wheat,9,2023,2560,2930,Kharif
Maharashtra,Kolhapur,Onion,3,2025,700,2000,Rabi
Maharashtra,Amrawati(Frui & Veg. Market),Potato,12,2024,1000,2800,Rabi
Maharashtra,Amarawati,Wheat,9,2023,2350,2540,Kharif
Maharashtra,Karjat(Raigad),Wheat,6,2023,2200,2500,Kharif
Maharashtra,Dhule,Wheat,8,2023,2000,2747,Kharif
Maharashtra,Nasik,Onion,4,2024,650,1550,Zaid
Maharashtra,Amrawati(Frui & Veg. Market),Potato,11,2023,700,1600,Rabi
Maharashtra,Sangli,Wheat,7,2023,2800,3800,Kharif
Maharashtra,Sangamner,Onion,7,2024,400,3251,Kharif
Maharashtra,Pune(Moshi),Onion,7,2024,2200,2800,Kharif
Maharashtra,Sangamner,Onion,8,2023,200,2601,Kharif
Maharashtra,Pune(Pimpri),Onion,5,2024,1200,1800,Zaid
Maharashtra,Nagpur,Wheat,7,2023,2240,2360,Kharif
Maharashtra,Pune(Khadiki),Onion,3,2025,700,1600,Rabi
Maharashtra,Akola,Onion,6,2025,500,1600,Kharif
Maharashtra,Manmad,Onion,8,2024,800,2771,Kharif
Maharashtra,Bori,Wheat,12,2023,2150,2305,Rabi
Maharashtra,Amarawati,Wheat,1,2024,2450,2625,Rabi
Maharashtra,Chandur Bazar,Wheat,1,2024,2200,2700,Rabi
Maharashtra,Shrirampur,Potato,10,2023,1000,1200,Kharif
Maharashtra,Manchar,Potato,10,2023,1000,1600,Kharif
Maharashtra,Shrirampur,Potato,7,2023,900,1100,Kharif
Maharashtra,Shevgaon,Wheat,9,2023,2300,2500,Kharif
Maharashtra,Solapur,Potato,3,2024,950,1810,Rabi
Maharashtra,Vai,Onion,8,2023,800,2500,Kharif
Maharashtra,Dhule,Wheat,9,2023,2400,2813,Kharif
Maharashtra,Satara,Potato,8,2024,2800,3100,Kharif
Maharashtra,Shree Sairaj Krushi Market,Onion,7,2024,1000,3100,Kharif
Maharashtra,Junnar(Narayangaon),Potato,11,2024,500,2500,Rabi
Maharashtra,Nasik,Potato,3,2024,1250,1750,Rabi
Maharashtra,Rahuri,Onion,11,2024,500,6250,Rabi
Maharashtra,Akluj,Onion,6,2023,300,1100,Kharif
Maharashtra,Dindori,Onion,7,2024,2500,2776,Kharif
Maharashtra,Dound,Wheat,7,2023,2125,2701,Kharif
Maharashtra,Vashi New Mumbai,Onion,3,2024,1300,1900,Rabi
Maharashtra,Amrawati(Frui & Veg. Market),Onion,3,2024,400,1800,Rabi
Maharashtra,Solapur,Potato,11,2024,1550,2600,Rabi
Maharashtra,Mangal Wedha,Onion,4,2025,100,1400,Zaid
Maharashtra,Mangal Wedha,Onion,12,2023,200,2100,Rabi
Maharashtra,Vita,Onion,1,2024,1000,1600,Rabi
Maharashtra,Kalyan,Potato,7,2024,3000,3100,Kharif
Maharashtra,Solapur,Potato,10,2023,1000,1700,Kharif
Maharashtra,Akola,Wheat,6,2023,1900,2700,Kharif
Maharashtra,Raver,Wheat,8,2023,2400,2575,Kharif
Maharashtra,Lonand,Onion,5,2025,500,1300,Zaid
Maharashtra,Nagpur,Onion,11,2024,2000,4200,Rabi
Maharashtra,Shrirampur,Onion,7,2023,400,1500,Kharif
Maharashtra,Solapur,Potato,1,2024,710,2000,Rabi
Maharashtra,Parbhani,Wheat,7,2023,2250,2950,Kharif
Maharashtra,Lasalgaon,Onion,11,2023,2752,4647,Rabi
Maharashtra,Umrane,Onion,11,2023,1001,4511,Rabi
Maharashtra,Solapur,Potato,3,2025,1200,1750,Rabi
Maharashtra,Pune,Potato,4,2025,1200,2100,Zaid
Maharashtra,Lasalgaon(Niphad),Onion,6,2023,300,1300,Kharif
Maharashtra,Mumbai,Tomato,7,2023,7000,9000,Kharif
Maharashtra,Shrirampur,Potato,12,2024,2500,3000,Rabi
Maharashtra,Pune(Moshi),Onion,12,2024,1000,5000,Rabi
Maharashtra,Kalvan,Onion,12,2023,900,2960,Rabi
Maharashtra,Pachora,Wheat,1,2024,2291,2600,Rabi
Maharashtra,Nandgaon,Onion,7,2023,100,1600,Kharif
Maharashtra,Kalvan,Onion,8,2023,250,2100,Kharif
Maharashtra,Shree Sairaj Krushi Market,Onion,8,2024,1000,3000,Kharif
Maharashtra,Solapur,Wheat,9,2023,2300,3700,Kharif
Maharashtra,Satara,Potato,1,2024,1000,1800,Rabi
Maharashtra,Palghar,Rice,4,2025,4801,4801,Zaid
Maharashtra,Nampur,Onion,3,2025,300,1535,Rabi
Maharashtra,Pune(Khadiki),Onion,3,2025,1500,2300,Rabi
Maharashtra,Pune(Pimpri),Onion,9,2024,3200,4500,Kharif
Maharashtra,Om Chaitanya Multistate Agro Purpose CoOp Society,Onion,11,2023,1000,4500,Rabi
Maharashtra,Kalvan,Onion,5,2025,400,1610,Zaid
Maharashtra,Shrigonda,Onion,6,2023,150,1000,Kharif
Maharashtra,Jalgaon,Onion,3,2025,500,1330,Rabi
Maharashtra,Junnar(Narayangaon),Onion,3,2024,300,1500,Rabi
Maharashtra,Pune(Manjri),Potato,10,2023,1200,1800,Kharif
Maharashtra,Junnar(Otur),Potato,2,2024,500,1350,Rabi
Maharashtra,Pune,Wheat,9,2023,4300,5500,Kharif
Maharashtra,Ramtek,Onion,6,2024,1400,2400,Kharif
Maharashtra,Rahuri,Potato,7,2024,2400,2600,Kharif
Maharashtra,Jalgaon,Potato,8,2023,800,1200,Kharif
Maharashtra,Khed(Chakan),Potato,9,2024,2000,3200,Kharif
Maharashtra,Satara,Onion,1,2024,1500,1900,Rabi
Maharashtra,Sakri,Onion,4,2024,455,1455,Zaid
Maharashtra,Ulhasnagar,Wheat,10,2023,3200,3600,Kharif
Maharashtra,Rahuri,Wheat,10,2023,2200,2600,Kharif
Maharashtra,Sangamner,Onion,7,2024,1000,2951,Kharif
Maharashtra,Solapur,Onion,10,2024,500,5300,Kharif
Maharashtra,Kada,Onion,3,2025,300,1750,Rabi
Maharashtra,Laxmi Sopan Agriculture Produce Marketing Co Ltd,Onion,11,2024,500,3100,Rabi
Maharashtra,Kalyan,Onion,3,2024,1600,1900,Rabi
Maharashtra,Vai,Potato,8,2023,1800,2300,Kharif
Maharashtra,Ramtek,Tomato,7,2023,6000,8000,Kharif
Maharashtra,Jalgaon,Potato,2,2025,1500,2000,Rabi
Maharashtra,Amarawati,Wheat,7,2023,2400,2550,Kharif
Maharashtra,Vita,Potato,6,2024,2600,2700,Kharif
Maharashtra,Sangamner,Onion,2,2025,400,3251,Rabi
Maharashtra,Bhusaval,Onion,5,2024,1200,1500,Zaid
Maharashtra,Vashi New Mumbai,Potato,7,2023,1100,1600,Kharif
Maharashtra,Pune(Moshi),Potato,4,2025,800,1600,Zaid
Maharashtra,Kalyan,Onion,3,2025,1500,1900,Rabi
Maharashtra,Manmad,Onion,9,2024,1392,4682,Kharif
Maharashtra,Nagpur,Tomato,8,2023,10000,14000,Kharif
Maharashtra,Satara,Onion,11,2023,1500,4200,Rabi
Maharashtra,Sangamner,Onion,8,2023,200,2811,Kharif
Maharashtra,Kamthi,Tomato,6,2023,5000,6000,Kharif
Maharashtra,Lasalgaon,Onion,10,2023,1500,4099,Kharif
Maharashtra,Jamkhed,Wheat,1,2024,2200,2500,Rabi
Maharashtra,Khed(Chakan),Potato,12,2023,1100,1600,Rabi
Maharashtra,Bhusaval,Onion,8,2024,2000,2200,Kharif
Maharashtra,Jalgaon,Onion,8,2024,750,2887,Kharif
Maharashtra,Lasalgaon(Vinchur),Onion,3,2024,1000,2100,Rabi
Maharashtra,Ahmednagar,Onion,9,2024,1500,4400,Kharif
Maharashtra,Palghar,Wheat,7,2023,3150,3150,Kharif
Maharashtra,Nandgaon,Onion,11,2024,1801,5799,Rabi
Maharashtra,Pune(Manjri),Potato,8,2023,1200,1800,Kharif
Maharashtra,Akola,Potato,6,2024,2000,2400,Kharif
Maharashtra,Satara,Potato,4,2025,1800,2100,Zaid
Maharashtra,Junnar(Narayangaon),Onion,7,2023,600,1750,Kharif
Maharashtra,Akole,Onion,3,2025,300,1851,Rabi
Maharashtra,Pune(Khadiki),Onion,8,2023,1000,1700,Kharif
Maharashtra,Solapur,Onion,2,2025,300,3500,Rabi
Maharashtra,Lasalgaon(Vinchur),Onion,2,2024,500,1552,Rabi
Maharashtra,Lasalgaon(Niphad),Onion,1,2024,1151,2200,Rabi
Maharashtra,Rahuri,Onion,9,2023,200,2500,Kharif
Maharashtra,Khed(Chakan),Onion,1,2024,1400,2000,Rabi
Maharashtra,Solapur,Tomato,7,2023,1500,10200,Kharif
Maharashtra,Manmad,Onion,3,2024,300,2001,Rabi
Maharashtra,Lasalgaon,Onion,2,2025,1000,3401,Rabi
Maharashtra,Ramtek,Onion,8,2024,3000,3500,Kharif
Maharashtra,Rahuri,Potato,2,2025,700,1900,Rabi
Maharashtra,Amrawati(Frui & Veg. Market),Onion,12,2023,500,2200,Rabi
Maharashtra,Sangamner,Onion,11,2023,500,4500,Rabi
Maharashtra,Pune(Moshi),Potato,7,2024,2200,2600,Kharif
Maharashtra,Vashi New Mumbai,Potato,4,2025,1000,1700,Zaid
Maharashtra,Sangli,Wheat,1,2024,3150,3850,Rabi
Maharashtra,Rahuri(Vambori),Wheat,11,2023,2451,3145,Rabi
Maharashtra,Parner,Onion,3,2025,500,1800,Rabi
Maharashtra,Lasalgaon(Niphad),Onion,9,2023,1000,2411,Kharif
Maharashtra,Nagpur,Onion,4,2024,1100,1600,Zaid
Maharashtra,Barshi,Wheat,7,2023,2300,3100,Kharif
Maharashtra,Om Chaitanya Multistate Agro Purpose CoOp Society,Wheat,7,2023,2500,2500,Kharif
Maharashtra,Akluj,Potato,3,2024,1600,2000,Rabi
Maharashtra,Manmad,Onion,12,2023,1000,2228,Rabi
Maharashtra,Rahata,Potato,12,2024,1000,2600,Rabi
Maharashtra,Shahada,Wheat,12,2023,2500,3152,Rabi
Maharashtra,Pune,Wheat,8,2023,4500,5000,Kharif
Maharashtra,Hingna,Tomato,8,2023,8000,10000,Kharif
Maharashtra,Dhule,Wheat,2,2024,2150,3150,Rabi
Maharashtra,Satara,Onion,12,2023,1000,3500,Rabi
Maharashtra,Umared,Wheat,11,2023,2200,3000,Rabi
Maharashtra,Kopargaon,Onion,1,2024,500,1200,Rabi
Maharashtra,Nagpur,Rice,5,2025,3000,3200,Zaid
Maharashtra,"Sangli(Phale, Bhajipura Market)",Potato,10,2024,2400,3200,Kharif
Maharashtra,Satana,Onion,3,2025,300,1475,Rabi
Maharashtra,Khed(Chakan),Potato,6,2024,2400,2900,Kharif
Maharashtra,Akola,Potato,7,2024,2400,3300,Kharif
Maharashtra,Chandvad,Onion,10,2023,1311,3552,Kharif
Maharashtra,Chandvad,Onion,2,2025,901,2386,Rabi
Maharashtra,Pachora,Wheat,9,2023,2370,2551,Kharif
Maharashtra,Manmad,Onion,10,2024,1100,2751,Kharif
Maharashtra,Om Chaitanya Multistate Agro Purpose CoOp Society,Onion,5,2024,300,2600,Zaid
Maharashtra,Pathardi,Onion,10,2023,500,3000,Kharif
Maharashtra,Kolhapur,Onion,2,2025,1000,2800,Rabi
Maharashtra,Sangamner,Tomato,7,2023,3500,11500,Kharif
Maharashtra,Shrirampur,Onion,8,2023,1300,2300,Kharif
Maharashtra,Manchar,Onion,10,2024,4300,5200,Kharif
Maharashtra,Chandvad,Onion,5,2024,1000,2571,Zaid
Maharashtra,Mangal Wedha,Onion,11,2024,200,4000,Rabi
Maharashtra,Pune,Onion,10,2024,2000,5000,Kharif
Maharashtra,Telhara,Wheat,9,2023,2300,2480,Kharif
Maharashtra,Shevgaon,Onion,10,2023,300,1000,Kharif
Maharashtra,Lasalgaon,Onion,3,2024,900,1975,Rabi
Maharashtra,Junnar,Potato,2,2025,1200,1700,Rabi
Maharashtra,Lasalgaon,Onion,5,2024,500,1701,Zaid
Maharashtra,Rahuri,Tomato,8,2023,2500,8500,Kharif
Maharashtra,Jamkhed,Onion,12,2023,200,2200,Rabi
Maharashtra,Jalgaon,Potato,8,2023,900,1400,Kharif
Maharashtra,Chandrapur(Ganjwad),Potato,6,2023,1300,1500,Kharif
Maharashtra,Pune,Onion,12,2023,2200,4800,Rabi
Maharashtra,Vashi New Mumbai,Onion,11,2023,2800,4800,Rabi
Maharashtra,Kalyan,Potato,4,2025,1200,1800,Zaid
Maharashtra,Lasalgaon,Onion,4,2025,500,1541,Zaid
Maharashtra,Pimpalgaon Baswant(Saykheda),Onion,3,2025,700,2000,Rabi
Maharashtra,Kolhapur,Tomato,7,2023,1000,8300,Kharif
Maharashtra,Junnar(Narayangaon),Potato,5,2024,1000,2700,Zaid
Maharashtra,Kurdwadi(Modnimb),Wheat,1,2024,2626,3600,Rabi
Maharashtra,Kolhapur,Onion,9,2024,1500,5100,Kharif
Maharashtra,Nandgaon,Onion,7,2023,100,1617,Kharif
Maharashtra,Pune(Moshi),Onion,5,2025,400,1200,Zaid
Maharashtra,Lasalgaon(Vinchur),Onion,7,2024,1000,3131,Kharif
Maharashtra,Kamthi,Tomato,8,2023,13000,15000,Kharif
Maharashtra,Khed(Chakan),Potato,2,2024,1300,1900,Rabi
Maharashtra,Shree Sairaj Krushi Market,Onion,9,2024,1700,4100,Kharif
Maharashtra,Hingna,Onion,9,2024,4200,4200,Kharif
Maharashtra,Shree Salasar Krushi Bazar,Wheat,10,2023,2000,2000,Kharif
Maharashtra,Chandrapur(Ganjwad),Potato,4,2025,1700,1900,Zaid
Maharashtra,Mankamneshwar Farmar Producer CoLtd Sanchalit Mank,Onion,5,2024,900,2200,Zaid
Maharashtra,Lasalgaon(Niphad),Wheat,6,2023,2000,2258,Kharif
Maharashtra,Manchar,Onion,9,2024,3500,4510,Kharif
Maharashtra,Hingoli,Wheat,12,2023,1880,3030,Rabi
Maharashtra,Jalgaon,Potato,4,2025,1000,1500,Zaid
Maharashtra,"Sangli(Phale, Bhajipura Market)",Onion,1,2024,400,2200,Rabi
Maharashtra,Bhusaval,Tomato,7,2023,6600,8000,Kharif
Maharashtra,Manchar,Onion,10,2023,1800,3010,Kharif
Maharashtra,Beed,Wheat,10,2023,2550,2890,Kharif
Maharashtra,Lasalgaon,Onion,1,2024,801,2001,Rabi
Maharashtra,Barshi,Wheat,8,2023,2500,3000,Kharif
Maharashtra,Pathardi,Wheat,11,2023,2000,2500,Rabi
Maharashtra,Lasalgaon,Onion,3,2024,800,1730,Rabi
Maharashtra,Nasik,Potato,6,2024,2500,2900,Kharif
Maharashtra,Sinner,Onion,8,2024,1500,3851,Kharif
Maharashtra,Devala,Onion,3,2024,300,1800,Rabi
Maharashtra,Chandrapur(Ganjwad),Onion,4,2025,1200,1500,Zaid
Maharashtra,Chandrapur(Ganjwad),Potato,11,2023,1450,1550,Rabi
Maharashtra,Pimpalgaon,Onion,11,2023,2000,4353,Rabi
Maharashtra,Amrawati(Frui & Veg. Market),Tomato,7,2023,6500,7000,Kharif
Maharashtra,Pune(Pimpri),Onion,6,2025,1200,1600,Kharif
Maharashtra,Yeola,Wheat,8,2023,2375,2800,Kharif
Maharashtra,Jamkhed,Wheat,11,2023,2000,2400,Rabi
Maharashtra,Pune(Khadiki),Onion,9,2024,2200,3600,Kharif
Maharashtra,Kalyan,Onion,11,2024,5200,5800,Rabi
Maharashtra,Manmad,Onion,8,2024,1301,3375,Kharif
Maharashtra,Vashi New Mumbai,Onion,10,2023,1000,2500,Kharif
Maharashtra,Vadgaonpeth,Potato,12,2023,2000,3000,Rabi
Maharashtra,Jalgaon,Onion,2,2025,800,2850,Rabi
Maharashtra,Vadgaonpeth,Onion,5,2024,1600,1800,Zaid
Maharashtra,Laxmi Sopan Agriculture Produce Marketing Co Ltd,Onion,7,2023,500,1400,Kharif
Maharashtra,Jamkhed,Onion,3,2025,300,2600,Rabi
Maharashtra,Bhusaval,Potato,9,2023,1500,1800,Kharif
Maharashtra,Ahmednagar,Potato,9,2024,2000,3200,Kharif
Maharashtra,Yawal,Onion,3,2025,1560,2080,Rabi
Maharashtra,Manmad,Onion,11,2023,1200,3498,Rabi
Maharashtra,Jamkhed,Onion,1,2024,200,1800,Rabi
Maharashtra,Solapur,Wheat,12,2023,2440,4000,Rabi
Maharashtra,Pathardi,Onion,6,2024,300,2300,Kharif
Maharashtra,Manmad,Onion,6,2023,100,1175,Kharif
Maharashtra,Umrane,Onion,10,2024,1500,5001,Kharif
Maharashtra,Newasa(Ghodegaon),Onion,10,2023,400,3500,Kharif
Maharashtra,Lasalgaon(Vinchur),Onion,6,2024,1000,2452,Kharif
Maharashtra,Sangamner,Onion,12,2023,500,4051,Rabi
Maharashtra,Islampur,Potato,9,2023,1600,1800,Kharif
Maharashtra,Nasik,Onion,7,2024,700,2900,Kharif
Maharashtra,Solapur,Potato,2,2024,800,1950,Rabi
Maharashtra,Chandrapur(Ganjwad),Onion,10,2024,1800,4000,Kharif
Maharashtra,Kurdwadi(Modnimb),Onion,5,2024,100,1500,Zaid
Maharashtra,Shree Sairaj Krushi Market,Onion,4,2025,300,1700,Zaid
Maharashtra,Katol,Wheat,10,2023,2525,2525,Kharif
Maharashtra,"Sangli(Phale, Bhajipura Market)",Onion,2,2025,1200,2800,Rabi
Maharashtra,Bhusaval,Onion,12,2023,1500,2500,Rabi
Maharashtra,Pathardi,Onion,5,2025,300,1700,Zaid
Maharashtra,Manchar,Potato,10,2023,1000,1510,Kharif
Maharashtra,Solapur,Potato,6,2024,800,2800,Kharif
Maharashtra,Manmad,Onion,12,2023,1000,2445,Rabi
Maharashtra,Dindori(Vani),Onion,7,2023,1100,1800,Kharif
Maharashtra,Lasalgaon,Onion,8,2023,700,2450,Kharif
Maharashtra,Pune(Moshi),Potato,6,2024,1800,2200,Kharif
Maharashtra,Pathardi,Onion,11,2023,500,4200,Rabi
Maharashtra,Kolhapur,Onion,8,2024,1200,3700,Kharif
Maharashtra,Ahmednagar,Potato,7,2023,1000,1650,Kharif
Maharashtra,Dhule,Onion,5,2025,100,850,Zaid
Maharashtra,Rahuri,Potato,12,2024,2000,3000,Rabi
Maharashtra,Pune(Manjri),Potato,8,2024,2500,3500,Kharif
Maharashtra,Pune,Potato,1,2025,1400,2000,Rabi
Maharashtra,Nasik,Potato,4,2025,1050,1900,Zaid
Maharashtra,Amrawati(Frui & Veg. Market),Onion,11,2023,1800,5500,Rabi
Maharashtra,Kopargaon,Onion,11,2024,1000,6037,Rabi
Maharashtra,Pachora,Wheat,10,2023,2411,2625,Kharif
Maharashtra,Lasalgaon,Onion,12,2023,800,2200,Rabi
Maharashtra,Kopargaon,Onion,3,2025,1000,1750,Rabi
Maharashtra,Akola,Onion,11,2023,2500,4500,Rabi
Maharashtra,Junnar(Narayangaon),Onion,9,2024,1800,4800,Kharif
Maharashtra,Rahuri,Tomato,7,2023,1000,7000,Kharif
Maharashtra,Pimpalgaon Baswant(Saykheda),Onion,1,2024,400,1496,Rabi
Maharashtra,Barshi(Vairag),Wheat,6,2023,2100,2281,Kharif
Maharashtra,Dindori(Vani),Onion,3,2024,1200,2078,Rabi
Maharashtra,Baramati,Onion,9,2023,500,2400,Kharif
Maharashtra,Phaltan,Tomato,7,2023,1500,9500,Kharif
Maharashtra,Nagpur,Potato,1,2025,1400,2200,Rabi
Maharashtra,Nagpur,Onion,9,2023,1500,2500,Kharif
Maharashtra,Karjat,Onion,3,2024,300,1700,Rabi
Maharashtra,Nasik,Potato,12,2024,1100,2300,Rabi
Maharashtra,Pune(Moshi),Potato,7,2023,1000,1300,Kharif
Maharashtra,Laxmi Sopan Agriculture Produce Marketing Co Ltd,Onion,8,2024,500,2500,Kharif
Maharashtra,Pune(Moshi),Potato,5,2024,1800,2000,Zaid
Maharashtra,Pimpalgaon,Tomato,6,2023,1250,3350,Kharif
Maharashtra,Karad,Onion,7,2023,1000,1600,Kharif
Maharashtra,Tumsar,Rice,5,2025,4000,4000,Zaid
Maharashtra,Morshi,Wheat,8,2023,2250,2425,Kharif
Maharashtra,Vai,Onion,6,2023,500,1300,Kharif
Maharashtra,Mangal Wedha,Onion,6,2025,100,1800,Kharif
Maharashtra,Nasik,Onion,11,2023,2100,4100,Rabi
Maharashtra,Pathardi,Onion,3,2024,300,1800,Rabi
Maharashtra,Lasalgaon(Niphad),Wheat,12,2023,2611,2980,Rabi
Maharashtra,Rahuri(Vambori),Onion,12,2023,500,4300,Rabi
Maharashtra,Karmala,Wheat,6,2023,2325,2601,Kharif
Maharashtra,Jalgaon,Onion,11,2023,1300,3877,Rabi
Maharashtra,Rahata,Potato,9,2024,2500,3000,Kharif
Maharashtra,Lasalgaon,Wheat,6,2023,2191,2952,Kharif
Maharashtra,"Sangli(Phale, Bhajipura Market)",Onion,6,2023,300,1200,Kharif
Maharashtra,Lasalgaon(Niphad),Onion,3,2024,1151,1921,Rabi
Maharashtra,Manmad,Onion,11,2023,1000,3850,Rabi
Maharashtra,Lasalgaon,Onion,3,2025,700,1726,Rabi
Maharashtra,Pune(Khadiki),Potato,7,2024,2000,2600,Kharif
Maharashtra,Devala,Onion,5,2024,300,1955,Zaid
Maharashtra,Nagpur,Wheat,12,2023,3000,3500,Rabi
Maharashtra,Jalgaon,Potato,12,2024,1500,2200,Rabi
Maharashtra,Shrigonda,Onion,2,2025,400,2400,Rabi
Maharashtra,Jalgaon,Onion,12,2024,625,3625,Rabi
Maharashtra,Shevgaon,Wheat,8,2023,2400,2500,Kharif
Maharashtra,Devala,Onion,3,2025,600,1530,Rabi
Maharashtra,Shrirampur,Onion,6,2023,200,1300,Kharif
Maharashtra,Satara,Potato,6,2024,2600,3000,Kharif
Maharashtra,Sinner,Wheat,7,2023,2305,2350,Kharif
Maharashtra,Dhule,Onion,12,2023,200,2000,Rabi
Maharashtra,Newasa(Ghodegaon),Onion,4,2025,300,1300,Zaid
Maharashtra,Manchar,Tomato,7,2023,1000,4000,Kharif
Maharashtra,Nasik,Onion,9,2024,3100,4650,Kharif
Maharashtra,Rahata,Potato,12,2024,1800,2500,Rabi
Maharashtra,Akole,Onion,9,2024,1500,4300,Kharif
Maharashtra,Pimpalgaon,Onion,12,2024,3200,6080,Rabi
Maharashtra,Yeola,Onion,8,2023,300,2450,Kharif
Maharashtra,Sakri,Onion,9,2024,2500,4400,Kharif
Maharashtra,Shivsiddha Govind Producer Company Limited Sanchal,Onion,7,2024,2800,3075,Kharif
Maharashtra,Palus,Tomato,7,2023,5000,7000,Kharif
Maharashtra,Pune(Moshi),Potato,3,2025,1000,1300,Rabi
Maharashtra,Ahmednagar,Potato,8,2024,2000,3200,Kharif
Maharashtra,Rahuri,Onion,6,2023,100,1500,Kharif
Maharashtra,Pune(Manjri),Onion,9,2023,1300,1600,Kharif
Maharashtra,Yeola,Onion,7,2024,801,2766,Kharif
Maharashtra,Chandvad,Onion,11,2023,1400,4100,Rabi
Maharashtra,Ramtek,Wheat,11,2023,2500,2621,Rabi
Maharashtra,Karjat(Raigad),Onion,1,2024,200,1200,Rabi
Maharashtra,Akole,Onion,6,2023,151,1311,Kharif
Maharashtra,Bhusaval,Potato,6,2023,1200,1800,Kharif
Maharashtra,Devala,Onion,2,2024,100,1165,Rabi
Maharashtra,Pune(Moshi),Potato,10,2023,1000,1600,Kharif
Maharashtra,Akola,Potato,7,2023,1200,1500,Kharif
Maharashtra,Mangal Wedha,Onion,11,2024,550,5500,Rabi
Maharashtra,Karjat(Raigad),Wheat,10,2023,2200,2600,Kharif
Maharashtra,Anajngaon,Wheat,10,2023,2000,2500,Kharif
Maharashtra,Pune(Moshi),Potato,5,2024,1300,2000,Zaid
Maharashtra,Bhusaval,Onion,9,2023,1500,1800,Kharif
Maharashtra,Bhusaval,Potato,10,2023,1400,1600,Kharif
Maharashtra,Nagpur,Potato,1,2024,1600,2200,Rabi
Maharashtra,"Sangli(Phale, Bhajipura Market)",Onion,7,2023,400,1800,Kharif
Maharashtra,Shrirampur,Potato,6,2023,1000,1400,Kharif
Maharashtra,Akola,Wheat,12,2023,2500,2900,Rabi
Maharashtra,Rahuri(Vambori),Onion,8,2024,500,3400,Kharif
Maharashtra,Om Chaitanya Multistate Agro Purpose CoOp Society,Onion,3,2025,500,2500,Rabi
Maharashtra,Kalmeshwar,Tomato,7,2023,9030,10000,Kharif
Maharashtra,Pune(Manjri),Potato,10,2024,2400,2800,Kharif
Maharashtra,Akola,Wheat,8,2023,2295,2585,Kharif
Maharashtra,Mumbai,Wheat,12,2023,2800,6000,Rabi
Maharashtra,Solapur,Wheat,11,2023,2363,3930,Rabi
Maharashtra,Tasgaon,Wheat,9,2023,2780,3100,Kharif
Maharashtra,Vadgaonpeth,Onion,7,2023,1000,1500,Kharif
Maharashtra,Gevrai,Wheat,11,2023,2500,3200,Rabi
Maharashtra,Sindi(Selu),Wheat,8,2023,2250,2425,Kharif
Maharashtra,Junnar(Narayangaon),Onion,5,2024,300,1750,Zaid
Maharashtra,Karjat,Onion,5,2025,300,1000,Zaid
Maharashtra,Chandvad,Onion,3,2024,1500,1969,Rabi
Maharashtra,Satana,Wheat,12,2023,2350,2751,Rabi
Maharashtra,Dindori(Vani),Onion,6,2023,500,1599,Kharif
Maharashtra,Pune(Manjri),Onion,2,2024,1700,2200,Rabi
Maharashtra,Ahmednagar,Onion,7,2023,150,1700,Kharif
Maharashtra,Junnar(Narayangaon),Tomato,7,2023,3000,10750,Kharif
Maharashtra,Pimpalgaon Baswant(Saykheda),Onion,4,2025,500,1160,Zaid
Maharashtra,Akola,Wheat,10,2023,2200,2775,Kharif
Maharashtra,Solapur,Onion,2,2024,100,1900,Rabi
Maharashtra,Kamthi,Potato,3,2024,1500,2500,Rabi
Maharashtra,Akola,Onion,7,2023,700,1500,Kharif
Maharashtra,Manchar,Potato,12,2023,1000,1450,Rabi
Maharashtra,Junnar(Narayangaon),Onion,10,2024,1500,4650,Kharif
Maharashtra,Nagpur,Onion,1,2024,1500,2000,Rabi
Maharashtra,Islampur,Potato,6,2023,1600,1800,Kharif
Maharashtra,Pune(Khadiki),Potato,8,2024,2000,2400,Kharif
Maharashtra,Rahata,Potato,1,2025,800,1800,Rabi
Maharashtra,Newasa(Ghodegaon),Onion,4,2024,200,1700,Zaid
Maharashtra,Shrirampur,Potato,5,2024,2000,2650,Zaid
Maharashtra,Baramati,Wheat,7,2023,1850,2400,Kharif
Maharashtra,Yeola,Onion,5,2025,50,1170,Zaid
Maharashtra,Satara,Potato,8,2024,2500,3000,Kharif
Maharashtra,Lasalgaon(Niphad),Onion,3,2024,1415,1754,Rabi
Maharashtra,Pimpalgaon Baswant(Saykheda),Onion,1,2024,600,1840,Rabi
Maharashtra,Vashi New Mumbai,Potato,3,2024,1300,1800,Rabi
Maharashtra,Jalgaon,Onion,11,2024,875,3877,Rabi
Maharashtra,Manchar,Onion,8,2024,3500,4510,Kharif
Maharashtra,Junnar(Narayangaon),Onion,3,2025,1700,2510,Rabi
Maharashtra,Akluj,Potato,1,2024,1600,1800,Rabi
Maharashtra,Amrawati(Frui & Veg. Market),Onion,5,2024,600,2000,Zaid
Maharashtra,Kolhapur,Onion,10,2024,1500,5000,Kharif
Maharashtra,Pachora,Wheat,1,2024,2400,3000,Rabi
Maharashtra,Devala,Onion,5,2024,350,1860,Zaid
Maharashtra,Junnar(Narayangaon),Potato,1,2025,500,1600,Rabi
Maharashtra,Lasalgaon(Vinchur),Onion,1,2024,700,1875,Rabi
Maharashtra,Pune,Onion,8,2023,700,1600,Kharif
Maharashtra,Ramtek,Onion,8,2024,3500,4000,Kharif
Maharashtra,Satara,Onion,12,2024,1500,5300,Rabi
Maharashtra,Mangal Wedha,Tomato,6,2023,1200,2000,Kharif
Maharashtra,Tasgaon,Wheat,7,2023,2560,2780,Kharif
Maharashtra,Khed(Chakan),Onion,5,2024,1300,1800,Zaid
Maharashtra,Rahata,Potato,1,2025,1500,2000,Rabi
Maharashtra,Lasalgaon(Niphad),Onion,10,2024,2300,4511,Kharif
Maharashtra,Malegaon,Wheat,9,2023,2601,2681,Kharif
Maharashtra,Junnar(Narayangaon),Onion,9,2024,2000,4450,Kharif
Maharashtra,Pen,Tomato,6,2023,2400,2600,Kharif
Maharashtra,Amrawati(Frui & Veg. Market),Onion,4,2024,1000,2200,Zaid
Maharashtra,Shrirampur,Potato,4,2025,1800,2100,Zaid
Maharashtra,Sangamner,Onion,5,2025,200,1500,Zaid
Maharashtra,Umrane,Onion,12,2024,1500,4751,Rabi
Maharashtra,Rahata,Potato,3,2025,500,1700,Rabi
Maharashtra,Pune(Manjri),Potato,8,2024,2000,3000,Kharif
Maharashtra,Akluj,Potato,1,2025,1800,2000,Rabi
Maharashtra,Vai,Potato,3,2025,1600,2300,Rabi
Maharashtra,Rahata,Potato,4,2024,2500,2700,Zaid
Maharashtra,Baramati,Onion,7,2023,300,1700,Kharif
Maharashtra,Shree Sairaj Krushi Market,Onion,5,2025,100,1500,Zaid
Maharashtra,Pune(Moshi),Potato,1,2024,1000,1400,Rabi
Maharashtra,Rahata,Wheat,12,2023,2401,2896,Rabi
Maharashtra,Amrawati(Frui & Veg. Market),Tomato,9,2023,1200,1600,Kharif
Maharashtra,Chandvad,Tomato,6,2023,3000,6055,Kharif
Maharashtra,Devala,Onion,1,2024,450,2060,Rabi
Maharashtra,Baramati,Onion,12,2023,800,3600,Rabi
Maharashtra,Khed(Chakan),Potato,1,2025,1200,2200,Rabi
Maharashtra,Akola,Potato,8,2024,2200,3000,Kharif
Maharashtra,Ramtek,Potato,5,2025,1800,2000,Zaid
Maharashtra,Vai,Potato,4,2024,2200,2800,Zaid
Maharashtra,Manmad,Onion,12,2023,1700,3725,Rabi
Maharashtra,Telhara,Wheat,8,2023,2250,2390,Kharif
Maharashtra,Pune(Manjri),Potato,12,2023,1200,1600,Rabi
Maharashtra,Nandgaon,Onion,7,2023,100,1552,Kharif
Maharashtra,Manchar,Onion,6,2025,1500,1800,Kharif
Maharashtra,Shevgaon,Onion,9,2024,2800,3800,Kharif
Maharashtra,Ahmedpur,Wheat,7,2023,2100,3100,Kharif
Maharashtra,Yeola,Onion,3,2025,400,2337,Rabi
Maharashtra,Khed(Chakan),Onion,2,2024,600,1500,Rabi
Maharashtra,Kalvan,Onion,6,2023,150,1550,Kharif
Maharashtra,Pimpalgaon,Onion,3,2025,400,1699,Rabi
Maharashtra,Yawal,Wheat,9,2023,2460,2970,Kharif
Maharashtra,Selu,Wheat,1,2024,2450,2450,Rabi
Maharashtra,Jalgaon,Onion,7,2023,300,1250,Kharif
Maharashtra,Devala,Onion,7,2023,100,1455,Kharif
Maharashtra,Pathardi,Wheat,9,2023,2200,2500,Kharif
Maharashtra,Dhule,Onion,3,2025,350,1600,Rabi
Maharashtra,Laxmi Sopan Agriculture Produce Marketing Co Ltd,Onion,7,2024,400,2600,Kharif
Maharashtra,Kalyan,Potato,1,2025,2000,2500,Rabi
Maharashtra,Akluj,Potato,4,2024,2500,2800,Zaid
Maharashtra,Yeola,Onion,11,2023,1200,3700,Rabi
Maharashtra,Pathardi,Onion,3,2024,300,1600,Rabi
Maharashtra,Lasalgaon(Niphad),Onion,11,2023,1950,3600,Rabi
Maharashtra,Amrawati(Frui & Veg. Market),Potato,8,2023,1000,1500,Kharif
Maharashtra,Navapur,Onion,3,2024,800,1500,Rabi
Maharashtra,Nandgaon,Wheat,7,2023,2150,2750,Kharif
Maharashtra,Lasalgaon(Niphad),Onion,12,2023,2100,3975,Rabi
Maharashtra,Lasalgaon(Vinchur),Onion,4,2024,700,1630,Zaid
Maharashtra,Chandrapur(Ganjwad),Onion,5,2025,1200,1500,Zaid
Maharashtra,Kopargaon,Onion,8,2024,1000,4001,Kharif
Maharashtra,Nampur,Onion,2,2025,400,2855,Rabi
Maharashtra,Vita,Onion,8,2024,2500,3000,Kharif
Maharashtra,Om Chaitanya Multistate Agro Purpose CoOp Society,Wheat,10,2023,2600,2600,Kharif
Maharashtra,Mangaon,Rice,4,2025,1900,4800,Zaid
Maharashtra,Junnar(Narayangaon),Potato,11,2024,500,4000,Rabi
Maharashtra,Jalgaon,Onion,10,2024,1850,4327,Kharif
Maharashtra,Yeola,Wheat,7,2023,2325,2420,Kharif
Maharashtra,Rahuri,Wheat,6,2023,1500,2200,Kharif
Maharashtra,Khed(Chakan),Onion,12,2023,3000,4000,Rabi
Maharashtra,Shevgaon,Onion,1,2024,900,1200,Rabi
Maharashtra,Yeola,Wheat,1,2024,2399,3000,Rabi
Maharashtra,Amrawati(Frui & Veg. Market),Onion,10,2024,3000,4800,Kharif
Maharashtra,Umrane,Onion,3,2025,1000,2245,Rabi
Maharashtra,Kalyan,Potato,11,2024,3000,3200,Rabi
Maharashtra,Manmad,Onion,10,2023,1601,4949,Kharif
Maharashtra,Mangal Wedha,Onion,10,2023,500,5300,Kharif
Maharashtra,Vashi New Mumbai,Potato,9,2023,1000,1400,Kharif
Maharashtra,Ulhasnagar,Wheat,10,2023,3000,3600,Kharif
Maharashtra,Chandrapur(Ganjwad),Onion,9,2024,2500,5000,Kharif
Maharashtra,Kalvan,Onion,12,2023,400,2505,Rabi
Maharashtra,Phaltan,Onion,3,2025,300,1700,Rabi
Maharashtra,Karjat,Onion,10,2024,500,2500,Kharif
Maharashtra,Rahata,Onion,10,2023,700,2800,Kharif
Maharashtra,Akluj,Onion,3,2024,200,1600,Rabi
Maharashtra,Bhivandi,Potato,6,2025,3500,5500,Kharif
Maharashtra,Ramtek,Potato,7,2023,1800,2000,Kharif
Maharashtra,Rahata,Potato,1,2025,1000,2400,Rabi
Maharashtra,Dhule,Onion,5,2024,100,1270,Zaid
Maharashtra,Pune,Potato,11,2023,1000,2000,Rabi
Maharashtra,Lasalgaon(Niphad),Onion,2,2025,1446,2448,Rabi
Maharashtra,Yawal,Onion,3,2024,900,1290,Rabi
Maharashtra,"Sangli(Phale, Bhajipura Market)",Potato,8,2024,2000,3000,Kharif
Maharashtra,Pen,Tomato,6,2023,4400,4600,Kharif
Maharashtra,Gevrai,Wheat,9,2023,2451,2900,Kharif
Maharashtra,"Sangli(Phale, Bhajipura Market)",Potato,2,2025,1400,2200,Rabi
Maharashtra,Chandvad,Onion,5,2024,812,1909,Zaid
Maharashtra,Kalmeshwar,Tomato,6,2023,1005,1500,Kharif
Maharashtra,Lasalgaon(Vinchur),Onion,2,2024,550,1341,Rabi
Maharashtra,Pune,Onion,6,2025,400,1600,Kharif
Maharashtra,Karjat(Raigad),Wheat,12,2023,2000,2700,Rabi
Maharashtra,Solapur,Onion,3,2025,200,2260,Rabi
Maharashtra,Shirpur,Onion,11,2024,175,4800,Rabi
Maharashtra,Lasalgaon(Niphad),Onion,2,2024,1000,1800,Rabi
Maharashtra,Newasa(Ghodegaon),Onion,10,2024,1000,4300,Kharif
Maharashtra,Pune(Moshi),Onion,8,2023,500,1800,Kharif
Maharashtra,Nandgaon,Onion,10,2023,1000,5200,Kharif
Maharashtra,Om Chaitanya Multistate Agro Purpose CoOp Society,Onion,8,2023,300,1600,Kharif
Maharashtra,Kopargaon,Onion,2,2024,500,1901,Rabi
Maharashtra,Vaduj,Wheat,9,2023,2200,2400,Kharif
Maharashtra,Chandrapur(Ganjwad),Onion,8,2024,2845,4500,Kharif
Maharashtra,Malegaon,Wheat,12,2023,2682,2860,Rabi
Maharashtra,Pimpalgaon,Onion,11,2024,2600,5460,Rabi
Maharashtra,Rahata,Potato,12,2024,2400,2900,Rabi
Maharashtra,Murtizapur,Wheat,6,2023,2080,2385,Kharif
Maharashtra,Nandgaon Khandeshwar,Wheat,11,2023,2170,2350,Rabi
Maharashtra,"Sangli(Phale, Bhajipura Market)",Onion,5,2024,700,2500,Zaid
Maharashtra,Malharshree Farmers Producer Co Ltd,Onion,7,2024,1097,2904,Kharif
Maharashtra,Sinner,Onion,12,2023,500,2175,Rabi
Maharashtra,Wardha,Wheat,10,2023,2430,2515,Kharif
Maharashtra,Manchar,Onion,12,2023,3000,4750,Rabi
Maharashtra,Amarawati,Wheat,10,2023,2350,2525,Kharif
Maharashtra,Ramtek,Potato,12,2023,1000,1400,Rabi
Maharashtra,Pune(Pimpri),Tomato,6,2023,2000,3000,Kharif
Maharashtra,Nasik,Onion,8,2023,500,2511,Kharif
Maharashtra,Hingna,Potato,5,2025,1500,2200,Zaid
Maharashtra,Kalyan,Onion,4,2025,1400,1600,Zaid
Maharashtra,Islampur,Tomato,6,2023,1000,1500,Kharif
Maharashtra,Parner,Onion,12,2023,300,3000,Rabi
Maharashtra,Kopargaon,Onion,5,2024,500,1975,Zaid
Maharashtra,Vashi New Mumbai,Potato,5,2025,1100,1800,Zaid
Maharashtra,"Sangli(Phale, Bhajipura Market)",Onion,5,2024,500,2150,Zaid
Maharashtra,Vashi New Mumbai,Onion,9,2024,3200,4000,Kharif
Maharashtra,Sakri,Onion,4,2024,900,1380,Zaid
Maharashtra,Shrigonda,Onion,2,2024,200,1350,Rabi
Maharashtra,Dhule,Wheat,12,2023,2100,3020,Rabi
Maharashtra,Newasa(Ghodegaon),Onion,10,2024,1000,4800,Kharif
Maharashtra,Bhusaval,Onion,6,2025,900,1200,Kharif
Maharashtra,Pune(Moshi),Potato,6,2024,1700,2800,Kharif
Maharashtra,Manchar,Onion,5,2024,1200,2210,Zaid
Maharashtra,Umrane,Onion,11,2024,2000,6068,Rabi
Maharashtra,Chandrapur(Ganjwad),Onion,11,2024,2000,5000,Rabi
Maharashtra,Yeola,Onion,2,2024,500,1359,Rabi
Maharashtra,Shrirampur,Potato,7,2023,900,1150,Kharif
Maharashtra,Ramtek,Onion,12,2024,4000,5000,Rabi
Maharashtra,Chandrapur(Ganjwad),Potato,11,2024,2800,3000,Rabi
Maharashtra,Nasik,Onion,10,2023,800,3951,Kharif
Maharashtra,Dhule,Onion,4,2024,200,1200,Zaid
Maharashtra,Shrirampur,Onion,6,2023,200,1100,Kharif
Maharashtra,Pune(Khadiki),Onion,4,2024,1000,1500,Zaid
Maharashtra,Sinner,Onion,10,2023,500,3400,Kharif
Maharashtra,"Sangli(Phale, Bhajipura Market)",Onion,11,2023,600,4500,Rabi
Maharashtra,Vashi New Mumbai,Onion,7,2024,2400,3100,Kharif
Maharashtra,Achalpur,Wheat,1,2024,2500,2650,Rabi
Maharashtra,Chandvad,Onion,5,2025,326,1425,Zaid
Maharashtra,Shahada,Wheat,12,2023,2550,3176,Rabi
Maharashtra,Mangal Wedha,Onion,5,2024,400,3000,Zaid
Maharashtra,Raver,Wheat,1,2024,2575,2680,Rabi
Maharashtra,Pune,Onion,8,2024,1400,3000,Kharif
Maharashtra,Pathari,Wheat,2,2024,2000,2500,Rabi
Maharashtra,Pathardi,Onion,8,2023,500,1800,Kharif
Maharashtra,Dhule,Onion,8,2023,150,1400,Kharif
Maharashtra,Amalner,Wheat,1,2024,2300,2600,Rabi
Maharashtra,Shirur,Onion,10,2024,500,4900,Kharif
Maharashtra,Shrirampur,Onion,8,2023,300,2400,Kharif
Maharashtra,Manchar,Potato,4,2025,1000,1600,Zaid
Maharashtra,Satana,Onion,5,2024,300,1950,Zaid
Maharashtra,Kopargaon,Wheat,8,2023,2460,2475,Kharif
Maharashtra,Shrirampur,Wheat,12,2023,2650,2900,Rabi
Maharashtra,Kalyan,Potato,11,2024,2500,3000,Rabi
Maharashtra,Pune(Moshi),Onion,8,2024,2000,3000,Kharif
Maharashtra,Pimpalgaon,Onion,3,2025,700,1700,Rabi
Maharashtra,Kamthi,Onion,10,2023,4500,5500,Kharif
Maharashtra,Devala,Onion,12,2023,500,2595,Rabi
Maharashtra,Dindori(Vani),Onion,4,2025,800,1600,Zaid
Maharashtra,Nampur,Onion,5,2024,200,2000,Zaid
Maharashtra,Khed(Chakan),Potato,11,2024,2400,3700,Rabi
Maharashtra,Amrawati(Frui & Veg. Market),Potato,6,2023,900,1400,Kharif
Maharashtra,Akluj,Onion,7,2023,500,1700,Kharif
Maharashtra,Mangal Wedha,Onion,7,2024,1210,2600,Kharif
Maharashtra,Ahmednagar,Wheat,11,2023,1800,2700,Rabi
Maharashtra,Rahata,Potato,10,2024,2600,2900,Kharif
Maharashtra,Nasik,Onion,6,2023,300,1301,Kharif
Maharashtra,Jalgaon,Onion,3,2024,600,1600,Rabi
Maharashtra,Yeola,Wheat,12,2023,2305,2800,Rabi
Maharashtra,Pimpalgaon Baswant(Saykheda),Onion,5,2025,500,1204,Zaid
Maharashtra,Dondaicha,Wheat,9,2023,2400,2876,Kharif
Maharashtra,Pathardi,Onion,9,2023,500,2200,Kharif
Maharashtra,Baramati,Onion,8,2023,500,2700,Kharif
Maharashtra,Shevgaon,Onion,7,2024,700,1800,Kharif
Maharashtra,Murtizapur,Wheat,7,2023,2205,2550,Kharif
Maharashtra,Karmala,Wheat,8,2023,2600,2600,Kharif
Maharashtra,Kurdwadi(Modnimb),Onion,12,2023,100,2000,Rabi
Maharashtra,Nagpur,Onion,9,2023,2500,3300,Kharif
Maharashtra,Pune(Manjri),Onion,11,2024,4400,4800,Rabi
Maharashtra,Bhusaval,Potato,12,2024,2500,3000,Rabi
Maharashtra,Devala,Onion,9,2024,1500,4300,Kharif
Maharashtra,Ahmednagar,Wheat,8,2023,2200,2750,Kharif
Maharashtra,Shevgaon,Onion,5,2025,150,500,Zaid
Maharashtra,Loha,Wheat,7,2023,2100,2761,Kharif
Maharashtra,Jalgaon,Potato,4,2024,1500,2000,Zaid
Maharashtra,Solapur,Wheat,9,2023,2290,3690,Kharif
Maharashtra,Shrirampur,Onion,9,2023,400,2400,Kharif
Maharashtra,Manchar,Potato,3,2025,1000,1800,Rabi
Maharashtra,Kurdwadi(Modnimb),Onion,4,2024,200,1311,Zaid
Maharashtra,Junnar(Narayangaon),Potato,8,2024,2300,3000,Kharif
Maharashtra,Akola,Onion,11,2024,1500,3700,Rabi
Maharashtra,Kolhapur,Onion,3,2025,700,2100,Rabi
Maharashtra,Parner,Onion,4,2025,400,1600,Zaid
Maharashtra,Amarawati,Wheat,8,2023,2450,2650,Kharif
Maharashtra,Pune(Manjri),Tomato,6,2023,2300,4500,Kharif
Maharashtra,Karad,Onion,11,2024,2000,3500,Rabi
Maharashtra,Rahuri,Potato,7,2023,1300,2100,Kharif
Maharashtra,Kolhapur,Onion,8,2024,1000,3300,Kharif
Maharashtra,Akola,Onion,5,2025,500,1300,Zaid
Maharashtra,Hingna,Potato,12,2024,2500,2500,Rabi
Maharashtra,Palghar,Wheat,1,2024,3045,3045,Rabi
Maharashtra,Vai,Potato,7,2023,2000,2500,Kharif
Maharashtra,Devala,Onion,7,2024,900,3100,Kharif
Maharashtra,Nasik,Potato,4,2024,1800,2450,Zaid
Maharashtra,Parner,Onion,1,2024,300,2000,Rabi
Maharashtra,Khed(Chakan),Potato,2,2025,1500,2000,Rabi
Maharashtra,Lonand,Onion,6,2024,900,2800,Kharif
Maharashtra,Kamthi,Onion,11,2024,4000,5000,Rabi
Maharashtra,Jalgaon,Potato,2,2025,1500,2300,Rabi
Maharashtra,Khed(Chakan),Onion,8,2023,900,1600,Kharif
Maharashtra,Chandrapur(Ganjwad),Onion,9,2023,2000,4200,Kharif
Maharashtra,Jalgaon,Onion,12,2024,625,3750,Rabi
Maharashtra,Rahata,Wheat,2,2024,2646,2770,Rabi
Maharashtra,Junnar(Alephata),Onion,2,2024,1000,3010,Rabi
Maharashtra,Junnar(Narayangaon),Potato,2,2025,500,1900,Rabi
Maharashtra,Nampur,Onion,3,2025,300,1380,Rabi
Maharashtra,Kalyan,Onion,5,2025,1500,1700,Zaid
Maharashtra,Shevgaon,Onion,11,2024,2000,3800,Rabi
Maharashtra,Kurdwadi(Modnimb),Onion,9,2023,1500,2201,Kharif
Maharashtra,Vai,Potato,3,2024,1800,2500,Rabi
Maharashtra,Akola,Potato,11,2024,2000,2800,Rabi
Maharashtra,Amrawati(Frui & Veg. Market),Onion,8,2024,3000,3800,Kharif
Maharashtra,Kamthi,Onion,7,2023,1000,2000,Kharif
Maharashtra,Nagpur,Onion,12,2024,2400,4400,Rabi
Maharashtra,Dhule,Wheat,1,2024,2400,3105,Rabi
Maharashtra,Pune(Pimpri),Onion,3,2025,2500,2800,Rabi
Maharashtra,Chalisgaon,Wheat,8,2023,2200,2651,Kharif
Maharashtra,Sangamner,Onion,8,2023,200,2801,Kharif
Maharashtra,Shevgaon,Onion,5,2025,750,1350,Zaid
Maharashtra,Jalgaon,Potato,9,2024,1700,2800,Kharif
Maharashtra,Akluj,Potato,6,2023,1400,1600,Kharif
Maharashtra,Lasalgaon(Niphad),Wheat,6,2023,2261,2304,Kharif
Maharashtra,Nasik,Potato,3,2025,1050,2000,Rabi
Maharashtra,Bhusaval,Tomato,10,2023,1000,1500,Kharif
Maharashtra,Bhusaval,Potato,2,2025,2400,3000,Rabi
Maharashtra,Pune,Potato,1,2025,1000,2200,Rabi
Maharashtra,Karjat,Onion,5,2025,300,1400,Zaid
Maharashtra,Barshi,Wheat,10,2023,2400,4000,Kharif
Maharashtra,Kopargaon,Onion,9,2023,500,2451,Kharif
Maharashtra,Pune(Khadiki),Onion,8,2024,1500,2800,Kharif
Maharashtra,Rahuri,Potato,9,2024,2500,3000,Kharif
Maharashtra,Pune,Onion,9,2023,900,2500,Kharif
Maharashtra,Ahmednagar,Onion,12,2023,150,2500,Rabi
Maharashtra,Pune(Moshi),Onion,12,2023,500,2000,Rabi
Maharashtra,Pune(Manjri),Onion,5,2025,600,1300,Zaid
Maharashtra,Pune(Khadiki),Onion,10,2023,1200,2000,Kharif
Maharashtra,Bhusaval,Onion,7,2024,2200,3000,Kharif
Maharashtra,Pimpalgaon,Onion,11,2024,1400,4751,Rabi
Maharashtra,Kurdwadi(Modnimb),Onion,7,2023,350,1451,Kharif
Maharashtra,Amrawati(Frui & Veg. Market),Onion,10,2023,1000,4500,Kharif
Maharashtra,Pune(Moshi),Onion,9,2024,2000,5000,Kharif
Maharashtra,Nandgaon,Onion,5,2025,100,1499,Zaid
Maharashtra,Om Chaitanya Multistate Agro Purpose CoOp Society,Onion,11,2023,800,4000,Rabi
Maharashtra,Karad,Onion,7,2023,1200,1600,Kharif
Maharashtra,Junnar(Otur),Onion,9,2023,1200,3000,Kharif
Maharashtra,Lonand,Onion,5,2024,800,1750,Zaid
Maharashtra,Tadkalas,Wheat,8,2023,2000,2200,Kharif
Maharashtra,Dound,Wheat,12,2023,2300,2750,Rabi
Maharashtra,Pimpalgaon,Onion,1,2024,300,1681,Rabi
Maharashtra,Kalvan,Onion,3,2024,700,1800,Rabi
Maharashtra,Dondaicha,Wheat,7,2023,1900,2430,Kharif
Maharashtra,Rahuri,Potato,9,2024,2400,2800,Kharif
Maharashtra,Kalvan,Onion,6,2025,400,1850,Kharif
Maharashtra,Pimpalgaon,Onion,1,2024,300,2056,Rabi
Maharashtra,Shevgaon,Onion,11,2024,400,2000,Rabi
Maharashtra,Rahuri(Vambori),Wheat,6,2023,2052,2451,Kharif
Maharashtra,Amrawati(Frui & Veg. Market),Onion,7,2023,1000,2800,Kharif
Maharashtra,Nasik,Onion,2,2024,700,2050,Rabi
Maharashtra,Pune(Moshi),Onion,11,2023,1000,3500,Rabi
Maharashtra,Pimpalgaon,Onion,3,2025,1700,2359,Rabi
Maharashtra,Karjat(Raigad),Onion,8,2023,200,1450,Kharif
Maharashtra,Manchar,Onion,12,2023,1000,2700,Rabi
Maharashtra,Mumbai,Tomato,6,2023,2000,2400,Kharif
Maharashtra,Shrirampur,Tomato,8,2023,1600,2000,Kharif
Maharashtra,Chandur Bazar,Wheat,1,2024,2200,2600,Rabi
Maharashtra,Shrirampur,Onion,11,2023,500,4550,Rabi
Maharashtra,Karad,Onion,8,2024,1500,3600,Kharif
Maharashtra,Rahata,Potato,2,2025,500,1800,Rabi
Maharashtra,Karjat,Onion,4,2024,300,1600,Zaid
Maharashtra,Vashi New Mumbai,Potato,10,2023,900,1400,Kharif
Maharashtra,Umrane,Onion,11,2024,2000,5151,Rabi
Maharashtra,Jamkhed,Onion,8,2024,2000,2800,Kharif
Maharashtra,Vita,Potato,3,2024,2500,2600,Rabi
Maharashtra,Akole,Onion,6,2025,251,2111,Kharif
Maharashtra,Satara,Onion,10,2023,1000,2800,Kharif
Maharashtra,Khed(Chakan),Potato,7,2023,1400,2200,Kharif
Maharashtra,Tumsar,Wheat,8,2023,2028,2028,Kharif
Maharashtra,Sakri,Onion,11,2023,1550,3450,Rabi
Maharashtra,Nandgaon,Onion,3,2024,430,1702,Rabi
Maharashtra,Kamthi,Onion,10,2023,3000,4000,Kharif
Maharashtra,Vasai,Wheat,6,2023,2850,3860,Kharif
Maharashtra,Ramtek,Potato,6,2025,1800,2000,Kharif
Maharashtra,Dhule,Onion,8,2023,150,2200,Kharif
Maharashtra,Chandrapur(Ganjwad),Potato,9,2023,1450,1550,Kharif
Maharashtra,Shrigonda,Onion,6,2025,300,1600,Kharif
Maharashtra,Manmad,Onion,8,2024,1063,2840,Kharif
Maharashtra,Pune(Khadiki),Onion,8,2023,1100,1600,Kharif
Maharashtra,Laxmi Sopan Agriculture Produce Marketing Co Ltd,Onion,4,2025,400,1400,Zaid
Maharashtra,Kalmeshwar,Tomato,6,2023,1555,2000,Kharif
Maharashtra,Satana,Onion,8,2023,400,2295,Kharif
Maharashtra,Shrirampur(Belapur),Wheat,12,2023,2400,2400,Rabi
Maharashtra,Satana,Onion,3,2025,400,1630,Rabi
Maharashtra,Satara,Onion,2,2025,700,2800,Rabi
Maharashtra,Vai,Onion,4,2025,800,1500,Zaid
Maharashtra,Kamthi,Potato,2,2024,1200,1600,Rabi
Maharashtra,Pachora,Wheat,6,2023,2151,2311,Kharif
Maharashtra,Dhule,Onion,1,2024,160,1810,Rabi
Maharashtra,Lonand,Onion,7,2023,350,1445,Kharif
Maharashtra,Kopargaon,Onion,10,2024,1000,4200,Kharif
Maharashtra,Pune(Manjri),Potato,4,2024,2000,2400,Zaid
Maharashtra,Kopargaon,Onion,3,2025,1000,2200,Rabi
Maharashtra,Palghar,Wheat,10,2023,3100,3100,Kharif
Maharashtra,Sinner,Onion,4,2025,500,1376,Zaid
Maharashtra,Gevrai,Wheat,12,2023,2200,3000,Rabi
Maharashtra,Vashi New Mumbai,Potato,9,2024,2000,3100,Kharif
Maharashtra,Amrawati(Frui & Veg. Market),Potato,5,2025,1000,2000,Zaid
Maharashtra,Karjat(Raigad),Onion,7,2023,700,1100,Kharif
Maharashtra,Rahata,Tomato,7,2023,1500,6000,Kharif
Maharashtra,Ulhasnagar,Rice,6,2025,3500,4500,Kharif
Maharashtra,"Sangli(Phale, Bhajipura Market)",Onion,12,2023,700,2200,Rabi
Maharashtra,Karad,Onion,4,2024,1000,1600,Zaid
Maharashtra,Achalpur,Wheat,9,2023,2300,2450,Kharif
Maharashtra,Nandgaon,Onion,11,2023,500,4499,Rabi
Maharashtra,Junnar(Narayangaon),Potato,6,2024,2800,2800,Kharif
Maharashtra,Kamthi,Potato,7,2024,3000,4000,Kharif
Maharashtra,Nagpur,Wheat,9,2023,2438,2566,Kharif
Maharashtra,"Sangli(Phale, Bhajipura Market)",Onion,9,2024,1700,4500,Kharif
Maharashtra,Akluj,Onion,9,2024,1500,4000,Kharif
Maharashtra,Junnar(Otur),Onion,3,2025,500,2500,Rabi
Maharashtra,Nandgaon,Wheat,8,2023,2560,3030,Kharif
Maharashtra,Chalisgaon,Wheat,12,2023,2451,3166,Rabi
Maharashtra,Hingna,Onion,3,2025,2500,3000,Rabi
Maharashtra,Shree Rameshwar Krushi Market,Onion,7,2023,200,1702,Kharif
Maharashtra,Baramati,Onion,9,2023,450,2200,Kharif
Maharashtra,Rahata,Potato,11,2023,1000,1500,Rabi
Maharashtra,Chopada,Wheat,12,2023,2600,2750,Rabi
Maharashtra,Shevgaon,Onion,2,2024,800,1100,Rabi
Maharashtra,Kopargaon,Onion,7,2023,300,1600,Kharif
Maharashtra,Umrane,Onion,6,2023,501,1340,Kharif
Maharashtra,Vai,Potato,9,2024,2600,3200,Kharif
Maharashtra,Kolhapur,Onion,7,2023,600,1800,Kharif
Maharashtra,Anajngaon,Wheat,11,2023,2201,2501,Rabi
Maharashtra,Ahmednagar,Potato,3,2024,600,1900,Rabi
Maharashtra,Dhule,Onion,10,2023,300,2360,Kharif
Maharashtra,Karjat(Raigad),Wheat,9,2023,2000,2600,Kharif
Maharashtra,Katol,Wheat,7,2023,2300,2311,Kharif
Maharashtra,Pimpalgaon Baswant(Saykheda),Onion,6,2023,300,1200,Kharif
Maharashtra,Lasalgaon(Vinchur),Onion,7,2023,500,1602,Kharif
Maharashtra,Ahmednagar,Potato,2,2024,500,1500,Rabi
Maharashtra,Devala,Onion,8,2023,650,2500,Kharif
Maharashtra,Solapur,Onion,7,2023,100,2100,Kharif
Maharashtra,Ulhasnagar,Rice,5,2025,4500,5500,Zaid
Maharashtra,Kopargaon,Onion,3,2025,1000,1666,Rabi
Maharashtra,Rahuri(Vambori),Onion,11,2024,300,4600,Rabi
Maharashtra,Rahuri(Vambori),Onion,10,2023,300,3500,Kharif
Maharashtra,Pune(Khadiki),Onion,8,2023,900,1400,Kharif
Maharashtra,Pune,Onion,12,2023,1800,3800,Rabi
Maharashtra,Dhule,Onion,1,2024,200,1820,Rabi
Maharashtra,Shevgaon,Onion,10,2024,300,1800,Kharif
Maharashtra,Shevgaon(Bodhegaon),Wheat,12,2023,2600,2600,Rabi
Maharashtra,Lasalgaon,Onion,2,2025,1000,2490,Rabi
Maharashtra,Dhamngaon-Railway,Wheat,9,2023,2465,2505,Kharif
Maharashtra,Vai,Potato,1,2025,1800,2600,Rabi
Maharashtra,Pathardi,Onion,8,2024,700,3100,Kharif
Maharashtra,Devala,Onion,7,2023,100,1500,Kharif
Maharashtra,Navapur,Wheat,10,2023,2100,2100,Kharif
Maharashtra,Amarawati,Wheat,9,2023,2450,2650,Kharif
Maharashtra,Pune(Manjri),Potato,11,2024,2200,3400,Rabi
Maharashtra,Manmad,Onion,9,2023,300,2360,Kharif
Maharashtra,Pune(Moshi),Onion,2,2024,400,1000,Rabi
Maharashtra,Bhusaval,Onion,6,2025,1000,1400,Kharif
Maharashtra,Nasik,Onion,5,2024,800,2251,Zaid
Maharashtra,Kamthi,Onion,10,2024,3500,4500,Kharif
Maharashtra,Nampur,Onion,7,2023,100,1605,Kharif
Maharashtra,Chandvad,Tomato,7,2023,1850,6000,Kharif
Maharashtra,Vai,Tomato,7,2023,4000,10000,Kharif
Maharashtra,Junnar(Narayangaon),Potato,11,2023,1400,1700,Rabi
Maharashtra,Lasalgaon,Onion,2,2024,700,1321,Rabi
Maharashtra,Vadgaonpeth,Onion,11,2023,3700,5000,Rabi
Maharashtra,Pune(Khadiki),Potato,2,2024,1000,1300,Rabi
Maharashtra,Junnar(Narayangaon),Onion,10,2023,500,2300,Kharif
Maharashtra,Pachora,Wheat,6,2023,2131,2151,Kharif
Maharashtra,Newasa(Ghodegaon),Onion,7,2024,1000,3100,Kharif
Maharashtra,Palghar,Wheat,12,2023,3100,3100,Rabi
Maharashtra,Kada,Wheat,10,2023,2800,3000,Kharif
Maharashtra,Lasalgaon(Vinchur),Onion,4,2025,1070,1241,Zaid
Maharashtra,"Sangli(Phale, Bhajipura Market)",Potato,7,2024,1000,3200,Kharif
Maharashtra,Bhusaval,Potato,11,2024,2000,2500,Rabi
Maharashtra,Nasik,Potato,5,2025,1500,2100,Zaid
Maharashtra,Khed(Chakan),Onion,6,2023,700,1100,Kharif
Maharashtra,Sinner,Wheat,10,2023,2200,2750,Kharif
Maharashtra,Kamthi,Onion,12,2024,4000,5000,Rabi
Maharashtra,Shevgaon,Onion,6,2023,400,700,Kharif
Maharashtra,Vashi New Mumbai,Potato,6,2023,900,1300,Kharif
Maharashtra,Vai,Potato,12,2024,1800,3500,Rabi
Maharashtra,Satana,Onion,12,2024,1205,6865,Rabi
Maharashtra,Pune,Wheat,11,2023,4200,5200,Rabi
Maharashtra,Solapur,Potato,6,2023,800,2250,Kharif
Maharashtra,Vashi New Mumbai,Onion,10,2024,2000,4600,Kharif
Maharashtra,Pimpalgaon,Onion,1,2024,400,2091,Rabi
Maharashtra,Karjat,Onion,8,2024,1500,4000,Kharif
Maharashtra,Vaduj,Wheat,10,2023,2200,2400,Kharif
Maharashtra,Jalgaon,Onion,11,2024,650,4025,Rabi
Maharashtra,Bhusaval,Onion,8,2024,2500,3300,Kharif
Maharashtra,"Sangli(Phale, Bhajipura Market)",Onion,5,2025,500,1500,Zaid
Maharashtra,Junnar(Otur),Onion,8,2023,1100,2700,Kharif
Maharashtra,Rahuri(Vambori),Onion,8,2023,200,2500,Kharif
Maharashtra,Kalyan,Tomato,6,2023,2000,2400,Kharif
Maharashtra,Yeola,Wheat,8,2023,2346,2444,Kharif
Maharashtra,Pune(Moshi),Onion,9,2023,800,2000,Kharif
Maharashtra,"Sangli(Phale, Bhajipura Market)",Potato,6,2023,1200,1400,Kharif
Maharashtra,Kurdwadi(Modnimb),Onion,1,2024,200,1800,Rabi
Maharashtra,Loha,Wheat,12,2023,2000,3000,Rabi
Maharashtra,Lasalgaon(Vinchur),Onion,4,2025,700,1390,Zaid
Maharashtra,Pune(Moshi),Onion,5,2024,500,1400,Zaid
Maharashtra,Chopada,Wheat,8,2023,2227,2552,Kharif
Maharashtra,Shirpur,Wheat,8,2023,2045,2575,Kharif
Maharashtra,Pimpalgaon,Onion,12,2023,1000,3400,Rabi
Maharashtra,Devala,Onion,8,2023,225,2555,Kharif
Maharashtra,Katol,Wheat,7,2023,2225,2261,Kharif
Maharashtra,Khed(Chakan),Onion,2,2024,1000,1600,Rabi
Maharashtra,Akluj,Potato,6,2024,2700,3000,Kharif
Maharashtra,Pune(Moshi),Potato,12,2023,300,1500,Rabi
Maharashtra,Nagpur,Onion,12,2023,1600,2200,Rabi
Maharashtra,Lasalgaon(Vinchur),Onion,8,2023,800,2452,Kharif
Maharashtra,Nasik,Onion,5,2024,850,2301,Zaid
Maharashtra,Chandvad,Onion,5,2024,700,1981,Zaid
Maharashtra,Nagpur,Wheat,10,2023,2440,2612,Kharif
Maharashtra,Laxmi Sopan Agriculture Produce Marketing Co Ltd,Onion,6,2025,600,1500,Kharif
Maharashtra,Sakri,Onion,8,2024,1300,3695,Kharif
Maharashtra,Jalgaon,Onion,12,2023,1125,3387,Rabi
Maharashtra,Ulhasnagar,Wheat,11,2023,3000,3500,Rabi
Maharashtra,Hingna,Onion,3,2025,2400,3000,Rabi
Maharashtra,Ahmednagar,Onion,11,2024,1000,5000,Rabi
Maharashtra,Amrawati(Frui & Veg. Market),Onion,10,2024,1500,3800,Kharif
Maharashtra,Katol,Wheat,8,2023,2360,2400,Kharif
Maharashtra,Sangamner,Onion,10,2023,500,4011,Kharif
Maharashtra,Nasik,Onion,10,2024,3300,4450,Kharif
Maharashtra,Rahata,Potato,3,2024,500,1900,Rabi
Maharashtra,Akluj,Potato,5,2025,2000,2200,Zaid
Maharashtra,Lasalgaon,Wheat,7,2023,2300,2971,Kharif
Maharashtra,Kamthi,Onion,8,2023,1600,2000,Kharif
Maharashtra,Jalgaon,Onion,12,2024,750,2750,Rabi
Maharashtra,Shrirampur,Potato,4,2025,1500,2000,Zaid
Maharashtra,Shrirampur,Potato,3,2024,1800,2000,Rabi
Maharashtra,Junnar(Narayangaon),Potato,7,2023,1800,2000,Kharif
Maharashtra,Ahmednagar,Potato,1,2025,500,2400,Rabi
Maharashtra,Pimpalgaon Baswant(Saykheda),Onion,6,2023,300,1230,Kharif
Maharashtra,Khed(Chakan),Onion,4,2025,800,1400,Zaid
Maharashtra,Jamkhed,Onion,4,2024,200,1600,Zaid
Maharashtra,Rahuri(Vambori),Onion,7,2024,300,3200,Kharif
Maharashtra,Mumbai,Wheat,9,2023,2800,6000,Kharif
Maharashtra,Lasalgaon,Wheat,1,2024,2351,3100,Rabi
Maharashtra,Amrawati(Frui & Veg. Market),Potato,4,2024,700,2400,Zaid
Maharashtra,Ramtek,Potato,7,2024,2400,2800,Kharif
Maharashtra,Solapur,Onion,8,2023,100,3300,Kharif
Maharashtra,Pune(Khadiki),Tomato,6,2023,1100,2000,Kharif
Maharashtra,Amrawati(Frui & Veg. Market),Potato,3,2025,800,1700,Rabi
Maharashtra,Manmad,Onion,10,2024,870,3460,Kharif
Maharashtra,Kurdwadi(Modnimb),Onion,9,2024,500,2800,Kharif
Maharashtra,Jalgaon,Onion,9,2024,1500,4700,Kharif
Maharashtra,Kada,Onion,4,2025,300,1600,Zaid
Maharashtra,Nandurbar,Onion,4,2024,1280,1400,Zaid
Maharashtra,Shree Rameshwar Krushi Market,Onion,11,2023,300,4153,Rabi
Maharashtra,Satara,Potato,1,2024,1500,1900,Rabi
Maharashtra,Khed(Chakan),Onion,3,2025,1300,1800,Rabi
Maharashtra,Ashti(Karanja),Wheat,6,2023,2100,2250,Kharif
Maharashtra,Shrirampur,Potato,7,2023,900,1300,Kharif
Maharashtra,Devala,Onion,7,2024,1250,3195,Kharif
Maharashtra,Kalmeshwar,Tomato,7,2023,9055,10000,Kharif
Maharashtra,Pune,Wheat,8,2023,4500,5600,Kharif
Maharashtra,Gevrai,Wheat,1,2024,2400,3200,Rabi
Maharashtra,Kopargaon,Wheat,9,2023,2500,2621,Kharif
Maharashtra,Shrirampur,Onion,8,2023,600,2000,Kharif
Maharashtra,Sangamner,Onion,5,2025,200,1415,Zaid
Maharashtra,Junnar(Narayangaon),Onion,8,2023,500,3000,Kharif
Maharashtra,Ramtek,Potato,1,2025,1800,2000,Rabi
Maharashtra,Sangli,Wheat,6,2023,2700,3500,Kharif
Maharashtra,Kalyan,Onion,5,2025,1000,1200,Zaid
Maharashtra,Mangal Wedha,Onion,7,2024,1300,3300,Kharif
Maharashtra,Nagpur,Onion,5,2024,1000,1500,Zaid
Maharashtra,Nampur,Onion,9,2024,2000,4500,Kharif
Maharashtra,Shirpur,Wheat,12,2023,2501,3172,Rabi
Maharashtra,Manmad,Onion,2,2025,400,2501,Rabi
Maharashtra,Rahata,Potato,1,2024,800,1600,Rabi
Maharashtra,Shivsiddha Govind Producer Company Limited Sanchal,Onion,8,2024,3500,4000,Kharif
Maharashtra,Rahata,Potato,7,2024,2700,3000,Kharif
Maharashtra,Ahmednagar,Potato,12,2024,700,2800,Rabi
Maharashtra,Vashi New Mumbai,Potato,1,2025,1200,1900,Rabi
Maharashtra,Bhusaval,Onion,5,2024,1000,1500,Zaid
Maharashtra,Pimpalgaon,Onion,7,2024,1200,3101,Kharif
Maharashtra,Hingna,Potato,7,2024,1500,2800,Kharif
Maharashtra,Junnar,Onion,2,2025,280,3200,Rabi
Maharashtra,Satana,Onion,1,2024,320,1890,Rabi
Maharashtra,Nandurbar,Wheat,2,2024,2400,3172,Rabi
Maharashtra,Jalgaon,Onion,9,2024,1527,4113,Kharif
Maharashtra,Shirpur,Wheat,11,2023,2200,2651,Rabi
Maharashtra,Solapur,Wheat,6,2023,2275,3560,Kharif
Maharashtra,Akluj,Onion,9,2023,500,2300,Kharif
Maharashtra,Dondaicha,Wheat,1,2024,2200,2781,Rabi
Maharashtra,Pune(Manjri),Potato,7,2024,2600,3000,Kharif
Maharashtra,Pune(Moshi),Onion,3,2024,500,1500,Rabi
Maharashtra,Shivsiddha Govind Producer Company Limited Sanchal,Onion,5,2024,1700,2450,Zaid
Maharashtra,Parner,Onion,9,2023,300,2700,Kharif
Maharashtra,Tasgaon,Wheat,10,2023,2540,2820,Kharif
Maharashtra,Bhusaval,Onion,9,2024,3000,3500,Kharif
Maharashtra,Karad,Onion,5,2024,1000,1800,Zaid
Maharashtra,Savner,Wheat,6,2023,2190,2339,Kharif
Maharashtra,Pathardi,Onion,10,2023,2000,4500,Kharif
Maharashtra,Dharangaon,Wheat,10,2023,2575,2612,Kharif
Maharashtra,Karjat(Raigad),Wheat,1,2024,2200,2800,Rabi
Maharashtra,Kolhapur,Onion,12,2023,500,3500,Rabi
Maharashtra,Vita,Tomato,8,2023,6000,7000,Kharif
Maharashtra,Rahuri,Onion,4,2025,100,1655,Zaid
Maharashtra,Beed,Wheat,6,2023,2240,3010,Kharif
Maharashtra,Laxmi Sopan Agriculture Produce Marketing Co Ltd,Onion,5,2025,500,1400,Zaid
Maharashtra,Junnar(Narayangaon),Onion,7,2023,300,1400,Kharif
Maharashtra,Satara,Onion,12,2023,1500,2500,Rabi
Maharashtra,Dhule,Wheat,1,2024,2275,3210,Rabi
Maharashtra,Lasalgaon(Niphad),Onion,3,2025,900,1620,Rabi
Maharashtra,Nasik,Potato,1,2024,1200,2100,Rabi
Maharashtra,Kopargaon,Onion,2,2025,900,2451,Rabi
Maharashtra,Vashi New Mumbai,Potato,11,2024,2000,3400,Rabi
Maharashtra,Rahata,Onion,5,2025,400,1500,Zaid
Maharashtra,Jamkhed,Onion,11,2024,100,5500,Rabi
Maharashtra,Jalgaon,Onion,8,2024,1152,3750,Kharif
Maharashtra,Akola,Potato,1,2025,1200,2000,Rabi
Maharashtra,Pune(Moshi),Potato,4,2024,1200,2000,Zaid
Maharashtra,Devala,Onion,10,2023,550,2620,Kharif
Maharashtra,Nasik,Potato,7,2023,1200,1550,Kharif
Maharashtra,Hinganghat,Wheat,1,2024,2320,2470,Rabi
Maharashtra,Solapur,Potato,8,2023,8000,14500,Kharif
Maharashtra,Pune(Moshi),Onion,10,2024,1500,3000,Kharif
Maharashtra,Khed(Chakan),Potato,2,2025,1200,2000,Rabi
Maharashtra,Vadgaonpeth,Onion,8,2024,4000,4600,Kharif
Maharashtra,Vashi New Mumbai,Potato,6,2023,1000,1400,Kharif
Maharashtra,Umared,Wheat,7,2023,2000,2800,Kharif
Maharashtra,Nandgaon,Onion,5,2025,100,1621,Zaid
Maharashtra,Pune,Potato,8,2023,1200,2000,Kharif
Maharashtra,Rahuri,Tomato,7,2023,500,3500,Kharif
Maharashtra,Kopargaon,Wheat,1,2024,2495,2836,Rabi
Maharashtra,Navapur,Onion,2,2024,800,1500,Rabi
Maharashtra,Satana,Wheat,6,2023,2182,2250,Kharif
Maharashtra,Akot,Wheat,9,2023,2265,2450,Kharif
Maharashtra,Amrawati(Frui & Veg. Market),Potato,10,2024,1000,2800,Kharif
Maharashtra,Junnar(Narayangaon),Potato,3,2024,300,2000,Rabi
Maharashtra,Rahuri,Wheat,6,2023,2150,2350,Kharif
Maharashtra,Nandgaon,Onion,10,2024,700,4126,Kharif
Maharashtra,Satana,Onion,6,2023,50,1375,Kharif
Maharashtra,Junnar(Narayangaon),Onion,4,2025,300,1510,Zaid
Maharashtra,Manmad,Onion,7,2024,904,2969,Kharif
Maharashtra,Pen,Potato,1,2024,2000,2200,Rabi
Maharashtra,Nasik,Onion,1,2024,650,2200,Rabi
Maharashtra,Akola,Onion,7,2023,1000,1700,Kharif
Maharashtra,Pune,Potato,5,2025,1000,2100,Zaid
Maharashtra,Khed(Chakan),Onion,6,2023,700,1200,Kharif
Maharashtra,Shevgaon,Wheat,9,2023,2450,2500,Kharif
Maharashtra,Pune,Onion,10,2023,900,2500,Kharif
Maharashtra,Bhusaval,Potato,4,2024,1400,1800,Zaid
Maharashtra,Jamkhed,Wheat,12,2023,2000,2800,Rabi
Maharashtra,Kopargaon,Onion,2,2024,500,1304,Rabi
Maharashtra,Dindori,Onion,7,2023,900,1396,Kharif
Maharashtra,Hinganghat,Wheat,6,2023,2000,2465,Kharif
Maharashtra,Junnar(Narayangaon),Potato,7,2024,3000,3000,Kharif
Maharashtra,Nasik,Onion,11,2024,2700,4500,Rabi
Maharashtra,Lasalgaon(Niphad),Wheat,8,2023,2481,2531,Kharif
Maharashtra,Manmad,Onion,3,2024,407,1600,Rabi
Maharashtra,Pune(Manjri),Tomato,6,2023,3600,5500,Kharif
Maharashtra,Amrawati(Frui & Veg. Market),Potato,8,2024,2200,2800,Kharif
Maharashtra,Pune,Potato,10,2024,2000,3600,Kharif
Maharashtra,Pune,Onion,4,2025,700,1600,Zaid
Maharashtra,Pune,Onion,7,2023,600,1600,Kharif
Maharashtra,Vita,Potato,5,2025,2000,2300,Zaid
Maharashtra,Solapur,Potato,12,2023,900,1500,Rabi
Maharashtra,Lasalgaon,Wheat,1,2024,2500,3299,Rabi
Maharashtra,Panvel,Tomato,7,2023,10000,12000,Kharif
Maharashtra,Solapur,Potato,4,2024,1200,2400,Zaid
Maharashtra,Pune(Manjri),Onion,11,2024,2600,5300,Rabi
Maharashtra,Junnar(Narayangaon),Potato,3,2024,800,2000,Rabi
Maharashtra,Chandrapur(Ganjwad),Potato,6,2024,2300,2500,Kharif
Maharashtra,Rahuri,Onion,3,2024,100,1700,Rabi
Maharashtra,Nasik,Potato,5,2025,1500,2000,Zaid
Maharashtra,Pune(Khadiki),Onion,10,2024,2400,3600,Kharif
Maharashtra,Lasalgaon(Vinchur),Onion,6,2023,400,1300,Kharif
Maharashtra,Nagpur,Onion,7,2023,1000,1500,Kharif
Maharashtra,Katol,Wheat,11,2023,2675,2675,Rabi
Maharashtra,Amarawati,Wheat,8,2023,2450,2625,Kharif
Maharashtra,Dhule,Onion,2,2024,250,1450,Rabi
Maharashtra,Junnar,Onion,10,2024,2000,4510,Kharif
Maharashtra,Mangal Wedha,Onion,8,2023,740,2550,Kharif
Maharashtra,Sinner,Onion,9,2023,300,2241,Kharif
Maharashtra,Chalisgaon,Wheat,6,2023,2100,2400,Kharif
Maharashtra,Kamthi,Onion,8,2023,1200,1600,Kharif
Maharashtra,Nandgaon,Onion,8,2023,100,1670,Kharif
Maharashtra,Akola,Potato,2,2025,1500,2200,Rabi
Maharashtra,Junnar(Otur),Potato,12,2024,500,2000,Rabi
Maharashtra,Akola,Onion,2,2025,2500,4000,Rabi
Maharashtra,Amarawati,Wheat,6,2023,2450,2625,Kharif
Maharashtra,Amrawati(Frui & Veg. Market),Potato,9,2023,800,1500,Kharif
Maharashtra,Vashi New Mumbai,Onion,8,2023,1100,1800,Kharif
Maharashtra,Pune(Pimpri),Onion,11,2024,3700,5700,Rabi
Maharashtra,Junnar(Alephata),Onion,11,2023,1000,4510,Rabi
Maharashtra,Solapur,Onion,9,2023,200,4300,Kharif
Maharashtra,Pune(Pimpri),Onion,10,2024,3000,4700,Kharif
Maharashtra,Chandrapur(Ganjwad),Potato,1,2024,1200,1700,Rabi
Maharashtra,Malharshree Farmers Producer Co Ltd,Onion,9,2024,1985,3810,Kharif
Maharashtra,Akola,Potato,8,2023,1100,1500,Kharif
Maharashtra,Lasalgaon(Niphad),Wheat,1,2024,2650,3300,Rabi
Maharashtra,Hinganghat,Wheat,7,2023,2200,2350,Kharif
Maharashtra,Kalyan,Potato,5,2025,1700,1800,Zaid
Maharashtra,Pune(Moshi),Potato,4,2025,1000,1600,Zaid
Maharashtra,Baramati,Wheat,2,2024,2200,3175,Rabi
Maharashtra,Bhandara,Rice,4,2025,4100,4100,Zaid
Maharashtra,Shrigonda,Wheat,8,2023,2150,2300,Kharif
Maharashtra,Dound,Wheat,8,2023,2100,2550,Kharif
Maharashtra,Nasik,Potato,8,2024,2350,3000,Kharif
Maharashtra,Palghar,Rice,4,2025,3845,3845,Zaid
Maharashtra,Manmad,Onion,4,2025,400,1400,Zaid
Maharashtra,Beed,Wheat,2,2024,2450,3630,Rabi
Maharashtra,Parner,Onion,6,2023,300,2100,Kharif
Maharashtra,Nasik,Onion,5,2024,550,1500,Zaid
Maharashtra,Dhule,Onion,1,2024,150,2000,Rabi
Maharashtra,Pune(Moshi),Onion,9,2024,1500,4000,Kharif
Maharashtra,Pimpalgaon Baswant(Saykheda),Onion,3,2025,700,1560,Rabi
Maharashtra,Pimpalgaon,Onion,3,2025,650,1479,Rabi
Maharashtra,Junnar(Narayangaon),Potato,3,2025,400,1900,Rabi
Maharashtra,Pune(Moshi),Potato,5,2024,1400,2200,Zaid
Maharashtra,Akola,Potato,9,2023,1200,1400,Kharif
Maharashtra,Rahuri,Onion,3,2025,100,1650,Rabi
Maharashtra,Shevgaon,Onion,7,2023,1600,2200,Kharif
Maharashtra,Junnar(Otur),Potato,5,2025,500,1200,Zaid
Maharashtra,Shivsiddha Govind Producer Company Limited Sanchal,Onion,12,2024,5500,6505,Rabi
Maharashtra,Kalyan,Onion,6,2025,1700,1800,Kharif
Maharashtra,Karjat,Onion,3,2024,500,1600,Rabi
Maharashtra,Chandrapur(Ganjwad),Tomato,9,2023,600,1000,Kharif
Maharashtra,Lasalgaon,Onion,7,2023,600,2758,Kharif
Maharashtra,Gevrai,Wheat,9,2023,2500,2940,Kharif
Maharashtra,Chandrapur(Ganjwad),Onion,2,2024,1000,2000,Rabi
Maharashtra,Nagpur,Potato,11,2023,1000,1200,Rabi
Maharashtra,Pimpalgaon,Onion,11,2023,1300,4801,Rabi
Maharashtra,Pune(Moshi),Potato,11,2023,800,1000,Rabi
Maharashtra,Kada,Onion,3,2024,200,1400,Rabi
Maharashtra,Hingoli,Wheat,1,2024,2165,3351,Rabi
Maharashtra,Lasalgaon(Niphad),Onion,4,2025,800,1510,Zaid
Maharashtra,Solapur,Onion,5,2025,100,1500,Zaid
Maharashtra,Manmad,Onion,10,2024,2600,4100,Kharif
Maharashtra,Vashi New Mumbai,Potato,4,2025,1200,1900,Zaid
Maharashtra,Hinganghat,Wheat,8,2023,2260,2520,Kharif
Maharashtra,Manmad,Onion,10,2023,1000,4100,Kharif
Maharashtra,Lonand,Onion,6,2023,300,1280,Kharif
Maharashtra,Khed(Chakan),Onion,8,2023,1000,2000,Kharif
Maharashtra,Dhule,Onion,9,2023,150,2000,Kharif
Maharashtra,Jalgaon,Onion,4,2024,452,1250,Zaid
Maharashtra,Solapur,Onion,9,2023,100,3100,Kharif
Maharashtra,Nagpur,Potato,6,2024,1800,2600,Kharif
Maharashtra,Khed(Chakan),Onion,8,2023,800,1500,Kharif
Maharashtra,Pune(Manjri),Onion,10,2023,2200,3100,Kharif
Maharashtra,Jamkhed,Onion,10,2023,500,3500,Kharif
Maharashtra,Rahata,Potato,6,2023,1400,1600,Kharif
Maharashtra,Vashi New Mumbai,Onion,8,2024,2400,3000,Kharif
Maharashtra,Vashi New Mumbai,Potato,4,2025,1000,1800,Zaid
Maharashtra,Pune(Moshi),Potato,3,2025,1000,1600,Rabi
Maharashtra,Karad,Onion,9,2023,1500,2500,Kharif
Maharashtra,Hingna,Potato,12,2024,2000,3000,Rabi
Maharashtra,Yeola,Onion,8,2024,800,3570,Kharif
Maharashtra,Dhule,Onion,9,2024,850,4300,Kharif
Maharashtra,Solapur,Onion,8,2024,500,4000,Kharif
Maharashtra,Ramtek,Wheat,6,2023,2200,2320,Kharif
Maharashtra,Vasai,Wheat,9,2023,3160,3860,Kharif
Maharashtra,Satara,Onion,7,2024,2000,3000,Kharif
Maharashtra,Amalner,Wheat,8,2023,2413,2801,Kharif
Maharashtra,Pune(Moshi),Onion,11,2024,1000,6000,Rabi
Maharashtra,Hingna,Potato,12,2023,1100,2000,Rabi
Maharashtra,Jalgaon,Onion,9,2024,1000,4127,Kharif
Maharashtra,Lasalgaon(Vinchur),Onion,9,2024,2500,5031,Kharif
Maharashtra,Junnar(Narayangaon),Potato,12,2024,400,2250,Rabi
Maharashtra,Junnar(Narayangaon),Tomato,6,2023,1000,3000,Kharif
Maharashtra,Baramati,Onion,3,2025,800,2500,Rabi
Maharashtra,Manmad,Onion,6,2023,100,1275,Kharif
Maharashtra,Amrawati(Frui & Veg. Market),Potato,9,2024,1500,3000,Kharif
Maharashtra,Nagpur,Onion,9,2023,2500,3200,Kharif
Maharashtra,Lasalgaon,Onion,5,2024,401,1751,Zaid
Maharashtra,Pathardi,Onion,5,2025,100,1300,Zaid
Maharashtra,Lasalgaon(Vinchur),Onion,5,2025,500,1600,Zaid
Maharashtra,Malegaon,Wheat,11,2023,2831,3100,Rabi
Maharashtra,Rahuri,Onion,7,2023,100,1600,Kharif
Maharashtra,Satana,Onion,3,2024,200,1785,Rabi
Maharashtra,Malegaon,Wheat,10,2023,2600,2922,Kharif
Maharashtra,Mangal Wedha,Onion,5,2024,300,1700,Zaid
Maharashtra,Devala,Onion,4,2025,200,1450,Zaid
Maharashtra,Shirpur,Onion,4,2025,200,1125,Zaid
Maharashtra,Baramati,Onion,5,2024,300,1800,Zaid
Maharashtra,Kurdwadi(Modnimb),Wheat,6,2023,2450,2791,Kharif
Maharashtra,Shevgaon,Wheat,7,2023,2150,2225,Kharif
Maharashtra,Junnar(Narayangaon),Potato,3,2024,500,2000,Rabi
Maharashtra,Ratnagiri (Nachane),Tomato,7,2023,800,8500,Kharif
Maharashtra,Hingna,Onion,4,2025,2000,2000,Zaid
Maharashtra,Yeola,Onion,12,2023,500,2000,Rabi
Maharashtra,Khed(Chakan),Potato,10,2024,2500,3300,Kharif
Maharashtra,Achalpur,Wheat,1,2024,2400,2600,Rabi
Maharashtra,Pune(Moshi),Potato,3,2024,1000,1400,Rabi
Maharashtra,Jalgaon,Tomato,7,2023,5000,8000,Kharif
Maharashtra,Vai,Potato,4,2025,1600,2300,Zaid
Maharashtra,Sakri,Onion,2,2024,200,1100,Rabi
Maharashtra,Satara,Onion,9,2023,2000,2500,Kharif
Maharashtra,Vai,Onion,11,2023,1500,4500,Rabi
Maharashtra,Rahuri,Potato,1,2025,600,2200,Rabi
Maharashtra,Kamthi,Onion,9,2023,1500,2500,Kharif
Maharashtra,Rahuri(Vambori),Onion,12,2023,100,2000,Rabi
Maharashtra,Pune,Onion,2,2024,500,1600,Rabi
Maharashtra,Vasai,Rice,5,2025,3560,4960,Zaid
Maharashtra,Akluj,Potato,7,2024,2700,3000,Kharif
Maharashtra,Jalgaon(Masawat),Wheat,11,2023,2600,2600,Rabi
Maharashtra,Manchar,Potato,3,2024,1000,2000,Rabi
Maharashtra,Kalvan,Onion,10,2023,1000,3551,Kharif
Maharashtra,"Sangli(Phale, Bhajipura Market)",Potato,3,2025,1300,2200,Rabi
Maharashtra,Karad,Onion,11,2023,2500,4300,Rabi
Maharashtra,Manmad,Onion,10,2024,2263,4501,Kharif
Maharashtra,Junnar(Narayangaon),Onion,7,2023,500,2000,Kharif
Maharashtra,Pune(Moshi),Potato,10,2023,800,1600,Kharif
Maharashtra,Lasalgaon(Vinchur),Onion,4,2025,600,1611,Zaid
Maharashtra,Ramtek,Onion,6,2023,1800,2000,Kharif
Maharashtra,Pune(Moshi),Onion,11,2024,1000,4000,Rabi
Maharashtra,Ramtek,Onion,7,2023,2000,2400,Kharif
Maharashtra,Nandurbar,Wheat,10,2023,2636,2860,Kharif
Maharashtra,Nagpur,Tomato,6,2023,3000,3500,Kharif
Maharashtra,Dhule,Wheat,7,2023,2100,2670,Kharif
Maharashtra,Mangal Wedha,Wheat,7,2023,2710,2710,Kharif
Maharashtra,Junnar(Alephata),Onion,3,2024,800,2010,Rabi
Maharashtra,Junnar(Narayangaon),Potato,6,2024,2000,2800,Kharif
Maharashtra,Sangamner,Onion,9,2023,200,2525,Kharif
Maharashtra,Manmad,Onion,12,2023,1453,2700,Rabi
Maharashtra,Jamkhed,Onion,8,2024,500,3000,Kharif
Maharashtra,Pune(Manjri),Onion,11,2023,2200,4400,Rabi
Maharashtra,Kolhapur,Tomato,7,2023,2000,7000,Kharif
Maharashtra,Nampur,Onion,10,2023,300,3190,Kharif
Maharashtra,Majalgaon,Wheat,6,2023,2300,3101,Kharif
Maharashtra,Manchar,Potato,2,2024,1000,1600,Rabi
Maharashtra,Pune(Khadiki),Potato,5,2024,1800,1800,Zaid
Maharashtra,Yeola,Onion,9,2023,341,2335,Kharif
Maharashtra,Amalner,Wheat,2,2024,2901,3071,Rabi
Maharashtra,Rahuri,Potato,5,2025,500,2000,Zaid
Maharashtra,Hinganghat,Wheat,8,2023,2150,2585,Kharif
Maharashtra,Beed,Wheat,10,2023,2450,3350,Kharif
Maharashtra,Bhusaval,Potato,8,2023,1500,1700,Kharif
Maharashtra,Pimpalgaon Baswant(Saykheda),Onion,4,2025,925,1364,Zaid
Maharashtra,Ramtek,Potato,1,2025,2000,2400,Rabi
Maharashtra,Sindi(Selu),Wheat,10,2023,2200,2450,Kharif
Maharashtra,Pune(Khadiki),Potato,9,2023,1400,1900,Kharif
Maharashtra,Nagpur,Wheat,11,2023,2570,2744,Rabi
Maharashtra,"Sangli(Phale, Bhajipura Market)",Onion,12,2023,1500,4200,Rabi
Maharashtra,Chalisgaon,Wheat,7,2023,1950,2171,Kharif
Maharashtra,Shevgaon,Onion,10,2024,700,2000,Kharif
Maharashtra,Baramati,Onion,1,2024,600,2400,Rabi
Maharashtra,Newasa(Ghodegaon),Onion,8,2024,1000,3600,Kharif
Maharashtra,Raver,Wheat,6,2023,2100,2240,Kharif
Maharashtra,Akola,Wheat,10,2023,2300,2655,Kharif
Maharashtra,Devala,Onion,1,2024,200,1965,Rabi
Maharashtra,Khed(Chakan),Onion,8,2023,800,1600,Kharif
Maharashtra,Vadgaonpeth,Onion,3,2025,2500,3400,Rabi
Maharashtra,Nasik,Potato,8,2023,1150,1500,Kharif
Maharashtra,Amalner,Wheat,12,2023,2401,2700,Rabi
Maharashtra,Wardha,Wheat,8,2023,2310,2450,Kharif
Maharashtra,Vashi New Mumbai,Potato,5,2024,1700,2300,Zaid
Maharashtra,Junnar,Onion,3,2024,800,1860,Rabi
Maharashtra,Ulhasnagar,Wheat,6,2023,3200,3600,Kharif
Maharashtra,Shirpur,Onion,1,2024,300,2400,Rabi
Maharashtra,Ahmednagar,Potato,3,2024,600,2000,Rabi
Maharashtra,Kalyan,Onion,9,2024,3800,4000,Kharif
Maharashtra,Lasalgaon,Onion,11,2024,2001,4800,Rabi
Maharashtra,Shevgaon(Bodhegaon),Wheat,6,2023,2150,2300,Kharif
Maharashtra,Vita,Onion,5,2025,500,1300,Zaid
Maharashtra,Jalgaon,Potato,9,2023,1000,1400,Kharif
Maharashtra,Nasik,Potato,2,2024,1050,1650,Rabi
Maharashtra,Khed(Chakan),Potato,12,2023,1200,1600,Rabi
Maharashtra,Pune(Khadiki),Potato,12,2024,1700,2000,Rabi
Maharashtra,Vashi New Mumbai,Potato,1,2025,1200,2000,Rabi
Maharashtra,Kalvan,Onion,6,2023,200,1400,Kharif
Maharashtra,Nasik,Potato,1,2024,850,1500,Rabi
Maharashtra,Nasik,Tomato,7,2023,1000,9000,Kharif
Maharashtra,Shevgaon,Wheat,11,2023,2550,3000,Rabi
Maharashtra,Telhara,Wheat,9,2023,2275,2400,Kharif
Maharashtra,Nasik,Potato,8,2024,2300,3050,Kharif
Maharashtra,Pune(Pimpri),Onion,11,2024,1000,6000,Rabi
Maharashtra,Bhusaval,Onion,4,2024,1000,1500,Zaid
Maharashtra,Sakri,Onion,11,2023,2500,3785,Rabi
Maharashtra,Pimpalgaon,Onion,3,2025,450,1741,Rabi
Maharashtra,Junnar(Narayangaon),Potato,7,2023,1500,1800,Kharif
Maharashtra,Rahata,Wheat,12,2023,2670,2881,Rabi
Maharashtra,Nasik,Onion,2,2025,1400,3850,Rabi
Maharashtra,Pune(Khadiki),Potato,12,2024,2000,2400,Rabi
Maharashtra,Lasalgaon(Vinchur),Onion,11,2023,3000,4501,Rabi
Maharashtra,Satara,Potato,4,2024,2000,2700,Zaid
Maharashtra,Pune(Moshi),Onion,4,2025,400,1400,Zaid
Maharashtra,Sangli,Wheat,8,2023,2900,3800,Kharif
Maharashtra,Umared,Wheat,9,2023,2000,3000,Kharif
Maharashtra,Sangamner,Onion,6,2023,200,1475,Kharif
Maharashtra,Rahata,Onion,2,2025,350,2800,Rabi
Maharashtra,Shrirampur,Potato,5,2024,2100,2700,Zaid
Maharashtra,Lasalgaon(Niphad),Onion,10,2024,2200,4700,Kharif
Maharashtra,Akluj,Potato,2,2024,1400,1800,Rabi
Maharashtra,Vashi New Mumbai,Potato,6,2023,1100,1700,Kharif
Maharashtra,"Sangli(Phale, Bhajipura Market)",Potato,9,2024,1500,3100,Kharif
Maharashtra,Lasalgaon,Onion,3,2025,800,1800,Rabi
Maharashtra,Rahata,Wheat,7,2023,2100,2450,Kharif
Maharashtra,Akola,Potato,2,2024,800,1600,Rabi
Maharashtra,Chandvad,Onion,1,2024,400,1400,Rabi
Maharashtra,Dound,Wheat,1,2024,2200,3000,Rabi
Maharashtra,Pen,Onion,6,2023,1600,1800,Kharif
Maharashtra,Rahata,Potato,9,2024,2800,3100,Kharif
Maharashtra,Yeola,Onion,12,2023,700,2075,Rabi
Maharashtra,Yeola,Onion,11,2024,500,3976,Rabi
Maharashtra,Mankamneshwar Farmar Producer CoLtd Sanchalit Mank,Onion,6,2023,501,776,Kharif
Maharashtra,Lasalgaon(Niphad),Wheat,7,2023,2251,2313,Kharif
Maharashtra,Parner,Onion,5,2024,300,2200,Zaid
Maharashtra,Navapur,Wheat,11,2023,2300,2500,Rabi
Maharashtra,Lonand,Onion,11,2024,1500,5300,Rabi
Maharashtra,Nandurbar,Wheat,6,2023,2190,2620,Kharif
Maharashtra,Manmad,Onion,12,2024,400,4360,Rabi
Maharashtra,Pimpalgaon Baswant(Saykheda),Onion,8,2024,2000,4000,Kharif
Maharashtra,Chandrapur(Ganjwad),Potato,8,2023,1200,1500,Kharif
Maharashtra,Sinner,Wheat,8,2023,2455,2590,Kharif
Maharashtra,Dindori(Vani),Onion,2,2024,900,1600,Rabi
Maharashtra,Nagpur,Potato,2,2024,1000,1500,Rabi
Maharashtra,Nandgaon,Onion,10,2023,450,2355,Kharif
Maharashtra,Bhusaval,Onion,5,2024,1200,1700,Zaid
Maharashtra,Akola,Wheat,12,2023,3100,3800,Rabi
Maharashtra,Karjat(Raigad),Onion,9,2023,500,2300,Kharif
Maharashtra,Junnar(Narayangaon),Onion,1,2024,300,2000,Rabi
Maharashtra,Nagpur,Onion,6,2025,1000,1800,Kharif
Maharashtra,Sangamner,Tomato,7,2023,1500,7500,Kharif
Maharashtra,Akluj,Onion,8,2024,1500,5500,Kharif
Maharashtra,Yawal,Onion,5,2024,1370,1840,Zaid
Maharashtra,Lasalgaon(Niphad),Onion,11,2024,3000,4901,Rabi
Maharashtra,Rahata,Potato,2,2024,1100,1450,Rabi
Maharashtra,Baramati,Wheat,6,2023,2100,2500,Kharif
Maharashtra,Malharshree Farmers Producer Co Ltd,Onion,7,2023,310,1395,Kharif
Maharashtra,Solapur,Onion,9,2024,500,5500,Kharif
Maharashtra,Solapur,Onion,10,2024,200,5600,Kharif
Maharashtra,Karad,Onion,8,2024,2000,4200,Kharif
Maharashtra,Vai,Onion,8,2024,2500,4500,Kharif
Maharashtra,Rahata,Wheat,1,2024,2461,2850,Rabi
Maharashtra,Shevgaon,Onion,4,2024,700,900,Zaid
Maharashtra,Lasalgaon(Niphad),Onion,7,2023,400,1325,Kharif
Maharashtra,Vadgaonpeth,Onion,3,2024,1000,2500,Rabi
Maharashtra,Shirpur,Onion,11,2023,1500,3700,Rabi
Maharashtra,Barshi(Vairag),Wheat,10,2023,2201,3150,Kharif
Maharashtra,Lasalgaon,Onion,5,2024,700,2301,Zaid
Maharashtra,Rahata,Wheat,12,2023,2400,2851,Rabi
Maharashtra,Umrane,Onion,6,2025,700,1661,Kharif
Maharashtra,"Sangli(Phale, Bhajipura Market)",Onion,7,2023,400,1700,Kharif
Maharashtra,Junnar(Alephata),Onion,7,2024,1100,3210,Kharif
Maharashtra,Shrirampur,Potato,3,2024,1400,1600,Rabi
Maharashtra,Pune(Khadiki),Potato,3,2025,700,1300,Rabi
Maharashtra,Khed(Chakan),Tomato,7,2023,5000,7500,Kharif
Maharashtra,Bhusaval,Potato,9,2024,2000,2700,Kharif
Maharashtra,Kalvan,Onion,2,2025,1375,2785,Rabi
Maharashtra,Dindori(Vani),Onion,12,2023,1250,2050,Rabi
Maharashtra,Pune(Moshi),Potato,3,2024,800,1200,Rabi
Maharashtra,Amrawati(Frui & Veg. Market),Potato,3,2024,800,1700,Rabi
Maharashtra,Junnar(Alephata),Onion,7,2023,800,1850,Kharif
Maharashtra,Karad,Onion,3,2024,500,1800,Rabi
Maharashtra,Shrigonda,Onion,3,2025,700,2500,Rabi
Maharashtra,Shrirampur,Potato,4,2024,1800,2200,Zaid
Maharashtra,Lasalgaon,Onion,1,2024,600,1375,Rabi
Maharashtra,Junnar,Onion,3,2025,800,2000,Rabi
Maharashtra,Mankamneshwar Farmar Producer CoLtd Sanchalit Mank,Onion,6,2023,352,1100,Kharif
Maharashtra,"Sangli(Phale, Bhajipura Market)",Onion,4,2024,300,1650,Zaid
Maharashtra,Katol,Wheat,2,2024,2500,2711,Rabi
Maharashtra,Vashi New Mumbai,Onion,5,2024,1300,1900,Zaid
Maharashtra,Parner,Onion,9,2024,1500,5350,Kharif
Maharashtra,Pune(Moshi),Onion,8,2023,1000,2500,Kharif
Maharashtra,Amrawati(Frui & Veg. Market),Onion,5,2025,400,1300,Zaid
Maharashtra,Malegaon,Wheat,11,2023,2791,3153,Rabi
Maharashtra,Chandvad,Onion,3,2024,600,1523,Rabi
Maharashtra,Jalgaon,Onion,2,2025,650,2605,Rabi
Maharashtra,Karad,Tomato,6,2023,1500,2000,Kharif
Maharashtra,Khed(Chakan),Potato,12,2024,2000,3500,Rabi
Maharashtra,Pimpalgaon,Onion,4,2025,550,1300,Zaid
Maharashtra,Kalvan,Onion,10,2024,2100,4700,Kharif
Maharashtra,Rahuri,Onion,3,2024,100,1900,Rabi
Maharashtra,Solapur,Onion,10,2023,500,6000,Kharif
Maharashtra,Shirpur,Onion,9,2024,1499,2609,Kharif
Maharashtra,Islampur,Potato,3,2024,1800,2500,Rabi
Maharashtra,Nandgaon,Onion,9,2024,1240,4503,Kharif
Maharashtra,Akola,Potato,12,2024,1200,2000,Rabi
Maharashtra,Umrane,Onion,1,2024,751,2067,Rabi
Maharashtra,Akola,Potato,11,2024,2000,2700,Rabi
Maharashtra,Manmad,Wheat,11,2023,2581,3200,Rabi
Maharashtra,Ramtek,Tomato,7,2023,10000,12000,Kharif
Maharashtra,Rahata,Onion,12,2023,400,2500,Rabi
Maharashtra,Jalgaon,Potato,11,2024,1700,2100,Rabi
Maharashtra,Akola,Potato,9,2024,2000,2800,Kharif
Maharashtra,Ashti(Karanja),Wheat,6,2023,2100,2300,Kharif
Maharashtra,Pune(Manjri),Potato,5,2025,1500,2200,Zaid
Maharashtra,Pimpalgaon,Onion,8,2024,1300,4126,Kharif
Maharashtra,Nandgaon,Onion,10,2023,374,5100,Kharif
Maharashtra,Tumsar,Wheat,12,2023,2200,2200,Rabi
Maharashtra,Jalgaon,Onion,10,2024,750,3375,Kharif
Maharashtra,Palghar,Wheat,1,2024,3025,3025,Rabi
Maharashtra,Pimpalgaon,Onion,6,2024,800,2714,Kharif
Maharashtra,Junnar(Narayangaon),Onion,11,2023,1000,4000,Rabi
Maharashtra,Lasalgaon(Vinchur),Onion,5,2025,500,1491,Zaid
Maharashtra,Dhule,Wheat,7,2023,2000,2660,Kharif
Maharashtra,Chandrapur(Ganjwad),Onion,8,2023,2400,4500,Kharif
Maharashtra,Katol,Wheat,10,2023,2460,2539,Kharif
Maharashtra,Pune(Manjri),Onion,8,2023,1700,2000,Kharif
Maharashtra,Rahuri,Potato,9,2023,1400,2000,Kharif
Maharashtra,Pune(Moshi),Potato,12,2023,700,1500,Rabi
Maharashtra,Morshi,Wheat,11,2023,2300,2550,Rabi
Maharashtra,Bhusaval,Tomato,6,2023,2500,3300,Kharif
Maharashtra,Rahata,Potato,9,2023,500,1700,Kharif
Maharashtra,Devala,Onion,11,2024,1400,4400,Rabi
Maharashtra,Shrirampur,Potato,5,2025,1600,2200,Zaid
Maharashtra,Nandgaon,Wheat,7,2023,2198,2886,Kharif
Maharashtra,Chandur Bazar,Wheat,10,2023,2200,2450,Kharif
Maharashtra,Karmala,Wheat,7,2023,2300,2811,Kharif
Maharashtra,Akola,Onion,10,2024,1500,3000,Kharif
Maharashtra,Lasalgaon(Vinchur),Onion,7,2024,1000,3001,Kharif
Maharashtra,Yeola,Onion,4,2024,375,1414,Zaid
Maharashtra,Bhusaval,Potato,11,2023,1500,2000,Rabi
Maharashtra,Shivsiddha Govind Producer Company Limited Sanchal,Onion,9,2024,3800,4500,Kharif
Maharashtra,Shrirampur,Potato,8,2023,1000,1200,Kharif
Maharashtra,Pimpalgaon,Onion,11,2024,3100,4226,Rabi
Maharashtra,"Sangli(Phale, Bhajipura Market)",Potato,6,2023,1400,1900,Kharif
Maharashtra,Hingna,Potato,1,2025,2500,3000,Rabi
Maharashtra,Nandgaon,Onion,2,2024,110,1213,Rabi
Maharashtra,Khed(Chakan),Potato,12,2024,1500,2300,Rabi
Maharashtra,Pune(Moshi),Potato,11,2023,700,1000,Rabi
Maharashtra,Lasalgaon,Onion,5,2025,600,1881,Zaid
Maharashtra,Solapur,Potato,1,2024,700,1700,Rabi
Maharashtra,Khed(Chakan),Potato,3,2024,1200,2000,Rabi
Maharashtra,Dondaicha,Wheat,7,2023,2100,2511,Kharif
Maharashtra,Nagpur,Onion,10,2023,2000,2800,Kharif
Maharashtra,Malegaon,Wheat,1,2024,2500,2820,Rabi
Maharashtra,Vai,Potato,10,2024,2500,3500,Kharif
Maharashtra,Nasik,Onion,9,2024,3200,4500,Kharif
Maharashtra,Pune(Pimpri),Onion,8,2023,1100,1600,Kharif
Maharashtra,Manchar,Potato,5,2025,160,160,Zaid
Maharashtra,Dhule,Onion,7,2023,150,1340,Kharif
Maharashtra,Pune(Khadiki),Potato,7,2024,2200,2200,Kharif
Maharashtra,Pune(Khadiki),Potato,10,2024,1800,2200,Kharif
Maharashtra,Solapur,Potato,7,2023,700,2350,Kharif
Maharashtra,Lasalgaon(Niphad),Onion,7,2024,1800,2911,Kharif
Maharashtra,Kalyan,Potato,4,2024,2000,2200,Zaid
Maharashtra,Nampur,Onion,2,2025,300,2560,Rabi
Maharashtra,Chalisgaon,Wheat,6,2023,2100,3000,Kharif
Maharashtra,Laxmi Sopan Agriculture Produce Marketing Co Ltd,Onion,8,2023,500,2025,Kharif
Maharashtra,Amrawati(Frui & Veg. Market),Tomato,8,2023,2000,2500,Kharif
Maharashtra,Sakri,Onion,7,2024,1500,2700,Kharif
Maharashtra,Karjat(Raigad),Rice,4,2025,4100,5800,Zaid
Maharashtra,Solapur,Potato,7,2023,900,1450,Kharif
Maharashtra,Chandvad,Onion,7,2024,1201,3337,Kharif
Maharashtra,Vadgaonpeth,Onion,11,2024,2100,4000,Rabi
Maharashtra,Junnar(Otur),Potato,3,2025,500,1400,Rabi
Maharashtra,Yeola,Onion,11,2023,1000,3751,Rabi
Maharashtra,Kopargaon,Onion,5,2024,500,2050,Zaid
Maharashtra,Lasalgaon,Onion,4,2025,500,1301,Zaid
Maharashtra,Kolhapur,Onion,3,2024,600,1900,Rabi
Maharashtra,Jalgaon,Onion,4,2024,500,1250,Zaid
Maharashtra,Akluj,Potato,12,2024,2700,3000,Rabi
Maharashtra,Solapur,Onion,12,2023,100,3500,Rabi
Maharashtra,Nampur,Onion,11,2023,435,4205,Rabi
Maharashtra,Nandurbar,Wheat,8,2023,2370,2576,Kharif
Maharashtra,"Sangli(Phale, Bhajipura Market)",Onion,9,2023,400,2400,Kharif
Maharashtra,Kopargaon,Onion,2,2024,500,1400,Rabi
Maharashtra,Sangamner,Tomato,7,2023,2000,10000,Kharif
Maharashtra,Nagpur,Onion,11,2024,2500,5000,Rabi
Maharashtra,Lasalgaon(Niphad),Onion,1,2024,800,1349,Rabi
Maharashtra,Hingna,Potato,2,2025,1700,2000,Rabi
Maharashtra,Lasalgaon,Onion,10,2023,3400,3800,Kharif
Maharashtra,Manmad,Onion,10,2024,500,3400,Kharif
Maharashtra,Nasik,Onion,8,2023,500,2400,Kharif
Maharashtra,Shahada,Wheat,6,2023,2100,2520,Kharif
Maharashtra,Shree Rameshwar Krushi Market,Onion,7,2023,151,2121,Kharif
Maharashtra,Amalner,Wheat,1,2024,2200,2781,Rabi
Maharashtra,Pathardi,Onion,6,2025,100,2000,Kharif
Maharashtra,Rahata,Potato,12,2024,2500,2600,Rabi
Maharashtra,Pimpalgaon,Onion,8,2023,400,2799,Kharif
Maharashtra,Hinganghat,Wheat,7,2023,2240,2370,Kharif
Maharashtra,"Sangli(Phale, Bhajipura Market)",Potato,4,2025,1300,2300,Zaid
Maharashtra,Shrirampur,Potato,1,2025,1200,1500,Rabi
Maharashtra,Solapur,Potato,4,2024,700,2300,Zaid
Maharashtra,Lasalgaon,Onion,11,2024,1600,4900,Rabi
Maharashtra,Pune(Manjri),Onion,9,2023,1500,2600,Kharif
Maharashtra,Kada,Onion,8,2023,300,1500,Kharif
Maharashtra,Pune(Pimpri),Onion,7,2023,1000,1500,Kharif
Maharashtra,Raver,Wheat,7,2023,2155,2275,Kharif
Maharashtra,Pimpalgaon,Onion,10,2023,2500,5701,Kharif
Maharashtra,Solapur,Potato,3,2025,1200,1800,Rabi
Maharashtra,Devala,Onion,12,2023,500,4100,Rabi
Maharashtra,Nasik,Potato,4,2025,1550,2150,Zaid
Maharashtra,Solapur,Wheat,8,2023,2285,3580,Kharif
Maharashtra,Tasgaon,Wheat,11,2023,2460,2840,Rabi
Maharashtra,Jamkhed,Onion,2,2024,300,2700,Rabi
Maharashtra,Yeola,Onion,11,2023,1500,4201,Rabi
Maharashtra,Vita,Potato,2,2025,1000,2000,Rabi
Maharashtra,Devala,Onion,6,2023,100,1270,Kharif
Maharashtra,Morshi,Wheat,11,2023,2600,2750,Rabi
Maharashtra,Jalgaon,Potato,11,2023,900,1500,Rabi
Maharashtra,Pune(Manjri),Onion,3,2025,2000,2600,Rabi
Maharashtra,Kopargaon,Onion,9,2023,300,2361,Kharif
Maharashtra,Pimpalgaon,Onion,4,2025,400,1700,Zaid
Maharashtra,Shevgaon,Onion,1,2024,1000,1400,Rabi
Maharashtra,Chandrapur(Ganjwad),Onion,5,2024,1000,1800,Zaid
Maharashtra,Vita,Potato,4,2024,2600,2700,Zaid
Maharashtra,Solapur,Potato,1,2025,1400,1900,Rabi
Maharashtra,Nasik,Onion,5,2025,350,1311,Zaid
Maharashtra,Akola,Onion,5,2025,500,1400,Zaid
Maharashtra,Karjat(Raigad),Onion,12,2023,1000,3000,Rabi
Maharashtra,Vashi New Mumbai,Potato,10,2024,2100,3300,Kharif
Maharashtra,Junnar(Narayangaon),Onion,1,2024,500,2500,Rabi
Maharashtra,Jalgaon,Potato,7,2024,3000,3500,Kharif
Maharashtra,Akole,Onion,5,2024,300,2600,Zaid
Maharashtra,Dhule,Wheat,11,2023,2600,3035,Rabi
Maharashtra,Bhusaval,Potato,10,2024,2000,2500,Kharif
Maharashtra,Dhule,Onion,4,2024,200,1440,Zaid
Maharashtra,Jalgaon,Onion,11,2024,575,3500,Rabi
Maharashtra,Karjat(Raigad),Onion,1,2024,500,2300,Rabi
Maharashtra,Wardha,Wheat,6,2023,2160,2410,Kharif
Maharashtra,Newasa(Ghodegaon),Onion,12,2023,500,2500,Rabi
Maharashtra,Chandrapur(Ganjwad),Potato,1,2024,1200,1500,Rabi
Maharashtra,Bhusaval,Potato,10,2024,2200,3000,Kharif
Maharashtra,Junnar(Otur),Onion,10,2024,2000,5110,Kharif
Maharashtra,Ahmednagar,Potato,7,2023,1000,2050,Kharif
Maharashtra,Rahata,Potato,5,2025,1200,1600,Zaid
Maharashtra,Shevgaon(Bodhegaon),Wheat,6,2023,2100,2500,Kharif
Maharashtra,Sakri,Onion,9,2023,800,2100,Kharif
Maharashtra,Pune(Manjri),Onion,10,2023,1700,3200,Kharif
Maharashtra,Indapur,Onion,10,2023,1000,3600,Kharif
Maharashtra,Rahata,Onion,2,2024,200,1400,Rabi
Maharashtra,Solapur,Wheat,7,2023,2285,3510,Kharif
Maharashtra,Akluj,Potato,2,2025,1500,1900,Rabi
Maharashtra,Pimpalgaon Baswant(Saykheda),Onion,11,2024,3000,5535,Rabi
Maharashtra,Yeola,Onion,5,2024,300,2000,Zaid
Maharashtra,Karjat,Onion,3,2025,1000,3200,Rabi
Maharashtra,Kamthi,Tomato,6,2023,5000,7000,Kharif
Maharashtra,Rahata,Onion,10,2024,1000,5000,Kharif
Maharashtra,Mangal Wedha,Tomato,7,2023,1700,9000,Kharif
Maharashtra,Shrirampur,Onion,8,2024,1000,3000,Kharif
Maharashtra,Chandvad,Onion,5,2025,452,1500,Zaid
Maharashtra,Sangamner,Onion,9,2023,200,2701,Kharif
Maharashtra,Kopargaon,Onion,10,2024,1000,4661,Kharif
Maharashtra,Akola,Potato,6,2024,2200,2800,Kharif
Maharashtra,Rahuri,Tomato,7,2023,2100,10000,Kharif
Maharashtra,Chandrapur(Ganjwad),Onion,2,2025,1500,2500,Rabi
Maharashtra,Shree Rameshwar Krushi Market,Onion,3,2025,500,2403,Rabi
Maharashtra,Malegaon,Wheat,1,2024,2860,3139,Rabi
Maharashtra,Vita,Potato,8,2024,2800,3200,Kharif
Maharashtra,Dhule,Onion,6,2023,150,900,Kharif
Maharashtra,Amrawati(Frui & Veg. Market),Onion,11,2024,1500,5500,Rabi
Maharashtra,Rahuri,Potato,9,2023,1500,2000,Kharif
Maharashtra,Karad,Onion,6,2023,1000,1400,Kharif
Maharashtra,Vasai,Wheat,12,2023,2860,3860,Rabi
Maharashtra,Pune(Manjri),Potato,6,2024,2400,2600,Kharif
Maharashtra,Lasalgaon(Vinchur),Wheat,9,2023,2450,2700,Kharif
Maharashtra,Shrirampur,Wheat,2,2024,2531,2600,Rabi
Maharashtra,Lasalgaon(Vinchur),Onion,1,2024,800,1952,Rabi
Maharashtra,Satara,Potato,2,2024,1500,2000,Rabi
Maharashtra,Ramtek,Potato,12,2024,2400,2800,Rabi
Maharashtra,Sangli,Wheat,9,2023,3100,3800,Kharif
Maharashtra,Nasik,Onion,5,2025,300,1550,Zaid
Maharashtra,Bhusaval,Onion,8,2024,1800,2500,Kharif
Maharashtra,Rahata,Onion,6,2023,400,2300,Kharif
Maharashtra,Rahuri(Vambori),Onion,7,2023,100,1800,Kharif
Maharashtra,Ramtek,Potato,2,2025,1000,1400,Rabi
Maharashtra,Pune,Onion,12,2023,2000,4200,Rabi
Maharashtra,Shirpur,Wheat,8,2023,2171,2550,Kharif
Maharashtra,Amalner,Wheat,2,2024,2400,2800,Rabi
Maharashtra,Kalvan,Wheat,10,2023,2401,2401,Kharif
Maharashtra,Vasai,Wheat,9,2023,2795,3960,Kharif
Maharashtra,Nasik,Onion,8,2023,600,2651,Kharif
Maharashtra,"Sangli(Phale, Bhajipura Market)",Potato,12,2023,1000,2000,Rabi
Maharashtra,Umrane,Onion,3,2024,700,2001,Rabi
Maharashtra,Manmad,Onion,4,2025,300,1340,Zaid
Maharashtra,Om Chaitanya Multistate Agro Purpose CoOp Society,Onion,4,2024,300,1400,Zaid
Maharashtra,Vai,Onion,5,2024,1200,2300,Zaid
Maharashtra,Kamthi,Potato,2,2024,1000,2000,Rabi
Maharashtra,Lasalgaon(Vinchur),Onion,11,2024,1500,4550,Rabi
Maharashtra,Bhusaval,Onion,9,2023,1200,1800,Kharif
Maharashtra,Lasalgaon(Niphad),Onion,5,2024,700,2051,Zaid
Maharashtra,Pune(Manjri),Potato,9,2024,2000,3500,Kharif
Maharashtra,Jalgaon,Onion,4,2024,400,1375,Zaid
Maharashtra,Kurdwadi(Modnimb),Wheat,8,2023,2500,2901,Kharif
Maharashtra,Lasalgaon(Vinchur),Onion,3,2024,800,1760,Rabi
Maharashtra,Jalgaon,Onion,1,2024,500,1125,Rabi
Maharashtra,Lasalgaon,Wheat,7,2023,2426,2876,Kharif
Maharashtra,Pune(Moshi),Potato,12,2023,800,1200,Rabi
Maharashtra,Lasalgaon(Niphad),Onion,3,2025,800,1600,Rabi
Maharashtra,Devala,Onion,11,2024,1500,5500,Rabi
Maharashtra,Shrirampur(Belapur),Wheat,7,2023,2100,2100,Kharif
Maharashtra,Islampur,Onion,5,2025,800,2000,Zaid
Maharashtra,Nagpur,Onion,12,2024,2600,4600,Rabi
Maharashtra,Chandvad,Onion,8,2023,530,1836,Kharif
Maharashtra,Pune(Manjri),Onion,9,2023,1500,1700,Kharif
Maharashtra,Khed(Chakan),Potato,12,2024,1400,2400,Rabi
Maharashtra,Rahata,Potato,1,2025,1300,1800,Rabi
Maharashtra,Mankamneshwar Farmar Producer CoLtd Sanchalit Mank,Onion,5,2024,700,2121,Zaid
Maharashtra,Shivsiddha Govind Producer Company Limited Sanchal,Onion,6,2025,1000,2105,Kharif
Maharashtra,Amrawati(Frui & Veg. Market),Onion,11,2024,1500,5600,Rabi
Maharashtra,Shree Rameshwar Krushi Market,Onion,3,2025,503,1552,Rabi
Maharashtra,Lasalgaon(Vinchur),Onion,6,2025,500,1500,Kharif
Maharashtra,Lasalgaon(Niphad),Wheat,10,2023,2351,2741,Kharif
Maharashtra,Nandurbar,Onion,5,2024,1270,1460,Zaid
Maharashtra,Majalgaon,Wheat,6,2023,2200,3100,Kharif
Maharashtra,Junnar(Narayangaon),Onion,12,2023,600,3500,Rabi
Maharashtra,Baramati,Onion,6,2023,300,1250,Kharif
Maharashtra,Rahuri,Onion,3,2025,100,1600,Rabi
Maharashtra,Jamkhed,Onion,8,2024,1000,3500,Kharif
Maharashtra,Lasalgaon(Vinchur),Onion,3,2025,1190,1516,Rabi
Maharashtra,Pune(Pimpri),Onion,8,2024,2600,3700,Kharif
Maharashtra,Dhule,Onion,6,2025,300,1280,Kharif
Maharashtra,Raver,Wheat,9,2023,2380,2565,Kharif
Maharashtra,Yawal,Wheat,7,2023,2400,2910,Kharif
Maharashtra,Yeola,Onion,8,2023,300,1699,Kharif
Maharashtra,Junnar,Onion,5,2024,1000,3000,Zaid
Maharashtra,Pune(Manjri),Onion,10,2024,2200,4000,Kharif
Maharashtra,Pandharpur,Onion,10,2023,300,4000,Kharif
Maharashtra,Shirpur,Wheat,1,2024,2200,2826,Rabi
Maharashtra,Akluj,Onion,10,2023,400,2300,Kharif
Maharashtra,Manmad,Onion,2,2025,300,2605,Rabi
Maharashtra,Parbhani,Wheat,10,2023,2100,2850,Kharif
Maharashtra,Junnar,Potato,12,2023,1400,1800,Rabi
Maharashtra,Pune(Moshi),Onion,3,2025,500,1800,Rabi
Maharashtra,Manchar,Onion,7,2023,1000,1700,Kharif
Maharashtra,Rahuri,Onion,11,2023,200,3700,Rabi
Maharashtra,Vai,Tomato,7,2023,2500,6500,Kharif
Maharashtra,Manmad,Onion,5,2025,100,1100,Zaid
Maharashtra,Sinner,Onion,7,2023,100,1391,Kharif
Maharashtra,Vadgaonpeth,Onion,6,2024,1800,2400,Kharif
Maharashtra,Malegaon,Wheat,8,2023,2300,2701,Kharif
Maharashtra,Nampur,Onion,3,2025,300,2310,Rabi
Maharashtra,Hingna,Onion,8,2024,1600,3500,Kharif
Maharashtra,Laxmi Sopan Agriculture Produce Marketing Co Ltd,Onion,4,2025,500,1200,Zaid
Maharashtra,Akole,Onion,3,2024,200,1751,Rabi
Maharashtra,Solapur,Rice,5,2025,3270,6940,Zaid
Maharashtra,Chandvad,Onion,12,2023,511,1901,Rabi
Maharashtra,Bhokar,Wheat,9,2023,2081,2137,Kharif
Maharashtra,Pimpalgaon,Tomato,6,2023,250,2000,Kharif
Maharashtra,Parner,Onion,7,2024,1000,3100,Kharif
Maharashtra,Shirpur,Onion,2,2024,200,2250,Rabi
Maharashtra,Akola,Onion,3,2024,1000,1600,Rabi
Maharashtra,Pune,Onion,8,2024,2400,4000,Kharif
Maharashtra,Pune(Manjri),Onion,8,2023,1000,1300,Kharif
Maharashtra,Amrawati(Frui & Veg. Market),Potato,8,2023,800,1600,Kharif
Maharashtra,Vai,Onion,12,2024,3000,7000,Rabi
Maharashtra,Amrawati(Frui & Veg. Market),Tomato,6,2023,2000,2500,Kharif
Maharashtra,Pune,Onion,4,2025,800,1600,Zaid
Maharashtra,Shree Sairaj Krushi Market,Onion,11,2024,300,4800,Rabi
Maharashtra,Nasik,Onion,6,2023,300,1275,Kharif
Maharashtra,Chalisgaon,Wheat,1,2024,2525,2652,Rabi
Maharashtra,Ramtek,Potato,10,2023,1600,1800,Kharif
Maharashtra,Nagpur,Onion,10,2024,3000,4000,Kharif
Maharashtra,Nandgaon,Onion,12,2023,310,2390,Rabi
Maharashtra,Akola,Onion,9,2024,3000,4600,Kharif
Maharashtra,Pimpalgaon,Onion,5,2024,500,2370,Zaid
Maharashtra,Pune(Moshi),Potato,11,2023,1000,1200,Rabi
Maharashtra,Sinner,Onion,2,2024,300,1285,Rabi
Maharashtra,Chandur Bazar,Wheat,7,2023,2000,2400,Kharif
Maharashtra,Devala,Onion,12,2023,700,2320,Rabi
Maharashtra,Baramati,Onion,10,2023,700,2500,Kharif
Maharashtra,Pathardi,Onion,11,2024,500,4300,Rabi
Maharashtra,Panvel,Tomato,6,2023,2300,2500,Kharif
Maharashtra,Pune(Manjri),Onion,7,2023,800,1100,Kharif
Maharashtra,Satara,Onion,10,2024,1000,5100,Kharif
Maharashtra,Bhusaval,Onion,11,2024,3500,4000,Rabi
Maharashtra,Newasa(Ghodegaon),Onion,2,2025,1000,3200,Rabi
Maharashtra,Balapur,Wheat,7,2023,2165,2500,Kharif
Maharashtra,Jalgaon,Onion,12,2024,377,373787,Rabi
Maharashtra,Shahada,Wheat,9,2023,2489,2489,Kharif
Maharashtra,Nasik,Potato,7,2023,1100,1450,Kharif
Maharashtra,Tadkalas,Wheat,6,2023,2000,2000,Kharif
Maharashtra,Om Chaitanya Multistate Agro Purpose CoOp Society,Wheat,9,2023,2200,2400,Kharif
Maharashtra,Mankamneshwar Farmar Producer CoLtd Sanchalit Mank,Onion,4,2025,900,1361,Zaid
Maharashtra,Sangamner,Onion,9,2023,200,2325,Kharif
Maharashtra,Loha,Wheat,12,2023,2201,3650,Rabi
Maharashtra,Sinner,Wheat,6,2023,2280,2325,Kharif
Maharashtra,Khed(Chakan),Onion,8,2023,900,1900,Kharif
Maharashtra,Junnar,Onion,5,2024,700,2500,Zaid
Maharashtra,Pune(Khadiki),Potato,11,2024,2000,2400,Rabi
Maharashtra,Parner,Onion,7,2024,1000,3300,Kharif
Maharashtra,Pune(Manjri),Potato,7,2024,2000,2200,Kharif
Maharashtra,Devala,Onion,3,2025,550,1420,Rabi
Maharashtra,Chandur Bazar,Wheat,1,2024,2200,2350,Rabi
Maharashtra,Pune(Khadiki),Onion,9,2023,1200,1800,Kharif
Maharashtra,Kalyan,Onion,11,2024,4600,4700,Rabi
Maharashtra,Pune(Moshi),Onion,5,2025,500,1200,Zaid
Maharashtra,Solapur,Potato,11,2024,1500,2600,Rabi
Maharashtra,Akkalkot,Wheat,8,2023,2500,3550,Kharif
Maharashtra,Solapur,Potato,4,2025,1350,2000,Zaid
Maharashtra,Nampur,Onion,6,2025,100,1675,Kharif
Maharashtra,Junnar,Potato,1,2025,1800,2200,Rabi
Maharashtra,Lasalgaon(Vinchur),Onion,5,2025,500,1455,Zaid
Maharashtra,Akola,Wheat,12,2023,2355,3020,Rabi
Maharashtra,Bhusaval,Potato,8,2024,2200,2500,Kharif
Maharashtra,Manmad,Wheat,7,2023,2175,2502,Kharif
Maharashtra,Shrirampur,Tomato,7,2023,6000,17000,Kharif
Maharashtra,Pune(Manjri),Onion,6,2023,600,800,Kharif
Maharashtra,Lasalgaon(Niphad),Onion,11,2023,3500,3801,Rabi
Maharashtra,Amrawati(Frui & Veg. Market),Onion,9,2023,700,4000,Kharif
Maharashtra,Lasalgaon(Niphad),Onion,7,2023,500,1501,Kharif
Maharashtra,Kopargaon,Onion,12,2023,1000,2566,Rabi
Maharashtra,Pimpalgaon,Onion,7,2023,300,2552,Kharif
Maharashtra,Lasalgaon(Niphad),Onion,7,2023,451,1501,Kharif
Maharashtra,Vadgaonpeth,Potato,8,2023,1600,1900,Kharif
Maharashtra,Vashi New Mumbai,Onion,10,2023,3200,5500,Kharif
Maharashtra,Mangal Wedha,Onion,4,2024,300,1400,Zaid
Maharashtra,Sakri,Onion,12,2023,1000,4700,Rabi
Maharashtra,Solapur,Onion,10,2024,500,5200,Kharif
Maharashtra,Dindori,Onion,7,2024,2500,2801,Kharif
Maharashtra,Solapur,Wheat,1,2024,2475,4120,Rabi
Maharashtra,Vashi New Mumbai,Potato,9,2024,2400,3200,Kharif
Maharashtra,Shevgaon,Wheat,7,2023,2150,2425,Kharif
Maharashtra,Phaltan,Onion,8,2023,400,2500,Kharif
Maharashtra,Parner,Onion,10,2024,1500,5000,Kharif
Maharashtra,Bhusaval,Potato,3,2025,1600,2000,Rabi
Maharashtra,Gevrai,Wheat,7,2023,2151,2590,Kharif
Maharashtra,Pune(Khadiki),Onion,8,2023,1100,1800,Kharif
Maharashtra,Newasa(Ghodegaon),Onion,5,2024,400,2200,Zaid
Maharashtra,Pune(Manjri),Potato,6,2025,1400,2200,Kharif
Maharashtra,Om Chaitanya Multistate Agro Purpose CoOp Society,Onion,9,2024,1000,4000,Kharif
Maharashtra,Solapur,Potato,2,2024,700,1900,Rabi
Maharashtra,Rahata,Potato,7,2024,2700,3200,Kharif
Maharashtra,Solapur,Onion,10,2023,500,7000,Kharif
Maharashtra,Shree Rameshwar Krushi Market,Onion,8,2024,680,3051,Kharif
Maharashtra,Manmad,Onion,3,2024,270,1360,Rabi
Maharashtra,Jamkhed,Wheat,10,2023,2000,2400,Kharif
Maharashtra,Satara,Onion,7,2024,2000,2500,Kharif
Maharashtra,Pen,Tomato,6,2023,6000,6200,Kharif
Maharashtra,Kalyan,Potato,3,2024,1500,1700,Rabi
Maharashtra,"Sangli(Phale, Bhajipura Market)",Potato,3,2024,1400,1800,Rabi
Maharashtra,Pune(Moshi),Potato,1,2024,700,1500,Rabi
Maharashtra,Shirpur,Onion,9,2024,1725,4125,Kharif
Maharashtra,Pune(Khadiki),Potato,12,2023,1000,1300,Rabi
Maharashtra,Ausa,Wheat,6,2023,2200,3001,Kharif
Maharashtra,"Sangli(Phale, Bhajipura Market)",Potato,8,2023,1000,1800,Kharif
Maharashtra,Lasalgaon(Niphad),Onion,3,2025,1000,2460,Rabi
Maharashtra,Amrawati(Frui & Veg. Market),Onion,8,2024,2300,2700,Kharif
Maharashtra,Majalgaon,Wheat,7,2023,2225,3000,Kharif
Maharashtra,Vashi New Mumbai,Onion,10,2024,2000,4700,Kharif
Maharashtra,Nasik,Onion,2,2024,400,1451,Rabi
Maharashtra,Bhusaval,Onion,7,2023,800,1000,Kharif
Maharashtra,Pune(Moshi),Tomato,6,2023,2500,4500,Kharif
Maharashtra,Sakri,Onion,10,2023,900,2800,Kharif
Maharashtra,Manmad,Onion,10,2024,1942,4261,Kharif
Maharashtra,Amrawati(Frui & Veg. Market),Potato,5,2025,1000,1700,Zaid
Maharashtra,Jalgaon,Onion,7,2023,400,1287,Kharif
Maharashtra,Pune(Khadiki),Potato,7,2024,2000,2300,Kharif
Maharashtra,Khed(Chakan),Tomato,8,2023,8000,10000,Kharif
Maharashtra,Kille Dharur,Wheat,10,2023,2150,3000,Kharif
Maharashtra,Sinner,Onion,5,2025,500,1158,Zaid
Maharashtra,Jalgaon,Potato,7,2024,2600,3200,Kharif
Maharashtra,Pune,Potato,6,2024,2000,2700,Kharif
Maharashtra,Lasalgaon(Niphad),Onion,8,2024,1500,3900,Kharif
Maharashtra,Kopargaon,Onion,11,2023,1000,4202,Rabi
Maharashtra,Kopargaon,Onion,1,2024,500,1501,Rabi
Maharashtra,Nasik,Potato,7,2024,2300,3100,Kharif
Maharashtra,"Sangli(Phale, Bhajipura Market)",Potato,9,2023,1300,1600,Kharif
Maharashtra,Karjat(Raigad),Wheat,6,2023,2000,2600,Kharif
Maharashtra,Devala,Onion,11,2024,1600,5800,Rabi
Maharashtra,Purna,Wheat,10,2023,2100,2400,Kharif
Maharashtra,Vai,Onion,2,2024,800,2000,Rabi
Maharashtra,Mangal Wedha,Onion,7,2024,1000,3210,Kharif
Maharashtra,Vashi New Mumbai,Onion,5,2025,700,1500,Zaid
Maharashtra,Junnar(Otur),Onion,3,2024,800,1850,Rabi
Maharashtra,Morshi,Wheat,11,2023,2400,2670,Rabi
Maharashtra,Akola,Wheat,12,2023,3200,3600,Rabi
Maharashtra,Kille Dharur,Wheat,11,2023,2100,2860,Rabi
Maharashtra,Umrane,Onion,3,2025,800,1525,Rabi
Maharashtra,Satana,Onion,7,2023,200,1655,Kharif
Maharashtra,Pune(Khadiki),Onion,3,2025,1300,2200,Rabi
Maharashtra,Rahata,Potato,2,2025,1000,1500,Rabi
Maharashtra,"Sangli(Phale, Bhajipura Market)",Onion,4,2025,400,1400,Zaid
Maharashtra,Sinner,Onion,3,2024,200,1545,Rabi
Maharashtra,Dindori(Vani),Onion,1,2024,1425,2240,Rabi
Maharashtra,Rahata,Onion,10,2024,1300,4800,Kharif
Maharashtra,Mangal Wedha,Onion,8,2023,1210,2600,Kharif
Maharashtra,Kopargaon,Onion,5,2025,300,1320,Zaid
Maharashtra,Junnar(Narayangaon),Potato,4,2025,400,1810,Zaid
Maharashtra,Parner,Onion,8,2023,300,2800,Kharif
Maharashtra,Katol,Wheat,12,2023,2431,2431,Rabi
Maharashtra,Sangamner,Onion,2,2024,150,1951,Rabi
Maharashtra,Ramtek,Tomato,6,2023,8000,10000,Kharif
Maharashtra,Umrane,Onion,7,2023,1000,1851,Kharif
Maharashtra,Vashi New Mumbai,Potato,5,2025,1200,1800,Zaid
Maharashtra,Lonand,Onion,5,2025,400,1225,Zaid
Maharashtra,Shahada,Wheat,9,2023,2651,2901,Kharif
Maharashtra,Amalner,Wheat,10,2023,2400,2651,Kharif
Maharashtra,Lasalgaon(Vinchur),Wheat,1,2024,2525,2955,Rabi
Maharashtra,Junnar(Otur),Potato,3,2024,500,1800,Rabi
Maharashtra,Majalgaon,Wheat,8,2023,2470,2470,Kharif
Maharashtra,Pimpalgaon,Onion,5,2024,400,2370,Zaid
Maharashtra,Khed(Chakan),Potato,2,2024,1300,2000,Rabi
Maharashtra,Chandrapur(Ganjwad),Tomato,7,2023,4000,9200,Kharif
Maharashtra,Newasa(Ghodegaon),Onion,7,2023,300,2400,Kharif
Maharashtra,Pimpalgaon,Onion,3,2024,300,1425,Rabi
Maharashtra,Shrigonda(Gogargaon),Wheat,12,2023,2400,2400,Rabi
Maharashtra,Shivsiddha Govind Producer Company Limited Sanchal,Onion,5,2025,675,1300,Zaid
Maharashtra,Kopargaon,Onion,2,2024,500,1399,Rabi
Maharashtra,Yeola,Onion,2,2025,700,2871,Rabi
Maharashtra,Nandgaon,Wheat,12,2023,2600,3451,Rabi
Maharashtra,Karjat,Onion,3,2025,700,1600,Rabi
Maharashtra,Barshi,Wheat,10,2023,2400,3100,Kharif
Maharashtra,Yeola,Onion,6,2023,200,1066,Kharif
Maharashtra,Phaltan,Onion,4,2024,400,1700,Zaid
Maharashtra,Karad,Onion,9,2023,1000,2200,Kharif
Maharashtra,Rahuri,Onion,10,2024,500,4500,Kharif
Maharashtra,Gevrai,Wheat,8,2023,2450,2941,Kharif
Maharashtra,Gevrai,Wheat,6,2023,2200,2649,Kharif
Maharashtra,Dindori,Onion,7,2024,2461,2790,Kharif
Maharashtra,Shirpur,Onion,2,2025,500,2700,Rabi
Maharashtra,Pen,Onion,10,2023,3400,3600,Kharif
Maharashtra,Nagpur,Onion,11,2024,2800,4800,Rabi
Maharashtra,Manchar,Onion,12,2023,1000,4210,Rabi
Maharashtra,Manmad,Onion,11,2024,2251,4492,Rabi
Maharashtra,Pathardi,Onion,12,2023,500,2500,Rabi
Maharashtra,"Sangli(Phale, Bhajipura Market)",Potato,2,2025,1200,2200,Rabi
Maharashtra,Pune(Manjri),Onion,5,2024,1300,1700,Zaid
Maharashtra,Gevrai,Wheat,12,2023,2300,3100,Rabi
Maharashtra,Vai,Onion,4,2024,700,1300,Zaid
Maharashtra,Umrane,Onion,1,2024,551,1844,Rabi
Maharashtra,Pune(Manjri),Onion,7,2024,1300,3100,Kharif
Maharashtra,Akola,Onion,7,2024,1800,3000,Kharif
Maharashtra,Kada,Onion,7,2023,300,1300,Kharif
Maharashtra,Kalmeshwar,Tomato,6,2023,2515,3000,Kharif
Maharashtra,Vasai,Wheat,6,2023,3050,3860,Kharif
Maharashtra,Karjat(Raigad),Wheat,11,2023,2200,2800,Rabi
Maharashtra,Shree Sairaj Krushi Market,Onion,11,2024,200,5110,Rabi
Maharashtra,Lasalgaon(Vinchur),Onion,12,2023,1000,2202,Rabi
Maharashtra,Sakri,Onion,12,2023,1055,3805,Rabi
Maharashtra,Ahmednagar,Onion,12,2024,700,5000,Rabi
Maharashtra,Sindi(Selu),Wheat,6,2023,2100,2350,Kharif
Maharashtra,Manchar,Onion,3,2024,1000,2000,Rabi
Maharashtra,Khed(Chakan),Potato,2,2025,1300,2000,Rabi
Maharashtra,Vai,Onion,10,2023,1000,2500,Kharif
Maharashtra,Akluj,Potato,3,2025,1500,2000,Rabi
Maharashtra,Lasalgaon(Niphad),Onion,8,2023,500,2000,Kharif
Maharashtra,Rahata,Onion,11,2024,1200,6100,Rabi
Maharashtra,Hingna,Onion,4,2025,1600,1600,Zaid
Maharashtra,Manmad,Onion,11,2023,1000,3700,Rabi
Maharashtra,Vadgaonpeth,Onion,2,2024,1000,1500,Rabi
Maharashtra,Bhusaval,Tomato,10,2023,900,1200,Kharif
Maharashtra,Akola,Onion,9,2024,2500,4500,Kharif
Maharashtra,Pimpalgaon,Tomato,7,2023,505,9500,Kharif
Maharashtra,Akola,Potato,8,2023,1200,1500,Kharif
Maharashtra,Satana,Wheat,6,2023,2000,2656,Kharif
Maharashtra,Kamthi,Onion,4,2025,1500,2500,Zaid
Maharashtra,Mankamneshwar Farmar Producer CoLtd Sanchalit Mank,Onion,6,2023,258,900,Kharif
Maharashtra,Jalgaon,Onion,2,2025,627,2500,Rabi
Maharashtra,Pimpalgaon Baswant(Saykheda),Onion,5,2024,700,2010,Zaid
Maharashtra,Ramtek,Onion,1,2024,1800,2000,Rabi
Maharashtra,Kolhapur,Onion,11,2024,1000,6500,Rabi
Maharashtra,Bhusaval,Potato,5,2025,1500,2000,Zaid
Maharashtra,Gevrai,Wheat,10,2023,2500,3200,Kharif
Maharashtra,Pune,Potato,5,2024,2000,2900,Zaid
Maharashtra,Devala,Onion,3,2025,650,1580,Rabi
Maharashtra,Pune(Khadiki),Tomato,7,2023,3000,5000,Kharif
Maharashtra,Vashi New Mumbai,Onion,3,2025,1000,1900,Rabi
Maharashtra,Ulhasnagar,Wheat,9,2023,3400,3800,Kharif
Maharashtra,Junnar(Narayangaon),Potato,4,2024,1100,2600,Zaid
Maharashtra,Rahuri,Tomato,7,2023,2500,9000,Kharif
Maharashtra,Mangal Wedha,Tomato,8,2023,1000,11400,Kharif
Maharashtra,Pimpalgaon,Onion,6,2023,200,1980,Kharif
Maharashtra,Satana,Onion,1,2024,100,1260,Rabi
Maharashtra,Pune(Pimpri),Onion,5,2025,1300,1600,Zaid
Maharashtra,Katol,Wheat,6,2023,2200,2200,Kharif
Maharashtra,Ahmednagar,Onion,8,2024,600,2800,Kharif
Maharashtra,Akole,Onion,2,2025,600,3600,Rabi
Maharashtra,Satana,Wheat,2,2024,1800,2791,Rabi
Maharashtra,Pune(Khadiki),Potato,5,2025,1000,1400,Zaid
Maharashtra,Laxmi Sopan Agriculture Produce Marketing Co Ltd,Onion,5,2025,500,1150,Zaid
Maharashtra,Rahata,Wheat,1,2024,2351,2851,Rabi
Maharashtra,Shevgaon,Wheat,12,2023,2500,3000,Rabi
Maharashtra,Hingna,Onion,11,2024,4000,4000,Rabi
Maharashtra,Akola,Potato,6,2023,800,1300,Kharif
Maharashtra,Chandvad,Onion,5,2025,500,1435,Zaid
Maharashtra,Shirpur,Wheat,6,2023,2100,2319,Kharif
Maharashtra,Amrawati(Frui & Veg. Market),Tomato,9,2023,1000,1200,Kharif
Maharashtra,Solapur,Potato,6,2025,1300,1700,Kharif
Maharashtra,Kamthi,Potato,5,2025,1200,1600,Zaid
Maharashtra,Pune(Pimpri),Onion,9,2023,1200,2200,Kharif
Maharashtra,Pune,Wheat,8,2023,4000,5200,Kharif
Maharashtra,Pune(Manjri),Onion,3,2024,1100,1600,Rabi
Maharashtra,Khed(Chakan),Potato,1,2024,1000,1500,Rabi
Maharashtra,Baramati,Onion,11,2024,2000,5900,Rabi
Maharashtra,Satara,Onion,11,2023,2000,5000,Rabi
Maharashtra,Ramtek,Potato,10,2024,3800,4000,Kharif
Maharashtra,Manmad,Onion,5,2024,300,1839,Zaid
Maharashtra,Baramati,Wheat,11,2023,2300,3212,Rabi
Maharashtra,Sakri,Onion,10,2023,1700,3575,Kharif
Maharashtra,Amrawati(Frui & Veg. Market),Potato,5,2025,1300,2100,Zaid
Maharashtra,Ulhasnagar,Wheat,6,2023,3000,3500,Kharif
Maharashtra,Vashi New Mumbai,Onion,5,2025,800,1700,Zaid
Maharashtra,Jalgaon,Onion,11,2023,1500,3872,Rabi
Maharashtra,Pune(Khadiki),Onion,3,2025,1000,2200,Rabi
Maharashtra,Ahmednagar,Potato,1,2025,500,2200,Rabi
Maharashtra,Pune(Khadiki),Potato,2,2024,900,1200,Rabi
Maharashtra,Vita,Onion,3,2024,1000,1700,Rabi
Maharashtra,Amrawati(Frui & Veg. Market),Potato,2,2024,400,1500,Rabi
Maharashtra,Pune,Tomato,6,2023,600,2500,Kharif
Maharashtra,Kurdwadi(Modnimb),Onion,3,2025,300,1601,Rabi
Maharashtra,Junnar(Narayangaon),Potato,2,2024,400,1800,Rabi
Maharashtra,Manchar,Potato,2,2025,1500,1900,Rabi
Maharashtra,Baramati,Onion,10,2024,2000,4720,Kharif
Maharashtra,Lasalgaon(Vinchur),Onion,8,2023,1000,2405,Kharif
Maharashtra,Umrane,Onion,1,2024,701,1750,Rabi
Maharashtra,Chalisgaon,Wheat,9,2023,2201,2751,Kharif
Maharashtra,Pune(Pimpri),Onion,8,2023,1000,2300,Kharif
Maharashtra,Pimpalgaon,Tomato,8,2023,500,12505,Kharif
Maharashtra,Pimpalgaon Baswant(Saykheda),Onion,11,2024,4800,5651,Rabi
Maharashtra,Karad,Tomato,7,2023,7000,9000,Kharif
Maharashtra,Bhusaval,Tomato,6,2023,5000,6500,Kharif
Maharashtra,Nagpur,Wheat,9,2023,2502,2596,Kharif
Maharashtra,Solapur,Potato,7,2023,500,2300,Kharif
Maharashtra,Vadgaonpeth,Onion,5,2024,1600,1900,Zaid
Maharashtra,Solapur,Potato,5,2025,1400,1800,Zaid
Maharashtra,Nampur,Onion,1,2024,100,2105,Rabi
Maharashtra,Karjat(Raigad),Onion,8,2023,200,1600,Kharif
Maharashtra,Katol,Wheat,9,2023,2480,2480,Kharif
Maharashtra,Ulhasnagar,Wheat,1,2024,3200,3600,Rabi
Maharashtra,Kille Dharur,Wheat,10,2023,2360,3181,Kharif
Maharashtra,Junnar(Narayangaon),Potato,5,2024,1600,1600,Zaid
Maharashtra,Rahuri(Vambori),Onion,3,2025,200,1600,Rabi
Maharashtra,"Sangli(Phale, Bhajipura Market)",Onion,11,2023,800,4700,Rabi
Maharashtra,Akola,Potato,10,2024,2000,2800,Kharif
Maharashtra,Shivsiddha Govind Producer Company Limited Sanchal,Onion,10,2023,2100,3885,Kharif
Maharashtra,Pune(Manjri),Onion,9,2024,3000,4200,Kharif
Maharashtra,Kopargaon,Onion,10,2024,1000,4600,Kharif
Maharashtra,Phaltan,Wheat,7,2023,2100,3011,Kharif
Maharashtra,"Sangli(Phale, Bhajipura Market)",Onion,4,2024,300,1600,Zaid
Maharashtra,Solapur,Onion,9,2024,500,5700,Kharif
Maharashtra,Mangal Wedha,Onion,9,2023,1000,2200,Kharif
Maharashtra,Pune(Manjri),Onion,9,2024,2000,4600,Kharif
Maharashtra,Barshi,Wheat,6,2023,2150,3000,Kharif
Maharashtra,Manchar,Potato,1,2024,625,1500,Rabi
Maharashtra,Vadgaonpeth,Onion,7,2024,2400,3200,Kharif
Maharashtra,Pune,Potato,5,2025,1300,2300,Zaid
Maharashtra,Pune,Onion,6,2024,800,2600,Kharif
Maharashtra,Amalner,Wheat,11,2023,2400,2600,Rabi
Maharashtra,Pune(Manjri),Potato,2,2024,1600,2200,Rabi
Maharashtra,Phaltan,Onion,1,2024,400,1700,Rabi
Maharashtra,Yeola,Onion,12,2023,1200,3851,Rabi
Maharashtra,Pandharpur,Onion,10,2023,300,2500,Kharif
Maharashtra,Vashi New Mumbai,Onion,6,2023,600,1400,Kharif
Maharashtra,Kolhapur,Tomato,6,2023,1000,2500,Kharif
Maharashtra,Manchar,Potato,7,2024,1000,2500,Kharif
Maharashtra,Sakri,Onion,10,2024,2200,4280,Kharif
Maharashtra,Jalgaon,Potato,6,2024,2200,2900,Kharif
Maharashtra,Newasa(Ghodegaon),Onion,8,2024,1000,3400,Kharif
Maharashtra,Pathari,Wheat,1,2024,2400,2781,Rabi
Maharashtra,Ahmednagar,Onion,4,2024,150,1700,Zaid
Maharashtra,Rahuri,Onion,1,2024,100,2100,Rabi
Maharashtra,Yeola,Onion,7,2024,900,2706,Kharif
Maharashtra,Nasik,Potato,10,2023,1100,1500,Kharif
Maharashtra,Khed(Chakan),Onion,3,2024,1000,1600,Rabi
Maharashtra,Manmad,Onion,7,2023,200,1502,Kharif
Maharashtra,Satana,Onion,1,2024,500,2605,Rabi
Maharashtra,Pimpalgaon,Onion,11,2024,1300,4552,Rabi
Maharashtra,Yeola,Onion,5,2025,181,1313,Zaid
Maharashtra,Shrirampur,Potato,8,2023,900,1200,Kharif
Maharashtra,Pune(Manjri),Potato,6,2023,1300,1700,Kharif
Maharashtra,Nandgaon,Onion,6,2025,150,1800,Kharif
Maharashtra,Rahata,Wheat,9,2023,2499,2600,Kharif
Maharashtra,Rahata,Potato,9,2023,1600,1800,Kharif
Maharashtra,Pandharpur,Onion,3,2025,350,1950,Rabi
Maharashtra,Pune,Onion,1,2024,400,1400,Rabi
Maharashtra,Patan,Tomato,7,2023,3500,5500,Kharif
Maharashtra,Akluj,Potato,6,2025,1800,2000,Kharif
Maharashtra,Dhule,Onion,2,2025,500,3310,Rabi
Maharashtra,Wardha,Wheat,12,2023,2365,2365,Rabi
Maharashtra,Pune(Moshi),Potato,11,2024,1600,2400,Rabi
Maharashtra,Devala,Onion,7,2024,900,2870,Kharif
Maharashtra,Kalyan,Potato,5,2024,2000,2300,Zaid
Maharashtra,Hingna,Potato,11,2024,2600,2600,Rabi
Maharashtra,Beed,Wheat,6,2023,2000,3200,Kharif
Maharashtra,Satana,Wheat,8,2023,1700,2856,Kharif
Maharashtra,Pimpalgaon,Onion,1,2024,500,2151,Rabi
Maharashtra,Chandrapur(Ganjwad),Potato,10,2023,1450,1550,Kharif
Maharashtra,Lasalgaon,Onion,6,2023,400,1301,Kharif
Maharashtra,Rahata,Wheat,11,2023,2666,3060,Rabi
Maharashtra,Solapur,Onion,3,2025,200,2100,Rabi
Maharashtra,Vashi New Mumbai,Potato,3,2025,1000,1800,Rabi
Maharashtra,Akola,Wheat,7,2023,2175,2475,Kharif
Maharashtra,Karad,Onion,6,2025,1000,1300,Kharif
Maharashtra,Savner,Wheat,1,2024,2500,2700,Rabi
Maharashtra,Solapur,Rice,5,2025,3330,7010,Zaid
Maharashtra,Manmad,Onion,10,2023,400,2401,Kharif
Maharashtra,Devala,Onion,2,2024,500,1875,Rabi
Maharashtra,Junnar(Alephata),Onion,9,2024,2800,5010,Kharif
Maharashtra,Baramati,Onion,10,2024,2000,4651,Kharif
Maharashtra,Jamkhed,Wheat,6,2023,2000,2600,Kharif
Maharashtra,Mankamneshwar Farmar Producer CoLtd Sanchalit Mank,Onion,5,2025,502,1156,Zaid
Maharashtra,Sinner,Onion,4,2025,500,1254,Zaid
Maharashtra,Hingna,Potato,11,2024,2700,3000,Rabi
Maharashtra,Akola,Onion,7,2024,1600,3000,Kharif
Maharashtra,Kalvan,Onion,7,2024,1000,3005,Kharif
Maharashtra,Ramtek,Onion,5,2025,1200,1500,Zaid
Maharashtra,Pune(Manjri),Onion,11,2024,2200,3300,Rabi
Maharashtra,Umrane,Onion,3,2024,651,1650,Rabi
Maharashtra,Chandrapur(Ganjwad),Onion,2,2024,1000,1750,Rabi
Maharashtra,Jalgaon,Potato,11,2023,800,1300,Rabi
Maharashtra,Savner,Wheat,8,2023,2295,2350,Kharif
Maharashtra,Umrane,Onion,1,2024,501,1417,Rabi
Maharashtra,Om Chaitanya Multistate Agro Purpose CoOp Society,Onion,10,2023,1000,5000,Kharif
Maharashtra,Vai,Onion,8,2024,1000,3000,Kharif
Maharashtra,Manmad,Onion,2,2024,300,1320,Rabi
Maharashtra,Rahuri,Onion,2,2024,100,1700,Rabi
Maharashtra,Pune(Pimpri),Onion,2,2025,2800,2800,Rabi
Maharashtra,Lasalgaon(Vinchur),Onion,11,2024,3500,4811,Rabi
Maharashtra,Umared,Wheat,7,2023,2000,3000,Kharif
Maharashtra,Junnar(Alephata),Onion,5,2024,950,2010,Zaid
Maharashtra,Vai,Potato,11,2023,1500,2200,Rabi
Maharashtra,Lasalgaon(Vinchur),Onion,7,2024,1000,2860,Kharif
Maharashtra,Akluj,Potato,2,2025,1500,2000,Rabi
Maharashtra,Pune,Tomato,8,2023,4000,12000,Kharif
Maharashtra,Amrawati(Frui & Veg. Market),Potato,12,2024,800,2000,Rabi
Maharashtra,Bhandara,Rice,5,2025,4000,4300,Zaid
Maharashtra,"Sangli(Phale, Bhajipura Market)",Onion,1,2024,400,2700,Rabi
Maharashtra,Vashi New Mumbai,Potato,12,2024,1400,2100,Rabi
Maharashtra,Akola,Wheat,7,2023,2275,2310,Kharif
Maharashtra,Pune(Moshi),Onion,4,2024,300,1400,Zaid
Maharashtra,Newasa,Wheat,10,2023,2350,2350,Kharif
Maharashtra,Devala,Onion,1,2024,400,2065,Rabi
Maharashtra,Vai,Onion,6,2023,300,1000,Kharif
Maharashtra,Vai,Onion,7,2023,500,1400,Kharif
Maharashtra,Ulhasnagar,Wheat,8,2023,3000,3500,Kharif
Maharashtra,Pathardi,Onion,9,2024,1000,4500,Kharif
Maharashtra,Purna,Wheat,12,2023,2551,2850,Rabi
Maharashtra,Manmad,Onion,12,2023,1800,3799,Rabi
Maharashtra,Bhusaval,Potato,6,2025,1500,2000,Kharif
Maharashtra,Dindori,Onion,6,2025,1000,2626,Kharif
Maharashtra,Mangal Wedha,Wheat,8,2023,2520,3300,Kharif
Maharashtra,Manmad,Onion,12,2023,1500,3860,Rabi
Maharashtra,Ausa,Onion,9,2024,4000,4000,Kharif
Maharashtra,Manmad,Onion,7,2023,200,1470,Kharif
Maharashtra,Shevgaon(Bodhegaon),Wheat,7,2023,2200,2300,Kharif
Maharashtra,Pune(Manjri),Potato,7,2024,2200,2400,Kharif
Maharashtra,Devala,Onion,1,2024,500,1930,Rabi
Maharashtra,Pune,Onion,3,2025,1300,2600,Rabi
Maharashtra,Kopargaon,Onion,10,2024,2000,5075,Kharif
Maharashtra,Rahata,Wheat,12,2023,2621,2865,Rabi
Maharashtra,Kamthi,Tomato,6,2023,3000,4000,Kharif
Maharashtra,Nagpur,Onion,12,2023,3000,4000,Rabi
Maharashtra,Satana,Wheat,7,2023,2200,2200,Kharif
Maharashtra,Akola,Onion,3,2025,1000,1900,Rabi
Maharashtra,Parshiwani,Tomato,7,2023,6500,8500,Kharif
Maharashtra,Akola,Onion,6,2023,500,1200,Kharif
Maharashtra,Pune(Manjri),Potato,9,2023,1600,1800,Kharif
Maharashtra,Akola,Wheat,7,2023,2090,2425,Kharif
Maharashtra,"Sangli(Phale, Bhajipura Market)",Potato,8,2023,1000,1700,Kharif
Maharashtra,Devala,Onion,3,2024,400,1350,Rabi
Maharashtra,Mankamneshwar Farmar Producer CoLtd Sanchalit Mank,Onion,10,2024,2001,4202,Kharif
Maharashtra,Manwat,Wheat,7,2023,2140,2701,Kharif
Maharashtra,Pune(Manjri),Tomato,7,2023,4500,10900,Kharif
Maharashtra,Khed(Chakan),Onion,11,2023,1800,4200,Rabi
Maharashtra,Nagpur,Potato,1,2024,1000,1600,Rabi
Maharashtra,Rahuri,Potato,2,2024,600,1600,Rabi
Maharashtra,Solapur,Onion,8,2023,100,2200,Kharif
Maharashtra,Pune(Moshi),Potato,8,2024,2000,2500,Kharif
Maharashtra,Nasik,Onion,7,2023,400,1351,Kharif
Maharashtra,Akola,Wheat,1,2024,2200,2915,Rabi
Maharashtra,Jalgaon,Tomato,7,2023,5000,7500,Kharif
Maharashtra,Junnar(Otur),Onion,8,2024,1800,3700,Kharif
Maharashtra,Rahuri,Wheat,7,2023,2175,2300,Kharif
Maharashtra,Pune(Khadiki),Onion,1,2024,1600,2000,Rabi
Maharashtra,Jalgaon,Onion,12,2023,500,1942,Rabi
Maharashtra,Shrirampur,Wheat,7,2023,1700,2250,Kharif
Maharashtra,Lasalgaon,Wheat,12,2023,2600,3066,Rabi
Maharashtra,Rahuri,Potato,12,2024,1500,3500,Rabi
Maharashtra,Bhusaval,Potato,6,2025,1600,2000,Kharif
Maharashtra,Amrawati(Frui & Veg. Market),Potato,10,2024,1600,2800,Kharif
Maharashtra,Kopargaon,Onion,6,2023,300,1137,Kharif
Maharashtra,Lasalgaon(Vinchur),Onion,8,2024,1000,2800,Kharif
Maharashtra,Bhusaval,Potato,10,2023,1300,1600,Kharif
Maharashtra,Akola,Potato,3,2025,1000,1800,Rabi
Maharashtra,Kopargaon,Onion,11,2024,1000,3399,Rabi
Maharashtra,Nilanga,Wheat,7,2023,2150,3000,Kharif
Maharashtra,Lasalgaon(Niphad),Onion,2,2024,690,1326,Rabi
Maharashtra,Shevgaon,Onion,10,2024,2200,3400,Kharif
Maharashtra,Gevrai,Wheat,12,2023,2250,2900,Rabi
Maharashtra,Rahata,Wheat,9,2023,2400,2790,Kharif
Maharashtra,Savner,Wheat,7,2023,2325,2325,Kharif
Maharashtra,Laxmi Sopan Agriculture Produce Marketing Co Ltd,Onion,3,2025,500,1700,Rabi
Maharashtra,Nasik,Onion,9,2024,3500,4200,Kharif
Maharashtra,Akola,Onion,9,2024,3000,4700,Kharif
Maharashtra,Yeola,Onion,12,2023,600,4000,Rabi
Maharashtra,Hingna,Onion,4,2025,1800,1800,Zaid
Maharashtra,Newasa(Ghodegaon),Onion,3,2024,400,2000,Rabi
Maharashtra,Kalyan,Potato,10,2024,2600,2800,Kharif
Maharashtra,Telhara,Wheat,7,2023,2150,2290,Kharif
Maharashtra,Shrirampur,Wheat,12,2023,2250,2800,Rabi
Maharashtra,Ramtek,Onion,5,2024,1000,1400,Zaid
Maharashtra,Vashi New Mumbai,Onion,10,2024,2700,4600,Kharif
Maharashtra,Solapur,Onion,8,2023,100,3100,Kharif
Maharashtra,Akluj,Potato,9,2024,2700,3200,Kharif
Maharashtra,Kalyan,Potato,5,2024,2000,2200,Zaid
Maharashtra,Pune(Manjri),Onion,10,2023,1700,2600,Kharif
Maharashtra,Lasalgaon(Vinchur),Onion,1,2024,600,1675,Rabi
Maharashtra,Nagpur,Potato,12,2024,1200,2000,Rabi
Maharashtra,Pune(Moshi),Onion,6,2024,800,2000,Kharif
Maharashtra,Lasalgaon(Vinchur),Onion,10,2023,1000,2401,Kharif
Maharashtra,Vashi New Mumbai,Potato,12,2024,1300,2000,Rabi
Maharashtra,Dhule,Wheat,9,2023,2500,3100,Kharif
Maharashtra,Umrane,Onion,11,2024,1500,6100,Rabi
Maharashtra,Vadgaonpeth,Tomato,8,2023,6000,8000,Kharif
Maharashtra,Rahuri,Potato,6,2023,1200,1900,Kharif
Maharashtra,Malharshree Farmers Producer Co Ltd,Onion,8,2024,1850,3825,Kharif
Maharashtra,Kurdwadi(Modnimb),Onion,10,2024,151,2511,Kharif
Maharashtra,Jalgaon,Onion,4,2025,325,1062,Zaid
Maharashtra,Solapur,Onion,4,2025,100,1650,Zaid
Maharashtra,Umrane,Onion,2,2024,701,1330,Rabi
Maharashtra,Navapur,Onion,10,2024,3000,4000,Kharif
Maharashtra,Vai,Onion,2,2024,800,1600,Rabi
Maharashtra,Karjat(Raigad),Wheat,10,2023,2000,2500,Kharif
Maharashtra,Pimpalgaon Baswant(Saykheda),Onion,10,2024,2400,4500,Kharif
Maharashtra,Bhusaval,Potato,11,2023,1400,1600,Rabi
Maharashtra,Shrirampur,Potato,4,2025,1800,2000,Zaid
Maharashtra,Achalpur,Wheat,11,2023,2400,2550,Rabi
Maharashtra,Kalvan,Onion,2,2025,1375,2615,Rabi
Maharashtra,Akluj,Onion,7,2023,500,2000,Kharif
Maharashtra,Barshi(Vairag),Wheat,7,2023,2000,2501,Kharif
Maharashtra,Rahata,Onion,10,2023,500,2800,Kharif
Maharashtra,Rahata,Onion,4,2025,400,1500,Zaid
Maharashtra,Vita,Onion,5,2025,800,1400,Zaid
Maharashtra,Rahuri(Songaon),Potato,7,2023,1400,2100,Kharif
Maharashtra,Pune(Pimpri),Onion,7,2023,700,1500,Kharif
Maharashtra,Lasalgaon(Vinchur),Onion,5,2025,500,1555,Zaid
Maharashtra,Mangal Wedha,Wheat,6,2023,2400,3110,Kharif
Maharashtra,Sindi(Selu),Wheat,7,2023,2000,2295,Kharif
Maharashtra,Bhusaval,Onion,8,2024,3000,3200,Kharif
Maharashtra,Manmad,Onion,12,2024,500,4180,Rabi
Maharashtra,Lasalgaon(Niphad),Wheat,11,2023,2550,2981,Rabi
Maharashtra,Shevgaon,Onion,5,2024,600,1000,Zaid
Maharashtra,Lasalgaon(Vinchur),Onion,11,2023,1500,3690,Rabi
Maharashtra,Vashi New Mumbai,Potato,8,2024,2000,2800,Kharif
Maharashtra,Shree Rameshwar Krushi Market,Onion,9,2024,1200,4311,Kharif
Maharashtra,Hingna,Potato,3,2024,1800,1800,Rabi
Maharashtra,Om Chaitanya Multistate Agro Purpose CoOp Society,Wheat,8,2023,2300,2550,Kharif
Maharashtra,Kolhapur,Onion,9,2023,1000,2500,Kharif
Maharashtra,Bhusaval,Onion,2,2024,1000,1600,Rabi
Maharashtra,Om Chaitanya Multistate Agro Purpose CoOp Society,Onion,10,2024,1000,5000,Kharif
Maharashtra,Shivsiddha Govind Producer Company Limited Sanchal,Onion,10,2023,2900,5800,Kharif
Maharashtra,Pimpalgaon Baswant(Saykheda),Onion,1,2024,400,1435,Rabi
Maharashtra,Pune(Moshi),Potato,12,2024,2000,2500,Rabi
Maharashtra,Telhara,Wheat,8,2023,2100,2550,Kharif
Maharashtra,Ahmednagar,Potato,8,2024,2200,3200,Kharif
Maharashtra,Junnar(Otur),Potato,5,2024,1000,2100,Zaid
Maharashtra,Lasalgaon,Onion,2,2025,900,2899,Rabi
Maharashtra,Akola,Potato,4,2025,1000,1800,Zaid
Maharashtra,Yeola,Onion,5,2024,487,1901,Zaid
Maharashtra,Akluj,Potato,6,2025,1800,2100,Kharif
Maharashtra,Pen,Onion,5,2024,2200,2400,Zaid
Maharashtra,Lasalgaon(Niphad),Onion,2,2024,621,1351,Rabi
Maharashtra,Akluj,Potato,7,2023,1300,1600,Kharif
Maharashtra,Savner,Wheat,11,2023,2490,2750,Rabi
Maharashtra,Pune(Manjri),Potato,11,2023,1400,1800,Rabi
Maharashtra,Akola,Wheat,8,2023,2300,2640,Kharif
Maharashtra,Shevgaon(Bodhegaon),Wheat,12,2023,2500,2600,Rabi
Maharashtra,Kalvan,Onion,1,2024,700,2200,Rabi
Maharashtra,Pune,Potato,6,2024,2500,3000,Kharif
Maharashtra,Lasalgaon(Niphad),Onion,11,2024,3000,6150,Rabi
Maharashtra,Junnar(Alephata),Onion,1,2024,1000,2710,Rabi
